2026-04-26 01:01:21,825 | Args: Namespace(lds=True, lds_kernel='gaussian', lds_ks=5, lds_sigma=2.0, fds=False, fds_kernel='gaussian', fds_ks=9, fds_sigma=1, start_update=0, start_smooth=1, bucket_num=80, bucket_start=0, fds_mmt=0.9, reweight='sqrt_inv', retrain_fc=False, dataset='skyfinder_30_balanced', data_dir='./data', model='resnet50', store_root='checkpoint', store_name='skyfinder_30_balanced_resnet50_FDS_lds_gau_5_2.0_adam_l1_0.001_256', gpu=1, optimizer='adam', loss='l1', lr=0.001, epoch=90, momentum=0.9, weight_decay=0.0001, schedule=[60, 80], batch_size=256, print_freq=10, img_size=224, workers=32, resume='', pretrained='/gpfs/data/shenlab/hc4549/ucla/imbalanced-regression/pretrained/resnet50-19c8e357.pth', evaluate=False, fusion=False, feature_extract=False, augment=True, start_epoch=0, best_loss=100000.0)
2026-04-26 01:01:21,826 | Store name: skyfinder_30_balanced_resnet50_FDS_lds_gau_5_2.0_adam_l1_0.001_256
2026-04-26 01:01:21,826 | Use GPU: 1 for training
2026-04-26 01:01:21,826 | =====> Preparing data...
2026-04-26 01:01:21,826 | File (.csv): skyfinder_30_balanced.csv
2026-04-26 01:01:21,969 | Using re-weighting: [SQRT_INV]
2026-04-26 01:01:21,969 | Using LDS: [GAUSSIAN] (5/2.0)
2026-04-26 01:01:22,032 | Training data size: 64939
2026-04-26 01:01:22,032 | Validation data size: 6270
2026-04-26 01:01:22,032 | Test data size: 5117
2026-04-26 01:01:22,032 | =====> Building model...
2026-04-26 01:01:22,944 | ===> Pretrained weights found in total: [265]
2026-04-26 01:01:22,944 | ===> Pre-trained model loaded: /gpfs/data/shenlab/hc4549/ucla/imbalanced-regression/pretrained/resnet50-19c8e357.pth
2026-04-26 01:01:44,347 | Epoch: [0][  0/254]	Time  21.40 ( 21.40)	Data 10.4573 (10.4573)	Loss (L1) 48.522 (48.522)
2026-04-26 01:01:46,818 | Epoch: [0][ 10/254]	Time   0.26 (  2.17)	Data 0.0002 (0.9509)	Loss (L1) 10.590 (23.481)
2026-04-26 01:01:49,451 | Epoch: [0][ 20/254]	Time   0.26 (  1.26)	Data 0.0003 (0.4983)	Loss (L1) 10.620 (17.379)
2026-04-26 01:01:52,090 | Epoch: [0][ 30/254]	Time   0.26 (  0.94)	Data 0.0002 (0.3376)	Loss (L1) 9.235 (14.979)
2026-04-26 01:01:54,747 | Epoch: [0][ 40/254]	Time   0.29 (  0.78)	Data 0.0003 (0.2554)	Loss (L1) 8.908 (13.695)
2026-04-26 01:01:57,381 | Epoch: [0][ 50/254]	Time   0.27 (  0.68)	Data 0.0060 (0.2055)	Loss (L1) 9.915 (13.153)
2026-04-26 01:02:00,050 | Epoch: [0][ 60/254]	Time   0.26 (  0.61)	Data 0.0003 (0.1719)	Loss (L1) 19.248 (12.840)
2026-04-26 01:02:02,733 | Epoch: [0][ 70/254]	Time   0.26 (  0.56)	Data 0.0002 (0.1479)	Loss (L1) 10.302 (12.406)
2026-04-26 01:02:05,377 | Epoch: [0][ 80/254]	Time   0.26 (  0.52)	Data 0.0003 (0.1297)	Loss (L1) 8.332 (12.060)
2026-04-26 01:02:08,052 | Epoch: [0][ 90/254]	Time   0.26 (  0.50)	Data 0.0003 (0.1156)	Loss (L1) 8.720 (11.749)
2026-04-26 01:02:10,774 | Epoch: [0][100/254]	Time   0.26 (  0.47)	Data 0.0003 (0.1043)	Loss (L1) 10.313 (11.482)
2026-04-26 01:02:13,483 | Epoch: [0][110/254]	Time   0.26 (  0.46)	Data 0.0003 (0.0950)	Loss (L1) 9.537 (11.229)
2026-04-26 01:02:16,182 | Epoch: [0][120/254]	Time   0.28 (  0.44)	Data 0.0003 (0.0874)	Loss (L1) 8.653 (11.111)
2026-04-26 01:02:18,879 | Epoch: [0][130/254]	Time   0.29 (  0.43)	Data 0.0004 (0.0807)	Loss (L1) 8.526 (10.986)
2026-04-26 01:02:21,580 | Epoch: [0][140/254]	Time   0.26 (  0.42)	Data 0.0004 (0.0751)	Loss (L1) 9.154 (10.840)
2026-04-26 01:02:24,280 | Epoch: [0][150/254]	Time   0.27 (  0.41)	Data 0.0002 (0.0703)	Loss (L1) 8.512 (10.725)
2026-04-26 01:02:27,053 | Epoch: [0][160/254]	Time   0.27 (  0.40)	Data 0.0002 (0.0661)	Loss (L1) 10.058 (10.632)
2026-04-26 01:02:29,793 | Epoch: [0][170/254]	Time   0.29 (  0.39)	Data 0.0003 (0.0622)	Loss (L1) 8.022 (10.498)
2026-04-26 01:02:32,523 | Epoch: [0][180/254]	Time   0.28 (  0.38)	Data 0.0003 (0.0588)	Loss (L1) 8.548 (10.385)
2026-04-26 01:02:35,296 | Epoch: [0][190/254]	Time   0.29 (  0.38)	Data 0.0002 (0.0558)	Loss (L1) 7.676 (10.307)
2026-04-26 01:02:37,974 | Epoch: [0][200/254]	Time   0.26 (  0.37)	Data 0.0001 (0.0531)	Loss (L1) 8.056 (10.257)
2026-04-26 01:02:40,665 | Epoch: [0][210/254]	Time   0.27 (  0.37)	Data 0.0001 (0.0506)	Loss (L1) 8.267 (10.209)
2026-04-26 01:02:43,320 | Epoch: [0][220/254]	Time   0.27 (  0.36)	Data 0.0001 (0.0483)	Loss (L1) 7.854 (10.149)
2026-04-26 01:02:45,973 | Epoch: [0][230/254]	Time   0.26 (  0.36)	Data 0.0001 (0.0462)	Loss (L1) 8.983 (10.099)
2026-04-26 01:02:48,626 | Epoch: [0][240/254]	Time   0.27 (  0.36)	Data 0.0001 (0.0443)	Loss (L1) 8.044 (10.058)
2026-04-26 01:02:51,279 | Epoch: [0][250/254]	Time   0.27 (  0.35)	Data 0.0001 (0.0425)	Loss (L1) 8.357 (9.974)
2026-04-26 01:03:03,189 | Val: [ 0/25]	Time  9.355 ( 9.355)	Loss (MSE) 269.469 (269.469)	Loss (L1) 13.728 (13.728)
2026-04-26 01:03:05,657 | Val: [10/25]	Time  0.083 ( 1.075)	Loss (MSE) 79.986 (112.610)	Loss (L1) 7.608 (8.696)
2026-04-26 01:03:06,492 | Val: [20/25]	Time  0.083 ( 0.603)	Loss (MSE) 410.023 (147.940)	Loss (L1) 18.044 (9.675)
2026-04-26 01:03:07,335 |  * Overall: MSE 208.884	L1 11.528	G-Mean 7.586
2026-04-26 01:03:07,335 |  * Many: MSE 136.422	L1 9.312	G-Mean 6.216
2026-04-26 01:03:07,335 |  * Median: MSE 297.782	L1 14.369	G-Mean 9.887
2026-04-26 01:03:07,335 |  * Low: MSE 643.260	L1 24.368	G-Mean 23.248
2026-04-26 01:03:07,336 | Best L1 Loss: 11.528
2026-04-26 01:03:07,551 | ===> Saving current best checkpoint...
2026-04-26 01:03:08,034 | Epoch #0: Train loss [9.9540]; Val loss: MSE [208.8839], L1 [11.5279], G-Mean [7.5864]
2026-04-26 01:03:20,612 | Epoch: [1][  0/254]	Time  12.58 ( 12.58)	Data 12.3365 (12.3365)	Loss (L1) 8.263 (8.263)
2026-04-26 01:03:23,271 | Epoch: [1][ 10/254]	Time   0.27 (  1.39)	Data 0.0003 (1.1218)	Loss (L1) 8.127 (8.454)
2026-04-26 01:03:25,998 | Epoch: [1][ 20/254]	Time   0.27 (  0.86)	Data 0.0112 (0.5883)	Loss (L1) 7.820 (8.543)
2026-04-26 01:03:28,693 | Epoch: [1][ 30/254]	Time   0.25 (  0.67)	Data 0.0002 (0.3986)	Loss (L1) 8.366 (8.654)
2026-04-26 01:03:31,436 | Epoch: [1][ 40/254]	Time   0.27 (  0.57)	Data 0.0002 (0.3023)	Loss (L1) 7.597 (8.486)
2026-04-26 01:03:34,172 | Epoch: [1][ 50/254]	Time   0.27 (  0.51)	Data 0.0005 (0.2431)	Loss (L1) 9.474 (8.495)
2026-04-26 01:03:36,947 | Epoch: [1][ 60/254]	Time   0.28 (  0.47)	Data 0.0003 (0.2033)	Loss (L1) 6.940 (8.395)
2026-04-26 01:03:40,690 | Epoch: [1][ 70/254]	Time   0.30 (  0.46)	Data 0.0003 (0.1910)	Loss (L1) 7.493 (8.352)
2026-04-26 01:03:43,356 | Epoch: [1][ 80/254]	Time   0.25 (  0.44)	Data 0.0002 (0.1675)	Loss (L1) 8.353 (8.335)
2026-04-26 01:03:46,034 | Epoch: [1][ 90/254]	Time   0.27 (  0.42)	Data 0.0002 (0.1493)	Loss (L1) 8.351 (8.275)
2026-04-26 01:03:48,799 | Epoch: [1][100/254]	Time   0.28 (  0.40)	Data 0.0002 (0.1345)	Loss (L1) 8.027 (8.276)
2026-04-26 01:03:51,463 | Epoch: [1][110/254]	Time   0.27 (  0.39)	Data 0.0003 (0.1224)	Loss (L1) 8.581 (8.283)
2026-04-26 01:03:54,121 | Epoch: [1][120/254]	Time   0.27 (  0.38)	Data 0.0004 (0.1123)	Loss (L1) 7.831 (8.288)
2026-04-26 01:03:57,660 | Epoch: [1][130/254]	Time   0.26 (  0.38)	Data 0.0002 (0.1115)	Loss (L1) 8.754 (8.233)
2026-04-26 01:04:00,382 | Epoch: [1][140/254]	Time   0.29 (  0.37)	Data 0.0002 (0.1036)	Loss (L1) 7.043 (8.247)
2026-04-26 01:04:03,087 | Epoch: [1][150/254]	Time   0.29 (  0.36)	Data 0.0002 (0.0971)	Loss (L1) 6.856 (8.235)
2026-04-26 01:04:05,796 | Epoch: [1][160/254]	Time   0.27 (  0.36)	Data 0.0005 (0.0910)	Loss (L1) 9.054 (8.222)
2026-04-26 01:04:09,961 | Epoch: [1][170/254]	Time   0.27 (  0.36)	Data 0.0004 (0.0953)	Loss (L1) 8.093 (8.218)
2026-04-26 01:04:12,642 | Epoch: [1][180/254]	Time   0.29 (  0.36)	Data 0.0002 (0.0901)	Loss (L1) 8.689 (8.221)
2026-04-26 01:04:15,361 | Epoch: [1][190/254]	Time   0.27 (  0.35)	Data 0.0001 (0.0855)	Loss (L1) 7.879 (8.201)
2026-04-26 01:04:18,504 | Epoch: [1][200/254]	Time   0.27 (  0.35)	Data 0.0001 (0.0844)	Loss (L1) 7.540 (8.172)
2026-04-26 01:04:21,169 | Epoch: [1][210/254]	Time   0.27 (  0.35)	Data 0.0001 (0.0804)	Loss (L1) 9.715 (8.171)
2026-04-26 01:04:23,835 | Epoch: [1][220/254]	Time   0.26 (  0.34)	Data 0.0001 (0.0768)	Loss (L1) 8.686 (8.153)
2026-04-26 01:04:26,486 | Epoch: [1][230/254]	Time   0.26 (  0.34)	Data 0.0001 (0.0735)	Loss (L1) 7.927 (8.128)
2026-04-26 01:04:29,142 | Epoch: [1][240/254]	Time   0.26 (  0.34)	Data 0.0002 (0.0704)	Loss (L1) 7.034 (8.113)
2026-04-26 01:04:31,797 | Epoch: [1][250/254]	Time   0.27 (  0.33)	Data 0.0001 (0.0676)	Loss (L1) 7.363 (8.101)
2026-04-26 01:04:38,786 | Val: [ 0/25]	Time  6.019 ( 6.019)	Loss (MSE) 422.837 (422.837)	Loss (L1) 17.394 (17.394)
2026-04-26 01:04:42,910 | Val: [10/25]	Time  0.084 ( 0.922)	Loss (MSE) 154.450 (218.404)	Loss (L1) 10.607 (12.150)
2026-04-26 01:04:43,748 | Val: [20/25]	Time  0.084 ( 0.523)	Loss (MSE) 339.978 (204.170)	Loss (L1) 16.518 (11.892)
2026-04-26 01:04:44,240 |  * Overall: MSE 241.679	L1 13.072	G-Mean 9.309
2026-04-26 01:04:44,240 |  * Many: MSE 182.590	L1 11.339	G-Mean 8.024
2026-04-26 01:04:44,240 |  * Median: MSE 323.524	L1 15.464	G-Mean 11.386
2026-04-26 01:04:44,240 |  * Low: MSE 561.954	L1 22.501	G-Mean 21.174
2026-04-26 01:04:44,241 | Best L1 Loss: 11.528
2026-04-26 01:04:44,460 | Epoch #1: Train loss [8.1070]; Val loss: MSE [241.6787], L1 [13.0722], G-Mean [9.3093]
2026-04-26 01:04:54,869 | Epoch: [2][  0/254]	Time  10.41 ( 10.41)	Data 10.2925 (10.2925)	Loss (L1) 10.668 (10.668)
2026-04-26 01:04:57,646 | Epoch: [2][ 10/254]	Time   0.26 (  1.20)	Data 0.0002 (0.9566)	Loss (L1) 8.512 (8.750)
2026-04-26 01:05:00,334 | Epoch: [2][ 20/254]	Time   0.27 (  0.76)	Data 0.0002 (0.5015)	Loss (L1) 8.519 (8.266)
2026-04-26 01:05:03,082 | Epoch: [2][ 30/254]	Time   0.27 (  0.60)	Data 0.0002 (0.3398)	Loss (L1) 6.391 (8.101)
2026-04-26 01:05:07,633 | Epoch: [2][ 40/254]	Time   0.27 (  0.57)	Data 0.0002 (0.3070)	Loss (L1) 7.545 (8.045)
2026-04-26 01:05:10,330 | Epoch: [2][ 50/254]	Time   0.26 (  0.51)	Data 0.0002 (0.2469)	Loss (L1) 7.381 (7.907)
2026-04-26 01:05:13,085 | Epoch: [2][ 60/254]	Time   0.27 (  0.47)	Data 0.0002 (0.2064)	Loss (L1) 7.996 (7.989)
2026-04-26 01:05:16,617 | Epoch: [2][ 70/254]	Time   0.27 (  0.45)	Data 0.0002 (0.1936)	Loss (L1) 8.535 (8.029)
2026-04-26 01:05:19,317 | Epoch: [2][ 80/254]	Time   0.27 (  0.43)	Data 0.0002 (0.1697)	Loss (L1) 8.171 (8.014)
2026-04-26 01:05:22,020 | Epoch: [2][ 90/254]	Time   0.25 (  0.41)	Data 0.0002 (0.1511)	Loss (L1) 10.388 (8.036)
2026-04-26 01:05:25,208 | Epoch: [2][100/254]	Time   0.26 (  0.40)	Data 0.0002 (0.1443)	Loss (L1) 9.512 (8.066)
2026-04-26 01:05:27,888 | Epoch: [2][110/254]	Time   0.28 (  0.39)	Data 0.0003 (0.1314)	Loss (L1) 7.820 (8.042)
2026-04-26 01:05:30,615 | Epoch: [2][120/254]	Time   0.27 (  0.38)	Data 0.0002 (0.1205)	Loss (L1) 7.681 (8.009)
2026-04-26 01:05:34,604 | Epoch: [2][130/254]	Time   0.77 (  0.38)	Data 0.6602 (0.1233)	Loss (L1) 8.400 (8.043)
2026-04-26 01:05:37,273 | Epoch: [2][140/254]	Time   0.26 (  0.37)	Data 0.0002 (0.1146)	Loss (L1) 7.581 (8.003)
2026-04-26 01:05:39,993 | Epoch: [2][150/254]	Time   0.28 (  0.37)	Data 0.0002 (0.1070)	Loss (L1) 7.878 (7.990)
2026-04-26 01:05:42,778 | Epoch: [2][160/254]	Time   0.28 (  0.36)	Data 0.0003 (0.1006)	Loss (L1) 8.937 (7.972)
2026-04-26 01:05:45,895 | Epoch: [2][170/254]	Time   0.28 (  0.36)	Data 0.0002 (0.0982)	Loss (L1) 7.723 (7.946)
2026-04-26 01:05:48,563 | Epoch: [2][180/254]	Time   0.27 (  0.35)	Data 0.0002 (0.0928)	Loss (L1) 6.883 (7.939)
2026-04-26 01:05:51,268 | Epoch: [2][190/254]	Time   0.27 (  0.35)	Data 0.0001 (0.0880)	Loss (L1) 6.999 (7.921)
2026-04-26 01:05:55,132 | Epoch: [2][200/254]	Time   0.24 (  0.35)	Data 0.0001 (0.0905)	Loss (L1) 6.873 (7.884)
2026-04-26 01:05:57,800 | Epoch: [2][210/254]	Time   0.25 (  0.35)	Data 0.0002 (0.0863)	Loss (L1) 7.608 (7.857)
2026-04-26 01:06:00,451 | Epoch: [2][220/254]	Time   0.26 (  0.34)	Data 0.0001 (0.0824)	Loss (L1) 7.382 (7.838)
2026-04-26 01:06:03,103 | Epoch: [2][230/254]	Time   0.27 (  0.34)	Data 0.0001 (0.0788)	Loss (L1) 8.332 (7.811)
2026-04-26 01:06:05,756 | Epoch: [2][240/254]	Time   0.27 (  0.34)	Data 0.0001 (0.0755)	Loss (L1) 6.606 (7.789)
2026-04-26 01:06:08,409 | Epoch: [2][250/254]	Time   0.27 (  0.33)	Data 0.0001 (0.0725)	Loss (L1) 6.555 (7.791)
2026-04-26 01:06:19,009 | Val: [ 0/25]	Time  9.650 ( 9.650)	Loss (MSE) 253.900 (253.900)	Loss (L1) 13.737 (13.737)
2026-04-26 01:06:20,256 | Val: [10/25]	Time  0.084 ( 0.991)	Loss (MSE) 74.786 (122.732)	Loss (L1) 7.127 (9.038)
2026-04-26 01:06:21,093 | Val: [20/25]	Time  0.084 ( 0.559)	Loss (MSE) 404.782 (148.775)	Loss (L1) 18.919 (9.955)
2026-04-26 01:06:21,573 |  * Overall: MSE 216.117	L1 11.970	G-Mean 8.068
2026-04-26 01:06:21,573 |  * Many: MSE 135.589	L1 9.530	G-Mean 6.544
2026-04-26 01:06:21,573 |  * Median: MSE 308.535	L1 15.092	G-Mean 10.772
2026-04-26 01:06:21,573 |  * Low: MSE 721.968	L1 26.133	G-Mean 25.169
2026-04-26 01:06:21,574 | Best L1 Loss: 11.528
2026-04-26 01:06:21,788 | Epoch #2: Train loss [7.7899]; Val loss: MSE [216.1169], L1 [11.9699], G-Mean [8.0678]
2026-04-26 01:06:31,194 | Epoch: [3][  0/254]	Time   9.41 (  9.41)	Data 9.2470 (9.2470)	Loss (L1) 6.438 (6.438)
2026-04-26 01:06:35,813 | Epoch: [3][ 10/254]	Time   0.26 (  1.27)	Data 0.0002 (1.0314)	Loss (L1) 8.163 (7.502)
2026-04-26 01:06:38,483 | Epoch: [3][ 20/254]	Time   0.28 (  0.79)	Data 0.0002 (0.5404)	Loss (L1) 6.854 (7.720)
2026-04-26 01:06:41,180 | Epoch: [3][ 30/254]	Time   0.29 (  0.63)	Data 0.0002 (0.3662)	Loss (L1) 7.735 (7.609)
2026-04-26 01:06:44,497 | Epoch: [3][ 40/254]	Time   0.26 (  0.55)	Data 0.0004 (0.2930)	Loss (L1) 7.326 (7.450)
2026-04-26 01:06:47,241 | Epoch: [3][ 50/254]	Time   0.29 (  0.50)	Data 0.0003 (0.2356)	Loss (L1) 9.143 (7.535)
2026-04-26 01:06:49,958 | Epoch: [3][ 60/254]	Time   0.26 (  0.46)	Data 0.0002 (0.1971)	Loss (L1) 7.584 (7.494)
2026-04-26 01:06:55,611 | Epoch: [3][ 70/254]	Time   0.29 (  0.48)	Data 0.0162 (0.2137)	Loss (L1) 6.557 (7.520)
2026-04-26 01:06:58,285 | Epoch: [3][ 80/254]	Time   0.26 (  0.45)	Data 0.0004 (0.1874)	Loss (L1) 6.657 (7.455)
2026-04-26 01:07:00,976 | Epoch: [3][ 90/254]	Time   0.27 (  0.43)	Data 0.0002 (0.1669)	Loss (L1) 6.000 (7.464)
2026-04-26 01:07:04,835 | Epoch: [3][100/254]	Time   0.25 (  0.43)	Data 0.0002 (0.1635)	Loss (L1) 7.633 (7.478)
2026-04-26 01:07:07,559 | Epoch: [3][110/254]	Time   0.29 (  0.41)	Data 0.0002 (0.1488)	Loss (L1) 6.863 (7.462)
2026-04-26 01:07:10,234 | Epoch: [3][120/254]	Time   0.27 (  0.40)	Data 0.0002 (0.1366)	Loss (L1) 6.869 (7.481)
2026-04-26 01:07:15,579 | Epoch: [3][130/254]	Time   2.95 (  0.41)	Data 2.8284 (0.1477)	Loss (L1) 6.631 (7.449)
2026-04-26 01:07:18,253 | Epoch: [3][140/254]	Time   0.26 (  0.40)	Data 0.0002 (0.1383)	Loss (L1) 6.238 (7.416)
2026-04-26 01:07:20,928 | Epoch: [3][150/254]	Time   0.28 (  0.39)	Data 0.0002 (0.1292)	Loss (L1) 6.809 (7.417)
2026-04-26 01:07:23,596 | Epoch: [3][160/254]	Time   0.26 (  0.38)	Data 0.0004 (0.1213)	Loss (L1) 6.252 (7.391)
2026-04-26 01:07:26,286 | Epoch: [3][170/254]	Time   0.26 (  0.38)	Data 0.0062 (0.1142)	Loss (L1) 6.586 (7.349)
2026-04-26 01:07:29,004 | Epoch: [3][180/254]	Time   0.28 (  0.37)	Data 0.0002 (0.1079)	Loss (L1) 7.316 (7.314)
2026-04-26 01:07:31,725 | Epoch: [3][190/254]	Time   0.31 (  0.37)	Data 0.0001 (0.1024)	Loss (L1) 7.869 (7.311)
2026-04-26 01:07:34,416 | Epoch: [3][200/254]	Time   0.25 (  0.36)	Data 0.0001 (0.0973)	Loss (L1) 7.757 (7.314)
2026-04-26 01:07:37,111 | Epoch: [3][210/254]	Time   0.26 (  0.36)	Data 0.0001 (0.0927)	Loss (L1) 6.363 (7.288)
2026-04-26 01:07:39,785 | Epoch: [3][220/254]	Time   0.27 (  0.35)	Data 0.0001 (0.0885)	Loss (L1) 7.820 (7.298)
2026-04-26 01:07:42,439 | Epoch: [3][230/254]	Time   0.27 (  0.35)	Data 0.0001 (0.0847)	Loss (L1) 6.481 (7.290)
2026-04-26 01:07:45,093 | Epoch: [3][240/254]	Time   0.27 (  0.35)	Data 0.0001 (0.0812)	Loss (L1) 6.441 (7.301)
2026-04-26 01:07:47,746 | Epoch: [3][250/254]	Time   0.26 (  0.34)	Data 0.0001 (0.0779)	Loss (L1) 8.037 (7.286)
2026-04-26 01:07:55,781 | Val: [ 0/25]	Time  7.097 ( 7.097)	Loss (MSE) 296.153 (296.153)	Loss (L1) 14.428 (14.428)
2026-04-26 01:07:59,242 | Val: [10/25]	Time  0.084 ( 0.960)	Loss (MSE) 117.329 (153.034)	Loss (L1) 9.189 (9.955)
2026-04-26 01:08:00,080 | Val: [20/25]	Time  0.083 ( 0.543)	Loss (MSE) 345.421 (161.558)	Loss (L1) 16.908 (10.406)
2026-04-26 01:08:00,568 |  * Overall: MSE 207.443	L1 11.903	G-Mean 8.107
2026-04-26 01:08:00,568 |  * Many: MSE 149.585	L1 10.131	G-Mean 7.028
2026-04-26 01:08:00,568 |  * Median: MSE 282.203	L1 14.116	G-Mean 9.361
2026-04-26 01:08:00,568 |  * Low: MSE 540.571	L1 22.381	G-Mean 21.410
2026-04-26 01:08:00,569 | Best L1 Loss: 11.528
2026-04-26 01:08:00,798 | Epoch #3: Train loss [7.2782]; Val loss: MSE [207.4434], L1 [11.9025], G-Mean [8.1071]
2026-04-26 01:08:11,454 | Epoch: [4][  0/254]	Time  10.65 ( 10.65)	Data 10.5298 (10.5298)	Loss (L1) 6.193 (6.193)
2026-04-26 01:08:15,497 | Epoch: [4][ 10/254]	Time   0.25 (  1.34)	Data 0.0002 (1.0964)	Loss (L1) 7.683 (6.903)
2026-04-26 01:08:18,143 | Epoch: [4][ 20/254]	Time   0.26 (  0.83)	Data 0.0002 (0.5808)	Loss (L1) 7.596 (6.913)
2026-04-26 01:08:20,797 | Epoch: [4][ 30/254]	Time   0.26 (  0.65)	Data 0.0002 (0.3937)	Loss (L1) 6.974 (6.842)
2026-04-26 01:08:26,265 | Epoch: [4][ 40/254]	Time   0.28 (  0.62)	Data 0.0004 (0.3719)	Loss (L1) 6.914 (6.861)
2026-04-26 01:08:28,929 | Epoch: [4][ 50/254]	Time   0.28 (  0.55)	Data 0.0003 (0.2993)	Loss (L1) 6.523 (6.905)
2026-04-26 01:08:31,592 | Epoch: [4][ 60/254]	Time   0.27 (  0.50)	Data 0.0003 (0.2503)	Loss (L1) 6.211 (7.003)
2026-04-26 01:08:34,255 | Epoch: [4][ 70/254]	Time   0.26 (  0.47)	Data 0.0003 (0.2167)	Loss (L1) 10.155 (7.104)
2026-04-26 01:08:37,020 | Epoch: [4][ 80/254]	Time   0.26 (  0.45)	Data 0.0010 (0.1902)	Loss (L1) 6.095 (7.093)
2026-04-26 01:08:39,757 | Epoch: [4][ 90/254]	Time   0.29 (  0.43)	Data 0.0003 (0.1702)	Loss (L1) 5.747 (7.092)
2026-04-26 01:08:42,423 | Epoch: [4][100/254]	Time   0.27 (  0.41)	Data 0.0003 (0.1534)	Loss (L1) 6.712 (7.086)
2026-04-26 01:08:46,417 | Epoch: [4][110/254]	Time   0.26 (  0.41)	Data 0.0002 (0.1533)	Loss (L1) 6.523 (7.093)
2026-04-26 01:08:49,134 | Epoch: [4][120/254]	Time   0.27 (  0.40)	Data 0.0002 (0.1406)	Loss (L1) 6.088 (7.063)
2026-04-26 01:08:51,827 | Epoch: [4][130/254]	Time   0.29 (  0.39)	Data 0.0003 (0.1299)	Loss (L1) 6.400 (7.038)
2026-04-26 01:08:55,224 | Epoch: [4][140/254]	Time   0.25 (  0.39)	Data 0.0002 (0.1271)	Loss (L1) 7.405 (7.084)
2026-04-26 01:08:57,943 | Epoch: [4][150/254]	Time   0.29 (  0.38)	Data 0.0002 (0.1187)	Loss (L1) 7.280 (7.065)
2026-04-26 01:09:00,592 | Epoch: [4][160/254]	Time   0.26 (  0.37)	Data 0.0002 (0.1113)	Loss (L1) 7.222 (7.070)
2026-04-26 01:09:03,447 | Epoch: [4][170/254]	Time   0.27 (  0.37)	Data 0.0002 (0.1067)	Loss (L1) 8.113 (7.048)
2026-04-26 01:09:06,165 | Epoch: [4][180/254]	Time   0.28 (  0.36)	Data 0.0002 (0.1017)	Loss (L1) 5.827 (7.034)
2026-04-26 01:09:08,886 | Epoch: [4][190/254]	Time   0.28 (  0.36)	Data 0.0001 (0.0964)	Loss (L1) 8.573 (7.006)
2026-04-26 01:09:12,330 | Epoch: [4][200/254]	Time   0.26 (  0.36)	Data 0.0002 (0.0959)	Loss (L1) 9.557 (7.027)
2026-04-26 01:09:14,988 | Epoch: [4][210/254]	Time   0.27 (  0.35)	Data 0.0001 (0.0914)	Loss (L1) 6.811 (7.046)
2026-04-26 01:09:17,647 | Epoch: [4][220/254]	Time   0.27 (  0.35)	Data 0.0001 (0.0873)	Loss (L1) 7.707 (7.028)
2026-04-26 01:09:20,298 | Epoch: [4][230/254]	Time   0.26 (  0.34)	Data 0.0001 (0.0835)	Loss (L1) 7.105 (7.018)
2026-04-26 01:09:22,950 | Epoch: [4][240/254]	Time   0.27 (  0.34)	Data 0.0001 (0.0800)	Loss (L1) 6.444 (6.998)
2026-04-26 01:09:25,603 | Epoch: [4][250/254]	Time   0.27 (  0.34)	Data 0.0001 (0.0768)	Loss (L1) 7.112 (6.990)
2026-04-26 01:09:32,661 | Val: [ 0/25]	Time  6.067 ( 6.067)	Loss (MSE) 242.820 (242.820)	Loss (L1) 14.017 (14.017)
2026-04-26 01:09:37,562 | Val: [10/25]	Time  0.084 ( 0.997)	Loss (MSE) 66.000 (92.712)	Loss (L1) 6.407 (7.649)
2026-04-26 01:09:38,400 | Val: [20/25]	Time  0.084 ( 0.562)	Loss (MSE) 407.082 (137.164)	Loss (L1) 19.040 (9.528)
2026-04-26 01:09:38,888 |  * Overall: MSE 209.272	L1 11.675	G-Mean 7.688
2026-04-26 01:09:38,888 |  * Many: MSE 125.761	L1 9.092	G-Mean 6.131
2026-04-26 01:09:38,889 |  * Median: MSE 299.901	L1 14.942	G-Mean 10.538
2026-04-26 01:09:38,889 |  * Low: MSE 752.771	L1 26.808	G-Mean 26.064
2026-04-26 01:09:38,890 | Best L1 Loss: 11.528
2026-04-26 01:09:39,123 | Epoch #4: Train loss [6.9857]; Val loss: MSE [209.2717], L1 [11.6753], G-Mean [7.6883]
2026-04-26 01:09:51,645 | Epoch: [5][  0/254]	Time  12.52 ( 12.52)	Data 12.4099 (12.4099)	Loss (L1) 5.818 (5.818)
2026-04-26 01:09:54,341 | Epoch: [5][ 10/254]	Time   0.26 (  1.38)	Data 0.0002 (1.1294)	Loss (L1) 6.088 (6.511)
2026-04-26 01:09:57,037 | Epoch: [5][ 20/254]	Time   0.30 (  0.85)	Data 0.0004 (0.5917)	Loss (L1) 5.469 (6.723)
2026-04-26 01:09:59,711 | Epoch: [5][ 30/254]	Time   0.28 (  0.66)	Data 0.0147 (0.4019)	Loss (L1) 6.053 (6.578)
2026-04-26 01:10:03,854 | Epoch: [5][ 40/254]	Time   0.27 (  0.60)	Data 0.0002 (0.3438)	Loss (L1) 6.699 (6.548)
2026-04-26 01:10:06,528 | Epoch: [5][ 50/254]	Time   0.27 (  0.54)	Data 0.0002 (0.2764)	Loss (L1) 8.081 (6.756)
2026-04-26 01:10:09,247 | Epoch: [5][ 60/254]	Time   0.21 (  0.49)	Data 0.0002 (0.2312)	Loss (L1) 5.564 (6.707)
2026-04-26 01:10:13,177 | Epoch: [5][ 70/254]	Time   0.26 (  0.48)	Data 0.0002 (0.2174)	Loss (L1) 6.368 (6.667)
2026-04-26 01:10:15,867 | Epoch: [5][ 80/254]	Time   0.28 (  0.45)	Data 0.0002 (0.1907)	Loss (L1) 6.426 (6.710)
2026-04-26 01:10:18,555 | Epoch: [5][ 90/254]	Time   0.29 (  0.43)	Data 0.0002 (0.1698)	Loss (L1) 6.562 (6.705)
2026-04-26 01:10:21,212 | Epoch: [5][100/254]	Time   0.28 (  0.42)	Data 0.0002 (0.1536)	Loss (L1) 7.391 (6.727)
2026-04-26 01:10:23,914 | Epoch: [5][110/254]	Time   0.28 (  0.40)	Data 0.0002 (0.1398)	Loss (L1) 6.080 (6.697)
2026-04-26 01:10:26,622 | Epoch: [5][120/254]	Time   0.28 (  0.39)	Data 0.0004 (0.1284)	Loss (L1) 6.559 (6.688)
2026-04-26 01:10:30,218 | Epoch: [5][130/254]	Time   0.26 (  0.39)	Data 0.0003 (0.1280)	Loss (L1) 6.745 (6.729)
2026-04-26 01:10:32,889 | Epoch: [5][140/254]	Time   0.27 (  0.38)	Data 0.0002 (0.1189)	Loss (L1) 7.222 (6.729)
2026-04-26 01:10:35,554 | Epoch: [5][150/254]	Time   0.27 (  0.37)	Data 0.0002 (0.1112)	Loss (L1) 6.735 (6.734)
2026-04-26 01:10:38,621 | Epoch: [5][160/254]	Time   0.65 (  0.37)	Data 0.5333 (0.1077)	Loss (L1) 6.384 (6.715)
2026-04-26 01:10:42,490 | Epoch: [5][170/254]	Time   0.28 (  0.37)	Data 0.0002 (0.1092)	Loss (L1) 6.613 (6.722)
2026-04-26 01:10:45,153 | Epoch: [5][180/254]	Time   0.25 (  0.36)	Data 0.0002 (0.1032)	Loss (L1) 6.355 (6.730)
2026-04-26 01:10:47,872 | Epoch: [5][190/254]	Time   0.27 (  0.36)	Data 0.0001 (0.0979)	Loss (L1) 8.643 (6.732)
2026-04-26 01:10:51,045 | Epoch: [5][200/254]	Time   0.27 (  0.36)	Data 0.0001 (0.0963)	Loss (L1) 7.037 (6.752)
2026-04-26 01:10:53,710 | Epoch: [5][210/254]	Time   0.27 (  0.35)	Data 0.0001 (0.0917)	Loss (L1) 6.330 (6.738)
2026-04-26 01:10:56,362 | Epoch: [5][220/254]	Time   0.27 (  0.35)	Data 0.0001 (0.0876)	Loss (L1) 6.119 (6.730)
2026-04-26 01:10:59,015 | Epoch: [5][230/254]	Time   0.26 (  0.35)	Data 0.0001 (0.0838)	Loss (L1) 6.908 (6.715)
2026-04-26 01:11:01,669 | Epoch: [5][240/254]	Time   0.27 (  0.34)	Data 0.0001 (0.0803)	Loss (L1) 6.757 (6.715)
2026-04-26 01:11:04,324 | Epoch: [5][250/254]	Time   0.27 (  0.34)	Data 0.0001 (0.0771)	Loss (L1) 5.759 (6.698)
2026-04-26 01:11:09,685 | Val: [ 0/25]	Time  4.386 ( 4.386)	Loss (MSE) 288.927 (288.927)	Loss (L1) 14.834 (14.834)
2026-04-26 01:11:16,684 | Val: [10/25]	Time  0.084 ( 1.035)	Loss (MSE) 81.007 (120.816)	Loss (L1) 7.428 (8.909)
2026-04-26 01:11:17,521 | Val: [20/25]	Time  0.084 ( 0.582)	Loss (MSE) 385.235 (147.217)	Loss (L1) 18.078 (9.865)
2026-04-26 01:11:18,008 |  * Overall: MSE 209.666	L1 11.762	G-Mean 7.871
2026-04-26 01:11:18,008 |  * Many: MSE 130.986	L1 9.285	G-Mean 6.274
2026-04-26 01:11:18,008 |  * Median: MSE 305.999	L1 15.148	G-Mean 11.059
2026-04-26 01:11:18,009 |  * Low: MSE 682.018	L1 25.353	G-Mean 24.451
2026-04-26 01:11:18,010 | Best L1 Loss: 11.528
2026-04-26 01:11:18,243 | Epoch #5: Train loss [6.6922]; Val loss: MSE [209.6660], L1 [11.7618], G-Mean [7.8706]
2026-04-26 01:11:28,810 | Epoch: [6][  0/254]	Time  10.57 ( 10.57)	Data 10.4369 (10.4369)	Loss (L1) 6.311 (6.311)
2026-04-26 01:11:31,609 | Epoch: [6][ 10/254]	Time   0.27 (  1.22)	Data 0.0003 (0.9713)	Loss (L1) 7.173 (6.522)
2026-04-26 01:11:34,367 | Epoch: [6][ 20/254]	Time   0.28 (  0.77)	Data 0.0004 (0.5104)	Loss (L1) 6.823 (6.725)
2026-04-26 01:11:37,016 | Epoch: [6][ 30/254]	Time   0.26 (  0.61)	Data 0.0002 (0.3458)	Loss (L1) 5.373 (6.607)
2026-04-26 01:11:40,469 | Epoch: [6][ 40/254]	Time   0.26 (  0.54)	Data 0.0002 (0.2871)	Loss (L1) 6.050 (6.614)
2026-04-26 01:11:43,221 | Epoch: [6][ 50/254]	Time   0.29 (  0.49)	Data 0.0113 (0.2313)	Loss (L1) 5.411 (6.509)
2026-04-26 01:11:45,941 | Epoch: [6][ 60/254]	Time   0.28 (  0.45)	Data 0.0003 (0.1934)	Loss (L1) 6.677 (6.493)
2026-04-26 01:11:50,842 | Epoch: [6][ 70/254]	Time   0.30 (  0.46)	Data 0.0002 (0.2004)	Loss (L1) 6.673 (6.493)
2026-04-26 01:11:53,467 | Epoch: [6][ 80/254]	Time   0.26 (  0.43)	Data 0.0003 (0.1757)	Loss (L1) 6.027 (6.443)
2026-04-26 01:11:56,138 | Epoch: [6][ 90/254]	Time   0.26 (  0.42)	Data 0.0002 (0.1564)	Loss (L1) 6.757 (6.463)
2026-04-26 01:11:58,941 | Epoch: [6][100/254]	Time   0.29 (  0.40)	Data 0.0002 (0.1410)	Loss (L1) 5.912 (6.506)
2026-04-26 01:12:02,687 | Epoch: [6][110/254]	Time   0.27 (  0.40)	Data 0.0002 (0.1393)	Loss (L1) 6.506 (6.526)
2026-04-26 01:12:05,370 | Epoch: [6][120/254]	Time   0.27 (  0.39)	Data 0.0002 (0.1278)	Loss (L1) 5.708 (6.495)
2026-04-26 01:12:08,084 | Epoch: [6][130/254]	Time   0.24 (  0.38)	Data 0.0002 (0.1181)	Loss (L1) 6.917 (6.518)
2026-04-26 01:12:10,769 | Epoch: [6][140/254]	Time   0.27 (  0.37)	Data 0.0002 (0.1099)	Loss (L1) 5.198 (6.484)
2026-04-26 01:12:13,474 | Epoch: [6][150/254]	Time   0.28 (  0.37)	Data 0.0003 (0.1027)	Loss (L1) 5.889 (6.477)
2026-04-26 01:12:16,140 | Epoch: [6][160/254]	Time   0.27 (  0.36)	Data 0.0002 (0.0964)	Loss (L1) 8.234 (6.489)
2026-04-26 01:12:19,785 | Epoch: [6][170/254]	Time   0.27 (  0.36)	Data 0.0002 (0.0974)	Loss (L1) 7.412 (6.519)
2026-04-26 01:12:22,476 | Epoch: [6][180/254]	Time   0.28 (  0.35)	Data 0.0002 (0.0920)	Loss (L1) 8.147 (6.512)
2026-04-26 01:12:25,180 | Epoch: [6][190/254]	Time   0.28 (  0.35)	Data 0.0001 (0.0872)	Loss (L1) 5.972 (6.511)
2026-04-26 01:12:28,245 | Epoch: [6][200/254]	Time   0.27 (  0.35)	Data 0.0001 (0.0856)	Loss (L1) 6.050 (6.496)
2026-04-26 01:12:30,903 | Epoch: [6][210/254]	Time   0.26 (  0.34)	Data 0.0001 (0.0816)	Loss (L1) 5.424 (6.482)
2026-04-26 01:12:33,566 | Epoch: [6][220/254]	Time   0.27 (  0.34)	Data 0.0001 (0.0779)	Loss (L1) 5.389 (6.474)
2026-04-26 01:12:36,222 | Epoch: [6][230/254]	Time   0.27 (  0.34)	Data 0.0001 (0.0745)	Loss (L1) 7.043 (6.465)
2026-04-26 01:12:38,881 | Epoch: [6][240/254]	Time   0.26 (  0.33)	Data 0.0002 (0.0714)	Loss (L1) 5.635 (6.466)
2026-04-26 01:12:41,538 | Epoch: [6][250/254]	Time   0.27 (  0.33)	Data 0.0001 (0.0686)	Loss (L1) 6.115 (6.458)
2026-04-26 01:12:51,673 | Val: [ 0/25]	Time  9.170 ( 9.170)	Loss (MSE) 290.497 (290.497)	Loss (L1) 14.714 (14.714)
2026-04-26 01:12:52,512 | Val: [10/25]	Time  0.084 ( 0.910)	Loss (MSE) 93.547 (131.123)	Loss (L1) 7.881 (9.348)
2026-04-26 01:12:53,351 | Val: [20/25]	Time  0.084 ( 0.517)	Loss (MSE) 293.753 (135.983)	Loss (L1) 15.975 (9.644)
2026-04-26 01:12:53,869 |  * Overall: MSE 183.884	L1 11.261	G-Mean 7.816
2026-04-26 01:12:53,869 |  * Many: MSE 121.345	L1 9.088	G-Mean 6.263
2026-04-26 01:12:53,869 |  * Median: MSE 257.628	L1 14.209	G-Mean 11.047
2026-04-26 01:12:53,870 |  * Low: MSE 569.574	L1 23.269	G-Mean 22.534
2026-04-26 01:12:53,870 | Best L1 Loss: 11.261
2026-04-26 01:12:54,092 | ===> Saving current best checkpoint...
2026-04-26 01:12:54,579 | Epoch #6: Train loss [6.4584]; Val loss: MSE [183.8835], L1 [11.2612], G-Mean [7.8159]
2026-04-26 01:13:07,237 | Epoch: [7][  0/254]	Time  12.66 ( 12.66)	Data 12.5372 (12.5372)	Loss (L1) 5.715 (5.715)
2026-04-26 01:13:10,361 | Epoch: [7][ 10/254]	Time   0.26 (  1.43)	Data 0.0002 (1.1969)	Loss (L1) 6.373 (6.816)
2026-04-26 01:13:13,010 | Epoch: [7][ 20/254]	Time   0.27 (  0.88)	Data 0.0002 (0.6271)	Loss (L1) 6.519 (6.814)
2026-04-26 01:13:15,661 | Epoch: [7][ 30/254]	Time   0.26 (  0.68)	Data 0.0002 (0.4249)	Loss (L1) 6.321 (6.735)
2026-04-26 01:13:20,335 | Epoch: [7][ 40/254]	Time   0.27 (  0.63)	Data 0.0004 (0.3774)	Loss (L1) 5.929 (6.658)
2026-04-26 01:13:23,059 | Epoch: [7][ 50/254]	Time   0.27 (  0.56)	Data 0.0005 (0.3036)	Loss (L1) 6.300 (6.627)
2026-04-26 01:13:25,748 | Epoch: [7][ 60/254]	Time   0.28 (  0.51)	Data 0.0002 (0.2539)	Loss (L1) 6.705 (6.572)
2026-04-26 01:13:28,479 | Epoch: [7][ 70/254]	Time   0.28 (  0.48)	Data 0.0003 (0.2181)	Loss (L1) 5.154 (6.604)
2026-04-26 01:13:31,145 | Epoch: [7][ 80/254]	Time   0.26 (  0.45)	Data 0.0002 (0.1913)	Loss (L1) 5.949 (6.562)
2026-04-26 01:13:33,837 | Epoch: [7][ 90/254]	Time   0.27 (  0.43)	Data 0.0003 (0.1703)	Loss (L1) 6.372 (6.522)
2026-04-26 01:13:37,292 | Epoch: [7][100/254]	Time   0.26 (  0.42)	Data 0.0002 (0.1614)	Loss (L1) 5.503 (6.509)
2026-04-26 01:13:39,955 | Epoch: [7][110/254]	Time   0.26 (  0.41)	Data 0.0002 (0.1468)	Loss (L1) 7.374 (6.495)
2026-04-26 01:13:42,661 | Epoch: [7][120/254]	Time   0.27 (  0.40)	Data 0.0002 (0.1347)	Loss (L1) 6.289 (6.459)
2026-04-26 01:13:46,081 | Epoch: [7][130/254]	Time   0.26 (  0.39)	Data 0.0002 (0.1314)	Loss (L1) 5.522 (6.412)
2026-04-26 01:13:48,822 | Epoch: [7][140/254]	Time   0.26 (  0.38)	Data 0.0002 (0.1221)	Loss (L1) 8.156 (6.415)
2026-04-26 01:13:51,511 | Epoch: [7][150/254]	Time   0.26 (  0.38)	Data 0.0002 (0.1140)	Loss (L1) 6.757 (6.396)
2026-04-26 01:13:54,188 | Epoch: [7][160/254]	Time   0.28 (  0.37)	Data 0.0002 (0.1070)	Loss (L1) 6.142 (6.389)
2026-04-26 01:13:57,348 | Epoch: [7][170/254]	Time   0.29 (  0.37)	Data 0.0002 (0.1045)	Loss (L1) 5.721 (6.369)
2026-04-26 01:14:00,035 | Epoch: [7][180/254]	Time   0.26 (  0.36)	Data 0.0002 (0.0988)	Loss (L1) 6.126 (6.374)
2026-04-26 01:14:02,718 | Epoch: [7][190/254]	Time   0.27 (  0.36)	Data 0.0001 (0.0937)	Loss (L1) 5.911 (6.373)
2026-04-26 01:14:05,977 | Epoch: [7][200/254]	Time   0.27 (  0.36)	Data 0.0001 (0.0928)	Loss (L1) 6.806 (6.365)
2026-04-26 01:14:08,676 | Epoch: [7][210/254]	Time   0.25 (  0.35)	Data 0.0001 (0.0884)	Loss (L1) 5.857 (6.354)
2026-04-26 01:14:11,335 | Epoch: [7][220/254]	Time   0.27 (  0.35)	Data 0.0001 (0.0844)	Loss (L1) 6.066 (6.345)
2026-04-26 01:14:13,988 | Epoch: [7][230/254]	Time   0.26 (  0.34)	Data 0.0002 (0.0807)	Loss (L1) 5.968 (6.341)
2026-04-26 01:14:16,644 | Epoch: [7][240/254]	Time   0.27 (  0.34)	Data 0.0001 (0.0774)	Loss (L1) 5.960 (6.318)
2026-04-26 01:14:19,303 | Epoch: [7][250/254]	Time   0.27 (  0.34)	Data 0.0001 (0.0743)	Loss (L1) 6.030 (6.307)
2026-04-26 01:14:29,320 | Val: [ 0/25]	Time  9.049 ( 9.049)	Loss (MSE) 308.074 (308.074)	Loss (L1) 15.913 (15.913)
2026-04-26 01:14:30,726 | Val: [10/25]	Time  0.084 ( 0.951)	Loss (MSE) 83.748 (130.358)	Loss (L1) 7.551 (9.510)
2026-04-26 01:14:31,565 | Val: [20/25]	Time  0.084 ( 0.538)	Loss (MSE) 406.025 (154.038)	Loss (L1) 18.479 (10.186)
2026-04-26 01:14:32,060 |  * Overall: MSE 218.178	L1 12.109	G-Mean 8.231
2026-04-26 01:14:32,060 |  * Many: MSE 136.787	L1 9.544	G-Mean 6.496
2026-04-26 01:14:32,060 |  * Median: MSE 322.721	L1 15.766	G-Mean 11.987
2026-04-26 01:14:32,060 |  * Low: MSE 689.056	L1 25.641	G-Mean 24.948
2026-04-26 01:14:32,061 | Best L1 Loss: 11.261
2026-04-26 01:14:32,280 | Epoch #7: Train loss [6.3017]; Val loss: MSE [218.1778], L1 [12.1095], G-Mean [8.2308]
2026-04-26 01:14:43,760 | Epoch: [8][  0/254]	Time  11.48 ( 11.48)	Data 11.3144 (11.3144)	Loss (L1) 5.957 (5.957)
2026-04-26 01:14:47,558 | Epoch: [8][ 10/254]	Time   0.26 (  1.39)	Data 0.0002 (1.1567)	Loss (L1) 6.081 (5.987)
2026-04-26 01:14:50,211 | Epoch: [8][ 20/254]	Time   0.26 (  0.85)	Data 0.0002 (0.6060)	Loss (L1) 6.098 (5.963)
2026-04-26 01:14:52,877 | Epoch: [8][ 30/254]	Time   0.26 (  0.66)	Data 0.0002 (0.4106)	Loss (L1) 6.154 (5.943)
2026-04-26 01:14:55,736 | Epoch: [8][ 40/254]	Time   0.26 (  0.57)	Data 0.0003 (0.3189)	Loss (L1) 7.137 (6.066)
2026-04-26 01:14:58,448 | Epoch: [8][ 50/254]	Time   0.28 (  0.51)	Data 0.0234 (0.2569)	Loss (L1) 6.319 (6.056)
2026-04-26 01:15:01,131 | Epoch: [8][ 60/254]	Time   0.28 (  0.47)	Data 0.0002 (0.2148)	Loss (L1) 7.704 (6.179)
2026-04-26 01:15:04,813 | Epoch: [8][ 70/254]	Time   0.27 (  0.46)	Data 0.0003 (0.2028)	Loss (L1) 8.360 (6.262)
2026-04-26 01:15:07,497 | Epoch: [8][ 80/254]	Time   0.29 (  0.43)	Data 0.0002 (0.1778)	Loss (L1) 6.627 (6.280)
2026-04-26 01:15:10,181 | Epoch: [8][ 90/254]	Time   0.26 (  0.42)	Data 0.0003 (0.1584)	Loss (L1) 7.599 (6.286)
2026-04-26 01:15:13,561 | Epoch: [8][100/254]	Time   0.26 (  0.41)	Data 0.0002 (0.1525)	Loss (L1) 5.910 (6.254)
2026-04-26 01:15:16,239 | Epoch: [8][110/254]	Time   0.28 (  0.40)	Data 0.0002 (0.1388)	Loss (L1) 5.850 (6.248)
2026-04-26 01:15:18,910 | Epoch: [8][120/254]	Time   0.27 (  0.39)	Data 0.0002 (0.1274)	Loss (L1) 6.057 (6.251)
2026-04-26 01:15:21,689 | Epoch: [8][130/254]	Time   0.27 (  0.38)	Data 0.0002 (0.1191)	Loss (L1) 5.649 (6.244)
2026-04-26 01:15:24,341 | Epoch: [8][140/254]	Time   0.27 (  0.37)	Data 0.0002 (0.1107)	Loss (L1) 7.619 (6.250)
2026-04-26 01:15:26,989 | Epoch: [8][150/254]	Time   0.26 (  0.36)	Data 0.0002 (0.1034)	Loss (L1) 6.211 (6.258)
2026-04-26 01:15:31,378 | Epoch: [8][160/254]	Time   1.96 (  0.37)	Data 1.8488 (0.1085)	Loss (L1) 5.621 (6.260)
2026-04-26 01:15:34,769 | Epoch: [8][170/254]	Time   0.26 (  0.37)	Data 0.0002 (0.1078)	Loss (L1) 6.105 (6.257)
2026-04-26 01:15:37,434 | Epoch: [8][180/254]	Time   0.25 (  0.36)	Data 0.0002 (0.1019)	Loss (L1) 5.538 (6.241)
2026-04-26 01:15:40,180 | Epoch: [8][190/254]	Time   0.26 (  0.36)	Data 0.0001 (0.0966)	Loss (L1) 6.151 (6.224)
2026-04-26 01:15:43,166 | Epoch: [8][200/254]	Time   0.24 (  0.35)	Data 0.0001 (0.0949)	Loss (L1) 5.826 (6.202)
2026-04-26 01:15:45,827 | Epoch: [8][210/254]	Time   0.27 (  0.35)	Data 0.0001 (0.0904)	Loss (L1) 6.421 (6.185)
2026-04-26 01:15:48,485 | Epoch: [8][220/254]	Time   0.26 (  0.34)	Data 0.0001 (0.0863)	Loss (L1) 6.091 (6.171)
2026-04-26 01:15:51,134 | Epoch: [8][230/254]	Time   0.27 (  0.34)	Data 0.0001 (0.0826)	Loss (L1) 5.041 (6.149)
2026-04-26 01:15:53,784 | Epoch: [8][240/254]	Time   0.27 (  0.34)	Data 0.0001 (0.0792)	Loss (L1) 6.005 (6.140)
2026-04-26 01:15:56,436 | Epoch: [8][250/254]	Time   0.26 (  0.34)	Data 0.0001 (0.0760)	Loss (L1) 6.563 (6.144)
2026-04-26 01:16:03,967 | Val: [ 0/25]	Time  6.559 ( 6.559)	Loss (MSE) 173.782 (173.782)	Loss (L1) 11.243 (11.243)
2026-04-26 01:16:07,322 | Val: [10/25]	Time  0.083 ( 0.901)	Loss (MSE) 75.415 (76.185)	Loss (L1) 7.036 (6.956)
2026-04-26 01:16:08,159 | Val: [20/25]	Time  0.084 ( 0.512)	Loss (MSE) 483.489 (144.882)	Loss (L1) 20.809 (9.614)
2026-04-26 01:16:08,650 |  * Overall: MSE 232.479	L1 12.069	G-Mean 7.739
2026-04-26 01:16:08,651 |  * Many: MSE 141.392	L1 9.474	G-Mean 6.218
2026-04-26 01:16:08,651 |  * Median: MSE 320.647	L1 14.995	G-Mean 10.260
2026-04-26 01:16:08,651 |  * Low: MSE 864.042	L1 28.552	G-Mean 27.348
2026-04-26 01:16:08,652 | Best L1 Loss: 11.261
2026-04-26 01:16:08,875 | Epoch #8: Train loss [6.1481]; Val loss: MSE [232.4790], L1 [12.0686], G-Mean [7.7387]
2026-04-26 01:16:18,375 | Epoch: [9][  0/254]	Time   9.50 (  9.50)	Data 9.3638 (9.3638)	Loss (L1) 5.459 (5.459)
2026-04-26 01:16:21,962 | Epoch: [9][ 10/254]	Time   0.28 (  1.19)	Data 0.0002 (0.9518)	Loss (L1) 5.279 (6.095)
2026-04-26 01:16:24,607 | Epoch: [9][ 20/254]	Time   0.27 (  0.75)	Data 0.0002 (0.4987)	Loss (L1) 5.933 (6.064)
2026-04-26 01:16:27,301 | Epoch: [9][ 30/254]	Time   0.28 (  0.59)	Data 0.0002 (0.3382)	Loss (L1) 7.140 (6.091)
2026-04-26 01:16:31,219 | Epoch: [9][ 40/254]	Time   0.23 (  0.54)	Data 0.0002 (0.2907)	Loss (L1) 4.747 (5.992)
2026-04-26 01:16:33,913 | Epoch: [9][ 50/254]	Time   0.26 (  0.49)	Data 0.0002 (0.2338)	Loss (L1) 5.566 (5.925)
2026-04-26 01:16:36,627 | Epoch: [9][ 60/254]	Time   0.26 (  0.45)	Data 0.0002 (0.1957)	Loss (L1) 5.336 (5.911)
2026-04-26 01:16:41,253 | Epoch: [9][ 70/254]	Time   0.29 (  0.46)	Data 0.0002 (0.1999)	Loss (L1) 5.800 (5.930)
2026-04-26 01:16:43,979 | Epoch: [9][ 80/254]	Time   0.28 (  0.43)	Data 0.0003 (0.1753)	Loss (L1) 5.141 (5.963)
2026-04-26 01:16:46,649 | Epoch: [9][ 90/254]	Time   0.26 (  0.42)	Data 0.0002 (0.1561)	Loss (L1) 6.971 (5.958)
2026-04-26 01:16:50,990 | Epoch: [9][100/254]	Time   0.26 (  0.42)	Data 0.0002 (0.1596)	Loss (L1) 6.128 (5.935)
2026-04-26 01:16:53,657 | Epoch: [9][110/254]	Time   0.28 (  0.40)	Data 0.0002 (0.1452)	Loss (L1) 5.509 (5.909)
2026-04-26 01:16:56,385 | Epoch: [9][120/254]	Time   0.28 (  0.39)	Data 0.0002 (0.1333)	Loss (L1) 5.646 (5.925)
2026-04-26 01:16:59,105 | Epoch: [9][130/254]	Time   0.29 (  0.38)	Data 0.0003 (0.1231)	Loss (L1) 6.053 (5.933)
2026-04-26 01:17:02,011 | Epoch: [9][140/254]	Time   0.26 (  0.38)	Data 0.0002 (0.1170)	Loss (L1) 5.361 (5.959)
2026-04-26 01:17:04,748 | Epoch: [9][150/254]	Time   0.25 (  0.37)	Data 0.0002 (0.1093)	Loss (L1) 7.042 (5.963)
2026-04-26 01:17:07,443 | Epoch: [9][160/254]	Time   0.27 (  0.36)	Data 0.0002 (0.1025)	Loss (L1) 6.543 (5.955)
2026-04-26 01:17:11,434 | Epoch: [9][170/254]	Time   0.27 (  0.37)	Data 0.0002 (0.1059)	Loss (L1) 5.498 (5.957)
2026-04-26 01:17:14,124 | Epoch: [9][180/254]	Time   0.26 (  0.36)	Data 0.0002 (0.1001)	Loss (L1) 6.149 (5.954)
2026-04-26 01:17:16,829 | Epoch: [9][190/254]	Time   0.25 (  0.36)	Data 0.0001 (0.0951)	Loss (L1) 6.665 (5.960)
2026-04-26 01:17:20,577 | Epoch: [9][200/254]	Time   0.26 (  0.36)	Data 0.0001 (0.0963)	Loss (L1) 6.689 (5.949)
2026-04-26 01:17:23,244 | Epoch: [9][210/254]	Time   0.26 (  0.35)	Data 0.0001 (0.0917)	Loss (L1) 6.172 (5.948)
2026-04-26 01:17:25,895 | Epoch: [9][220/254]	Time   0.27 (  0.35)	Data 0.0001 (0.0876)	Loss (L1) 6.096 (5.960)
2026-04-26 01:17:28,545 | Epoch: [9][230/254]	Time   0.27 (  0.34)	Data 0.0001 (0.0838)	Loss (L1) 5.758 (5.946)
2026-04-26 01:17:31,193 | Epoch: [9][240/254]	Time   0.27 (  0.34)	Data 0.0001 (0.0803)	Loss (L1) 4.718 (5.921)
2026-04-26 01:17:33,841 | Epoch: [9][250/254]	Time   0.26 (  0.34)	Data 0.0001 (0.0771)	Loss (L1) 6.785 (5.929)
2026-04-26 01:17:42,960 | Val: [ 0/25]	Time  8.148 ( 8.148)	Loss (MSE) 218.343 (218.343)	Loss (L1) 13.090 (13.090)
2026-04-26 01:17:45,441 | Val: [10/25]	Time  0.084 ( 0.966)	Loss (MSE) 117.696 (94.134)	Loss (L1) 8.496 (7.543)
2026-04-26 01:17:46,276 | Val: [20/25]	Time  0.083 ( 0.546)	Loss (MSE) 574.141 (189.598)	Loss (L1) 22.263 (11.013)
2026-04-26 01:17:46,791 |  * Overall: MSE 278.498	L1 13.367	G-Mean 8.606
2026-04-26 01:17:46,791 |  * Many: MSE 188.948	L1 11.008	G-Mean 7.190
2026-04-26 01:17:46,791 |  * Median: MSE 366.976	L1 15.835	G-Mean 10.428
2026-04-26 01:17:46,791 |  * Low: MSE 892.881	L1 29.055	G-Mean 28.023
2026-04-26 01:17:46,792 | Best L1 Loss: 11.261
2026-04-26 01:17:47,032 | Epoch #9: Train loss [5.9373]; Val loss: MSE [278.4982], L1 [13.3674], G-Mean [8.6057]
2026-04-26 01:17:59,671 | Epoch: [10][  0/254]	Time  12.64 ( 12.64)	Data 12.5299 (12.5299)	Loss (L1) 6.088 (6.088)
2026-04-26 01:18:02,345 | Epoch: [10][ 10/254]	Time   0.26 (  1.39)	Data 0.0002 (1.1431)	Loss (L1) 5.777 (5.995)
2026-04-26 01:18:05,027 | Epoch: [10][ 20/254]	Time   0.26 (  0.86)	Data 0.0002 (0.5994)	Loss (L1) 4.776 (5.869)
2026-04-26 01:18:07,684 | Epoch: [10][ 30/254]	Time   0.27 (  0.67)	Data 0.0003 (0.4066)	Loss (L1) 5.908 (5.863)
2026-04-26 01:18:10,753 | Epoch: [10][ 40/254]	Time   0.26 (  0.58)	Data 0.0002 (0.3211)	Loss (L1) 6.507 (5.902)
2026-04-26 01:18:13,446 | Epoch: [10][ 50/254]	Time   0.28 (  0.52)	Data 0.0002 (0.2582)	Loss (L1) 5.522 (5.830)
2026-04-26 01:18:16,170 | Epoch: [10][ 60/254]	Time   0.27 (  0.48)	Data 0.0233 (0.2163)	Loss (L1) 5.607 (5.808)
2026-04-26 01:18:20,111 | Epoch: [10][ 70/254]	Time   0.26 (  0.47)	Data 0.0002 (0.2046)	Loss (L1) 5.384 (5.779)
2026-04-26 01:18:22,930 | Epoch: [10][ 80/254]	Time   0.26 (  0.44)	Data 0.0003 (0.1795)	Loss (L1) 5.604 (5.801)
2026-04-26 01:18:25,737 | Epoch: [10][ 90/254]	Time   0.28 (  0.43)	Data 0.0003 (0.1602)	Loss (L1) 5.946 (5.816)
2026-04-26 01:18:29,368 | Epoch: [10][100/254]	Time   0.27 (  0.42)	Data 0.0002 (0.1552)	Loss (L1) 6.576 (5.809)
2026-04-26 01:18:32,091 | Epoch: [10][110/254]	Time   0.30 (  0.41)	Data 0.0002 (0.1412)	Loss (L1) 4.726 (5.803)
2026-04-26 01:18:34,818 | Epoch: [10][120/254]	Time   0.26 (  0.39)	Data 0.0002 (0.1296)	Loss (L1) 6.349 (5.834)
2026-04-26 01:18:38,545 | Epoch: [10][130/254]	Time   0.29 (  0.39)	Data 0.0002 (0.1282)	Loss (L1) 5.426 (5.824)
2026-04-26 01:18:41,251 | Epoch: [10][140/254]	Time   0.27 (  0.38)	Data 0.0106 (0.1192)	Loss (L1) 6.042 (5.828)
2026-04-26 01:18:43,962 | Epoch: [10][150/254]	Time   0.26 (  0.38)	Data 0.0002 (0.1114)	Loss (L1) 6.972 (5.846)
2026-04-26 01:18:47,312 | Epoch: [10][160/254]	Time   0.91 (  0.37)	Data 0.8026 (0.1095)	Loss (L1) 6.770 (5.850)
2026-04-26 01:18:49,983 | Epoch: [10][170/254]	Time   0.26 (  0.37)	Data 0.0002 (0.1031)	Loss (L1) 6.282 (5.870)
2026-04-26 01:18:52,666 | Epoch: [10][180/254]	Time   0.26 (  0.36)	Data 0.0002 (0.0975)	Loss (L1) 8.125 (5.890)
2026-04-26 01:18:55,362 | Epoch: [10][190/254]	Time   0.24 (  0.36)	Data 0.0001 (0.0925)	Loss (L1) 5.507 (5.902)
2026-04-26 01:18:58,738 | Epoch: [10][200/254]	Time   0.27 (  0.36)	Data 0.0001 (0.0918)	Loss (L1) 5.447 (5.887)
2026-04-26 01:19:01,389 | Epoch: [10][210/254]	Time   0.27 (  0.35)	Data 0.0001 (0.0874)	Loss (L1) 5.669 (5.871)
2026-04-26 01:19:04,035 | Epoch: [10][220/254]	Time   0.26 (  0.35)	Data 0.0001 (0.0835)	Loss (L1) 5.578 (5.864)
2026-04-26 01:19:06,684 | Epoch: [10][230/254]	Time   0.26 (  0.34)	Data 0.0001 (0.0799)	Loss (L1) 5.353 (5.861)
2026-04-26 01:19:09,340 | Epoch: [10][240/254]	Time   0.27 (  0.34)	Data 0.0001 (0.0766)	Loss (L1) 5.332 (5.861)
2026-04-26 01:19:11,995 | Epoch: [10][250/254]	Time   0.27 (  0.34)	Data 0.0001 (0.0735)	Loss (L1) 5.716 (5.849)
2026-04-26 01:19:21,269 | Val: [ 0/25]	Time  8.310 ( 8.310)	Loss (MSE) 228.616 (228.616)	Loss (L1) 13.345 (13.345)
2026-04-26 01:19:22,900 | Val: [10/25]	Time  0.084 ( 0.904)	Loss (MSE) 115.087 (123.173)	Loss (L1) 8.465 (9.047)
2026-04-26 01:19:23,741 | Val: [20/25]	Time  0.083 ( 0.513)	Loss (MSE) 387.864 (156.943)	Loss (L1) 18.630 (10.384)
2026-04-26 01:19:24,228 |  * Overall: MSE 224.035	L1 12.359	G-Mean 8.598
2026-04-26 01:19:24,228 |  * Many: MSE 150.013	L1 10.115	G-Mean 7.069
2026-04-26 01:19:24,228 |  * Median: MSE 298.280	L1 15.000	G-Mean 11.224
2026-04-26 01:19:24,228 |  * Low: MSE 727.861	L1 26.216	G-Mean 25.284
2026-04-26 01:19:24,229 | Best L1 Loss: 11.261
2026-04-26 01:19:24,450 | Epoch #10: Train loss [5.8439]; Val loss: MSE [224.0352], L1 [12.3592], G-Mean [8.5978]
2026-04-26 01:19:33,995 | Epoch: [11][  0/254]	Time   9.54 (  9.54)	Data 9.3991 (9.3991)	Loss (L1) 4.543 (4.543)
2026-04-26 01:19:38,662 | Epoch: [11][ 10/254]	Time   0.25 (  1.29)	Data 0.0003 (1.0723)	Loss (L1) 5.444 (5.436)
2026-04-26 01:19:41,349 | Epoch: [11][ 20/254]	Time   0.27 (  0.80)	Data 0.0002 (0.5618)	Loss (L1) 5.661 (5.511)
2026-04-26 01:19:44,054 | Epoch: [11][ 30/254]	Time   0.28 (  0.63)	Data 0.0002 (0.3806)	Loss (L1) 6.721 (5.510)
2026-04-26 01:19:47,675 | Epoch: [11][ 40/254]	Time   0.27 (  0.57)	Data 0.0003 (0.3131)	Loss (L1) 5.547 (5.504)
2026-04-26 01:19:50,335 | Epoch: [11][ 50/254]	Time   0.26 (  0.51)	Data 0.0002 (0.2518)	Loss (L1) 5.125 (5.485)
2026-04-26 01:19:53,009 | Epoch: [11][ 60/254]	Time   0.28 (  0.47)	Data 0.0002 (0.2106)	Loss (L1) 5.287 (5.553)
2026-04-26 01:19:56,604 | Epoch: [11][ 70/254]	Time   0.27 (  0.45)	Data 0.0002 (0.1963)	Loss (L1) 4.877 (5.547)
2026-04-26 01:19:59,286 | Epoch: [11][ 80/254]	Time   0.27 (  0.43)	Data 0.0002 (0.1721)	Loss (L1) 6.640 (5.570)
2026-04-26 01:20:01,939 | Epoch: [11][ 90/254]	Time   0.27 (  0.41)	Data 0.0002 (0.1532)	Loss (L1) 5.118 (5.599)
2026-04-26 01:20:04,849 | Epoch: [11][100/254]	Time   0.26 (  0.40)	Data 0.0002 (0.1419)	Loss (L1) 6.234 (5.606)
2026-04-26 01:20:07,523 | Epoch: [11][110/254]	Time   0.27 (  0.39)	Data 0.0003 (0.1292)	Loss (L1) 5.268 (5.617)
2026-04-26 01:20:10,230 | Epoch: [11][120/254]	Time   0.28 (  0.38)	Data 0.0002 (0.1185)	Loss (L1) 6.001 (5.651)
2026-04-26 01:20:13,708 | Epoch: [11][130/254]	Time   1.05 (  0.38)	Data 0.9092 (0.1164)	Loss (L1) 7.079 (5.662)
2026-04-26 01:20:16,393 | Epoch: [11][140/254]	Time   0.28 (  0.37)	Data 0.0002 (0.1082)	Loss (L1) 6.110 (5.664)
2026-04-26 01:20:19,031 | Epoch: [11][150/254]	Time   0.26 (  0.36)	Data 0.0002 (0.1010)	Loss (L1) 5.254 (5.647)
2026-04-26 01:20:21,726 | Epoch: [11][160/254]	Time   0.26 (  0.36)	Data 0.0002 (0.0948)	Loss (L1) 5.714 (5.653)
2026-04-26 01:20:24,799 | Epoch: [11][170/254]	Time   0.27 (  0.35)	Data 0.0002 (0.0924)	Loss (L1) 6.326 (5.652)
2026-04-26 01:20:27,486 | Epoch: [11][180/254]	Time   0.29 (  0.35)	Data 0.0002 (0.0873)	Loss (L1) 4.843 (5.675)
2026-04-26 01:20:30,183 | Epoch: [11][190/254]	Time   0.27 (  0.34)	Data 0.0001 (0.0827)	Loss (L1) 5.545 (5.671)
2026-04-26 01:20:33,769 | Epoch: [11][200/254]	Time   0.27 (  0.34)	Data 0.0001 (0.0840)	Loss (L1) 5.561 (5.677)
2026-04-26 01:20:36,457 | Epoch: [11][210/254]	Time   0.27 (  0.34)	Data 0.0001 (0.0800)	Loss (L1) 5.900 (5.675)
2026-04-26 01:20:39,125 | Epoch: [11][220/254]	Time   0.26 (  0.34)	Data 0.0001 (0.0764)	Loss (L1) 5.441 (5.680)
2026-04-26 01:20:41,777 | Epoch: [11][230/254]	Time   0.26 (  0.33)	Data 0.0001 (0.0731)	Loss (L1) 5.414 (5.692)
2026-04-26 01:20:44,432 | Epoch: [11][240/254]	Time   0.27 (  0.33)	Data 0.0001 (0.0701)	Loss (L1) 6.343 (5.707)
2026-04-26 01:20:47,085 | Epoch: [11][250/254]	Time   0.27 (  0.33)	Data 0.0001 (0.0673)	Loss (L1) 5.797 (5.710)
2026-04-26 01:20:57,388 | Val: [ 0/25]	Time  9.338 ( 9.338)	Loss (MSE) 291.278 (291.278)	Loss (L1) 15.334 (15.334)
2026-04-26 01:20:58,425 | Val: [10/25]	Time  0.084 ( 0.943)	Loss (MSE) 95.253 (142.679)	Loss (L1) 7.686 (10.022)
2026-04-26 01:20:59,264 | Val: [20/25]	Time  0.084 ( 0.534)	Loss (MSE) 228.857 (132.882)	Loss (L1) 14.233 (9.678)
2026-04-26 01:20:59,753 |  * Overall: MSE 177.942	L1 11.208	G-Mean 8.047
2026-04-26 01:20:59,753 |  * Many: MSE 117.269	L1 9.028	G-Mean 6.449
2026-04-26 01:20:59,753 |  * Median: MSE 238.809	L1 14.026	G-Mean 11.368
2026-04-26 01:20:59,753 |  * Low: MSE 590.870	L1 23.759	G-Mean 23.172
2026-04-26 01:20:59,754 | Best L1 Loss: 11.208
2026-04-26 01:20:59,976 | ===> Saving current best checkpoint...
2026-04-26 01:21:00,465 | Epoch #11: Train loss [5.7066]; Val loss: MSE [177.9421], L1 [11.2084], G-Mean [8.0467]
2026-04-26 01:21:07,910 | Epoch: [12][  0/254]	Time   7.44 (  7.44)	Data 7.3026 (7.3026)	Loss (L1) 5.803 (5.803)
2026-04-26 01:21:14,892 | Epoch: [12][ 10/254]	Time   0.26 (  1.31)	Data 0.0002 (1.1095)	Loss (L1) 5.476 (6.008)
2026-04-26 01:21:17,536 | Epoch: [12][ 20/254]	Time   0.26 (  0.81)	Data 0.0002 (0.5813)	Loss (L1) 6.164 (6.085)
2026-04-26 01:21:20,192 | Epoch: [12][ 30/254]	Time   0.26 (  0.64)	Data 0.0002 (0.3938)	Loss (L1) 5.964 (5.928)
2026-04-26 01:21:24,638 | Epoch: [12][ 40/254]	Time   0.27 (  0.59)	Data 0.0002 (0.3439)	Loss (L1) 5.455 (5.836)
2026-04-26 01:21:27,302 | Epoch: [12][ 50/254]	Time   0.27 (  0.53)	Data 0.0003 (0.2777)	Loss (L1) 6.041 (5.828)
2026-04-26 01:21:30,011 | Epoch: [12][ 60/254]	Time   0.28 (  0.48)	Data 0.0002 (0.2322)	Loss (L1) 5.314 (5.776)
2026-04-26 01:21:32,731 | Epoch: [12][ 70/254]	Time   0.26 (  0.45)	Data 0.0002 (0.1996)	Loss (L1) 5.767 (5.751)
2026-04-26 01:21:35,421 | Epoch: [12][ 80/254]	Time   0.26 (  0.43)	Data 0.0002 (0.1751)	Loss (L1) 6.397 (5.757)
2026-04-26 01:21:38,119 | Epoch: [12][ 90/254]	Time   0.26 (  0.41)	Data 0.0002 (0.1560)	Loss (L1) 6.145 (5.743)
2026-04-26 01:21:40,830 | Epoch: [12][100/254]	Time   0.26 (  0.40)	Data 0.0174 (0.1408)	Loss (L1) 5.824 (5.747)
2026-04-26 01:21:43,529 | Epoch: [12][110/254]	Time   0.27 (  0.39)	Data 0.0002 (0.1281)	Loss (L1) 4.723 (5.724)
2026-04-26 01:21:46,202 | Epoch: [12][120/254]	Time   0.26 (  0.38)	Data 0.0003 (0.1175)	Loss (L1) 5.082 (5.723)
2026-04-26 01:21:48,966 | Epoch: [12][130/254]	Time   0.26 (  0.37)	Data 0.0002 (0.1086)	Loss (L1) 5.376 (5.694)
2026-04-26 01:21:52,298 | Epoch: [12][140/254]	Time   0.26 (  0.37)	Data 0.0002 (0.1065)	Loss (L1) 5.208 (5.653)
2026-04-26 01:21:55,008 | Epoch: [12][150/254]	Time   0.27 (  0.36)	Data 0.0002 (0.0996)	Loss (L1) 5.036 (5.628)
2026-04-26 01:21:57,691 | Epoch: [12][160/254]	Time   0.27 (  0.36)	Data 0.0001 (0.0934)	Loss (L1) 6.098 (5.626)
2026-04-26 01:22:01,195 | Epoch: [12][170/254]	Time   0.27 (  0.36)	Data 0.0002 (0.0936)	Loss (L1) 5.760 (5.621)
2026-04-26 01:22:03,863 | Epoch: [12][180/254]	Time   0.26 (  0.35)	Data 0.0002 (0.0885)	Loss (L1) 5.734 (5.633)
2026-04-26 01:22:06,555 | Epoch: [12][190/254]	Time   0.30 (  0.35)	Data 0.0001 (0.0840)	Loss (L1) 6.503 (5.643)
2026-04-26 01:22:09,745 | Epoch: [12][200/254]	Time   0.26 (  0.34)	Data 0.0001 (0.0835)	Loss (L1) 5.416 (5.632)
2026-04-26 01:22:12,398 | Epoch: [12][210/254]	Time   0.27 (  0.34)	Data 0.0001 (0.0795)	Loss (L1) 5.556 (5.615)
2026-04-26 01:22:15,048 | Epoch: [12][220/254]	Time   0.27 (  0.34)	Data 0.0001 (0.0759)	Loss (L1) 5.409 (5.605)
2026-04-26 01:22:17,699 | Epoch: [12][230/254]	Time   0.27 (  0.33)	Data 0.0001 (0.0726)	Loss (L1) 5.425 (5.595)
2026-04-26 01:22:20,353 | Epoch: [12][240/254]	Time   0.27 (  0.33)	Data 0.0001 (0.0696)	Loss (L1) 4.949 (5.592)
2026-04-26 01:22:23,005 | Epoch: [12][250/254]	Time   0.27 (  0.33)	Data 0.0001 (0.0669)	Loss (L1) 5.257 (5.579)
2026-04-26 01:22:30,294 | Val: [ 0/25]	Time  6.311 ( 6.311)	Loss (MSE) 206.551 (206.551)	Loss (L1) 12.479 (12.479)
2026-04-26 01:22:34,250 | Val: [10/25]	Time  0.084 ( 0.933)	Loss (MSE) 145.098 (126.190)	Loss (L1) 9.156 (8.997)
2026-04-26 01:22:35,087 | Val: [20/25]	Time  0.084 ( 0.529)	Loss (MSE) 250.205 (146.812)	Loss (L1) 14.318 (9.828)
2026-04-26 01:22:35,584 |  * Overall: MSE 185.562	L1 11.164	G-Mean 7.633
2026-04-26 01:22:35,585 |  * Many: MSE 146.932	L1 9.708	G-Mean 6.343
2026-04-26 01:22:35,585 |  * Median: MSE 208.276	L1 12.504	G-Mean 9.923
2026-04-26 01:22:35,585 |  * Low: MSE 506.649	L1 21.503	G-Mean 20.383
2026-04-26 01:22:35,586 | Best L1 Loss: 11.164
2026-04-26 01:22:35,805 | ===> Saving current best checkpoint...
2026-04-26 01:22:36,294 | Epoch #12: Train loss [5.5796]; Val loss: MSE [185.5620], L1 [11.1635], G-Mean [7.6333]
2026-04-26 01:22:44,146 | Epoch: [13][  0/254]	Time   7.85 (  7.85)	Data 7.7354 (7.7354)	Loss (L1) 5.766 (5.766)
2026-04-26 01:22:50,616 | Epoch: [13][ 10/254]	Time   0.27 (  1.30)	Data 0.0002 (1.0483)	Loss (L1) 5.225 (5.611)
2026-04-26 01:22:53,270 | Epoch: [13][ 20/254]	Time   0.27 (  0.81)	Data 0.0002 (0.5492)	Loss (L1) 5.389 (5.434)
2026-04-26 01:22:55,930 | Epoch: [13][ 30/254]	Time   0.25 (  0.63)	Data 0.0002 (0.3733)	Loss (L1) 5.810 (5.470)
2026-04-26 01:23:00,712 | Epoch: [13][ 40/254]	Time   0.27 (  0.60)	Data 0.0002 (0.3356)	Loss (L1) 6.297 (5.543)
2026-04-26 01:23:03,374 | Epoch: [13][ 50/254]	Time   0.26 (  0.53)	Data 0.0005 (0.2701)	Loss (L1) 4.900 (5.506)
2026-04-26 01:23:06,076 | Epoch: [13][ 60/254]	Time   0.28 (  0.49)	Data 0.0002 (0.2259)	Loss (L1) 5.722 (5.512)
2026-04-26 01:23:11,663 | Epoch: [13][ 70/254]	Time   0.26 (  0.50)	Data 0.0003 (0.2366)	Loss (L1) 6.618 (5.549)
2026-04-26 01:23:14,359 | Epoch: [13][ 80/254]	Time   0.26 (  0.47)	Data 0.0003 (0.2074)	Loss (L1) 5.288 (5.535)
2026-04-26 01:23:17,039 | Epoch: [13][ 90/254]	Time   0.24 (  0.45)	Data 0.0002 (0.1846)	Loss (L1) 5.297 (5.545)
2026-04-26 01:23:19,739 | Epoch: [13][100/254]	Time   0.27 (  0.43)	Data 0.0002 (0.1664)	Loss (L1) 6.466 (5.539)
2026-04-26 01:23:22,869 | Epoch: [13][110/254]	Time   0.28 (  0.42)	Data 0.0003 (0.1566)	Loss (L1) 6.624 (5.564)
2026-04-26 01:23:25,635 | Epoch: [13][120/254]	Time   0.30 (  0.41)	Data 0.0002 (0.1439)	Loss (L1) 5.189 (5.562)
2026-04-26 01:23:28,339 | Epoch: [13][130/254]	Time   0.27 (  0.40)	Data 0.0003 (0.1330)	Loss (L1) 6.316 (5.552)
2026-04-26 01:23:31,863 | Epoch: [13][140/254]	Time   0.28 (  0.39)	Data 0.0002 (0.1308)	Loss (L1) 5.402 (5.541)
2026-04-26 01:23:34,532 | Epoch: [13][150/254]	Time   0.27 (  0.39)	Data 0.0002 (0.1221)	Loss (L1) 5.354 (5.536)
2026-04-26 01:23:37,211 | Epoch: [13][160/254]	Time   0.26 (  0.38)	Data 0.0002 (0.1145)	Loss (L1) 5.468 (5.538)
2026-04-26 01:23:40,952 | Epoch: [13][170/254]	Time   0.26 (  0.38)	Data 0.0002 (0.1144)	Loss (L1) 5.678 (5.547)
2026-04-26 01:23:43,666 | Epoch: [13][180/254]	Time   0.28 (  0.37)	Data 0.0002 (0.1082)	Loss (L1) 4.962 (5.553)
2026-04-26 01:23:46,369 | Epoch: [13][190/254]	Time   0.27 (  0.37)	Data 0.0001 (0.1025)	Loss (L1) 5.927 (5.553)
2026-04-26 01:23:49,041 | Epoch: [13][200/254]	Time   0.26 (  0.36)	Data 0.0001 (0.0983)	Loss (L1) 5.189 (5.550)
2026-04-26 01:23:51,716 | Epoch: [13][210/254]	Time   0.27 (  0.36)	Data 0.0001 (0.0936)	Loss (L1) 5.653 (5.553)
2026-04-26 01:23:54,380 | Epoch: [13][220/254]	Time   0.27 (  0.35)	Data 0.0001 (0.0894)	Loss (L1) 5.262 (5.544)
2026-04-26 01:23:57,042 | Epoch: [13][230/254]	Time   0.27 (  0.35)	Data 0.0001 (0.0855)	Loss (L1) 6.866 (5.544)
2026-04-26 01:23:59,704 | Epoch: [13][240/254]	Time   0.27 (  0.35)	Data 0.0001 (0.0820)	Loss (L1) 5.922 (5.524)
2026-04-26 01:24:02,364 | Epoch: [13][250/254]	Time   0.27 (  0.34)	Data 0.0001 (0.0787)	Loss (L1) 5.358 (5.534)
2026-04-26 01:24:11,272 | Val: [ 0/25]	Time  7.952 ( 7.952)	Loss (MSE) 255.110 (255.110)	Loss (L1) 14.111 (14.111)
2026-04-26 01:24:13,946 | Val: [10/25]	Time  0.084 ( 0.966)	Loss (MSE) 111.622 (131.965)	Loss (L1) 8.304 (9.468)
2026-04-26 01:24:14,787 | Val: [20/25]	Time  0.084 ( 0.546)	Loss (MSE) 273.672 (142.081)	Loss (L1) 14.826 (9.806)
2026-04-26 01:24:15,285 |  * Overall: MSE 181.011	L1 11.142	G-Mean 7.835
2026-04-26 01:24:15,285 |  * Many: MSE 133.630	L1 9.406	G-Mean 6.430
2026-04-26 01:24:15,285 |  * Median: MSE 233.366	L1 13.377	G-Mean 10.660
2026-04-26 01:24:15,285 |  * Low: MSE 485.986	L1 21.161	G-Mean 20.195
2026-04-26 01:24:15,287 | Best L1 Loss: 11.142
2026-04-26 01:24:15,515 | ===> Saving current best checkpoint...
2026-04-26 01:24:16,023 | Epoch #13: Train loss [5.5345]; Val loss: MSE [181.0113], L1 [11.1418], G-Mean [7.8345]
2026-04-26 01:24:26,478 | Epoch: [14][  0/254]	Time  10.45 ( 10.45)	Data 10.3331 (10.3331)	Loss (L1) 4.850 (4.850)
2026-04-26 01:24:29,132 | Epoch: [14][ 10/254]	Time   0.25 (  1.19)	Data 0.0002 (0.9396)	Loss (L1) 5.586 (5.409)
2026-04-26 01:24:31,807 | Epoch: [14][ 20/254]	Time   0.27 (  0.75)	Data 0.0003 (0.4923)	Loss (L1) 5.335 (5.557)
2026-04-26 01:24:34,495 | Epoch: [14][ 30/254]	Time   0.27 (  0.60)	Data 0.0002 (0.3358)	Loss (L1) 5.464 (5.575)
2026-04-26 01:24:39,625 | Epoch: [14][ 40/254]	Time   0.27 (  0.58)	Data 0.0002 (0.3179)	Loss (L1) 5.247 (5.544)
2026-04-26 01:24:42,294 | Epoch: [14][ 50/254]	Time   0.27 (  0.52)	Data 0.0002 (0.2556)	Loss (L1) 5.429 (5.499)
2026-04-26 01:24:44,995 | Epoch: [14][ 60/254]	Time   0.27 (  0.47)	Data 0.0002 (0.2137)	Loss (L1) 5.271 (5.465)
2026-04-26 01:24:47,660 | Epoch: [14][ 70/254]	Time   0.26 (  0.45)	Data 0.0002 (0.1837)	Loss (L1) 5.034 (5.462)
2026-04-26 01:24:50,337 | Epoch: [14][ 80/254]	Time   0.28 (  0.42)	Data 0.0002 (0.1610)	Loss (L1) 5.627 (5.460)
2026-04-26 01:24:53,083 | Epoch: [14][ 90/254]	Time   0.29 (  0.41)	Data 0.0002 (0.1433)	Loss (L1) 5.233 (5.433)
2026-04-26 01:24:55,796 | Epoch: [14][100/254]	Time   0.26 (  0.39)	Data 0.0002 (0.1292)	Loss (L1) 4.805 (5.448)
2026-04-26 01:24:58,451 | Epoch: [14][110/254]	Time   0.27 (  0.38)	Data 0.0002 (0.1176)	Loss (L1) 5.014 (5.439)
2026-04-26 01:25:01,139 | Epoch: [14][120/254]	Time   0.26 (  0.37)	Data 0.0002 (0.1079)	Loss (L1) 5.509 (5.431)
2026-04-26 01:25:04,248 | Epoch: [14][130/254]	Time   0.27 (  0.37)	Data 0.0002 (0.1029)	Loss (L1) 4.928 (5.419)
2026-04-26 01:25:06,916 | Epoch: [14][140/254]	Time   0.27 (  0.36)	Data 0.0003 (0.0957)	Loss (L1) 6.112 (5.423)
2026-04-26 01:25:09,634 | Epoch: [14][150/254]	Time   0.29 (  0.36)	Data 0.0002 (0.0894)	Loss (L1) 4.863 (5.415)
2026-04-26 01:25:12,964 | Epoch: [14][160/254]	Time   0.93 (  0.35)	Data 0.8143 (0.0889)	Loss (L1) 6.899 (5.428)
2026-04-26 01:25:15,650 | Epoch: [14][170/254]	Time   0.27 (  0.35)	Data 0.0002 (0.0837)	Loss (L1) 5.156 (5.437)
2026-04-26 01:25:18,317 | Epoch: [14][180/254]	Time   0.27 (  0.34)	Data 0.0001 (0.0791)	Loss (L1) 4.476 (5.451)
2026-04-26 01:25:20,989 | Epoch: [14][190/254]	Time   0.26 (  0.34)	Data 0.0001 (0.0750)	Loss (L1) 5.343 (5.450)
2026-04-26 01:25:23,667 | Epoch: [14][200/254]	Time   0.27 (  0.34)	Data 0.0001 (0.0716)	Loss (L1) 5.544 (5.449)
2026-04-26 01:25:26,326 | Epoch: [14][210/254]	Time   0.26 (  0.33)	Data 0.0001 (0.0682)	Loss (L1) 5.019 (5.450)
2026-04-26 01:25:28,984 | Epoch: [14][220/254]	Time   0.27 (  0.33)	Data 0.0001 (0.0651)	Loss (L1) 5.169 (5.447)
2026-04-26 01:25:31,639 | Epoch: [14][230/254]	Time   0.27 (  0.33)	Data 0.0001 (0.0623)	Loss (L1) 5.011 (5.443)
2026-04-26 01:25:34,294 | Epoch: [14][240/254]	Time   0.27 (  0.32)	Data 0.0001 (0.0597)	Loss (L1) 5.222 (5.430)
2026-04-26 01:25:36,957 | Epoch: [14][250/254]	Time   0.27 (  0.32)	Data 0.0001 (0.0573)	Loss (L1) 5.179 (5.426)
2026-04-26 01:25:47,598 | Val: [ 0/25]	Time  9.706 ( 9.706)	Loss (MSE) 267.409 (267.409)	Loss (L1) 14.530 (14.530)
2026-04-26 01:25:49,068 | Val: [10/25]	Time  0.084 ( 1.016)	Loss (MSE) 114.721 (145.908)	Loss (L1) 8.814 (9.943)
2026-04-26 01:25:49,907 | Val: [20/25]	Time  0.084 ( 0.572)	Loss (MSE) 246.741 (137.738)	Loss (L1) 14.014 (9.673)
2026-04-26 01:25:50,401 |  * Overall: MSE 170.392	L1 10.873	G-Mean 7.644
2026-04-26 01:25:50,402 |  * Many: MSE 127.026	L1 9.271	G-Mean 6.398
2026-04-26 01:25:50,402 |  * Median: MSE 222.176	L1 12.922	G-Mean 9.853
2026-04-26 01:25:50,402 |  * Low: MSE 435.501	L1 20.175	G-Mean 19.495
2026-04-26 01:25:50,403 | Best L1 Loss: 10.873
2026-04-26 01:25:50,625 | ===> Saving current best checkpoint...
2026-04-26 01:25:51,118 | Epoch #14: Train loss [5.4234]; Val loss: MSE [170.3922], L1 [10.8732], G-Mean [7.6436]
2026-04-26 01:26:12,965 | Epoch: [15][  0/254]	Time  21.85 ( 21.85)	Data 21.7160 (21.7160)	Loss (L1) 5.586 (5.586)
2026-04-26 01:26:15,941 | Epoch: [15][ 10/254]	Time   0.26 (  2.26)	Data 0.0002 (2.0143)	Loss (L1) 5.853 (5.808)
2026-04-26 01:26:18,607 | Epoch: [15][ 20/254]	Time   0.26 (  1.31)	Data 0.0002 (1.0558)	Loss (L1) 5.152 (5.731)
2026-04-26 01:26:21,270 | Epoch: [15][ 30/254]	Time   0.28 (  0.97)	Data 0.0002 (0.7153)	Loss (L1) 6.058 (5.709)
2026-04-26 01:26:23,946 | Epoch: [15][ 40/254]	Time   0.28 (  0.80)	Data 0.0003 (0.5444)	Loss (L1) 5.114 (5.607)
2026-04-26 01:26:26,703 | Epoch: [15][ 50/254]	Time   0.26 (  0.70)	Data 0.0002 (0.4381)	Loss (L1) 5.513 (5.590)
2026-04-26 01:26:29,445 | Epoch: [15][ 60/254]	Time   0.28 (  0.63)	Data 0.0002 (0.3664)	Loss (L1) 4.720 (5.498)
2026-04-26 01:26:33,419 | Epoch: [15][ 70/254]	Time   0.26 (  0.60)	Data 0.0002 (0.3372)	Loss (L1) 5.396 (5.494)
2026-04-26 01:26:36,151 | Epoch: [15][ 80/254]	Time   0.28 (  0.56)	Data 0.0003 (0.2960)	Loss (L1) 5.136 (5.449)
2026-04-26 01:26:38,845 | Epoch: [15][ 90/254]	Time   0.26 (  0.52)	Data 0.0005 (0.2637)	Loss (L1) 5.539 (5.430)
2026-04-26 01:26:42,568 | Epoch: [15][100/254]	Time   1.33 (  0.51)	Data 1.2093 (0.2496)	Loss (L1) 5.535 (5.421)
2026-04-26 01:26:45,269 | Epoch: [15][110/254]	Time   0.28 (  0.49)	Data 0.0002 (0.2272)	Loss (L1) 5.177 (5.427)
2026-04-26 01:26:48,002 | Epoch: [15][120/254]	Time   0.29 (  0.47)	Data 0.0002 (0.2085)	Loss (L1) 5.448 (5.401)
2026-04-26 01:26:50,781 | Epoch: [15][130/254]	Time   0.28 (  0.46)	Data 0.0002 (0.1926)	Loss (L1) 5.558 (5.378)
2026-04-26 01:26:53,814 | Epoch: [15][140/254]	Time   0.29 (  0.44)	Data 0.0002 (0.1823)	Loss (L1) 5.910 (5.397)
2026-04-26 01:26:56,513 | Epoch: [15][150/254]	Time   0.27 (  0.43)	Data 0.0002 (0.1703)	Loss (L1) 4.823 (5.395)
2026-04-26 01:26:59,258 | Epoch: [15][160/254]	Time   0.26 (  0.42)	Data 0.0003 (0.1598)	Loss (L1) 6.256 (5.384)
2026-04-26 01:27:03,624 | Epoch: [15][170/254]	Time   0.26 (  0.42)	Data 0.0001 (0.1612)	Loss (L1) 7.316 (5.391)
2026-04-26 01:27:06,284 | Epoch: [15][180/254]	Time   0.26 (  0.42)	Data 0.0048 (0.1524)	Loss (L1) 4.506 (5.382)
2026-04-26 01:27:08,969 | Epoch: [15][190/254]	Time   0.25 (  0.41)	Data 0.0001 (0.1445)	Loss (L1) 5.104 (5.368)
2026-04-26 01:27:11,766 | Epoch: [15][200/254]	Time   0.25 (  0.40)	Data 0.0001 (0.1387)	Loss (L1) 4.674 (5.364)
2026-04-26 01:27:14,445 | Epoch: [15][210/254]	Time   0.27 (  0.39)	Data 0.0001 (0.1322)	Loss (L1) 6.031 (5.366)
2026-04-26 01:27:17,112 | Epoch: [15][220/254]	Time   0.27 (  0.39)	Data 0.0002 (0.1262)	Loss (L1) 4.638 (5.349)
2026-04-26 01:27:19,772 | Epoch: [15][230/254]	Time   0.27 (  0.38)	Data 0.0001 (0.1207)	Loss (L1) 5.039 (5.344)
2026-04-26 01:27:22,433 | Epoch: [15][240/254]	Time   0.27 (  0.38)	Data 0.0001 (0.1157)	Loss (L1) 5.355 (5.348)
2026-04-26 01:27:25,090 | Epoch: [15][250/254]	Time   0.27 (  0.37)	Data 0.0001 (0.1111)	Loss (L1) 4.691 (5.340)
2026-04-26 01:27:35,479 | Val: [ 0/25]	Time  9.394 ( 9.394)	Loss (MSE) 237.551 (237.551)	Loss (L1) 13.184 (13.184)
2026-04-26 01:27:36,320 | Val: [10/25]	Time  0.084 ( 0.931)	Loss (MSE) 156.475 (160.313)	Loss (L1) 9.790 (10.181)
2026-04-26 01:27:37,160 | Val: [20/25]	Time  0.084 ( 0.527)	Loss (MSE) 223.581 (155.562)	Loss (L1) 13.683 (10.199)
2026-04-26 01:27:37,642 |  * Overall: MSE 186.832	L1 11.364	G-Mean 7.988
2026-04-26 01:27:37,642 |  * Many: MSE 153.204	L1 10.033	G-Mean 6.840
2026-04-26 01:27:37,642 |  * Median: MSE 208.930	L1 12.657	G-Mean 9.751
2026-04-26 01:27:37,642 |  * Low: MSE 457.908	L1 20.574	G-Mean 19.604
2026-04-26 01:27:37,644 | Best L1 Loss: 10.873
2026-04-26 01:27:37,862 | Epoch #15: Train loss [5.3488]; Val loss: MSE [186.8322], L1 [11.3638], G-Mean [7.9884]
2026-04-26 01:27:50,047 | Epoch: [16][  0/254]	Time  12.18 ( 12.18)	Data 12.0075 (12.0075)	Loss (L1) 5.432 (5.432)
2026-04-26 01:27:53,000 | Epoch: [16][ 10/254]	Time   0.26 (  1.38)	Data 0.0002 (1.1343)	Loss (L1) 5.931 (5.292)
2026-04-26 01:27:55,642 | Epoch: [16][ 20/254]	Time   0.26 (  0.85)	Data 0.0002 (0.5942)	Loss (L1) 5.477 (5.304)
2026-04-26 01:27:58,416 | Epoch: [16][ 30/254]	Time   0.31 (  0.66)	Data 0.0003 (0.4034)	Loss (L1) 5.870 (5.342)
2026-04-26 01:28:01,757 | Epoch: [16][ 40/254]	Time   0.29 (  0.58)	Data 0.0002 (0.3251)	Loss (L1) 5.013 (5.311)
2026-04-26 01:28:04,452 | Epoch: [16][ 50/254]	Time   0.28 (  0.52)	Data 0.0002 (0.2614)	Loss (L1) 5.333 (5.244)
2026-04-26 01:28:07,138 | Epoch: [16][ 60/254]	Time   0.29 (  0.48)	Data 0.0003 (0.2186)	Loss (L1) 5.163 (5.202)
2026-04-26 01:28:10,390 | Epoch: [16][ 70/254]	Time   0.42 (  0.46)	Data 0.2850 (0.2000)	Loss (L1) 5.252 (5.212)
2026-04-26 01:28:13,113 | Epoch: [16][ 80/254]	Time   0.26 (  0.44)	Data 0.0003 (0.1754)	Loss (L1) 6.117 (5.269)
2026-04-26 01:28:15,838 | Epoch: [16][ 90/254]	Time   0.26 (  0.42)	Data 0.0002 (0.1562)	Loss (L1) 6.310 (5.390)
2026-04-26 01:28:19,124 | Epoch: [16][100/254]	Time   0.28 (  0.41)	Data 0.0005 (0.1470)	Loss (L1) 5.266 (5.412)
2026-04-26 01:28:21,814 | Epoch: [16][110/254]	Time   0.28 (  0.40)	Data 0.0002 (0.1339)	Loss (L1) 5.588 (5.454)
2026-04-26 01:28:24,481 | Epoch: [16][120/254]	Time   0.25 (  0.39)	Data 0.0002 (0.1229)	Loss (L1) 5.571 (5.460)
2026-04-26 01:28:28,535 | Epoch: [16][130/254]	Time   0.25 (  0.39)	Data 0.0001 (0.1251)	Loss (L1) 5.865 (5.466)
2026-04-26 01:28:31,206 | Epoch: [16][140/254]	Time   0.26 (  0.38)	Data 0.0193 (0.1164)	Loss (L1) 5.347 (5.449)
2026-04-26 01:28:33,919 | Epoch: [16][150/254]	Time   0.27 (  0.37)	Data 0.0003 (0.1087)	Loss (L1) 5.494 (5.456)
2026-04-26 01:28:36,665 | Epoch: [16][160/254]	Time   0.27 (  0.37)	Data 0.0002 (0.1020)	Loss (L1) 5.242 (5.449)
2026-04-26 01:28:39,380 | Epoch: [16][170/254]	Time   0.27 (  0.36)	Data 0.0002 (0.0961)	Loss (L1) 6.453 (5.438)
2026-04-26 01:28:42,048 | Epoch: [16][180/254]	Time   0.26 (  0.35)	Data 0.0004 (0.0908)	Loss (L1) 4.658 (5.421)
2026-04-26 01:28:44,708 | Epoch: [16][190/254]	Time   0.26 (  0.35)	Data 0.0001 (0.0861)	Loss (L1) 5.767 (5.429)
2026-04-26 01:28:47,383 | Epoch: [16][200/254]	Time   0.28 (  0.35)	Data 0.0002 (0.0818)	Loss (L1) 5.864 (5.417)
2026-04-26 01:28:50,073 | Epoch: [16][210/254]	Time   0.27 (  0.34)	Data 0.0001 (0.0779)	Loss (L1) 5.703 (5.427)
2026-04-26 01:28:52,740 | Epoch: [16][220/254]	Time   0.26 (  0.34)	Data 0.0002 (0.0744)	Loss (L1) 4.735 (5.429)
2026-04-26 01:28:55,397 | Epoch: [16][230/254]	Time   0.27 (  0.34)	Data 0.0003 (0.0712)	Loss (L1) 5.174 (5.423)
2026-04-26 01:28:58,047 | Epoch: [16][240/254]	Time   0.26 (  0.33)	Data 0.0001 (0.0683)	Loss (L1) 5.155 (5.417)
2026-04-26 01:29:00,705 | Epoch: [16][250/254]	Time   0.27 (  0.33)	Data 0.0002 (0.0655)	Loss (L1) 5.216 (5.409)
2026-04-26 01:29:11,540 | Val: [ 0/25]	Time  9.869 ( 9.869)	Loss (MSE) 180.303 (180.303)	Loss (L1) 11.972 (11.972)
2026-04-26 01:29:12,376 | Val: [10/25]	Time  0.084 ( 0.973)	Loss (MSE) 102.790 (87.093)	Loss (L1) 8.020 (7.320)
2026-04-26 01:29:13,213 | Val: [20/25]	Time  0.084 ( 0.550)	Loss (MSE) 432.774 (152.761)	Loss (L1) 19.196 (9.887)
2026-04-26 01:29:13,706 |  * Overall: MSE 219.910	L1 11.896	G-Mean 7.876
2026-04-26 01:29:13,706 |  * Many: MSE 153.520	L1 9.878	G-Mean 6.508
2026-04-26 01:29:13,706 |  * Median: MSE 285.169	L1 14.041	G-Mean 9.999
2026-04-26 01:29:13,706 |  * Low: MSE 676.615	L1 25.202	G-Mean 24.297
2026-04-26 01:29:13,707 | Best L1 Loss: 10.873
2026-04-26 01:29:13,926 | Epoch #16: Train loss [5.4040]; Val loss: MSE [219.9100], L1 [11.8963], G-Mean [7.8760]
2026-04-26 01:29:24,803 | Epoch: [17][  0/254]	Time  10.88 ( 10.88)	Data 10.7656 (10.7656)	Loss (L1) 5.093 (5.093)
2026-04-26 01:29:28,117 | Epoch: [17][ 10/254]	Time   0.26 (  1.29)	Data 0.0002 (1.0515)	Loss (L1) 4.328 (5.078)
2026-04-26 01:29:30,787 | Epoch: [17][ 20/254]	Time   0.28 (  0.80)	Data 0.0001 (0.5509)	Loss (L1) 5.245 (5.122)
2026-04-26 01:29:33,501 | Epoch: [17][ 30/254]	Time   0.26 (  0.63)	Data 0.0002 (0.3747)	Loss (L1) 7.136 (5.231)
2026-04-26 01:29:36,946 | Epoch: [17][ 40/254]	Time   0.26 (  0.56)	Data 0.0003 (0.3049)	Loss (L1) 5.419 (5.230)
2026-04-26 01:29:39,623 | Epoch: [17][ 50/254]	Time   0.27 (  0.50)	Data 0.0002 (0.2455)	Loss (L1) 4.582 (5.210)
2026-04-26 01:29:42,366 | Epoch: [17][ 60/254]	Time   0.25 (  0.47)	Data 0.0004 (0.2062)	Loss (L1) 4.892 (5.225)
2026-04-26 01:29:45,090 | Epoch: [17][ 70/254]	Time   0.26 (  0.44)	Data 0.0002 (0.1772)	Loss (L1) 5.278 (5.272)
2026-04-26 01:29:47,774 | Epoch: [17][ 80/254]	Time   0.27 (  0.42)	Data 0.0002 (0.1553)	Loss (L1) 5.729 (5.290)
2026-04-26 01:29:50,515 | Epoch: [17][ 90/254]	Time   0.27 (  0.40)	Data 0.0002 (0.1383)	Loss (L1) 4.630 (5.247)
2026-04-26 01:29:54,444 | Epoch: [17][100/254]	Time   0.29 (  0.40)	Data 0.0002 (0.1375)	Loss (L1) 4.900 (5.237)
2026-04-26 01:29:57,128 | Epoch: [17][110/254]	Time   0.29 (  0.39)	Data 0.0003 (0.1251)	Loss (L1) 5.179 (5.213)
2026-04-26 01:29:59,850 | Epoch: [17][120/254]	Time   0.28 (  0.38)	Data 0.0002 (0.1148)	Loss (L1) 5.318 (5.204)
2026-04-26 01:30:02,621 | Epoch: [17][130/254]	Time   0.24 (  0.37)	Data 0.0002 (0.1060)	Loss (L1) 5.367 (5.198)
2026-04-26 01:30:05,361 | Epoch: [17][140/254]	Time   0.26 (  0.36)	Data 0.0002 (0.0988)	Loss (L1) 6.850 (5.208)
2026-04-26 01:30:08,107 | Epoch: [17][150/254]	Time   0.26 (  0.36)	Data 0.0002 (0.0922)	Loss (L1) 5.221 (5.183)
2026-04-26 01:30:12,178 | Epoch: [17][160/254]	Time   1.66 (  0.36)	Data 1.5276 (0.0960)	Loss (L1) 5.117 (5.209)
2026-04-26 01:30:14,864 | Epoch: [17][170/254]	Time   0.26 (  0.36)	Data 0.0002 (0.0904)	Loss (L1) 5.134 (5.199)
2026-04-26 01:30:17,559 | Epoch: [17][180/254]	Time   0.27 (  0.35)	Data 0.0002 (0.0854)	Loss (L1) 4.930 (5.182)
2026-04-26 01:30:20,231 | Epoch: [17][190/254]	Time   0.27 (  0.35)	Data 0.0001 (0.0810)	Loss (L1) 5.204 (5.181)
2026-04-26 01:30:23,315 | Epoch: [17][200/254]	Time   0.27 (  0.35)	Data 0.0001 (0.0797)	Loss (L1) 4.466 (5.186)
2026-04-26 01:30:25,969 | Epoch: [17][210/254]	Time   0.26 (  0.34)	Data 0.0001 (0.0759)	Loss (L1) 5.360 (5.192)
2026-04-26 01:30:28,623 | Epoch: [17][220/254]	Time   0.27 (  0.34)	Data 0.0001 (0.0725)	Loss (L1) 4.967 (5.197)
2026-04-26 01:30:31,275 | Epoch: [17][230/254]	Time   0.27 (  0.33)	Data 0.0001 (0.0693)	Loss (L1) 4.608 (5.189)
2026-04-26 01:30:33,925 | Epoch: [17][240/254]	Time   0.27 (  0.33)	Data 0.0001 (0.0665)	Loss (L1) 5.209 (5.190)
2026-04-26 01:30:36,579 | Epoch: [17][250/254]	Time   0.26 (  0.33)	Data 0.0001 (0.0638)	Loss (L1) 4.736 (5.176)
2026-04-26 01:30:46,019 | Val: [ 0/25]	Time  8.479 ( 8.479)	Loss (MSE) 281.658 (281.658)	Loss (L1) 14.590 (14.590)
2026-04-26 01:30:49,233 | Val: [10/25]	Time  0.083 ( 1.063)	Loss (MSE) 153.332 (158.503)	Loss (L1) 9.904 (10.147)
2026-04-26 01:30:50,071 | Val: [20/25]	Time  0.084 ( 0.597)	Loss (MSE) 300.948 (170.620)	Loss (L1) 15.502 (10.660)
2026-04-26 01:30:50,566 |  * Overall: MSE 207.952	L1 11.942	G-Mean 8.258
2026-04-26 01:30:50,566 |  * Many: MSE 165.848	L1 10.441	G-Mean 7.016
2026-04-26 01:30:50,566 |  * Median: MSE 253.596	L1 13.717	G-Mean 10.300
2026-04-26 01:30:50,566 |  * Low: MSE 482.147	L1 21.185	G-Mean 20.345
2026-04-26 01:30:50,567 | Best L1 Loss: 10.873
2026-04-26 01:30:50,790 | Epoch #17: Train loss [5.1740]; Val loss: MSE [207.9519], L1 [11.9419], G-Mean [8.2581]
2026-04-26 01:31:00,215 | Epoch: [18][  0/254]	Time   9.42 (  9.42)	Data 9.3029 (9.3029)	Loss (L1) 5.374 (5.374)
2026-04-26 01:31:04,298 | Epoch: [18][ 10/254]	Time   0.26 (  1.23)	Data 0.0002 (1.0227)	Loss (L1) 6.362 (5.104)
2026-04-26 01:31:06,958 | Epoch: [18][ 20/254]	Time   0.26 (  0.77)	Data 0.0057 (0.5361)	Loss (L1) 4.582 (5.092)
2026-04-26 01:31:09,638 | Epoch: [18][ 30/254]	Time   0.28 (  0.61)	Data 0.0002 (0.3634)	Loss (L1) 5.146 (5.114)
2026-04-26 01:31:12,954 | Epoch: [18][ 40/254]	Time   0.27 (  0.54)	Data 0.0002 (0.2970)	Loss (L1) 5.199 (5.117)
2026-04-26 01:31:15,643 | Epoch: [18][ 50/254]	Time   0.28 (  0.49)	Data 0.0002 (0.2388)	Loss (L1) 4.367 (5.095)
2026-04-26 01:31:18,389 | Epoch: [18][ 60/254]	Time   0.26 (  0.45)	Data 0.0002 (0.1998)	Loss (L1) 4.716 (5.103)
2026-04-26 01:31:21,786 | Epoch: [18][ 70/254]	Time   0.26 (  0.44)	Data 0.0001 (0.1840)	Loss (L1) 5.486 (5.115)
2026-04-26 01:31:24,452 | Epoch: [18][ 80/254]	Time   0.27 (  0.42)	Data 0.0002 (0.1614)	Loss (L1) 5.391 (5.117)
2026-04-26 01:31:27,176 | Epoch: [18][ 90/254]	Time   0.26 (  0.40)	Data 0.0002 (0.1438)	Loss (L1) 4.471 (5.127)
2026-04-26 01:31:29,902 | Epoch: [18][100/254]	Time   0.25 (  0.39)	Data 0.0003 (0.1296)	Loss (L1) 5.321 (5.143)
2026-04-26 01:31:32,749 | Epoch: [18][110/254]	Time   0.29 (  0.38)	Data 0.0002 (0.1203)	Loss (L1) 6.243 (5.165)
2026-04-26 01:31:35,486 | Epoch: [18][120/254]	Time   0.27 (  0.37)	Data 0.0003 (0.1104)	Loss (L1) 4.925 (5.204)
2026-04-26 01:31:38,174 | Epoch: [18][130/254]	Time   0.28 (  0.36)	Data 0.0003 (0.1019)	Loss (L1) 5.700 (5.199)
2026-04-26 01:31:41,310 | Epoch: [18][140/254]	Time   0.33 (  0.36)	Data 0.0003 (0.1003)	Loss (L1) 4.881 (5.188)
2026-04-26 01:31:43,971 | Epoch: [18][150/254]	Time   0.26 (  0.35)	Data 0.0002 (0.0937)	Loss (L1) 4.472 (5.195)
2026-04-26 01:31:46,639 | Epoch: [18][160/254]	Time   0.26 (  0.35)	Data 0.0002 (0.0879)	Loss (L1) 5.930 (5.193)
2026-04-26 01:31:50,827 | Epoch: [18][170/254]	Time   0.26 (  0.35)	Data 0.0001 (0.0942)	Loss (L1) 6.136 (5.202)
2026-04-26 01:31:53,480 | Epoch: [18][180/254]	Time   0.26 (  0.35)	Data 0.0002 (0.0890)	Loss (L1) 4.811 (5.201)
2026-04-26 01:31:56,161 | Epoch: [18][190/254]	Time   0.29 (  0.34)	Data 0.0001 (0.0844)	Loss (L1) 5.613 (5.187)
2026-04-26 01:31:59,127 | Epoch: [18][200/254]	Time   0.28 (  0.34)	Data 0.0494 (0.0822)	Loss (L1) 5.321 (5.167)
2026-04-26 01:32:02,029 | Epoch: [18][210/254]	Time   0.26 (  0.34)	Data 0.0001 (0.0801)	Loss (L1) 4.636 (5.154)
2026-04-26 01:32:04,676 | Epoch: [18][220/254]	Time   0.26 (  0.33)	Data 0.0002 (0.0765)	Loss (L1) 4.782 (5.154)
2026-04-26 01:32:07,326 | Epoch: [18][230/254]	Time   0.26 (  0.33)	Data 0.0003 (0.0732)	Loss (L1) 6.154 (5.155)
2026-04-26 01:32:09,973 | Epoch: [18][240/254]	Time   0.26 (  0.33)	Data 0.0001 (0.0702)	Loss (L1) 5.282 (5.154)
2026-04-26 01:32:12,620 | Epoch: [18][250/254]	Time   0.26 (  0.33)	Data 0.0001 (0.0674)	Loss (L1) 4.532 (5.145)
2026-04-26 01:32:22,756 | Val: [ 0/25]	Time  9.186 ( 9.186)	Loss (MSE) 353.468 (353.468)	Loss (L1) 16.920 (16.920)
2026-04-26 01:32:23,756 | Val: [10/25]	Time  0.141 ( 0.926)	Loss (MSE) 103.631 (166.573)	Loss (L1) 8.384 (10.748)
2026-04-26 01:32:24,590 | Val: [20/25]	Time  0.083 ( 0.525)	Loss (MSE) 251.200 (148.394)	Loss (L1) 14.625 (10.160)
2026-04-26 01:32:25,069 |  * Overall: MSE 186.421	L1 11.504	G-Mean 8.232
2026-04-26 01:32:25,069 |  * Many: MSE 127.000	L1 9.373	G-Mean 6.606
2026-04-26 01:32:25,069 |  * Median: MSE 271.270	L1 14.794	G-Mean 11.944
2026-04-26 01:32:25,069 |  * Low: MSE 499.274	L1 21.823	G-Mean 21.242
2026-04-26 01:32:25,070 | Best L1 Loss: 10.873
2026-04-26 01:32:25,293 | Epoch #18: Train loss [5.1423]; Val loss: MSE [186.4211], L1 [11.5036], G-Mean [8.2322]
2026-04-26 01:32:38,051 | Epoch: [19][  0/254]	Time  12.76 ( 12.76)	Data 12.6295 (12.6295)	Loss (L1) 5.261 (5.261)
2026-04-26 01:32:40,714 | Epoch: [19][ 10/254]	Time   0.26 (  1.40)	Data 0.0002 (1.1489)	Loss (L1) 5.035 (5.147)
2026-04-26 01:32:43,385 | Epoch: [19][ 20/254]	Time   0.26 (  0.86)	Data 0.0002 (0.6019)	Loss (L1) 4.729 (5.043)
2026-04-26 01:32:46,036 | Epoch: [19][ 30/254]	Time   0.25 (  0.67)	Data 0.0002 (0.4078)	Loss (L1) 5.188 (5.074)
2026-04-26 01:32:49,276 | Epoch: [19][ 40/254]	Time   0.26 (  0.58)	Data 0.0002 (0.3297)	Loss (L1) 4.284 (5.017)
2026-04-26 01:32:52,030 | Epoch: [19][ 50/254]	Time   0.26 (  0.52)	Data 0.0003 (0.2655)	Loss (L1) 4.982 (4.986)
2026-04-26 01:32:54,735 | Epoch: [19][ 60/254]	Time   0.27 (  0.48)	Data 0.0003 (0.2221)	Loss (L1) 5.129 (4.977)
2026-04-26 01:32:58,462 | Epoch: [19][ 70/254]	Time   0.26 (  0.47)	Data 0.0031 (0.2101)	Loss (L1) 4.915 (4.973)
2026-04-26 01:33:01,115 | Epoch: [19][ 80/254]	Time   0.26 (  0.44)	Data 0.0002 (0.1842)	Loss (L1) 6.018 (4.956)
2026-04-26 01:33:03,846 | Epoch: [19][ 90/254]	Time   0.26 (  0.42)	Data 0.0002 (0.1640)	Loss (L1) 5.501 (4.982)
2026-04-26 01:33:07,518 | Epoch: [19][100/254]	Time   0.60 (  0.42)	Data 0.4919 (0.1609)	Loss (L1) 4.883 (5.004)
2026-04-26 01:33:10,167 | Epoch: [19][110/254]	Time   0.26 (  0.40)	Data 0.0002 (0.1464)	Loss (L1) 6.016 (5.017)
2026-04-26 01:33:12,872 | Epoch: [19][120/254]	Time   0.27 (  0.39)	Data 0.0002 (0.1344)	Loss (L1) 5.609 (5.012)
2026-04-26 01:33:16,010 | Epoch: [19][130/254]	Time   0.71 (  0.39)	Data 0.5953 (0.1287)	Loss (L1) 4.412 (5.002)
2026-04-26 01:33:18,709 | Epoch: [19][140/254]	Time   0.26 (  0.38)	Data 0.0002 (0.1209)	Loss (L1) 4.566 (4.993)
2026-04-26 01:33:21,440 | Epoch: [19][150/254]	Time   0.27 (  0.37)	Data 0.0003 (0.1129)	Loss (L1) 4.715 (4.984)
2026-04-26 01:33:24,092 | Epoch: [19][160/254]	Time   0.26 (  0.37)	Data 0.0002 (0.1060)	Loss (L1) 5.149 (5.000)
2026-04-26 01:33:27,489 | Epoch: [19][170/254]	Time   0.26 (  0.36)	Data 0.0002 (0.1049)	Loss (L1) 4.499 (5.028)
2026-04-26 01:33:30,134 | Epoch: [19][180/254]	Time   0.26 (  0.36)	Data 0.0002 (0.0992)	Loss (L1) 5.743 (5.032)
2026-04-26 01:33:32,835 | Epoch: [19][190/254]	Time   0.28 (  0.35)	Data 0.0001 (0.0940)	Loss (L1) 4.866 (5.020)
2026-04-26 01:33:35,634 | Epoch: [19][200/254]	Time   0.27 (  0.35)	Data 0.0001 (0.0908)	Loss (L1) 4.633 (5.035)
2026-04-26 01:33:38,282 | Epoch: [19][210/254]	Time   0.27 (  0.35)	Data 0.0001 (0.0865)	Loss (L1) 4.953 (5.030)
2026-04-26 01:33:40,929 | Epoch: [19][220/254]	Time   0.27 (  0.34)	Data 0.0001 (0.0826)	Loss (L1) 4.783 (5.015)
2026-04-26 01:33:43,577 | Epoch: [19][230/254]	Time   0.26 (  0.34)	Data 0.0001 (0.0790)	Loss (L1) 4.383 (5.021)
2026-04-26 01:33:46,226 | Epoch: [19][240/254]	Time   0.27 (  0.34)	Data 0.0002 (0.0757)	Loss (L1) 4.868 (5.012)
2026-04-26 01:33:48,876 | Epoch: [19][250/254]	Time   0.26 (  0.33)	Data 0.0001 (0.0727)	Loss (L1) 6.018 (5.020)
2026-04-26 01:33:59,669 | Val: [ 0/25]	Time  9.831 ( 9.831)	Loss (MSE) 290.089 (290.089)	Loss (L1) 15.166 (15.166)
2026-04-26 01:34:00,506 | Val: [10/25]	Time  0.084 ( 0.970)	Loss (MSE) 143.041 (167.450)	Loss (L1) 9.660 (10.686)
2026-04-26 01:34:01,343 | Val: [20/25]	Time  0.084 ( 0.548)	Loss (MSE) 235.945 (158.565)	Loss (L1) 13.736 (10.404)
2026-04-26 01:34:01,848 |  * Overall: MSE 191.884	L1 11.591	G-Mean 8.154
2026-04-26 01:34:01,848 |  * Many: MSE 149.144	L1 9.992	G-Mean 6.764
2026-04-26 01:34:01,848 |  * Median: MSE 237.312	L1 13.584	G-Mean 10.858
2026-04-26 01:34:01,848 |  * Low: MSE 473.497	L1 21.065	G-Mean 20.316
2026-04-26 01:34:01,849 | Best L1 Loss: 10.873
2026-04-26 01:34:02,068 | Epoch #19: Train loss [5.0230]; Val loss: MSE [191.8836], L1 [11.5909], G-Mean [8.1537]
2026-04-26 01:34:14,004 | Epoch: [20][  0/254]	Time  11.93 ( 11.93)	Data 11.8245 (11.8245)	Loss (L1) 5.875 (5.875)
2026-04-26 01:34:16,703 | Epoch: [20][ 10/254]	Time   0.26 (  1.33)	Data 0.0003 (1.0960)	Loss (L1) 6.455 (5.416)
2026-04-26 01:34:19,355 | Epoch: [20][ 20/254]	Time   0.26 (  0.82)	Data 0.0002 (0.5742)	Loss (L1) 5.688 (5.178)
2026-04-26 01:34:22,005 | Epoch: [20][ 30/254]	Time   0.26 (  0.64)	Data 0.0002 (0.3891)	Loss (L1) 3.986 (5.084)
2026-04-26 01:34:25,426 | Epoch: [20][ 40/254]	Time   0.26 (  0.57)	Data 0.0003 (0.3166)	Loss (L1) 5.888 (5.106)
2026-04-26 01:34:28,069 | Epoch: [20][ 50/254]	Time   0.26 (  0.51)	Data 0.0002 (0.2546)	Loss (L1) 4.936 (5.092)
2026-04-26 01:34:30,716 | Epoch: [20][ 60/254]	Time   0.27 (  0.47)	Data 0.0001 (0.2129)	Loss (L1) 4.804 (5.085)
2026-04-26 01:34:46,584 | Epoch: [20][ 70/254]	Time   0.26 (  0.63)	Data 0.0002 (0.3723)	Loss (L1) 4.270 (5.068)
2026-04-26 01:34:49,280 | Epoch: [20][ 80/254]	Time   0.26 (  0.58)	Data 0.0004 (0.3264)	Loss (L1) 4.707 (5.052)
2026-04-26 01:34:51,968 | Epoch: [20][ 90/254]	Time   0.26 (  0.55)	Data 0.0002 (0.2905)	Loss (L1) 4.618 (5.036)
2026-04-26 01:34:54,629 | Epoch: [20][100/254]	Time   0.26 (  0.52)	Data 0.0002 (0.2618)	Loss (L1) 4.750 (5.018)
2026-04-26 01:34:57,284 | Epoch: [20][110/254]	Time   0.26 (  0.50)	Data 0.0002 (0.2391)	Loss (L1) 4.341 (4.989)
2026-04-26 01:34:59,933 | Epoch: [20][120/254]	Time   0.26 (  0.48)	Data 0.0001 (0.2194)	Loss (L1) 4.784 (4.975)
2026-04-26 01:35:23,898 | Epoch: [20][130/254]	Time   0.26 (  0.62)	Data 0.0003 (0.3665)	Loss (L1) 4.488 (4.952)
2026-04-26 01:35:30,662 | Epoch: [20][140/254]	Time   0.26 (  0.63)	Data 0.0003 (0.3730)	Loss (L1) 4.437 (4.948)
2026-04-26 01:35:33,304 | Epoch: [20][150/254]	Time   0.26 (  0.60)	Data 0.0001 (0.3483)	Loss (L1) 5.343 (4.955)
2026-04-26 01:35:48,396 | Epoch: [20][160/254]	Time  12.72 (  0.66)	Data 12.6044 (0.4050)	Loss (L1) 6.056 (4.966)
2026-04-26 01:35:53,512 | Epoch: [20][170/254]	Time   0.26 (  0.65)	Data 0.0002 (0.3976)	Loss (L1) 4.695 (4.968)
2026-04-26 01:35:56,197 | Epoch: [20][180/254]	Time   0.26 (  0.63)	Data 0.0002 (0.3756)	Loss (L1) 4.887 (4.974)
2026-04-26 01:35:58,886 | Epoch: [20][190/254]	Time   0.27 (  0.61)	Data 0.0001 (0.3560)	Loss (L1) 5.291 (4.962)
2026-04-26 01:36:01,571 | Epoch: [20][200/254]	Time   0.27 (  0.59)	Data 0.0002 (0.3383)	Loss (L1) 5.455 (4.970)
2026-04-26 01:36:04,262 | Epoch: [20][210/254]	Time   0.28 (  0.58)	Data 0.0001 (0.3222)	Loss (L1) 4.536 (4.960)
2026-04-26 01:36:06,907 | Epoch: [20][220/254]	Time   0.27 (  0.56)	Data 0.0001 (0.3077)	Loss (L1) 4.404 (4.948)
2026-04-26 01:36:09,565 | Epoch: [20][230/254]	Time   0.27 (  0.55)	Data 0.0002 (0.2944)	Loss (L1) 4.894 (4.943)
2026-04-26 01:36:12,224 | Epoch: [20][240/254]	Time   0.27 (  0.54)	Data 0.0001 (0.2822)	Loss (L1) 4.411 (4.926)
2026-04-26 01:36:14,886 | Epoch: [20][250/254]	Time   0.27 (  0.53)	Data 0.0001 (0.2710)	Loss (L1) 8.576 (4.930)
2026-04-26 01:36:25,882 | Val: [ 0/25]	Time 10.041 (10.041)	Loss (MSE) 382.685 (382.685)	Loss (L1) 17.795 (17.795)
2026-04-26 01:36:26,723 | Val: [10/25]	Time  0.084 ( 0.989)	Loss (MSE) 164.009 (214.188)	Loss (L1) 10.933 (12.388)
2026-04-26 01:36:27,563 | Val: [20/25]	Time  0.084 ( 0.558)	Loss (MSE) 317.873 (203.464)	Loss (L1) 14.571 (11.797)
2026-04-26 01:36:28,058 |  * Overall: MSE 230.371	L1 12.620	G-Mean 8.822
2026-04-26 01:36:28,058 |  * Many: MSE 189.123	L1 11.306	G-Mean 7.727
2026-04-26 01:36:28,058 |  * Median: MSE 297.176	L1 14.633	G-Mean 10.688
2026-04-26 01:36:28,058 |  * Low: MSE 418.863	L1 19.039	G-Mean 17.555
2026-04-26 01:36:28,059 | Best L1 Loss: 10.873
2026-04-26 01:36:28,288 | Epoch #20: Train loss [4.9320]; Val loss: MSE [230.3710], L1 [12.6199], G-Mean [8.8218]
2026-04-26 01:36:40,294 | Epoch: [21][  0/254]	Time  12.01 ( 12.01)	Data 11.8512 (11.8512)	Loss (L1) 5.388 (5.388)
2026-04-26 01:36:43,006 | Epoch: [21][ 10/254]	Time   0.27 (  1.34)	Data 0.0004 (1.0805)	Loss (L1) 4.680 (5.111)
2026-04-26 01:36:45,678 | Epoch: [21][ 20/254]	Time   0.26 (  0.83)	Data 0.0003 (0.5661)	Loss (L1) 5.841 (5.024)
2026-04-26 01:36:48,457 | Epoch: [21][ 30/254]	Time   0.29 (  0.65)	Data 0.0005 (0.3846)	Loss (L1) 4.517 (5.053)
2026-04-26 01:36:51,246 | Epoch: [21][ 40/254]	Time   0.28 (  0.56)	Data 0.0003 (0.2972)	Loss (L1) 4.513 (4.965)
2026-04-26 01:36:53,914 | Epoch: [21][ 50/254]	Time   0.28 (  0.50)	Data 0.0002 (0.2392)	Loss (L1) 4.834 (4.956)
2026-04-26 01:36:56,651 | Epoch: [21][ 60/254]	Time   0.30 (  0.46)	Data 0.0002 (0.2003)	Loss (L1) 5.390 (4.933)
2026-04-26 01:36:59,381 | Epoch: [21][ 70/254]	Time   0.28 (  0.44)	Data 0.0004 (0.1747)	Loss (L1) 4.215 (4.865)
2026-04-26 01:37:02,104 | Epoch: [21][ 80/254]	Time   0.27 (  0.42)	Data 0.0002 (0.1533)	Loss (L1) 4.611 (4.851)
2026-04-26 01:37:04,835 | Epoch: [21][ 90/254]	Time   0.27 (  0.40)	Data 0.0002 (0.1366)	Loss (L1) 4.861 (4.839)
2026-04-26 01:37:08,598 | Epoch: [21][100/254]	Time   0.27 (  0.40)	Data 0.0002 (0.1347)	Loss (L1) 4.954 (4.878)
2026-04-26 01:37:11,292 | Epoch: [21][110/254]	Time   0.26 (  0.39)	Data 0.0002 (0.1226)	Loss (L1) 4.611 (4.874)
2026-04-26 01:37:13,997 | Epoch: [21][120/254]	Time   0.24 (  0.38)	Data 0.0002 (0.1125)	Loss (L1) 4.992 (4.884)
2026-04-26 01:37:16,937 | Epoch: [21][130/254]	Time   0.27 (  0.37)	Data 0.0003 (0.1069)	Loss (L1) 4.418 (4.880)
2026-04-26 01:37:19,638 | Epoch: [21][140/254]	Time   0.27 (  0.36)	Data 0.0003 (0.0993)	Loss (L1) 5.045 (4.897)
2026-04-26 01:37:22,376 | Epoch: [21][150/254]	Time   0.27 (  0.36)	Data 0.0002 (0.0928)	Loss (L1) 6.398 (4.897)
2026-04-26 01:37:25,160 | Epoch: [21][160/254]	Time   0.28 (  0.35)	Data 0.0002 (0.0870)	Loss (L1) 5.638 (4.916)
2026-04-26 01:37:28,648 | Epoch: [21][170/254]	Time   0.26 (  0.35)	Data 0.0002 (0.0875)	Loss (L1) 4.776 (4.925)
2026-04-26 01:37:31,384 | Epoch: [21][180/254]	Time   0.28 (  0.35)	Data 0.0002 (0.0827)	Loss (L1) 4.434 (4.916)
2026-04-26 01:37:34,062 | Epoch: [21][190/254]	Time   0.26 (  0.34)	Data 0.0001 (0.0785)	Loss (L1) 4.616 (4.908)
2026-04-26 01:37:38,144 | Epoch: [21][200/254]	Time   0.27 (  0.35)	Data 0.0001 (0.0822)	Loss (L1) 5.138 (4.911)
2026-04-26 01:37:40,839 | Epoch: [21][210/254]	Time   0.27 (  0.34)	Data 0.0002 (0.0783)	Loss (L1) 6.158 (4.917)
2026-04-26 01:37:43,505 | Epoch: [21][220/254]	Time   0.26 (  0.34)	Data 0.0002 (0.0748)	Loss (L1) 4.258 (4.921)
2026-04-26 01:37:46,167 | Epoch: [21][230/254]	Time   0.27 (  0.34)	Data 0.0001 (0.0716)	Loss (L1) 4.066 (4.912)
2026-04-26 01:37:48,828 | Epoch: [21][240/254]	Time   0.27 (  0.33)	Data 0.0001 (0.0686)	Loss (L1) 5.422 (4.908)
2026-04-26 01:37:51,489 | Epoch: [21][250/254]	Time   0.27 (  0.33)	Data 0.0001 (0.0659)	Loss (L1) 5.255 (4.913)
2026-04-26 01:38:00,076 | Val: [ 0/25]	Time  7.610 ( 7.610)	Loss (MSE) 225.968 (225.968)	Loss (L1) 12.616 (12.616)
2026-04-26 01:38:03,574 | Val: [10/25]	Time  0.084 ( 1.010)	Loss (MSE) 101.875 (99.980)	Loss (L1) 8.312 (8.076)
2026-04-26 01:38:04,412 | Val: [20/25]	Time  0.084 ( 0.569)	Loss (MSE) 510.845 (175.945)	Loss (L1) 20.371 (10.537)
2026-04-26 01:38:04,901 |  * Overall: MSE 252.828	L1 12.651	G-Mean 8.300
2026-04-26 01:38:04,901 |  * Many: MSE 174.580	L1 10.438	G-Mean 6.778
2026-04-26 01:38:04,901 |  * Median: MSE 338.973	L1 15.225	G-Mean 10.968
2026-04-26 01:38:04,902 |  * Low: MSE 757.631	L1 26.430	G-Mean 25.026
2026-04-26 01:38:04,903 | Best L1 Loss: 10.873
2026-04-26 01:38:05,125 | Epoch #21: Train loss [4.9137]; Val loss: MSE [252.8285], L1 [12.6510], G-Mean [8.2996]
2026-04-26 01:38:13,896 | Epoch: [22][  0/254]	Time   8.77 (  8.77)	Data 8.6464 (8.6464)	Loss (L1) 5.219 (5.219)
2026-04-26 01:38:17,493 | Epoch: [22][ 10/254]	Time   0.27 (  1.12)	Data 0.0002 (0.9007)	Loss (L1) 4.758 (4.951)
2026-04-26 01:38:20,271 | Epoch: [22][ 20/254]	Time   0.28 (  0.72)	Data 0.0003 (0.4720)	Loss (L1) 5.148 (4.923)
2026-04-26 01:38:23,013 | Epoch: [22][ 30/254]	Time   0.26 (  0.58)	Data 0.0005 (0.3198)	Loss (L1) 4.933 (4.882)
2026-04-26 01:38:26,562 | Epoch: [22][ 40/254]	Time   0.29 (  0.52)	Data 0.0003 (0.2649)	Loss (L1) 4.749 (4.944)
2026-04-26 01:38:29,606 | Epoch: [22][ 50/254]	Time   0.30 (  0.48)	Data 0.0006 (0.2221)	Loss (L1) 5.026 (4.885)
2026-04-26 01:38:32,365 | Epoch: [22][ 60/254]	Time   0.26 (  0.45)	Data 0.0003 (0.1859)	Loss (L1) 4.803 (4.896)
2026-04-26 01:38:35,971 | Epoch: [22][ 70/254]	Time   0.25 (  0.43)	Data 0.0003 (0.1719)	Loss (L1) 5.307 (4.886)
2026-04-26 01:38:38,693 | Epoch: [22][ 80/254]	Time   0.27 (  0.41)	Data 0.0002 (0.1507)	Loss (L1) 5.274 (4.873)
2026-04-26 01:38:41,374 | Epoch: [22][ 90/254]	Time   0.25 (  0.40)	Data 0.0002 (0.1344)	Loss (L1) 4.502 (4.856)
2026-04-26 01:38:45,734 | Epoch: [22][100/254]	Time   1.93 (  0.40)	Data 1.8080 (0.1390)	Loss (L1) 4.776 (4.860)
2026-04-26 01:38:49,095 | Epoch: [22][110/254]	Time   0.26 (  0.40)	Data 0.0003 (0.1338)	Loss (L1) 4.673 (4.865)
2026-04-26 01:38:51,815 | Epoch: [22][120/254]	Time   0.28 (  0.39)	Data 0.0003 (0.1228)	Loss (L1) 4.061 (4.860)
2026-04-26 01:38:54,519 | Epoch: [22][130/254]	Time   0.27 (  0.38)	Data 0.0004 (0.1136)	Loss (L1) 4.993 (4.860)
2026-04-26 01:38:58,816 | Epoch: [22][140/254]	Time   0.27 (  0.38)	Data 0.0004 (0.1181)	Loss (L1) 4.585 (4.846)
2026-04-26 01:39:01,485 | Epoch: [22][150/254]	Time   0.26 (  0.37)	Data 0.0003 (0.1103)	Loss (L1) 4.631 (4.833)
2026-04-26 01:39:04,203 | Epoch: [22][160/254]	Time   0.29 (  0.37)	Data 0.0002 (0.1034)	Loss (L1) 4.964 (4.832)
2026-04-26 01:39:06,885 | Epoch: [22][170/254]	Time   0.26 (  0.36)	Data 0.0003 (0.0977)	Loss (L1) 4.506 (4.820)
2026-04-26 01:39:09,572 | Epoch: [22][180/254]	Time   0.26 (  0.36)	Data 0.0014 (0.0923)	Loss (L1) 4.809 (4.815)
2026-04-26 01:39:12,239 | Epoch: [22][190/254]	Time   0.25 (  0.35)	Data 0.0001 (0.0876)	Loss (L1) 4.262 (4.809)
2026-04-26 01:39:14,966 | Epoch: [22][200/254]	Time   0.28 (  0.35)	Data 0.0001 (0.0833)	Loss (L1) 4.791 (4.796)
2026-04-26 01:39:17,639 | Epoch: [22][210/254]	Time   0.27 (  0.34)	Data 0.0001 (0.0795)	Loss (L1) 4.417 (4.798)
2026-04-26 01:39:20,296 | Epoch: [22][220/254]	Time   0.27 (  0.34)	Data 0.0002 (0.0759)	Loss (L1) 4.334 (4.808)
2026-04-26 01:39:22,952 | Epoch: [22][230/254]	Time   0.27 (  0.34)	Data 0.0001 (0.0726)	Loss (L1) 4.817 (4.815)
2026-04-26 01:39:25,612 | Epoch: [22][240/254]	Time   0.27 (  0.33)	Data 0.0002 (0.0696)	Loss (L1) 4.043 (4.810)
2026-04-26 01:39:28,269 | Epoch: [22][250/254]	Time   0.27 (  0.33)	Data 0.0001 (0.0668)	Loss (L1) 5.535 (4.811)
2026-04-26 01:39:39,344 | Val: [ 0/25]	Time 10.096 (10.096)	Loss (MSE) 217.818 (217.818)	Loss (L1) 12.946 (12.946)
2026-04-26 01:39:40,185 | Val: [10/25]	Time  0.084 ( 0.994)	Loss (MSE) 108.217 (119.314)	Loss (L1) 8.263 (8.735)
2026-04-26 01:39:41,026 | Val: [20/25]	Time  0.084 ( 0.561)	Loss (MSE) 265.885 (133.499)	Loss (L1) 14.497 (9.347)
2026-04-26 01:39:41,526 |  * Overall: MSE 174.740	L1 10.750	G-Mean 7.365
2026-04-26 01:39:41,526 |  * Many: MSE 129.056	L1 9.096	G-Mean 6.029
2026-04-26 01:39:41,526 |  * Median: MSE 217.524	L1 12.627	G-Mean 9.937
2026-04-26 01:39:41,526 |  * Low: MSE 496.709	L1 21.207	G-Mean 20.100
2026-04-26 01:39:41,527 | Best L1 Loss: 10.750
2026-04-26 01:39:41,752 | ===> Saving current best checkpoint...
2026-04-26 01:39:42,270 | Epoch #22: Train loss [4.8141]; Val loss: MSE [174.7404], L1 [10.7496], G-Mean [7.3652]
2026-04-26 01:39:51,854 | Epoch: [23][  0/254]	Time   9.58 (  9.58)	Data 9.4752 (9.4752)	Loss (L1) 4.850 (4.850)
2026-04-26 01:39:55,241 | Epoch: [23][ 10/254]	Time   0.26 (  1.18)	Data 0.0002 (0.9392)	Loss (L1) 3.931 (4.661)
2026-04-26 01:39:57,891 | Epoch: [23][ 20/254]	Time   0.27 (  0.74)	Data 0.0054 (0.4923)	Loss (L1) 4.388 (4.653)
2026-04-26 01:40:00,588 | Epoch: [23][ 30/254]	Time   0.26 (  0.59)	Data 0.0002 (0.3336)	Loss (L1) 4.746 (4.719)
2026-04-26 01:40:04,340 | Epoch: [23][ 40/254]	Time   0.27 (  0.54)	Data 0.0002 (0.2818)	Loss (L1) 5.480 (4.705)
2026-04-26 01:40:07,030 | Epoch: [23][ 50/254]	Time   0.28 (  0.49)	Data 0.0002 (0.2266)	Loss (L1) 5.080 (4.751)
2026-04-26 01:40:09,764 | Epoch: [23][ 60/254]	Time   0.29 (  0.45)	Data 0.0003 (0.1895)	Loss (L1) 5.322 (4.818)
2026-04-26 01:40:13,139 | Epoch: [23][ 70/254]	Time   0.28 (  0.43)	Data 0.0002 (0.1748)	Loss (L1) 4.531 (4.825)
2026-04-26 01:40:15,784 | Epoch: [23][ 80/254]	Time   0.25 (  0.41)	Data 0.0002 (0.1533)	Loss (L1) 4.619 (4.807)
2026-04-26 01:40:18,467 | Epoch: [23][ 90/254]	Time   0.25 (  0.40)	Data 0.0051 (0.1365)	Loss (L1) 4.333 (4.815)
2026-04-26 01:40:22,635 | Epoch: [23][100/254]	Time   0.93 (  0.40)	Data 0.8106 (0.1396)	Loss (L1) 5.318 (4.824)
2026-04-26 01:40:25,309 | Epoch: [23][110/254]	Time   0.26 (  0.39)	Data 0.0002 (0.1270)	Loss (L1) 5.853 (4.864)
2026-04-26 01:40:28,040 | Epoch: [23][120/254]	Time   0.28 (  0.38)	Data 0.0002 (0.1166)	Loss (L1) 4.965 (4.864)
2026-04-26 01:40:30,782 | Epoch: [23][130/254]	Time   0.26 (  0.37)	Data 0.0002 (0.1077)	Loss (L1) 4.417 (4.848)
2026-04-26 01:40:34,432 | Epoch: [23][140/254]	Time   0.23 (  0.37)	Data 0.0002 (0.1090)	Loss (L1) 5.521 (4.853)
2026-04-26 01:40:37,191 | Epoch: [23][150/254]	Time   0.27 (  0.36)	Data 0.0002 (0.1018)	Loss (L1) 5.048 (4.869)
2026-04-26 01:40:39,857 | Epoch: [23][160/254]	Time   0.27 (  0.36)	Data 0.0002 (0.0955)	Loss (L1) 6.103 (4.870)
2026-04-26 01:40:42,548 | Epoch: [23][170/254]	Time   0.26 (  0.35)	Data 0.0002 (0.0908)	Loss (L1) 4.248 (4.871)
2026-04-26 01:40:45,237 | Epoch: [23][180/254]	Time   0.28 (  0.35)	Data 0.0001 (0.0858)	Loss (L1) 4.250 (4.864)
2026-04-26 01:40:47,919 | Epoch: [23][190/254]	Time   0.27 (  0.34)	Data 0.0001 (0.0815)	Loss (L1) 4.968 (4.859)
2026-04-26 01:40:51,336 | Epoch: [23][200/254]	Time   0.26 (  0.34)	Data 0.0001 (0.0820)	Loss (L1) 4.597 (4.853)
2026-04-26 01:40:54,016 | Epoch: [23][210/254]	Time   0.27 (  0.34)	Data 0.0001 (0.0781)	Loss (L1) 4.233 (4.846)
2026-04-26 01:40:56,678 | Epoch: [23][220/254]	Time   0.27 (  0.34)	Data 0.0001 (0.0746)	Loss (L1) 4.334 (4.847)
2026-04-26 01:40:59,335 | Epoch: [23][230/254]	Time   0.27 (  0.33)	Data 0.0001 (0.0713)	Loss (L1) 5.805 (4.853)
2026-04-26 01:41:01,993 | Epoch: [23][240/254]	Time   0.27 (  0.33)	Data 0.0001 (0.0684)	Loss (L1) 4.724 (4.870)
2026-04-26 01:41:04,651 | Epoch: [23][250/254]	Time   0.27 (  0.33)	Data 0.0001 (0.0657)	Loss (L1) 4.670 (4.861)
2026-04-26 01:41:15,514 | Val: [ 0/25]	Time  9.903 ( 9.903)	Loss (MSE) 218.348 (218.348)	Loss (L1) 12.927 (12.927)
2026-04-26 01:41:16,352 | Val: [10/25]	Time  0.084 ( 0.976)	Loss (MSE) 96.104 (110.775)	Loss (L1) 7.698 (8.439)
2026-04-26 01:41:17,191 | Val: [20/25]	Time  0.084 ( 0.551)	Loss (MSE) 326.685 (136.790)	Loss (L1) 16.740 (9.513)
2026-04-26 01:41:17,699 |  * Overall: MSE 191.165	L1 11.288	G-Mean 7.668
2026-04-26 01:41:17,699 |  * Many: MSE 131.068	L1 9.242	G-Mean 6.192
2026-04-26 01:41:17,699 |  * Median: MSE 251.926	L1 13.716	G-Mean 10.468
2026-04-26 01:41:17,699 |  * Low: MSE 598.451	L1 23.854	G-Mean 23.123
2026-04-26 01:41:17,700 | Best L1 Loss: 10.750
2026-04-26 01:41:17,920 | Epoch #23: Train loss [4.8595]; Val loss: MSE [191.1649], L1 [11.2884], G-Mean [7.6683]
2026-04-26 01:41:30,411 | Epoch: [24][  0/254]	Time  12.49 ( 12.49)	Data 12.3707 (12.3707)	Loss (L1) 4.268 (4.268)
2026-04-26 01:41:33,057 | Epoch: [24][ 10/254]	Time   0.26 (  1.38)	Data 0.0002 (1.1248)	Loss (L1) 4.576 (4.576)
2026-04-26 01:41:35,705 | Epoch: [24][ 20/254]	Time   0.26 (  0.85)	Data 0.0002 (0.5893)	Loss (L1) 4.982 (4.573)
2026-04-26 01:41:38,352 | Epoch: [24][ 30/254]	Time   0.26 (  0.66)	Data 0.0002 (0.3993)	Loss (L1) 4.552 (4.580)
2026-04-26 01:41:41,306 | Epoch: [24][ 40/254]	Time   0.26 (  0.57)	Data 0.0002 (0.3157)	Loss (L1) 5.643 (4.684)
2026-04-26 01:41:44,009 | Epoch: [24][ 50/254]	Time   0.28 (  0.51)	Data 0.0002 (0.2539)	Loss (L1) 4.622 (4.737)
2026-04-26 01:41:46,714 | Epoch: [24][ 60/254]	Time   0.27 (  0.47)	Data 0.0002 (0.2123)	Loss (L1) 4.746 (4.765)
2026-04-26 01:41:50,039 | Epoch: [24][ 70/254]	Time   0.27 (  0.45)	Data 0.0002 (0.1956)	Loss (L1) 4.243 (4.744)
2026-04-26 01:41:52,740 | Epoch: [24][ 80/254]	Time   0.28 (  0.43)	Data 0.0003 (0.1716)	Loss (L1) 4.601 (4.756)
2026-04-26 01:41:55,392 | Epoch: [24][ 90/254]	Time   0.27 (  0.41)	Data 0.0002 (0.1528)	Loss (L1) 4.023 (4.776)
2026-04-26 01:41:58,697 | Epoch: [24][100/254]	Time   0.26 (  0.40)	Data 0.0003 (0.1457)	Loss (L1) 4.800 (4.760)
2026-04-26 01:42:01,423 | Epoch: [24][110/254]	Time   0.26 (  0.39)	Data 0.0002 (0.1326)	Loss (L1) 3.996 (4.730)
2026-04-26 01:42:04,138 | Epoch: [24][120/254]	Time   0.26 (  0.38)	Data 0.0002 (0.1216)	Loss (L1) 4.773 (4.720)
2026-04-26 01:42:06,868 | Epoch: [24][130/254]	Time   0.27 (  0.37)	Data 0.0003 (0.1124)	Loss (L1) 4.605 (4.724)
2026-04-26 01:42:09,610 | Epoch: [24][140/254]	Time   0.26 (  0.37)	Data 0.0002 (0.1044)	Loss (L1) 4.152 (4.731)
2026-04-26 01:42:12,330 | Epoch: [24][150/254]	Time   0.28 (  0.36)	Data 0.0004 (0.0975)	Loss (L1) 4.800 (4.735)
2026-04-26 01:42:15,896 | Epoch: [24][160/254]	Time   1.16 (  0.36)	Data 1.0523 (0.0981)	Loss (L1) 4.900 (4.737)
2026-04-26 01:42:18,587 | Epoch: [24][170/254]	Time   0.25 (  0.35)	Data 0.0002 (0.0924)	Loss (L1) 4.484 (4.736)
2026-04-26 01:42:21,247 | Epoch: [24][180/254]	Time   0.26 (  0.35)	Data 0.0002 (0.0873)	Loss (L1) 5.036 (4.748)
2026-04-26 01:42:23,921 | Epoch: [24][190/254]	Time   0.27 (  0.35)	Data 0.0001 (0.0829)	Loss (L1) 4.545 (4.752)
2026-04-26 01:42:26,617 | Epoch: [24][200/254]	Time   0.25 (  0.34)	Data 0.0001 (0.0788)	Loss (L1) 4.494 (4.752)
2026-04-26 01:42:29,275 | Epoch: [24][210/254]	Time   0.27 (  0.34)	Data 0.0001 (0.0750)	Loss (L1) 4.702 (4.734)
2026-04-26 01:42:31,932 | Epoch: [24][220/254]	Time   0.27 (  0.33)	Data 0.0001 (0.0717)	Loss (L1) 4.151 (4.741)
2026-04-26 01:42:34,586 | Epoch: [24][230/254]	Time   0.26 (  0.33)	Data 0.0001 (0.0686)	Loss (L1) 4.459 (4.733)
2026-04-26 01:42:37,247 | Epoch: [24][240/254]	Time   0.27 (  0.33)	Data 0.0001 (0.0657)	Loss (L1) 5.383 (4.732)
2026-04-26 01:42:39,904 | Epoch: [24][250/254]	Time   0.27 (  0.33)	Data 0.0001 (0.0631)	Loss (L1) 5.295 (4.732)
2026-04-26 01:42:50,206 | Val: [ 0/25]	Time  9.317 ( 9.317)	Loss (MSE) 255.281 (255.281)	Loss (L1) 14.299 (14.299)
2026-04-26 01:42:51,045 | Val: [10/25]	Time  0.084 ( 0.923)	Loss (MSE) 70.835 (108.623)	Loss (L1) 6.544 (8.522)
2026-04-26 01:42:51,884 | Val: [20/25]	Time  0.084 ( 0.524)	Loss (MSE) 285.922 (122.373)	Loss (L1) 15.818 (9.071)
2026-04-26 01:42:52,389 |  * Overall: MSE 184.161	L1 11.004	G-Mean 7.508
2026-04-26 01:42:52,389 |  * Many: MSE 109.990	L1 8.520	G-Mean 5.870
2026-04-26 01:42:52,389 |  * Median: MSE 255.598	L1 14.093	G-Mean 10.949
2026-04-26 01:42:52,389 |  * Low: MSE 699.724	L1 25.742	G-Mean 24.945
2026-04-26 01:42:52,390 | Best L1 Loss: 10.750
2026-04-26 01:42:52,617 | Epoch #24: Train loss [4.7279]; Val loss: MSE [184.1609], L1 [11.0041], G-Mean [7.5076]
2026-04-26 01:43:05,347 | Epoch: [25][  0/254]	Time  12.73 ( 12.73)	Data 12.6207 (12.6207)	Loss (L1) 5.222 (5.222)
2026-04-26 01:43:07,986 | Epoch: [25][ 10/254]	Time   0.26 (  1.40)	Data 0.0002 (1.1476)	Loss (L1) 5.116 (4.828)
2026-04-26 01:43:10,633 | Epoch: [25][ 20/254]	Time   0.26 (  0.86)	Data 0.0004 (0.6012)	Loss (L1) 4.293 (4.797)
2026-04-26 01:43:13,298 | Epoch: [25][ 30/254]	Time   0.29 (  0.67)	Data 0.0002 (0.4074)	Loss (L1) 4.006 (4.714)
2026-04-26 01:43:16,605 | Epoch: [25][ 40/254]	Time   0.26 (  0.59)	Data 0.0002 (0.3281)	Loss (L1) 4.184 (4.700)
2026-04-26 01:43:19,274 | Epoch: [25][ 50/254]	Time   0.27 (  0.52)	Data 0.0003 (0.2638)	Loss (L1) 4.820 (4.703)
2026-04-26 01:43:21,946 | Epoch: [25][ 60/254]	Time   0.27 (  0.48)	Data 0.0002 (0.2206)	Loss (L1) 4.336 (4.698)
2026-04-26 01:43:25,196 | Epoch: [25][ 70/254]	Time   0.27 (  0.46)	Data 0.0002 (0.2009)	Loss (L1) 4.877 (4.710)
2026-04-26 01:43:27,887 | Epoch: [25][ 80/254]	Time   0.27 (  0.44)	Data 0.0002 (0.1762)	Loss (L1) 4.488 (4.678)
2026-04-26 01:43:30,625 | Epoch: [25][ 90/254]	Time   0.28 (  0.42)	Data 0.0003 (0.1568)	Loss (L1) 4.539 (4.695)
2026-04-26 01:43:34,134 | Epoch: [25][100/254]	Time   0.27 (  0.41)	Data 0.0002 (0.1521)	Loss (L1) 4.964 (4.691)
2026-04-26 01:43:36,845 | Epoch: [25][110/254]	Time   0.30 (  0.40)	Data 0.0002 (0.1385)	Loss (L1) 4.884 (4.693)
2026-04-26 01:43:39,569 | Epoch: [25][120/254]	Time   0.27 (  0.39)	Data 0.0002 (0.1274)	Loss (L1) 5.001 (4.699)
2026-04-26 01:43:42,248 | Epoch: [25][130/254]	Time   0.26 (  0.38)	Data 0.0002 (0.1177)	Loss (L1) 5.536 (4.718)
2026-04-26 01:43:45,060 | Epoch: [25][140/254]	Time   0.29 (  0.37)	Data 0.0108 (0.1113)	Loss (L1) 4.745 (4.719)
2026-04-26 01:43:47,763 | Epoch: [25][150/254]	Time   0.26 (  0.37)	Data 0.0002 (0.1040)	Loss (L1) 4.578 (4.757)
2026-04-26 01:43:50,499 | Epoch: [25][160/254]	Time   0.29 (  0.36)	Data 0.0002 (0.0978)	Loss (L1) 4.169 (4.757)
2026-04-26 01:43:54,124 | Epoch: [25][170/254]	Time   0.28 (  0.36)	Data 0.0002 (0.0984)	Loss (L1) 4.329 (4.747)
2026-04-26 01:43:56,785 | Epoch: [25][180/254]	Time   0.28 (  0.35)	Data 0.0002 (0.0930)	Loss (L1) 4.326 (4.737)
2026-04-26 01:43:59,512 | Epoch: [25][190/254]	Time   0.29 (  0.35)	Data 0.0001 (0.0881)	Loss (L1) 4.531 (4.720)
2026-04-26 01:44:02,179 | Epoch: [25][200/254]	Time   0.26 (  0.35)	Data 0.0002 (0.0838)	Loss (L1) 4.617 (4.708)
2026-04-26 01:44:04,841 | Epoch: [25][210/254]	Time   0.27 (  0.34)	Data 0.0001 (0.0798)	Loss (L1) 4.434 (4.698)
2026-04-26 01:44:07,496 | Epoch: [25][220/254]	Time   0.26 (  0.34)	Data 0.0001 (0.0762)	Loss (L1) 4.745 (4.704)
2026-04-26 01:44:10,148 | Epoch: [25][230/254]	Time   0.26 (  0.34)	Data 0.0001 (0.0729)	Loss (L1) 4.425 (4.701)
2026-04-26 01:44:12,803 | Epoch: [25][240/254]	Time   0.27 (  0.33)	Data 0.0001 (0.0699)	Loss (L1) 4.498 (4.703)
2026-04-26 01:44:15,458 | Epoch: [25][250/254]	Time   0.27 (  0.33)	Data 0.0001 (0.0671)	Loss (L1) 5.043 (4.704)
2026-04-26 01:44:22,307 | Val: [ 0/25]	Time  5.894 ( 5.894)	Loss (MSE) 276.728 (276.728)	Loss (L1) 14.771 (14.771)
2026-04-26 01:44:27,656 | Val: [10/25]	Time  0.084 ( 1.022)	Loss (MSE) 104.041 (150.061)	Loss (L1) 8.322 (10.202)
2026-04-26 01:44:28,492 | Val: [20/25]	Time  0.084 ( 0.575)	Loss (MSE) 206.060 (132.583)	Loss (L1) 12.620 (9.480)
2026-04-26 01:44:28,988 |  * Overall: MSE 161.031	L1 10.558	G-Mean 7.476
2026-04-26 01:44:28,988 |  * Many: MSE 120.564	L1 8.982	G-Mean 6.164
2026-04-26 01:44:28,988 |  * Median: MSE 209.554	L1 12.662	G-Mean 10.141
2026-04-26 01:44:28,988 |  * Low: MSE 407.680	L1 19.389	G-Mean 18.583
2026-04-26 01:44:28,989 | Best L1 Loss: 10.558
2026-04-26 01:44:29,209 | ===> Saving current best checkpoint...
2026-04-26 01:44:29,717 | Epoch #25: Train loss [4.7106]; Val loss: MSE [161.0307], L1 [10.5581], G-Mean [7.4763]
2026-04-26 01:44:37,438 | Epoch: [26][  0/254]	Time   7.72 (  7.72)	Data 7.5762 (7.5762)	Loss (L1) 4.538 (4.538)
2026-04-26 01:44:42,328 | Epoch: [26][ 10/254]	Time   0.27 (  1.15)	Data 0.0002 (0.9139)	Loss (L1) 4.754 (4.877)
2026-04-26 01:44:44,975 | Epoch: [26][ 20/254]	Time   0.26 (  0.73)	Data 0.0004 (0.4788)	Loss (L1) 5.145 (4.756)
2026-04-26 01:44:47,656 | Epoch: [26][ 30/254]	Time   0.27 (  0.58)	Data 0.0002 (0.3245)	Loss (L1) 5.334 (4.703)
2026-04-26 01:44:51,833 | Epoch: [26][ 40/254]	Time   0.26 (  0.54)	Data 0.0002 (0.2894)	Loss (L1) 4.218 (4.659)
2026-04-26 01:44:54,623 | Epoch: [26][ 50/254]	Time   0.25 (  0.49)	Data 0.0002 (0.2331)	Loss (L1) 4.502 (4.658)
2026-04-26 01:44:57,372 | Epoch: [26][ 60/254]	Time   0.28 (  0.45)	Data 0.0008 (0.1953)	Loss (L1) 5.809 (4.657)
2026-04-26 01:45:00,028 | Epoch: [26][ 70/254]	Time   0.26 (  0.43)	Data 0.0002 (0.1685)	Loss (L1) 5.202 (4.660)
2026-04-26 01:45:02,738 | Epoch: [26][ 80/254]	Time   0.26 (  0.41)	Data 0.0002 (0.1491)	Loss (L1) 4.228 (4.649)
2026-04-26 01:45:05,443 | Epoch: [26][ 90/254]	Time   0.27 (  0.39)	Data 0.0002 (0.1328)	Loss (L1) 3.875 (4.652)
2026-04-26 01:45:08,132 | Epoch: [26][100/254]	Time   0.27 (  0.38)	Data 0.0003 (0.1197)	Loss (L1) 4.479 (4.630)
2026-04-26 01:45:11,883 | Epoch: [26][110/254]	Time   0.26 (  0.38)	Data 0.0003 (0.1215)	Loss (L1) 5.181 (4.635)
2026-04-26 01:45:14,532 | Epoch: [26][120/254]	Time   0.27 (  0.37)	Data 0.0002 (0.1115)	Loss (L1) 4.247 (4.627)
2026-04-26 01:45:17,267 | Epoch: [26][130/254]	Time   0.29 (  0.36)	Data 0.0002 (0.1030)	Loss (L1) 4.376 (4.634)
2026-04-26 01:45:21,478 | Epoch: [26][140/254]	Time   0.26 (  0.37)	Data 0.0003 (0.1076)	Loss (L1) 4.018 (4.614)
2026-04-26 01:45:24,176 | Epoch: [26][150/254]	Time   0.25 (  0.36)	Data 0.0003 (0.1005)	Loss (L1) 4.221 (4.613)
2026-04-26 01:45:26,847 | Epoch: [26][160/254]	Time   0.26 (  0.35)	Data 0.0003 (0.0942)	Loss (L1) 4.362 (4.614)
2026-04-26 01:45:29,571 | Epoch: [26][170/254]	Time   0.26 (  0.35)	Data 0.0002 (0.0889)	Loss (L1) 4.409 (4.600)
2026-04-26 01:45:32,239 | Epoch: [26][180/254]	Time   0.23 (  0.35)	Data 0.0003 (0.0840)	Loss (L1) 5.052 (4.609)
2026-04-26 01:45:34,933 | Epoch: [26][190/254]	Time   0.28 (  0.34)	Data 0.0001 (0.0797)	Loss (L1) 4.229 (4.599)
2026-04-26 01:45:37,633 | Epoch: [26][200/254]	Time   0.27 (  0.34)	Data 0.0001 (0.0757)	Loss (L1) 4.931 (4.604)
2026-04-26 01:45:40,331 | Epoch: [26][210/254]	Time   0.28 (  0.33)	Data 0.0001 (0.0722)	Loss (L1) 5.575 (4.611)
2026-04-26 01:45:43,015 | Epoch: [26][220/254]	Time   0.26 (  0.33)	Data 0.0001 (0.0689)	Loss (L1) 4.340 (4.626)
2026-04-26 01:45:45,661 | Epoch: [26][230/254]	Time   0.26 (  0.33)	Data 0.0001 (0.0659)	Loss (L1) 4.773 (4.619)
2026-04-26 01:45:48,311 | Epoch: [26][240/254]	Time   0.27 (  0.33)	Data 0.0001 (0.0632)	Loss (L1) 5.089 (4.620)
2026-04-26 01:45:50,962 | Epoch: [26][250/254]	Time   0.26 (  0.32)	Data 0.0001 (0.0607)	Loss (L1) 4.385 (4.632)
2026-04-26 01:46:00,970 | Val: [ 0/25]	Time  9.052 ( 9.052)	Loss (MSE) 229.905 (229.905)	Loss (L1) 13.408 (13.408)
2026-04-26 01:46:02,223 | Val: [10/25]	Time  0.084 ( 0.937)	Loss (MSE) 68.571 (93.477)	Loss (L1) 6.876 (7.925)
2026-04-26 01:46:03,059 | Val: [20/25]	Time  0.083 ( 0.531)	Loss (MSE) 367.211 (129.342)	Loss (L1) 17.364 (9.086)
2026-04-26 01:46:03,563 |  * Overall: MSE 190.366	L1 10.978	G-Mean 7.262
2026-04-26 01:46:03,563 |  * Many: MSE 120.269	L1 8.662	G-Mean 5.669
2026-04-26 01:46:03,563 |  * Median: MSE 269.357	L1 13.992	G-Mean 10.763
2026-04-26 01:46:03,563 |  * Low: MSE 635.968	L1 24.232	G-Mean 23.183
2026-04-26 01:46:03,564 | Best L1 Loss: 10.558
2026-04-26 01:46:03,786 | Epoch #26: Train loss [4.6321]; Val loss: MSE [190.3657], L1 [10.9776], G-Mean [7.2624]
2026-04-26 01:46:15,443 | Epoch: [27][  0/254]	Time  11.66 ( 11.66)	Data 11.5413 (11.5413)	Loss (L1) 4.331 (4.331)
2026-04-26 01:46:18,108 | Epoch: [27][ 10/254]	Time   0.26 (  1.30)	Data 0.0002 (1.0494)	Loss (L1) 4.239 (4.527)
2026-04-26 01:46:20,781 | Epoch: [27][ 20/254]	Time   0.26 (  0.81)	Data 0.0002 (0.5499)	Loss (L1) 4.548 (4.601)
2026-04-26 01:46:23,483 | Epoch: [27][ 30/254]	Time   0.26 (  0.64)	Data 0.0003 (0.3732)	Loss (L1) 5.103 (4.659)
2026-04-26 01:46:26,642 | Epoch: [27][ 40/254]	Time   0.26 (  0.56)	Data 0.0002 (0.3021)	Loss (L1) 4.088 (4.660)
2026-04-26 01:46:29,322 | Epoch: [27][ 50/254]	Time   0.27 (  0.50)	Data 0.0004 (0.2429)	Loss (L1) 4.646 (4.706)
2026-04-26 01:46:32,047 | Epoch: [27][ 60/254]	Time   0.30 (  0.46)	Data 0.0093 (0.2033)	Loss (L1) 5.523 (4.724)
2026-04-26 01:46:36,540 | Epoch: [27][ 70/254]	Time   0.26 (  0.46)	Data 0.0002 (0.2068)	Loss (L1) 4.622 (4.714)
2026-04-26 01:46:39,229 | Epoch: [27][ 80/254]	Time   0.27 (  0.44)	Data 0.0002 (0.1813)	Loss (L1) 4.267 (4.700)
2026-04-26 01:46:41,917 | Epoch: [27][ 90/254]	Time   0.27 (  0.42)	Data 0.0002 (0.1614)	Loss (L1) 4.355 (4.686)
2026-04-26 01:46:45,806 | Epoch: [27][100/254]	Time   0.28 (  0.42)	Data 0.0002 (0.1602)	Loss (L1) 4.735 (4.669)
2026-04-26 01:46:48,450 | Epoch: [27][110/254]	Time   0.26 (  0.40)	Data 0.0002 (0.1458)	Loss (L1) 4.147 (4.645)
2026-04-26 01:46:51,103 | Epoch: [27][120/254]	Time   0.26 (  0.39)	Data 0.0002 (0.1338)	Loss (L1) 4.047 (4.633)
2026-04-26 01:46:53,768 | Epoch: [27][130/254]	Time   0.27 (  0.38)	Data 0.0187 (0.1237)	Loss (L1) 4.271 (4.621)
2026-04-26 01:46:56,435 | Epoch: [27][140/254]	Time   0.25 (  0.37)	Data 0.0002 (0.1150)	Loss (L1) 4.198 (4.613)
2026-04-26 01:46:59,116 | Epoch: [27][150/254]	Time   0.29 (  0.37)	Data 0.0002 (0.1074)	Loss (L1) 4.121 (4.610)
2026-04-26 01:47:01,876 | Epoch: [27][160/254]	Time   0.27 (  0.36)	Data 0.0004 (0.1007)	Loss (L1) 4.281 (4.611)
2026-04-26 01:47:04,582 | Epoch: [27][170/254]	Time   0.28 (  0.36)	Data 0.0002 (0.0955)	Loss (L1) 4.284 (4.604)
2026-04-26 01:47:07,259 | Epoch: [27][180/254]	Time   0.28 (  0.35)	Data 0.0001 (0.0902)	Loss (L1) 4.347 (4.607)
2026-04-26 01:47:09,924 | Epoch: [27][190/254]	Time   0.27 (  0.35)	Data 0.0001 (0.0855)	Loss (L1) 4.687 (4.604)
2026-04-26 01:47:13,006 | Epoch: [27][200/254]	Time   0.27 (  0.34)	Data 0.0001 (0.0840)	Loss (L1) 4.328 (4.592)
2026-04-26 01:47:15,689 | Epoch: [27][210/254]	Time   0.26 (  0.34)	Data 0.0002 (0.0800)	Loss (L1) 4.800 (4.592)
2026-04-26 01:47:18,352 | Epoch: [27][220/254]	Time   0.26 (  0.34)	Data 0.0001 (0.0764)	Loss (L1) 4.833 (4.587)
2026-04-26 01:47:21,000 | Epoch: [27][230/254]	Time   0.26 (  0.33)	Data 0.0001 (0.0731)	Loss (L1) 3.934 (4.595)
2026-04-26 01:47:23,653 | Epoch: [27][240/254]	Time   0.26 (  0.33)	Data 0.0001 (0.0701)	Loss (L1) 4.387 (4.592)
2026-04-26 01:47:26,305 | Epoch: [27][250/254]	Time   0.26 (  0.33)	Data 0.0001 (0.0673)	Loss (L1) 4.547 (4.599)
2026-04-26 01:47:34,142 | Val: [ 0/25]	Time  6.867 ( 6.867)	Loss (MSE) 199.205 (199.205)	Loss (L1) 12.562 (12.562)
2026-04-26 01:47:39,113 | Val: [10/25]	Time  0.084 ( 1.076)	Loss (MSE) 87.671 (106.852)	Loss (L1) 7.523 (8.434)
2026-04-26 01:47:39,949 | Val: [20/25]	Time  0.084 ( 0.604)	Loss (MSE) 278.982 (124.024)	Loss (L1) 14.938 (9.073)
2026-04-26 01:47:40,454 |  * Overall: MSE 167.180	L1 10.560	G-Mean 7.246
2026-04-26 01:47:40,454 |  * Many: MSE 116.807	L1 8.663	G-Mean 5.783
2026-04-26 01:47:40,454 |  * Median: MSE 225.391	L1 13.079	G-Mean 10.414
2026-04-26 01:47:40,454 |  * Low: MSE 482.158	L1 21.242	G-Mean 20.483
2026-04-26 01:47:40,455 | Best L1 Loss: 10.558
2026-04-26 01:47:40,675 | Epoch #27: Train loss [4.6024]; Val loss: MSE [167.1803], L1 [10.5604], G-Mean [7.2459]
2026-04-26 01:47:47,077 | Epoch: [28][  0/254]	Time   6.39 (  6.39)	Data 6.2010 (6.2010)	Loss (L1) 5.060 (5.060)
2026-04-26 01:47:55,809 | Epoch: [28][ 10/254]	Time   0.27 (  1.38)	Data 0.0003 (1.1383)	Loss (L1) 4.316 (4.412)
2026-04-26 01:47:58,459 | Epoch: [28][ 20/254]	Time   0.26 (  0.85)	Data 0.0004 (0.5964)	Loss (L1) 4.789 (4.595)
2026-04-26 01:48:01,157 | Epoch: [28][ 30/254]	Time   0.31 (  0.66)	Data 0.0002 (0.4041)	Loss (L1) 4.456 (4.611)
2026-04-26 01:48:05,199 | Epoch: [28][ 40/254]	Time   0.27 (  0.60)	Data 0.0003 (0.3427)	Loss (L1) 4.798 (4.572)
2026-04-26 01:48:07,847 | Epoch: [28][ 50/254]	Time   0.26 (  0.53)	Data 0.0002 (0.2755)	Loss (L1) 4.635 (4.580)
2026-04-26 01:48:10,537 | Epoch: [28][ 60/254]	Time   0.26 (  0.49)	Data 0.0003 (0.2304)	Loss (L1) 4.347 (4.534)
2026-04-26 01:48:13,805 | Epoch: [28][ 70/254]	Time   0.26 (  0.47)	Data 0.0002 (0.2079)	Loss (L1) 3.823 (4.522)
2026-04-26 01:48:16,507 | Epoch: [28][ 80/254]	Time   0.27 (  0.44)	Data 0.0005 (0.1823)	Loss (L1) 4.280 (4.504)
2026-04-26 01:48:19,213 | Epoch: [28][ 90/254]	Time   0.26 (  0.42)	Data 0.0003 (0.1623)	Loss (L1) 3.855 (4.498)
2026-04-26 01:48:22,423 | Epoch: [28][100/254]	Time   0.29 (  0.41)	Data 0.0002 (0.1525)	Loss (L1) 4.500 (4.511)
2026-04-26 01:48:25,170 | Epoch: [28][110/254]	Time   0.27 (  0.40)	Data 0.0003 (0.1389)	Loss (L1) 4.363 (4.521)
2026-04-26 01:48:27,899 | Epoch: [28][120/254]	Time   0.26 (  0.39)	Data 0.0002 (0.1276)	Loss (L1) 5.776 (4.533)
2026-04-26 01:48:30,660 | Epoch: [28][130/254]	Time   0.27 (  0.38)	Data 0.0004 (0.1180)	Loss (L1) 3.866 (4.529)
2026-04-26 01:48:33,632 | Epoch: [28][140/254]	Time   0.25 (  0.38)	Data 0.0002 (0.1128)	Loss (L1) 4.665 (4.535)
2026-04-26 01:48:36,360 | Epoch: [28][150/254]	Time   0.25 (  0.37)	Data 0.0004 (0.1054)	Loss (L1) 5.102 (4.551)
2026-04-26 01:48:39,121 | Epoch: [28][160/254]	Time   0.27 (  0.36)	Data 0.0002 (0.0989)	Loss (L1) 4.880 (4.545)
2026-04-26 01:48:41,832 | Epoch: [28][170/254]	Time   0.27 (  0.36)	Data 0.0002 (0.0933)	Loss (L1) 5.212 (4.552)
2026-04-26 01:48:44,522 | Epoch: [28][180/254]	Time   0.27 (  0.35)	Data 0.0098 (0.0882)	Loss (L1) 4.855 (4.564)
2026-04-26 01:48:47,227 | Epoch: [28][190/254]	Time   0.24 (  0.35)	Data 0.0001 (0.0836)	Loss (L1) 4.393 (4.563)
2026-04-26 01:48:49,906 | Epoch: [28][200/254]	Time   0.27 (  0.34)	Data 0.0001 (0.0795)	Loss (L1) 4.233 (4.556)
2026-04-26 01:48:52,573 | Epoch: [28][210/254]	Time   0.27 (  0.34)	Data 0.0001 (0.0757)	Loss (L1) 4.275 (4.559)
2026-04-26 01:48:55,230 | Epoch: [28][220/254]	Time   0.27 (  0.34)	Data 0.0001 (0.0723)	Loss (L1) 4.587 (4.554)
2026-04-26 01:48:57,884 | Epoch: [28][230/254]	Time   0.27 (  0.33)	Data 0.0001 (0.0692)	Loss (L1) 4.380 (4.558)
2026-04-26 01:49:00,541 | Epoch: [28][240/254]	Time   0.27 (  0.33)	Data 0.0001 (0.0663)	Loss (L1) 3.731 (4.556)
2026-04-26 01:49:03,199 | Epoch: [28][250/254]	Time   0.27 (  0.33)	Data 0.0001 (0.0637)	Loss (L1) 4.652 (4.558)
2026-04-26 01:49:09,199 | Val: [ 0/25]	Time  5.036 ( 5.036)	Loss (MSE) 244.075 (244.075)	Loss (L1) 14.121 (14.121)
2026-04-26 01:49:14,871 | Val: [10/25]	Time  0.084 ( 0.974)	Loss (MSE) 59.135 (105.624)	Loss (L1) 6.155 (8.407)
2026-04-26 01:49:15,710 | Val: [20/25]	Time  0.084 ( 0.550)	Loss (MSE) 271.804 (117.464)	Loss (L1) 14.861 (8.754)
2026-04-26 01:49:16,200 |  * Overall: MSE 160.611	L1 10.263	G-Mean 6.945
2026-04-26 01:49:16,201 |  * Many: MSE 104.338	L1 8.124	G-Mean 5.402
2026-04-26 01:49:16,201 |  * Median: MSE 234.183	L1 13.413	G-Mean 10.645
2026-04-26 01:49:16,201 |  * Low: MSE 481.498	L1 21.174	G-Mean 20.361
2026-04-26 01:49:16,202 | Best L1 Loss: 10.263
2026-04-26 01:49:16,423 | ===> Saving current best checkpoint...
2026-04-26 01:49:16,928 | Epoch #28: Train loss [4.5594]; Val loss: MSE [160.6114], L1 [10.2628], G-Mean [6.9454]
2026-04-26 01:49:28,972 | Epoch: [29][  0/254]	Time  12.04 ( 12.04)	Data 11.9136 (11.9136)	Loss (L1) 4.529 (4.529)
2026-04-26 01:49:31,623 | Epoch: [29][ 10/254]	Time   0.26 (  1.34)	Data 0.0005 (1.0833)	Loss (L1) 4.852 (4.619)
2026-04-26 01:49:34,287 | Epoch: [29][ 20/254]	Time   0.26 (  0.83)	Data 0.0003 (0.5676)	Loss (L1) 4.513 (4.629)
2026-04-26 01:49:36,960 | Epoch: [29][ 30/254]	Time   0.24 (  0.65)	Data 0.0003 (0.3855)	Loss (L1) 4.333 (4.627)
2026-04-26 01:49:39,748 | Epoch: [29][ 40/254]	Time   0.29 (  0.56)	Data 0.0317 (0.2923)	Loss (L1) 4.481 (4.564)
2026-04-26 01:49:42,507 | Epoch: [29][ 50/254]	Time   0.29 (  0.50)	Data 0.0003 (0.2351)	Loss (L1) 4.517 (4.582)
2026-04-26 01:49:45,236 | Epoch: [29][ 60/254]	Time   0.28 (  0.46)	Data 0.0002 (0.1966)	Loss (L1) 4.545 (4.599)
2026-04-26 01:49:48,059 | Epoch: [29][ 70/254]	Time   0.25 (  0.44)	Data 0.0042 (0.1692)	Loss (L1) 3.707 (4.562)
2026-04-26 01:49:50,766 | Epoch: [29][ 80/254]	Time   0.29 (  0.42)	Data 0.0003 (0.1487)	Loss (L1) 4.928 (4.535)
2026-04-26 01:49:53,423 | Epoch: [29][ 90/254]	Time   0.26 (  0.40)	Data 0.0002 (0.1324)	Loss (L1) 4.563 (4.526)
2026-04-26 01:49:56,592 | Epoch: [29][100/254]	Time   0.28 (  0.39)	Data 0.0002 (0.1256)	Loss (L1) 3.905 (4.539)
2026-04-26 01:49:59,275 | Epoch: [29][110/254]	Time   0.26 (  0.38)	Data 0.0002 (0.1143)	Loss (L1) 5.240 (4.523)
2026-04-26 01:50:01,957 | Epoch: [29][120/254]	Time   0.27 (  0.37)	Data 0.0002 (0.1049)	Loss (L1) 4.546 (4.531)
2026-04-26 01:50:04,981 | Epoch: [29][130/254]	Time   0.26 (  0.37)	Data 0.0003 (0.1001)	Loss (L1) 4.358 (4.523)
2026-04-26 01:50:07,718 | Epoch: [29][140/254]	Time   0.25 (  0.36)	Data 0.0131 (0.0933)	Loss (L1) 4.496 (4.513)
2026-04-26 01:50:10,403 | Epoch: [29][150/254]	Time   0.27 (  0.35)	Data 0.0004 (0.0871)	Loss (L1) 4.575 (4.501)
2026-04-26 01:50:13,070 | Epoch: [29][160/254]	Time   0.26 (  0.35)	Data 0.0002 (0.0818)	Loss (L1) 4.629 (4.489)
2026-04-26 01:50:16,510 | Epoch: [29][170/254]	Time   0.26 (  0.35)	Data 0.0002 (0.0816)	Loss (L1) 4.335 (4.498)
2026-04-26 01:50:19,201 | Epoch: [29][180/254]	Time   0.26 (  0.34)	Data 0.0001 (0.0771)	Loss (L1) 4.765 (4.519)
2026-04-26 01:50:21,930 | Epoch: [29][190/254]	Time   0.28 (  0.34)	Data 0.0001 (0.0731)	Loss (L1) 4.212 (4.522)
2026-04-26 01:50:24,807 | Epoch: [29][200/254]	Time   0.27 (  0.34)	Data 0.0001 (0.0712)	Loss (L1) 3.815 (4.513)
2026-04-26 01:50:27,478 | Epoch: [29][210/254]	Time   0.27 (  0.33)	Data 0.0001 (0.0679)	Loss (L1) 3.839 (4.507)
2026-04-26 01:50:30,150 | Epoch: [29][220/254]	Time   0.27 (  0.33)	Data 0.0001 (0.0648)	Loss (L1) 4.747 (4.500)
2026-04-26 01:50:32,815 | Epoch: [29][230/254]	Time   0.27 (  0.33)	Data 0.0002 (0.0620)	Loss (L1) 4.293 (4.503)
2026-04-26 01:50:35,470 | Epoch: [29][240/254]	Time   0.26 (  0.33)	Data 0.0002 (0.0594)	Loss (L1) 4.240 (4.496)
2026-04-26 01:50:38,126 | Epoch: [29][250/254]	Time   0.26 (  0.32)	Data 0.0001 (0.0571)	Loss (L1) 4.522 (4.488)
2026-04-26 01:50:48,732 | Val: [ 0/25]	Time  9.657 ( 9.657)	Loss (MSE) 228.300 (228.300)	Loss (L1) 13.411 (13.411)
2026-04-26 01:50:49,685 | Val: [10/25]	Time  0.084 ( 0.965)	Loss (MSE) 66.393 (101.660)	Loss (L1) 6.736 (8.288)
2026-04-26 01:50:50,521 | Val: [20/25]	Time  0.083 ( 0.545)	Loss (MSE) 260.984 (115.502)	Loss (L1) 13.999 (8.641)
2026-04-26 01:50:51,033 |  * Overall: MSE 152.438	L1 9.959	G-Mean 6.746
2026-04-26 01:50:51,033 |  * Many: MSE 104.847	L1 8.122	G-Mean 5.376
2026-04-26 01:50:51,033 |  * Median: MSE 215.081	L1 12.595	G-Mean 9.803
2026-04-26 01:50:51,033 |  * Low: MSE 422.278	L1 19.589	G-Mean 18.627
2026-04-26 01:50:51,034 | Best L1 Loss: 9.959
2026-04-26 01:50:51,256 | ===> Saving current best checkpoint...
2026-04-26 01:50:51,748 | Epoch #29: Train loss [4.4890]; Val loss: MSE [152.4380], L1 [9.9594], G-Mean [6.7459]
2026-04-26 01:51:00,836 | Epoch: [30][  0/254]	Time   9.09 (  9.09)	Data 8.9214 (8.9214)	Loss (L1) 4.627 (4.627)
2026-04-26 01:51:05,181 | Epoch: [30][ 10/254]	Time   0.26 (  1.22)	Data 0.0002 (0.9862)	Loss (L1) 4.929 (4.791)
2026-04-26 01:51:07,914 | Epoch: [30][ 20/254]	Time   0.28 (  0.77)	Data 0.0002 (0.5182)	Loss (L1) 4.539 (4.630)
2026-04-26 01:51:10,607 | Epoch: [30][ 30/254]	Time   0.26 (  0.61)	Data 0.0002 (0.3511)	Loss (L1) 4.551 (4.686)
2026-04-26 01:51:14,400 | Epoch: [30][ 40/254]	Time   0.33 (  0.55)	Data 0.0002 (0.2943)	Loss (L1) 3.771 (4.660)
2026-04-26 01:51:17,125 | Epoch: [30][ 50/254]	Time   0.26 (  0.50)	Data 0.0003 (0.2366)	Loss (L1) 4.576 (4.634)
2026-04-26 01:51:19,876 | Epoch: [30][ 60/254]	Time   0.29 (  0.46)	Data 0.0002 (0.1979)	Loss (L1) 4.557 (4.625)
2026-04-26 01:51:22,639 | Epoch: [30][ 70/254]	Time   0.27 (  0.44)	Data 0.0003 (0.1701)	Loss (L1) 3.946 (4.584)
2026-04-26 01:51:27,310 | Epoch: [30][ 80/254]	Time   0.27 (  0.44)	Data 0.0002 (0.1751)	Loss (L1) 4.711 (4.546)
2026-04-26 01:51:30,016 | Epoch: [30][ 90/254]	Time   0.29 (  0.42)	Data 0.0003 (0.1559)	Loss (L1) 3.749 (4.504)
2026-04-26 01:51:32,671 | Epoch: [30][100/254]	Time   0.27 (  0.41)	Data 0.0003 (0.1405)	Loss (L1) 4.361 (4.485)
2026-04-26 01:51:36,603 | Epoch: [30][110/254]	Time   0.27 (  0.40)	Data 0.0002 (0.1403)	Loss (L1) 3.852 (4.468)
2026-04-26 01:51:39,273 | Epoch: [30][120/254]	Time   0.27 (  0.39)	Data 0.0003 (0.1288)	Loss (L1) 4.717 (4.450)
2026-04-26 01:51:41,985 | Epoch: [30][130/254]	Time   0.28 (  0.38)	Data 0.0002 (0.1189)	Loss (L1) 4.144 (4.428)
2026-04-26 01:51:44,851 | Epoch: [30][140/254]	Time   0.30 (  0.38)	Data 0.0002 (0.1129)	Loss (L1) 4.061 (4.410)
2026-04-26 01:51:47,572 | Epoch: [30][150/254]	Time   0.26 (  0.37)	Data 0.0001 (0.1055)	Loss (L1) 4.986 (4.416)
2026-04-26 01:51:50,281 | Epoch: [30][160/254]	Time   0.27 (  0.36)	Data 0.0002 (0.0990)	Loss (L1) 4.564 (4.412)
2026-04-26 01:51:53,106 | Epoch: [30][170/254]	Time   0.27 (  0.36)	Data 0.0001 (0.0949)	Loss (L1) 4.019 (4.416)
2026-04-26 01:51:55,783 | Epoch: [30][180/254]	Time   0.27 (  0.35)	Data 0.0001 (0.0896)	Loss (L1) 4.072 (4.411)
2026-04-26 01:51:58,454 | Epoch: [30][190/254]	Time   0.27 (  0.35)	Data 0.0001 (0.0850)	Loss (L1) 4.005 (4.425)
2026-04-26 01:52:01,837 | Epoch: [30][200/254]	Time   0.27 (  0.35)	Data 0.0001 (0.0851)	Loss (L1) 3.998 (4.436)
2026-04-26 01:52:04,502 | Epoch: [30][210/254]	Time   0.27 (  0.34)	Data 0.0002 (0.0810)	Loss (L1) 4.520 (4.435)
2026-04-26 01:52:07,161 | Epoch: [30][220/254]	Time   0.27 (  0.34)	Data 0.0001 (0.0774)	Loss (L1) 5.417 (4.430)
2026-04-26 01:52:09,818 | Epoch: [30][230/254]	Time   0.27 (  0.34)	Data 0.0002 (0.0740)	Loss (L1) 4.192 (4.427)
2026-04-26 01:52:12,476 | Epoch: [30][240/254]	Time   0.27 (  0.33)	Data 0.0001 (0.0710)	Loss (L1) 3.799 (4.432)
2026-04-26 01:52:15,135 | Epoch: [30][250/254]	Time   0.27 (  0.33)	Data 0.0001 (0.0681)	Loss (L1) 5.794 (4.432)
2026-04-26 01:52:26,417 | Val: [ 0/25]	Time 10.306 (10.306)	Loss (MSE) 246.112 (246.112)	Loss (L1) 14.040 (14.040)
2026-04-26 01:52:27,768 | Val: [10/25]	Time  0.084 ( 1.060)	Loss (MSE) 92.450 (123.258)	Loss (L1) 7.550 (9.007)
2026-04-26 01:52:28,606 | Val: [20/25]	Time  0.083 ( 0.595)	Loss (MSE) 251.823 (128.037)	Loss (L1) 14.265 (9.265)
2026-04-26 01:52:29,101 |  * Overall: MSE 171.700	L1 10.758	G-Mean 7.414
2026-04-26 01:52:29,101 |  * Many: MSE 119.045	L1 8.842	G-Mean 6.005
2026-04-26 01:52:29,101 |  * Median: MSE 224.567	L1 13.101	G-Mean 10.146
2026-04-26 01:52:29,101 |  * Low: MSE 529.899	L1 22.273	G-Mean 21.457
2026-04-26 01:52:29,102 | Best L1 Loss: 9.959
2026-04-26 01:52:29,319 | Epoch #30: Train loss [4.4332]; Val loss: MSE [171.7001], L1 [10.7583], G-Mean [7.4137]
2026-04-26 01:52:36,501 | Epoch: [31][  0/254]	Time   7.18 (  7.18)	Data 7.0500 (7.0500)	Loss (L1) 4.221 (4.221)
2026-04-26 01:52:43,122 | Epoch: [31][ 10/254]	Time   0.25 (  1.25)	Data 0.0002 (1.0177)	Loss (L1) 3.854 (4.002)
2026-04-26 01:52:45,816 | Epoch: [31][ 20/254]	Time   0.26 (  0.79)	Data 0.0005 (0.5350)	Loss (L1) 4.204 (4.241)
2026-04-26 01:52:48,477 | Epoch: [31][ 30/254]	Time   0.27 (  0.62)	Data 0.0002 (0.3625)	Loss (L1) 5.038 (4.282)
2026-04-26 01:52:53,148 | Epoch: [31][ 40/254]	Time   0.28 (  0.58)	Data 0.0002 (0.3249)	Loss (L1) 4.692 (4.302)
2026-04-26 01:52:55,874 | Epoch: [31][ 50/254]	Time   0.26 (  0.52)	Data 0.0002 (0.2617)	Loss (L1) 4.275 (4.316)
2026-04-26 01:52:58,542 | Epoch: [31][ 60/254]	Time   0.26 (  0.48)	Data 0.0002 (0.2188)	Loss (L1) 4.484 (4.317)
2026-04-26 01:53:01,361 | Epoch: [31][ 70/254]	Time   0.26 (  0.45)	Data 0.0002 (0.1915)	Loss (L1) 4.236 (4.329)
2026-04-26 01:53:04,043 | Epoch: [31][ 80/254]	Time   0.27 (  0.43)	Data 0.0002 (0.1687)	Loss (L1) 4.066 (4.312)
2026-04-26 01:53:06,768 | Epoch: [31][ 90/254]	Time   0.27 (  0.41)	Data 0.0002 (0.1505)	Loss (L1) 5.386 (4.313)
2026-04-26 01:53:09,970 | Epoch: [31][100/254]	Time   0.26 (  0.40)	Data 0.0002 (0.1418)	Loss (L1) 4.160 (4.337)
2026-04-26 01:53:13,066 | Epoch: [31][110/254]	Time   0.27 (  0.39)	Data 0.0002 (0.1343)	Loss (L1) 5.022 (4.356)
2026-04-26 01:53:15,755 | Epoch: [31][120/254]	Time   0.26 (  0.38)	Data 0.0005 (0.1232)	Loss (L1) 4.512 (4.364)
2026-04-26 01:53:18,580 | Epoch: [31][130/254]	Time   0.25 (  0.38)	Data 0.0001 (0.1156)	Loss (L1) 4.733 (4.375)
2026-04-26 01:53:22,289 | Epoch: [31][140/254]	Time   0.27 (  0.38)	Data 0.0002 (0.1159)	Loss (L1) 4.221 (4.379)
2026-04-26 01:53:24,962 | Epoch: [31][150/254]	Time   0.27 (  0.37)	Data 0.0002 (0.1083)	Loss (L1) 6.589 (4.400)
2026-04-26 01:53:27,619 | Epoch: [31][160/254]	Time   0.23 (  0.36)	Data 0.0003 (0.1016)	Loss (L1) 5.043 (4.422)
2026-04-26 01:53:30,298 | Epoch: [31][170/254]	Time   0.27 (  0.36)	Data 0.0002 (0.0957)	Loss (L1) 4.191 (4.402)
2026-04-26 01:53:32,952 | Epoch: [31][180/254]	Time   0.27 (  0.35)	Data 0.0001 (0.0904)	Loss (L1) 4.679 (4.407)
2026-04-26 01:53:35,712 | Epoch: [31][190/254]	Time   0.32 (  0.35)	Data 0.0001 (0.0857)	Loss (L1) 3.837 (4.412)
2026-04-26 01:53:38,414 | Epoch: [31][200/254]	Time   0.28 (  0.34)	Data 0.0001 (0.0814)	Loss (L1) 5.098 (4.440)
2026-04-26 01:53:41,067 | Epoch: [31][210/254]	Time   0.26 (  0.34)	Data 0.0001 (0.0776)	Loss (L1) 5.077 (4.443)
2026-04-26 01:53:43,734 | Epoch: [31][220/254]	Time   0.27 (  0.34)	Data 0.0001 (0.0741)	Loss (L1) 4.432 (4.446)
2026-04-26 01:53:46,387 | Epoch: [31][230/254]	Time   0.27 (  0.33)	Data 0.0001 (0.0709)	Loss (L1) 3.756 (4.438)
2026-04-26 01:53:49,042 | Epoch: [31][240/254]	Time   0.27 (  0.33)	Data 0.0001 (0.0680)	Loss (L1) 3.944 (4.440)
2026-04-26 01:53:51,698 | Epoch: [31][250/254]	Time   0.27 (  0.33)	Data 0.0001 (0.0652)	Loss (L1) 4.281 (4.453)
2026-04-26 01:54:02,251 | Val: [ 0/25]	Time  9.580 ( 9.580)	Loss (MSE) 198.185 (198.185)	Loss (L1) 12.268 (12.268)
2026-04-26 01:54:03,206 | Val: [10/25]	Time  0.084 ( 0.958)	Loss (MSE) 83.294 (101.725)	Loss (L1) 7.230 (8.032)
2026-04-26 01:54:04,044 | Val: [20/25]	Time  0.084 ( 0.542)	Loss (MSE) 379.702 (143.789)	Loss (L1) 18.180 (9.724)
2026-04-26 01:54:04,530 |  * Overall: MSE 211.909	L1 11.760	G-Mean 7.922
2026-04-26 01:54:04,531 |  * Many: MSE 140.225	L1 9.532	G-Mean 6.410
2026-04-26 01:54:04,531 |  * Median: MSE 277.895	L1 14.224	G-Mean 10.601
2026-04-26 01:54:04,531 |  * Low: MSE 721.273	L1 26.093	G-Mean 25.169
2026-04-26 01:54:04,532 | Best L1 Loss: 9.959
2026-04-26 01:54:04,754 | Epoch #31: Train loss [4.4588]; Val loss: MSE [211.9091], L1 [11.7601], G-Mean [7.9222]
2026-04-26 01:54:15,526 | Epoch: [32][  0/254]	Time  10.77 ( 10.77)	Data 10.6501 (10.6501)	Loss (L1) 4.588 (4.588)
2026-04-26 01:54:18,208 | Epoch: [32][ 10/254]	Time   0.25 (  1.22)	Data 0.0002 (1.0008)	Loss (L1) 4.185 (4.369)
2026-04-26 01:54:20,955 | Epoch: [32][ 20/254]	Time   0.27 (  0.77)	Data 0.0002 (0.5243)	Loss (L1) 4.264 (4.369)
2026-04-26 01:54:23,669 | Epoch: [32][ 30/254]	Time   0.26 (  0.61)	Data 0.0004 (0.3563)	Loss (L1) 3.764 (4.344)
2026-04-26 01:54:27,250 | Epoch: [32][ 40/254]	Time   0.27 (  0.55)	Data 0.0002 (0.2946)	Loss (L1) 4.547 (4.380)
2026-04-26 01:54:29,913 | Epoch: [32][ 50/254]	Time   0.26 (  0.49)	Data 0.0002 (0.2370)	Loss (L1) 5.981 (4.410)
2026-04-26 01:54:32,630 | Epoch: [32][ 60/254]	Time   0.28 (  0.46)	Data 0.0002 (0.1982)	Loss (L1) 4.295 (4.381)
2026-04-26 01:54:35,483 | Epoch: [32][ 70/254]	Time   0.22 (  0.43)	Data 0.0002 (0.1739)	Loss (L1) 4.780 (4.405)
2026-04-26 01:54:38,170 | Epoch: [32][ 80/254]	Time   0.27 (  0.41)	Data 0.0002 (0.1525)	Loss (L1) 5.070 (4.412)
2026-04-26 01:54:40,889 | Epoch: [32][ 90/254]	Time   0.27 (  0.40)	Data 0.0002 (0.1357)	Loss (L1) 3.884 (4.406)
2026-04-26 01:54:43,622 | Epoch: [32][100/254]	Time   0.26 (  0.38)	Data 0.0003 (0.1223)	Loss (L1) 4.572 (4.393)
2026-04-26 01:54:46,294 | Epoch: [32][110/254]	Time   0.27 (  0.37)	Data 0.0002 (0.1113)	Loss (L1) 4.089 (4.387)
2026-04-26 01:54:48,977 | Epoch: [32][120/254]	Time   0.27 (  0.37)	Data 0.0002 (0.1021)	Loss (L1) 4.354 (4.381)
2026-04-26 01:54:53,087 | Epoch: [32][130/254]	Time   0.26 (  0.37)	Data 0.0002 (0.1064)	Loss (L1) 4.818 (4.379)
2026-04-26 01:54:55,770 | Epoch: [32][140/254]	Time   0.27 (  0.36)	Data 0.0002 (0.0989)	Loss (L1) 4.018 (4.377)
2026-04-26 01:54:58,448 | Epoch: [32][150/254]	Time   0.27 (  0.36)	Data 0.0002 (0.0923)	Loss (L1) 4.734 (4.383)
2026-04-26 01:55:01,126 | Epoch: [32][160/254]	Time   0.28 (  0.35)	Data 0.0002 (0.0866)	Loss (L1) 4.245 (4.384)
2026-04-26 01:55:05,155 | Epoch: [32][170/254]	Time   0.26 (  0.35)	Data 0.0001 (0.0903)	Loss (L1) 4.261 (4.383)
2026-04-26 01:55:07,912 | Epoch: [32][180/254]	Time   0.27 (  0.35)	Data 0.0001 (0.0853)	Loss (L1) 4.500 (4.379)
2026-04-26 01:55:10,593 | Epoch: [32][190/254]	Time   0.28 (  0.34)	Data 0.0001 (0.0809)	Loss (L1) 4.961 (4.380)
2026-04-26 01:55:13,450 | Epoch: [32][200/254]	Time   0.27 (  0.34)	Data 0.0001 (0.0786)	Loss (L1) 4.677 (4.386)
2026-04-26 01:55:16,117 | Epoch: [32][210/254]	Time   0.27 (  0.34)	Data 0.0001 (0.0749)	Loss (L1) 4.380 (4.391)
2026-04-26 01:55:18,802 | Epoch: [32][220/254]	Time   0.27 (  0.34)	Data 0.0001 (0.0715)	Loss (L1) 3.914 (4.378)
2026-04-26 01:55:21,457 | Epoch: [32][230/254]	Time   0.26 (  0.33)	Data 0.0001 (0.0684)	Loss (L1) 4.404 (4.389)
2026-04-26 01:55:24,113 | Epoch: [32][240/254]	Time   0.27 (  0.33)	Data 0.0001 (0.0656)	Loss (L1) 3.978 (4.389)
2026-04-26 01:55:26,773 | Epoch: [32][250/254]	Time   0.27 (  0.33)	Data 0.0001 (0.0630)	Loss (L1) 4.898 (4.394)
2026-04-26 01:55:37,716 | Val: [ 0/25]	Time  9.974 ( 9.974)	Loss (MSE) 205.425 (205.425)	Loss (L1) 12.469 (12.469)
2026-04-26 01:55:39,105 | Val: [10/25]	Time  0.137 ( 1.033)	Loss (MSE) 50.627 (79.536)	Loss (L1) 5.683 (7.179)
2026-04-26 01:55:39,943 | Val: [20/25]	Time  0.084 ( 0.581)	Loss (MSE) 297.386 (110.238)	Loss (L1) 15.905 (8.471)
2026-04-26 01:55:40,459 |  * Overall: MSE 167.436	L1 10.351	G-Mean 6.880
2026-04-26 01:55:40,459 |  * Many: MSE 101.089	L1 8.014	G-Mean 5.338
2026-04-26 01:55:40,460 |  * Median: MSE 235.172	L1 13.325	G-Mean 10.239
2026-04-26 01:55:40,460 |  * Low: MSE 614.710	L1 23.976	G-Mean 22.999
2026-04-26 01:55:40,461 | Best L1 Loss: 9.959
2026-04-26 01:55:40,680 | Epoch #32: Train loss [4.3991]; Val loss: MSE [167.4363], L1 [10.3514], G-Mean [6.8797]
2026-04-26 01:55:52,469 | Epoch: [33][  0/254]	Time  11.79 ( 11.79)	Data 11.6652 (11.6652)	Loss (L1) 3.821 (3.821)
2026-04-26 01:55:55,104 | Epoch: [33][ 10/254]	Time   0.26 (  1.31)	Data 0.0002 (1.0607)	Loss (L1) 4.555 (4.599)
2026-04-26 01:55:57,750 | Epoch: [33][ 20/254]	Time   0.27 (  0.81)	Data 0.0002 (0.5557)	Loss (L1) 4.102 (4.425)
2026-04-26 01:56:00,407 | Epoch: [33][ 30/254]	Time   0.27 (  0.64)	Data 0.0002 (0.3765)	Loss (L1) 4.425 (4.423)
2026-04-26 01:56:03,646 | Epoch: [33][ 40/254]	Time   0.26 (  0.56)	Data 0.0003 (0.3012)	Loss (L1) 4.146 (4.398)
2026-04-26 01:56:06,357 | Epoch: [33][ 50/254]	Time   0.26 (  0.50)	Data 0.0006 (0.2427)	Loss (L1) 4.402 (4.434)
2026-04-26 01:56:09,021 | Epoch: [33][ 60/254]	Time   0.27 (  0.46)	Data 0.0002 (0.2037)	Loss (L1) 3.838 (4.432)
2026-04-26 01:56:11,960 | Epoch: [33][ 70/254]	Time   0.27 (  0.44)	Data 0.0003 (0.1806)	Loss (L1) 3.820 (4.410)
2026-04-26 01:56:14,704 | Epoch: [33][ 80/254]	Time   0.28 (  0.42)	Data 0.0003 (0.1586)	Loss (L1) 4.069 (4.375)
2026-04-26 01:56:17,474 | Epoch: [33][ 90/254]	Time   0.28 (  0.40)	Data 0.0003 (0.1412)	Loss (L1) 4.463 (4.349)
2026-04-26 01:56:20,937 | Epoch: [33][100/254]	Time   0.81 (  0.40)	Data 0.6948 (0.1378)	Loss (L1) 4.156 (4.343)
2026-04-26 01:56:23,663 | Epoch: [33][110/254]	Time   0.30 (  0.39)	Data 0.0002 (0.1255)	Loss (L1) 4.037 (4.334)
2026-04-26 01:56:26,425 | Epoch: [33][120/254]	Time   0.27 (  0.38)	Data 0.0006 (0.1153)	Loss (L1) 3.936 (4.335)
2026-04-26 01:56:29,266 | Epoch: [33][130/254]	Time   0.37 (  0.37)	Data 0.2259 (0.1082)	Loss (L1) 4.149 (4.331)
2026-04-26 01:56:32,123 | Epoch: [33][140/254]	Time   0.26 (  0.36)	Data 0.0002 (0.1031)	Loss (L1) 4.177 (4.320)
2026-04-26 01:56:34,870 | Epoch: [33][150/254]	Time   0.32 (  0.36)	Data 0.0002 (0.0963)	Loss (L1) 4.560 (4.351)
2026-04-26 01:56:37,540 | Epoch: [33][160/254]	Time   0.27 (  0.35)	Data 0.0007 (0.0904)	Loss (L1) 4.322 (4.347)
2026-04-26 01:56:40,763 | Epoch: [33][170/254]	Time   0.29 (  0.35)	Data 0.0003 (0.0887)	Loss (L1) 5.312 (4.348)
2026-04-26 01:56:43,447 | Epoch: [33][180/254]	Time   0.26 (  0.35)	Data 0.0002 (0.0838)	Loss (L1) 4.129 (4.349)
2026-04-26 01:56:46,139 | Epoch: [33][190/254]	Time   0.27 (  0.34)	Data 0.0001 (0.0795)	Loss (L1) 3.861 (4.344)
2026-04-26 01:56:48,863 | Epoch: [33][200/254]	Time   0.28 (  0.34)	Data 0.0003 (0.0755)	Loss (L1) 3.966 (4.348)
2026-04-26 01:56:51,573 | Epoch: [33][210/254]	Time   0.29 (  0.34)	Data 0.0002 (0.0720)	Loss (L1) 4.581 (4.353)
2026-04-26 01:56:54,236 | Epoch: [33][220/254]	Time   0.27 (  0.33)	Data 0.0001 (0.0687)	Loss (L1) 4.945 (4.360)
2026-04-26 01:56:56,895 | Epoch: [33][230/254]	Time   0.27 (  0.33)	Data 0.0001 (0.0657)	Loss (L1) 4.482 (4.366)
2026-04-26 01:56:59,553 | Epoch: [33][240/254]	Time   0.27 (  0.33)	Data 0.0001 (0.0630)	Loss (L1) 4.604 (4.371)
2026-04-26 01:57:02,213 | Epoch: [33][250/254]	Time   0.27 (  0.32)	Data 0.0001 (0.0605)	Loss (L1) 4.055 (4.377)
2026-04-26 01:57:13,744 | Val: [ 0/25]	Time 10.557 (10.557)	Loss (MSE) 231.109 (231.109)	Loss (L1) 13.284 (13.284)
2026-04-26 01:57:14,584 | Val: [10/25]	Time  0.084 ( 1.036)	Loss (MSE) 58.380 (97.394)	Loss (L1) 6.065 (8.043)
2026-04-26 01:57:15,424 | Val: [20/25]	Time  0.084 ( 0.583)	Loss (MSE) 307.614 (119.654)	Loss (L1) 16.385 (8.950)
2026-04-26 01:57:15,914 |  * Overall: MSE 178.708	L1 10.853	G-Mean 7.382
2026-04-26 01:57:15,914 |  * Many: MSE 108.804	L1 8.460	G-Mean 5.775
2026-04-26 01:57:15,914 |  * Median: MSE 250.069	L1 13.874	G-Mean 10.795
2026-04-26 01:57:15,914 |  * Low: MSE 649.980	L1 24.879	G-Mean 24.177
2026-04-26 01:57:15,915 | Best L1 Loss: 9.959
2026-04-26 01:57:16,140 | Epoch #33: Train loss [4.3857]; Val loss: MSE [178.7081], L1 [10.8525], G-Mean [7.3823]
2026-04-26 01:57:25,425 | Epoch: [34][  0/254]	Time   9.28 (  9.28)	Data 9.1770 (9.1770)	Loss (L1) 4.106 (4.106)
2026-04-26 01:57:30,133 | Epoch: [34][ 10/254]	Time   0.27 (  1.27)	Data 0.0003 (1.0470)	Loss (L1) 4.156 (4.256)
2026-04-26 01:57:32,853 | Epoch: [34][ 20/254]	Time   0.27 (  0.80)	Data 0.0002 (0.5494)	Loss (L1) 3.859 (4.180)
2026-04-26 01:57:35,497 | Epoch: [34][ 30/254]	Time   0.26 (  0.62)	Data 0.0002 (0.3724)	Loss (L1) 4.396 (4.171)
2026-04-26 01:57:39,370 | Epoch: [34][ 40/254]	Time   0.26 (  0.57)	Data 0.0002 (0.3177)	Loss (L1) 4.410 (4.264)
2026-04-26 01:57:42,030 | Epoch: [34][ 50/254]	Time   0.26 (  0.51)	Data 0.0002 (0.2555)	Loss (L1) 5.399 (4.288)
2026-04-26 01:57:44,738 | Epoch: [34][ 60/254]	Time   0.28 (  0.47)	Data 0.0002 (0.2136)	Loss (L1) 3.927 (4.297)
2026-04-26 01:57:49,649 | Epoch: [34][ 70/254]	Time   0.29 (  0.47)	Data 0.0002 (0.2159)	Loss (L1) 4.179 (4.368)
2026-04-26 01:57:52,335 | Epoch: [34][ 80/254]	Time   0.27 (  0.45)	Data 0.0003 (0.1892)	Loss (L1) 4.552 (4.358)
2026-04-26 01:57:55,026 | Epoch: [34][ 90/254]	Time   0.28 (  0.43)	Data 0.0002 (0.1685)	Loss (L1) 4.017 (4.339)
2026-04-26 01:57:57,797 | Epoch: [34][100/254]	Time   0.28 (  0.41)	Data 0.0003 (0.1525)	Loss (L1) 4.142 (4.343)
2026-04-26 01:58:00,539 | Epoch: [34][110/254]	Time   0.27 (  0.40)	Data 0.0002 (0.1390)	Loss (L1) 4.461 (4.347)
2026-04-26 01:58:03,226 | Epoch: [34][120/254]	Time   0.27 (  0.39)	Data 0.0002 (0.1275)	Loss (L1) 4.869 (4.345)
2026-04-26 01:58:06,120 | Epoch: [34][130/254]	Time   0.45 (  0.38)	Data 0.3366 (0.1204)	Loss (L1) 3.862 (4.349)
2026-04-26 01:58:08,866 | Epoch: [34][140/254]	Time   0.29 (  0.37)	Data 0.0002 (0.1119)	Loss (L1) 3.695 (4.339)
2026-04-26 01:58:11,536 | Epoch: [34][150/254]	Time   0.27 (  0.37)	Data 0.0002 (0.1045)	Loss (L1) 5.171 (4.347)
2026-04-26 01:58:14,260 | Epoch: [34][160/254]	Time   0.26 (  0.36)	Data 0.0002 (0.0981)	Loss (L1) 4.089 (4.352)
2026-04-26 01:58:16,967 | Epoch: [34][170/254]	Time   0.26 (  0.36)	Data 0.0002 (0.0935)	Loss (L1) 4.554 (4.337)
2026-04-26 01:58:19,630 | Epoch: [34][180/254]	Time   0.27 (  0.35)	Data 0.0002 (0.0883)	Loss (L1) 4.087 (4.334)
2026-04-26 01:58:22,307 | Epoch: [34][190/254]	Time   0.28 (  0.35)	Data 0.0002 (0.0837)	Loss (L1) 4.439 (4.338)
2026-04-26 01:58:25,811 | Epoch: [34][200/254]	Time   0.26 (  0.35)	Data 0.0001 (0.0842)	Loss (L1) 4.705 (4.339)
2026-04-26 01:58:28,479 | Epoch: [34][210/254]	Time   0.26 (  0.34)	Data 0.0002 (0.0803)	Loss (L1) 3.993 (4.340)
2026-04-26 01:58:31,137 | Epoch: [34][220/254]	Time   0.27 (  0.34)	Data 0.0001 (0.0766)	Loss (L1) 4.297 (4.328)
2026-04-26 01:58:33,784 | Epoch: [34][230/254]	Time   0.26 (  0.34)	Data 0.0001 (0.0733)	Loss (L1) 4.251 (4.321)
2026-04-26 01:58:36,431 | Epoch: [34][240/254]	Time   0.26 (  0.33)	Data 0.0001 (0.0703)	Loss (L1) 4.345 (4.323)
2026-04-26 01:58:39,075 | Epoch: [34][250/254]	Time   0.26 (  0.33)	Data 0.0001 (0.0675)	Loss (L1) 4.375 (4.324)
2026-04-26 01:58:50,260 | Val: [ 0/25]	Time 10.221 (10.221)	Loss (MSE) 274.939 (274.939)	Loss (L1) 14.633 (14.633)
2026-04-26 01:58:51,286 | Val: [10/25]	Time  0.083 ( 1.022)	Loss (MSE) 78.246 (125.711)	Loss (L1) 7.075 (9.276)
2026-04-26 01:58:52,119 | Val: [20/25]	Time  0.083 ( 0.575)	Loss (MSE) 275.845 (131.271)	Loss (L1) 15.098 (9.428)
2026-04-26 01:58:52,605 |  * Overall: MSE 178.072	L1 10.990	G-Mean 7.608
2026-04-26 01:58:52,606 |  * Many: MSE 117.984	L1 8.840	G-Mean 6.005
2026-04-26 01:58:52,606 |  * Median: MSE 247.474	L1 13.916	G-Mean 11.221
2026-04-26 01:58:52,606 |  * Low: MSE 553.921	L1 22.826	G-Mean 22.034
2026-04-26 01:58:52,607 | Best L1 Loss: 9.959
2026-04-26 01:58:52,838 | Epoch #34: Train loss [4.3238]; Val loss: MSE [178.0715], L1 [10.9897], G-Mean [7.6084]
2026-04-26 01:59:05,296 | Epoch: [35][  0/254]	Time  12.46 ( 12.46)	Data 12.3246 (12.3246)	Loss (L1) 4.262 (4.262)
2026-04-26 01:59:07,920 | Epoch: [35][ 10/254]	Time   0.26 (  1.37)	Data 0.0002 (1.1207)	Loss (L1) 4.850 (4.342)
2026-04-26 01:59:10,553 | Epoch: [35][ 20/254]	Time   0.27 (  0.84)	Data 0.0002 (0.5871)	Loss (L1) 4.655 (4.339)
2026-04-26 01:59:13,255 | Epoch: [35][ 30/254]	Time   0.29 (  0.66)	Data 0.0002 (0.3978)	Loss (L1) 3.652 (4.244)
2026-04-26 01:59:16,663 | Epoch: [35][ 40/254]	Time   0.26 (  0.58)	Data 0.0003 (0.3228)	Loss (L1) 5.384 (4.290)
2026-04-26 01:59:19,376 | Epoch: [35][ 50/254]	Time   0.28 (  0.52)	Data 0.0002 (0.2596)	Loss (L1) 4.526 (4.256)
2026-04-26 01:59:22,046 | Epoch: [35][ 60/254]	Time   0.26 (  0.48)	Data 0.0002 (0.2171)	Loss (L1) 4.727 (4.282)
2026-04-26 01:59:25,113 | Epoch: [35][ 70/254]	Time   0.27 (  0.45)	Data 0.0003 (0.1935)	Loss (L1) 4.550 (4.303)
2026-04-26 01:59:27,817 | Epoch: [35][ 80/254]	Time   0.26 (  0.43)	Data 0.0002 (0.1696)	Loss (L1) 4.026 (4.285)
2026-04-26 01:59:30,580 | Epoch: [35][ 90/254]	Time   0.31 (  0.41)	Data 0.0002 (0.1510)	Loss (L1) 4.212 (4.270)
2026-04-26 01:59:34,212 | Epoch: [35][100/254]	Time   0.26 (  0.41)	Data 0.0003 (0.1462)	Loss (L1) 6.074 (4.287)
2026-04-26 01:59:36,850 | Epoch: [35][110/254]	Time   0.26 (  0.40)	Data 0.0002 (0.1331)	Loss (L1) 4.255 (4.268)
2026-04-26 01:59:39,539 | Epoch: [35][120/254]	Time   0.26 (  0.39)	Data 0.0002 (0.1222)	Loss (L1) 4.429 (4.242)
2026-04-26 01:59:42,824 | Epoch: [35][130/254]	Time   0.27 (  0.38)	Data 0.0002 (0.1188)	Loss (L1) 4.201 (4.222)
2026-04-26 01:59:45,498 | Epoch: [35][140/254]	Time   0.28 (  0.37)	Data 0.0002 (0.1104)	Loss (L1) 4.705 (4.234)
2026-04-26 01:59:48,145 | Epoch: [35][150/254]	Time   0.25 (  0.37)	Data 0.0002 (0.1031)	Loss (L1) 4.001 (4.241)
2026-04-26 01:59:51,281 | Epoch: [35][160/254]	Time   0.72 (  0.36)	Data 0.5801 (0.1003)	Loss (L1) 3.886 (4.249)
2026-04-26 01:59:53,921 | Epoch: [35][170/254]	Time   0.27 (  0.36)	Data 0.0001 (0.0944)	Loss (L1) 3.911 (4.254)
2026-04-26 01:59:56,629 | Epoch: [35][180/254]	Time   0.28 (  0.35)	Data 0.0002 (0.0893)	Loss (L1) 4.907 (4.250)
2026-04-26 01:59:59,356 | Epoch: [35][190/254]	Time   0.30 (  0.35)	Data 0.0001 (0.0847)	Loss (L1) 4.438 (4.246)
2026-04-26 02:00:02,023 | Epoch: [35][200/254]	Time   0.26 (  0.34)	Data 0.0001 (0.0804)	Loss (L1) 4.314 (4.253)
2026-04-26 02:00:04,700 | Epoch: [35][210/254]	Time   0.25 (  0.34)	Data 0.0001 (0.0766)	Loss (L1) 5.010 (4.253)
2026-04-26 02:00:07,369 | Epoch: [35][220/254]	Time   0.26 (  0.34)	Data 0.0001 (0.0732)	Loss (L1) 4.318 (4.252)
2026-04-26 02:00:10,017 | Epoch: [35][230/254]	Time   0.26 (  0.33)	Data 0.0001 (0.0700)	Loss (L1) 4.244 (4.256)
2026-04-26 02:00:12,665 | Epoch: [35][240/254]	Time   0.26 (  0.33)	Data 0.0001 (0.0671)	Loss (L1) 4.616 (4.258)
2026-04-26 02:00:15,314 | Epoch: [35][250/254]	Time   0.26 (  0.33)	Data 0.0001 (0.0645)	Loss (L1) 4.175 (4.258)
2026-04-26 02:00:22,455 | Val: [ 0/25]	Time  6.169 ( 6.169)	Loss (MSE) 307.164 (307.164)	Loss (L1) 15.583 (15.583)
2026-04-26 02:00:26,464 | Val: [10/25]	Time  0.083 ( 0.925)	Loss (MSE) 79.592 (137.615)	Loss (L1) 7.064 (9.641)
2026-04-26 02:00:27,301 | Val: [20/25]	Time  0.083 ( 0.525)	Loss (MSE) 229.526 (125.777)	Loss (L1) 14.245 (9.255)
2026-04-26 02:00:27,786 |  * Overall: MSE 174.150	L1 10.896	G-Mean 7.588
2026-04-26 02:00:27,787 |  * Many: MSE 109.015	L1 8.543	G-Mean 5.903
2026-04-26 02:00:27,787 |  * Median: MSE 242.575	L1 14.041	G-Mean 11.462
2026-04-26 02:00:27,787 |  * Low: MSE 606.258	L1 24.058	G-Mean 23.401
2026-04-26 02:00:27,788 | Best L1 Loss: 9.959
2026-04-26 02:00:28,009 | Epoch #35: Train loss [4.2619]; Val loss: MSE [174.1496], L1 [10.8957], G-Mean [7.5878]
2026-04-26 02:00:37,444 | Epoch: [36][  0/254]	Time   9.43 (  9.43)	Data 9.2928 (9.2928)	Loss (L1) 3.839 (3.839)
2026-04-26 02:00:42,535 | Epoch: [36][ 10/254]	Time   0.27 (  1.32)	Data 0.0004 (1.0793)	Loss (L1) 3.543 (4.034)
2026-04-26 02:00:45,214 | Epoch: [36][ 20/254]	Time   0.26 (  0.82)	Data 0.0002 (0.5655)	Loss (L1) 4.295 (4.131)
2026-04-26 02:00:47,877 | Epoch: [36][ 30/254]	Time   0.26 (  0.64)	Data 0.0002 (0.3831)	Loss (L1) 3.849 (4.166)
2026-04-26 02:00:52,027 | Epoch: [36][ 40/254]	Time   0.27 (  0.59)	Data 0.0002 (0.3372)	Loss (L1) 4.254 (4.239)
2026-04-26 02:00:54,697 | Epoch: [36][ 50/254]	Time   0.25 (  0.52)	Data 0.0003 (0.2712)	Loss (L1) 4.476 (4.229)
2026-04-26 02:00:57,419 | Epoch: [36][ 60/254]	Time   0.26 (  0.48)	Data 0.0002 (0.2269)	Loss (L1) 4.247 (4.232)
2026-04-26 02:01:00,131 | Epoch: [36][ 70/254]	Time   0.28 (  0.45)	Data 0.0002 (0.1950)	Loss (L1) 4.598 (4.227)
2026-04-26 02:01:02,795 | Epoch: [36][ 80/254]	Time   0.28 (  0.43)	Data 0.0002 (0.1724)	Loss (L1) 3.653 (4.227)
2026-04-26 02:01:05,458 | Epoch: [36][ 90/254]	Time   0.27 (  0.41)	Data 0.0002 (0.1534)	Loss (L1) 4.144 (4.222)
2026-04-26 02:01:09,456 | Epoch: [36][100/254]	Time   1.46 (  0.41)	Data 1.3495 (0.1521)	Loss (L1) 5.056 (4.224)
2026-04-26 02:01:12,145 | Epoch: [36][110/254]	Time   0.29 (  0.40)	Data 0.0003 (0.1384)	Loss (L1) 4.042 (4.209)
2026-04-26 02:01:14,822 | Epoch: [36][120/254]	Time   0.26 (  0.39)	Data 0.0002 (0.1270)	Loss (L1) 4.232 (4.188)
2026-04-26 02:01:17,522 | Epoch: [36][130/254]	Time   0.27 (  0.38)	Data 0.0002 (0.1175)	Loss (L1) 4.057 (4.180)
2026-04-26 02:01:21,397 | Epoch: [36][140/254]	Time   0.28 (  0.38)	Data 0.0002 (0.1188)	Loss (L1) 4.761 (4.196)
2026-04-26 02:01:24,094 | Epoch: [36][150/254]	Time   0.25 (  0.37)	Data 0.0002 (0.1110)	Loss (L1) 4.214 (4.208)
2026-04-26 02:01:26,795 | Epoch: [36][160/254]	Time   0.27 (  0.37)	Data 0.0002 (0.1041)	Loss (L1) 3.989 (4.204)
2026-04-26 02:01:29,444 | Epoch: [36][170/254]	Time   0.26 (  0.36)	Data 0.0001 (0.0980)	Loss (L1) 4.409 (4.211)
2026-04-26 02:01:32,124 | Epoch: [36][180/254]	Time   0.27 (  0.35)	Data 0.0002 (0.0926)	Loss (L1) 4.930 (4.209)
2026-04-26 02:01:34,855 | Epoch: [36][190/254]	Time   0.27 (  0.35)	Data 0.0001 (0.0878)	Loss (L1) 4.324 (4.201)
2026-04-26 02:01:37,572 | Epoch: [36][200/254]	Time   0.27 (  0.35)	Data 0.0001 (0.0834)	Loss (L1) 4.169 (4.201)
2026-04-26 02:01:40,259 | Epoch: [36][210/254]	Time   0.27 (  0.34)	Data 0.0001 (0.0795)	Loss (L1) 4.516 (4.200)
2026-04-26 02:01:42,906 | Epoch: [36][220/254]	Time   0.26 (  0.34)	Data 0.0001 (0.0759)	Loss (L1) 4.952 (4.218)
2026-04-26 02:01:45,552 | Epoch: [36][230/254]	Time   0.26 (  0.34)	Data 0.0001 (0.0726)	Loss (L1) 4.025 (4.223)
2026-04-26 02:01:48,201 | Epoch: [36][240/254]	Time   0.26 (  0.33)	Data 0.0001 (0.0696)	Loss (L1) 5.182 (4.233)
2026-04-26 02:01:50,849 | Epoch: [36][250/254]	Time   0.26 (  0.33)	Data 0.0001 (0.0668)	Loss (L1) 3.946 (4.236)
2026-04-26 02:02:00,460 | Val: [ 0/25]	Time  8.641 ( 8.641)	Loss (MSE) 208.900 (208.900)	Loss (L1) 12.664 (12.664)
2026-04-26 02:02:02,161 | Val: [10/25]	Time  0.083 ( 0.940)	Loss (MSE) 66.278 (98.451)	Loss (L1) 6.361 (8.028)
2026-04-26 02:02:02,995 | Val: [20/25]	Time  0.083 ( 0.532)	Loss (MSE) 357.234 (132.666)	Loss (L1) 17.796 (9.428)
2026-04-26 02:02:03,490 |  * Overall: MSE 203.704	L1 11.560	G-Mean 7.755
2026-04-26 02:02:03,490 |  * Many: MSE 125.040	L1 9.061	G-Mean 6.086
2026-04-26 02:02:03,490 |  * Median: MSE 280.882	L1 14.599	G-Mean 11.186
2026-04-26 02:02:03,490 |  * Low: MSE 745.368	L1 26.644	G-Mean 25.776
2026-04-26 02:02:03,491 | Best L1 Loss: 9.959
2026-04-26 02:02:03,713 | Epoch #36: Train loss [4.2387]; Val loss: MSE [203.7036], L1 [11.5603], G-Mean [7.7547]
2026-04-26 02:02:11,471 | Epoch: [37][  0/254]	Time   7.76 (  7.76)	Data 7.6287 (7.6287)	Loss (L1) 4.393 (4.393)
2026-04-26 02:02:17,424 | Epoch: [37][ 10/254]	Time   0.28 (  1.25)	Data 0.0002 (1.0161)	Loss (L1) 4.828 (4.195)
2026-04-26 02:02:20,073 | Epoch: [37][ 20/254]	Time   0.26 (  0.78)	Data 0.0002 (0.5324)	Loss (L1) 4.589 (4.245)
2026-04-26 02:02:22,721 | Epoch: [37][ 30/254]	Time   0.27 (  0.61)	Data 0.0002 (0.3611)	Loss (L1) 4.985 (4.332)
2026-04-26 02:02:25,632 | Epoch: [37][ 40/254]	Time   0.27 (  0.53)	Data 0.0002 (0.2823)	Loss (L1) 4.634 (4.273)
2026-04-26 02:02:28,323 | Epoch: [37][ 50/254]	Time   0.26 (  0.48)	Data 0.0002 (0.2270)	Loss (L1) 4.264 (4.251)
2026-04-26 02:02:31,033 | Epoch: [37][ 60/254]	Time   0.29 (  0.45)	Data 0.0002 (0.1901)	Loss (L1) 4.149 (4.267)
2026-04-26 02:02:35,185 | Epoch: [37][ 70/254]	Time   0.28 (  0.44)	Data 0.0002 (0.1876)	Loss (L1) 4.137 (4.238)
2026-04-26 02:02:37,853 | Epoch: [37][ 80/254]	Time   0.26 (  0.42)	Data 0.0002 (0.1645)	Loss (L1) 3.828 (4.231)
2026-04-26 02:02:40,525 | Epoch: [37][ 90/254]	Time   0.24 (  0.40)	Data 0.0002 (0.1464)	Loss (L1) 4.344 (4.216)
2026-04-26 02:02:43,719 | Epoch: [37][100/254]	Time   0.27 (  0.40)	Data 0.0002 (0.1400)	Loss (L1) 3.990 (4.193)
2026-04-26 02:02:46,383 | Epoch: [37][110/254]	Time   0.26 (  0.38)	Data 0.0002 (0.1274)	Loss (L1) 3.795 (4.196)
2026-04-26 02:02:49,075 | Epoch: [37][120/254]	Time   0.25 (  0.37)	Data 0.0002 (0.1169)	Loss (L1) 3.769 (4.178)
2026-04-26 02:02:52,418 | Epoch: [37][130/254]	Time   0.84 (  0.37)	Data 0.6951 (0.1152)	Loss (L1) 3.317 (4.162)
2026-04-26 02:02:55,110 | Epoch: [37][140/254]	Time   0.31 (  0.36)	Data 0.0002 (0.1071)	Loss (L1) 4.584 (4.190)
2026-04-26 02:02:57,782 | Epoch: [37][150/254]	Time   0.27 (  0.36)	Data 0.0002 (0.1000)	Loss (L1) 3.855 (4.193)
2026-04-26 02:03:00,458 | Epoch: [37][160/254]	Time   0.26 (  0.35)	Data 0.0002 (0.0938)	Loss (L1) 4.433 (4.191)
2026-04-26 02:03:04,124 | Epoch: [37][170/254]	Time   0.27 (  0.35)	Data 0.0001 (0.0951)	Loss (L1) 3.755 (4.190)
2026-04-26 02:03:06,778 | Epoch: [37][180/254]	Time   0.26 (  0.35)	Data 0.0002 (0.0899)	Loss (L1) 4.398 (4.199)
2026-04-26 02:03:09,497 | Epoch: [37][190/254]	Time   0.26 (  0.34)	Data 0.0001 (0.0852)	Loss (L1) 3.459 (4.183)
2026-04-26 02:03:12,434 | Epoch: [37][200/254]	Time   0.26 (  0.34)	Data 0.0001 (0.0830)	Loss (L1) 4.028 (4.183)
2026-04-26 02:03:15,090 | Epoch: [37][210/254]	Time   0.27 (  0.34)	Data 0.0001 (0.0791)	Loss (L1) 5.130 (4.186)
2026-04-26 02:03:17,748 | Epoch: [37][220/254]	Time   0.26 (  0.33)	Data 0.0001 (0.0755)	Loss (L1) 6.258 (4.197)
2026-04-26 02:03:20,404 | Epoch: [37][230/254]	Time   0.27 (  0.33)	Data 0.0001 (0.0722)	Loss (L1) 3.709 (4.200)
2026-04-26 02:03:23,062 | Epoch: [37][240/254]	Time   0.27 (  0.33)	Data 0.0001 (0.0692)	Loss (L1) 4.607 (4.207)
2026-04-26 02:03:25,719 | Epoch: [37][250/254]	Time   0.27 (  0.33)	Data 0.0001 (0.0665)	Loss (L1) 4.172 (4.207)
2026-04-26 02:03:33,676 | Val: [ 0/25]	Time  6.996 ( 6.996)	Loss (MSE) 301.451 (301.451)	Loss (L1) 15.880 (15.880)
2026-04-26 02:03:37,008 | Val: [10/25]	Time  0.084 ( 0.939)	Loss (MSE) 78.418 (144.479)	Loss (L1) 7.021 (10.165)
2026-04-26 02:03:37,846 | Val: [20/25]	Time  0.084 ( 0.532)	Loss (MSE) 207.440 (123.855)	Loss (L1) 13.165 (9.309)
2026-04-26 02:03:38,342 |  * Overall: MSE 161.269	L1 10.661	G-Mean 7.624
2026-04-26 02:03:38,342 |  * Many: MSE 103.574	L1 8.462	G-Mean 5.977
2026-04-26 02:03:38,342 |  * Median: MSE 237.903	L1 14.003	G-Mean 11.636
2026-04-26 02:03:38,342 |  * Low: MSE 485.897	L1 21.510	G-Mean 20.899
2026-04-26 02:03:38,343 | Best L1 Loss: 9.959
2026-04-26 02:03:38,562 | Epoch #37: Train loss [4.2078]; Val loss: MSE [161.2690], L1 [10.6614], G-Mean [7.6244]
2026-04-26 02:03:49,519 | Epoch: [38][  0/254]	Time  10.96 ( 10.96)	Data 10.8203 (10.8203)	Loss (L1) 4.190 (4.190)
2026-04-26 02:03:53,136 | Epoch: [38][ 10/254]	Time   0.26 (  1.32)	Data 0.0002 (1.0834)	Loss (L1) 4.359 (4.365)
2026-04-26 02:03:55,815 | Epoch: [38][ 20/254]	Time   0.26 (  0.82)	Data 0.0003 (0.5681)	Loss (L1) 4.175 (4.305)
2026-04-26 02:03:58,490 | Epoch: [38][ 30/254]	Time   0.28 (  0.64)	Data 0.0002 (0.3849)	Loss (L1) 4.189 (4.312)
2026-04-26 02:04:01,615 | Epoch: [38][ 40/254]	Time   0.26 (  0.56)	Data 0.0002 (0.3082)	Loss (L1) 4.225 (4.266)
2026-04-26 02:04:04,279 | Epoch: [38][ 50/254]	Time   0.26 (  0.50)	Data 0.0002 (0.2478)	Loss (L1) 4.100 (4.239)
2026-04-26 02:04:06,969 | Epoch: [38][ 60/254]	Time   0.27 (  0.47)	Data 0.0002 (0.2075)	Loss (L1) 4.429 (4.246)
2026-04-26 02:04:11,271 | Epoch: [38][ 70/254]	Time   0.28 (  0.46)	Data 0.0002 (0.2044)	Loss (L1) 4.367 (4.220)
2026-04-26 02:04:13,961 | Epoch: [38][ 80/254]	Time   0.25 (  0.44)	Data 0.0002 (0.1792)	Loss (L1) 3.750 (4.190)
2026-04-26 02:04:16,656 | Epoch: [38][ 90/254]	Time   0.28 (  0.42)	Data 0.0002 (0.1596)	Loss (L1) 4.253 (4.167)
2026-04-26 02:04:19,513 | Epoch: [38][100/254]	Time   0.27 (  0.41)	Data 0.0064 (0.1473)	Loss (L1) 4.346 (4.166)
2026-04-26 02:04:22,167 | Epoch: [38][110/254]	Time   0.25 (  0.39)	Data 0.0002 (0.1341)	Loss (L1) 4.074 (4.181)
2026-04-26 02:04:24,875 | Epoch: [38][120/254]	Time   0.27 (  0.38)	Data 0.0003 (0.1230)	Loss (L1) 3.967 (4.165)
2026-04-26 02:04:28,395 | Epoch: [38][130/254]	Time   0.27 (  0.38)	Data 0.0002 (0.1221)	Loss (L1) 4.424 (4.181)
2026-04-26 02:04:31,098 | Epoch: [38][140/254]	Time   0.25 (  0.37)	Data 0.0002 (0.1135)	Loss (L1) 4.412 (4.183)
2026-04-26 02:04:33,800 | Epoch: [38][150/254]	Time   0.27 (  0.37)	Data 0.0002 (0.1060)	Loss (L1) 3.932 (4.173)
2026-04-26 02:04:36,885 | Epoch: [38][160/254]	Time   0.68 (  0.36)	Data 0.5410 (0.1028)	Loss (L1) 3.905 (4.172)
2026-04-26 02:04:39,559 | Epoch: [38][170/254]	Time   0.27 (  0.36)	Data 0.0001 (0.0970)	Loss (L1) 5.115 (4.165)
2026-04-26 02:04:42,235 | Epoch: [38][180/254]	Time   0.27 (  0.35)	Data 0.0002 (0.0917)	Loss (L1) 4.410 (4.166)
2026-04-26 02:04:44,936 | Epoch: [38][190/254]	Time   0.27 (  0.35)	Data 0.0001 (0.0869)	Loss (L1) 4.019 (4.166)
2026-04-26 02:04:48,448 | Epoch: [38][200/254]	Time   0.27 (  0.35)	Data 0.0002 (0.0874)	Loss (L1) 3.795 (4.169)
2026-04-26 02:04:51,109 | Epoch: [38][210/254]	Time   0.27 (  0.34)	Data 0.0001 (0.0833)	Loss (L1) 3.997 (4.179)
2026-04-26 02:04:53,759 | Epoch: [38][220/254]	Time   0.27 (  0.34)	Data 0.0001 (0.0795)	Loss (L1) 3.923 (4.176)
2026-04-26 02:04:56,413 | Epoch: [38][230/254]	Time   0.27 (  0.34)	Data 0.0001 (0.0761)	Loss (L1) 4.314 (4.177)
2026-04-26 02:04:59,068 | Epoch: [38][240/254]	Time   0.27 (  0.33)	Data 0.0001 (0.0729)	Loss (L1) 4.340 (4.178)
2026-04-26 02:05:01,723 | Epoch: [38][250/254]	Time   0.26 (  0.33)	Data 0.0001 (0.0700)	Loss (L1) 4.437 (4.187)
2026-04-26 02:05:12,457 | Val: [ 0/25]	Time  9.771 ( 9.771)	Loss (MSE) 251.214 (251.214)	Loss (L1) 13.997 (13.997)
2026-04-26 02:05:13,676 | Val: [10/25]	Time  0.084 ( 0.999)	Loss (MSE) 69.491 (118.674)	Loss (L1) 6.451 (8.992)
2026-04-26 02:05:14,515 | Val: [20/25]	Time  0.084 ( 0.563)	Loss (MSE) 224.269 (115.819)	Loss (L1) 13.709 (8.882)
2026-04-26 02:05:15,013 |  * Overall: MSE 156.715	L1 10.350	G-Mean 7.213
2026-04-26 02:05:15,013 |  * Many: MSE 103.402	L1 8.326	G-Mean 5.731
2026-04-26 02:05:15,013 |  * Median: MSE 215.272	L1 13.022	G-Mean 10.400
2026-04-26 02:05:15,013 |  * Low: MSE 501.137	L1 21.797	G-Mean 21.126
2026-04-26 02:05:15,014 | Best L1 Loss: 9.959
2026-04-26 02:05:15,233 | Epoch #38: Train loss [4.1854]; Val loss: MSE [156.7145], L1 [10.3501], G-Mean [7.2131]
2026-04-26 02:05:25,995 | Epoch: [39][  0/254]	Time  10.76 ( 10.76)	Data 10.5889 (10.5889)	Loss (L1) 3.791 (3.791)
2026-04-26 02:05:28,697 | Epoch: [39][ 10/254]	Time   0.26 (  1.22)	Data 0.0002 (0.9629)	Loss (L1) 4.456 (4.164)
2026-04-26 02:05:31,426 | Epoch: [39][ 20/254]	Time   0.28 (  0.77)	Data 0.0002 (0.5045)	Loss (L1) 4.650 (4.158)
2026-04-26 02:05:34,111 | Epoch: [39][ 30/254]	Time   0.28 (  0.61)	Data 0.0002 (0.3421)	Loss (L1) 3.655 (4.167)
2026-04-26 02:05:37,666 | Epoch: [39][ 40/254]	Time   0.27 (  0.55)	Data 0.0002 (0.2826)	Loss (L1) 3.747 (4.125)
2026-04-26 02:05:40,343 | Epoch: [39][ 50/254]	Time   0.26 (  0.49)	Data 0.0002 (0.2272)	Loss (L1) 4.207 (4.150)
2026-04-26 02:05:43,057 | Epoch: [39][ 60/254]	Time   0.24 (  0.46)	Data 0.0004 (0.1901)	Loss (L1) 4.462 (4.154)
2026-04-26 02:05:45,822 | Epoch: [39][ 70/254]	Time   0.26 (  0.43)	Data 0.0002 (0.1634)	Loss (L1) 3.962 (4.134)
2026-04-26 02:05:48,530 | Epoch: [39][ 80/254]	Time   0.27 (  0.41)	Data 0.0002 (0.1432)	Loss (L1) 4.758 (4.175)
2026-04-26 02:05:51,309 | Epoch: [39][ 90/254]	Time   0.24 (  0.40)	Data 0.0002 (0.1275)	Loss (L1) 3.606 (4.181)
2026-04-26 02:05:53,999 | Epoch: [39][100/254]	Time   0.27 (  0.38)	Data 0.0002 (0.1149)	Loss (L1) 4.008 (4.184)
2026-04-26 02:05:56,803 | Epoch: [39][110/254]	Time   0.27 (  0.37)	Data 0.0002 (0.1081)	Loss (L1) 3.420 (4.181)
2026-04-26 02:05:59,503 | Epoch: [39][120/254]	Time   0.26 (  0.37)	Data 0.0002 (0.0992)	Loss (L1) 4.317 (4.172)
2026-04-26 02:06:02,201 | Epoch: [39][130/254]	Time   0.27 (  0.36)	Data 0.0002 (0.0918)	Loss (L1) 4.042 (4.170)
2026-04-26 02:06:05,959 | Epoch: [39][140/254]	Time   0.28 (  0.36)	Data 0.0002 (0.0936)	Loss (L1) 5.141 (4.181)
2026-04-26 02:06:09,831 | Epoch: [39][150/254]	Time   0.26 (  0.36)	Data 0.0002 (0.0964)	Loss (L1) 4.277 (4.177)
2026-04-26 02:06:12,496 | Epoch: [39][160/254]	Time   0.26 (  0.36)	Data 0.0003 (0.0904)	Loss (L1) 4.408 (4.168)
2026-04-26 02:06:15,220 | Epoch: [39][170/254]	Time   0.27 (  0.35)	Data 0.0002 (0.0852)	Loss (L1) 4.320 (4.162)
2026-04-26 02:06:17,895 | Epoch: [39][180/254]	Time   0.26 (  0.35)	Data 0.0001 (0.0805)	Loss (L1) 5.276 (4.165)
2026-04-26 02:06:20,571 | Epoch: [39][190/254]	Time   0.28 (  0.34)	Data 0.0001 (0.0763)	Loss (L1) 3.763 (4.164)
2026-04-26 02:06:23,248 | Epoch: [39][200/254]	Time   0.26 (  0.34)	Data 0.0003 (0.0725)	Loss (L1) 4.176 (4.157)
2026-04-26 02:06:26,006 | Epoch: [39][210/254]	Time   0.28 (  0.34)	Data 0.0002 (0.0691)	Loss (L1) 3.910 (4.153)
2026-04-26 02:06:28,665 | Epoch: [39][220/254]	Time   0.27 (  0.33)	Data 0.0001 (0.0659)	Loss (L1) 3.983 (4.161)
2026-04-26 02:06:31,328 | Epoch: [39][230/254]	Time   0.26 (  0.33)	Data 0.0002 (0.0631)	Loss (L1) 4.043 (4.163)
2026-04-26 02:06:33,991 | Epoch: [39][240/254]	Time   0.27 (  0.33)	Data 0.0001 (0.0605)	Loss (L1) 3.663 (4.154)
2026-04-26 02:06:36,647 | Epoch: [39][250/254]	Time   0.27 (  0.32)	Data 0.0001 (0.0581)	Loss (L1) 4.190 (4.156)
2026-04-26 02:06:47,045 | Val: [ 0/25]	Time  9.437 ( 9.437)	Loss (MSE) 231.388 (231.388)	Loss (L1) 13.544 (13.544)
2026-04-26 02:06:48,377 | Val: [10/25]	Time  0.084 ( 0.979)	Loss (MSE) 39.562 (85.722)	Loss (L1) 5.044 (7.480)
2026-04-26 02:06:49,214 | Val: [20/25]	Time  0.083 ( 0.553)	Loss (MSE) 298.135 (109.665)	Loss (L1) 15.991 (8.428)
2026-04-26 02:06:49,701 |  * Overall: MSE 163.890	L1 10.262	G-Mean 6.818
2026-04-26 02:06:49,701 |  * Many: MSE 96.752	L1 7.815	G-Mean 5.199
2026-04-26 02:06:49,701 |  * Median: MSE 245.471	L1 13.725	G-Mean 10.696
2026-04-26 02:06:49,702 |  * Low: MSE 569.203	L1 23.260	G-Mean 22.590
2026-04-26 02:06:49,703 | Best L1 Loss: 9.959
2026-04-26 02:06:49,924 | Epoch #39: Train loss [4.1507]; Val loss: MSE [163.8901], L1 [10.2622], G-Mean [6.8175]
2026-04-26 02:06:58,133 | Epoch: [40][  0/254]	Time   8.21 (  8.21)	Data 8.0989 (8.0989)	Loss (L1) 4.198 (4.198)
2026-04-26 02:07:04,939 | Epoch: [40][ 10/254]	Time   0.26 (  1.36)	Data 0.0002 (1.1611)	Loss (L1) 3.385 (3.902)
2026-04-26 02:07:07,579 | Epoch: [40][ 20/254]	Time   0.27 (  0.84)	Data 0.0002 (0.6083)	Loss (L1) 4.351 (3.935)
2026-04-26 02:07:10,264 | Epoch: [40][ 30/254]	Time   0.28 (  0.66)	Data 0.0002 (0.4122)	Loss (L1) 3.518 (3.992)
2026-04-26 02:07:12,968 | Epoch: [40][ 40/254]	Time   0.27 (  0.56)	Data 0.0003 (0.3117)	Loss (L1) 4.331 (4.089)
2026-04-26 02:07:15,663 | Epoch: [40][ 50/254]	Time   0.26 (  0.50)	Data 0.0002 (0.2506)	Loss (L1) 3.628 (4.097)
2026-04-26 02:07:18,331 | Epoch: [40][ 60/254]	Time   0.26 (  0.47)	Data 0.0002 (0.2098)	Loss (L1) 4.052 (4.091)
2026-04-26 02:07:21,804 | Epoch: [40][ 70/254]	Time   0.32 (  0.45)	Data 0.2141 (0.1967)	Loss (L1) 4.137 (4.071)
2026-04-26 02:07:24,504 | Epoch: [40][ 80/254]	Time   0.27 (  0.43)	Data 0.0002 (0.1725)	Loss (L1) 3.888 (4.062)
2026-04-26 02:07:27,172 | Epoch: [40][ 90/254]	Time   0.28 (  0.41)	Data 0.0002 (0.1536)	Loss (L1) 4.232 (4.053)
2026-04-26 02:07:31,420 | Epoch: [40][100/254]	Time   0.27 (  0.41)	Data 0.0002 (0.1553)	Loss (L1) 4.014 (4.075)
2026-04-26 02:07:34,120 | Epoch: [40][110/254]	Time   0.26 (  0.40)	Data 0.0002 (0.1419)	Loss (L1) 4.383 (4.067)
2026-04-26 02:07:36,779 | Epoch: [40][120/254]	Time   0.27 (  0.39)	Data 0.0003 (0.1302)	Loss (L1) 4.399 (4.083)
2026-04-26 02:07:39,540 | Epoch: [40][130/254]	Time   0.25 (  0.38)	Data 0.0003 (0.1215)	Loss (L1) 4.094 (4.108)
2026-04-26 02:07:42,824 | Epoch: [40][140/254]	Time   0.26 (  0.38)	Data 0.0006 (0.1182)	Loss (L1) 3.916 (4.111)
2026-04-26 02:07:45,501 | Epoch: [40][150/254]	Time   0.26 (  0.37)	Data 0.0002 (0.1104)	Loss (L1) 3.635 (4.112)
2026-04-26 02:07:48,175 | Epoch: [40][160/254]	Time   0.28 (  0.36)	Data 0.0001 (0.1036)	Loss (L1) 4.370 (4.114)
2026-04-26 02:07:51,340 | Epoch: [40][170/254]	Time   0.26 (  0.36)	Data 0.0002 (0.1013)	Loss (L1) 3.813 (4.114)
2026-04-26 02:07:54,043 | Epoch: [40][180/254]	Time   0.29 (  0.35)	Data 0.0002 (0.0957)	Loss (L1) 3.469 (4.106)
2026-04-26 02:07:56,680 | Epoch: [40][190/254]	Time   0.26 (  0.35)	Data 0.0001 (0.0908)	Loss (L1) 3.642 (4.094)
2026-04-26 02:07:59,717 | Epoch: [40][200/254]	Time   0.25 (  0.35)	Data 0.0002 (0.0886)	Loss (L1) 3.976 (4.104)
2026-04-26 02:08:02,384 | Epoch: [40][210/254]	Time   0.27 (  0.34)	Data 0.0001 (0.0844)	Loss (L1) 3.940 (4.111)
2026-04-26 02:08:05,036 | Epoch: [40][220/254]	Time   0.27 (  0.34)	Data 0.0002 (0.0806)	Loss (L1) 4.046 (4.108)
2026-04-26 02:08:07,686 | Epoch: [40][230/254]	Time   0.27 (  0.34)	Data 0.0001 (0.0771)	Loss (L1) 3.817 (4.099)
2026-04-26 02:08:10,338 | Epoch: [40][240/254]	Time   0.27 (  0.33)	Data 0.0001 (0.0739)	Loss (L1) 4.180 (4.108)
2026-04-26 02:08:12,991 | Epoch: [40][250/254]	Time   0.27 (  0.33)	Data 0.0002 (0.0710)	Loss (L1) 4.203 (4.119)
2026-04-26 02:08:22,003 | Val: [ 0/25]	Time  8.037 ( 8.037)	Loss (MSE) 199.294 (199.294)	Loss (L1) 12.713 (12.713)
2026-04-26 02:08:24,930 | Val: [10/25]	Time  0.084 ( 0.997)	Loss (MSE) 67.274 (92.692)	Loss (L1) 6.491 (7.803)
2026-04-26 02:08:25,767 | Val: [20/25]	Time  0.084 ( 0.562)	Loss (MSE) 296.016 (119.382)	Loss (L1) 15.234 (8.804)
2026-04-26 02:08:26,260 |  * Overall: MSE 165.910	L1 10.364	G-Mean 6.979
2026-04-26 02:08:26,260 |  * Many: MSE 111.697	L1 8.394	G-Mean 5.545
2026-04-26 02:08:26,261 |  * Median: MSE 227.088	L1 12.938	G-Mean 10.056
2026-04-26 02:08:26,261 |  * Low: MSE 510.243	L1 21.606	G-Mean 20.502
2026-04-26 02:08:26,261 | Best L1 Loss: 9.959
2026-04-26 02:08:26,491 | Epoch #40: Train loss [4.1178]; Val loss: MSE [165.9105], L1 [10.3641], G-Mean [6.9793]
2026-04-26 02:08:34,658 | Epoch: [41][  0/254]	Time   8.17 (  8.17)	Data 8.0394 (8.0394)	Loss (L1) 4.027 (4.027)
2026-04-26 02:08:39,506 | Epoch: [41][ 10/254]	Time   0.24 (  1.18)	Data 0.0002 (0.9562)	Loss (L1) 4.048 (4.015)
2026-04-26 02:08:42,168 | Epoch: [41][ 20/254]	Time   0.26 (  0.75)	Data 0.0002 (0.5010)	Loss (L1) 3.990 (4.094)
2026-04-26 02:08:44,831 | Epoch: [41][ 30/254]	Time   0.27 (  0.59)	Data 0.0003 (0.3394)	Loss (L1) 4.634 (4.158)
2026-04-26 02:08:49,118 | Epoch: [41][ 40/254]	Time   0.30 (  0.55)	Data 0.0002 (0.3013)	Loss (L1) 4.543 (4.145)
2026-04-26 02:08:51,849 | Epoch: [41][ 50/254]	Time   0.28 (  0.50)	Data 0.0002 (0.2423)	Loss (L1) 3.540 (4.081)
2026-04-26 02:08:54,543 | Epoch: [41][ 60/254]	Time   0.28 (  0.46)	Data 0.0003 (0.2026)	Loss (L1) 3.542 (4.042)
2026-04-26 02:08:58,163 | Epoch: [41][ 70/254]	Time   0.30 (  0.45)	Data 0.0002 (0.1897)	Loss (L1) 3.639 (3.999)
2026-04-26 02:09:00,831 | Epoch: [41][ 80/254]	Time   0.28 (  0.42)	Data 0.0002 (0.1664)	Loss (L1) 4.877 (4.044)
2026-04-26 02:09:03,487 | Epoch: [41][ 90/254]	Time   0.26 (  0.41)	Data 0.0002 (0.1481)	Loss (L1) 4.292 (4.037)
2026-04-26 02:09:10,953 | Epoch: [41][100/254]	Time   0.28 (  0.44)	Data 0.0002 (0.1825)	Loss (L1) 4.249 (4.051)
2026-04-26 02:09:14,195 | Epoch: [41][110/254]	Time   0.28 (  0.43)	Data 0.0002 (0.1738)	Loss (L1) 4.511 (4.064)
2026-04-26 02:09:16,944 | Epoch: [41][120/254]	Time   0.28 (  0.42)	Data 0.0002 (0.1594)	Loss (L1) 4.097 (4.064)
2026-04-26 02:09:19,620 | Epoch: [41][130/254]	Time   0.27 (  0.41)	Data 0.0874 (0.1479)	Loss (L1) 3.937 (4.060)
2026-04-26 02:09:23,130 | Epoch: [41][140/254]	Time   0.25 (  0.40)	Data 0.0002 (0.1455)	Loss (L1) 3.706 (4.055)
2026-04-26 02:09:25,850 | Epoch: [41][150/254]	Time   0.31 (  0.39)	Data 0.0002 (0.1360)	Loss (L1) 3.691 (4.069)
2026-04-26 02:09:28,507 | Epoch: [41][160/254]	Time   0.27 (  0.39)	Data 0.0002 (0.1275)	Loss (L1) 4.258 (4.071)
2026-04-26 02:09:31,211 | Epoch: [41][170/254]	Time   0.26 (  0.38)	Data 0.0002 (0.1206)	Loss (L1) 4.153 (4.070)
2026-04-26 02:09:33,861 | Epoch: [41][180/254]	Time   0.27 (  0.37)	Data 0.0002 (0.1140)	Loss (L1) 4.399 (4.070)
2026-04-26 02:09:36,541 | Epoch: [41][190/254]	Time   0.27 (  0.37)	Data 0.0001 (0.1080)	Loss (L1) 5.224 (4.069)
2026-04-26 02:09:39,893 | Epoch: [41][200/254]	Time   0.28 (  0.37)	Data 0.0001 (0.1073)	Loss (L1) 4.409 (4.072)
2026-04-26 02:09:42,536 | Epoch: [41][210/254]	Time   0.26 (  0.36)	Data 0.0001 (0.1022)	Loss (L1) 4.082 (4.072)
2026-04-26 02:09:45,188 | Epoch: [41][220/254]	Time   0.26 (  0.36)	Data 0.0001 (0.0976)	Loss (L1) 3.864 (4.070)
2026-04-26 02:09:47,832 | Epoch: [41][230/254]	Time   0.26 (  0.35)	Data 0.0002 (0.0934)	Loss (L1) 3.820 (4.068)
2026-04-26 02:09:50,481 | Epoch: [41][240/254]	Time   0.27 (  0.35)	Data 0.0001 (0.0895)	Loss (L1) 5.407 (4.089)
2026-04-26 02:09:53,129 | Epoch: [41][250/254]	Time   0.27 (  0.35)	Data 0.0001 (0.0860)	Loss (L1) 4.050 (4.095)
2026-04-26 02:10:03,922 | Val: [ 0/25]	Time  9.827 ( 9.827)	Loss (MSE) 241.085 (241.085)	Loss (L1) 13.929 (13.929)
2026-04-26 02:10:05,169 | Val: [10/25]	Time  0.084 ( 1.007)	Loss (MSE) 53.066 (102.123)	Loss (L1) 5.476 (8.290)
2026-04-26 02:10:06,005 | Val: [20/25]	Time  0.084 ( 0.567)	Loss (MSE) 250.957 (109.789)	Loss (L1) 14.828 (8.617)
2026-04-26 02:10:06,508 |  * Overall: MSE 165.724	L1 10.447	G-Mean 7.039
2026-04-26 02:10:06,508 |  * Many: MSE 94.863	L1 7.899	G-Mean 5.320
2026-04-26 02:10:06,508 |  * Median: MSE 237.377	L1 13.853	G-Mean 11.252
2026-04-26 02:10:06,508 |  * Low: MSE 645.929	L1 24.700	G-Mean 23.906
2026-04-26 02:10:06,509 | Best L1 Loss: 9.959
2026-04-26 02:10:06,729 | Epoch #41: Train loss [4.0979]; Val loss: MSE [165.7237], L1 [10.4468], G-Mean [7.0387]
2026-04-26 02:10:17,881 | Epoch: [42][  0/254]	Time  11.15 ( 11.15)	Data 11.0064 (11.0064)	Loss (L1) 4.105 (4.105)
2026-04-26 02:10:20,567 | Epoch: [42][ 10/254]	Time   0.26 (  1.26)	Data 0.0003 (1.0008)	Loss (L1) 3.712 (4.111)
2026-04-26 02:10:23,224 | Epoch: [42][ 20/254]	Time   0.26 (  0.79)	Data 0.0005 (0.5244)	Loss (L1) 3.627 (3.991)
2026-04-26 02:10:25,924 | Epoch: [42][ 30/254]	Time   0.27 (  0.62)	Data 0.0002 (0.3553)	Loss (L1) 4.781 (4.023)
2026-04-26 02:10:30,719 | Epoch: [42][ 40/254]	Time   0.25 (  0.59)	Data 0.0002 (0.3232)	Loss (L1) 3.768 (4.042)
2026-04-26 02:10:33,422 | Epoch: [42][ 50/254]	Time   0.27 (  0.52)	Data 0.0003 (0.2599)	Loss (L1) 4.853 (4.053)
2026-04-26 02:10:36,092 | Epoch: [42][ 60/254]	Time   0.27 (  0.48)	Data 0.0002 (0.2173)	Loss (L1) 3.755 (4.073)
2026-04-26 02:10:38,886 | Epoch: [42][ 70/254]	Time   0.27 (  0.45)	Data 0.0002 (0.1903)	Loss (L1) 3.670 (4.075)
2026-04-26 02:10:41,565 | Epoch: [42][ 80/254]	Time   0.26 (  0.43)	Data 0.0002 (0.1668)	Loss (L1) 5.011 (4.066)
2026-04-26 02:10:44,336 | Epoch: [42][ 90/254]	Time   0.30 (  0.41)	Data 0.0003 (0.1488)	Loss (L1) 3.994 (4.066)
2026-04-26 02:10:47,888 | Epoch: [42][100/254]	Time   0.28 (  0.41)	Data 0.0004 (0.1439)	Loss (L1) 3.787 (4.052)
2026-04-26 02:10:50,598 | Epoch: [42][110/254]	Time   0.27 (  0.40)	Data 0.0002 (0.1310)	Loss (L1) 3.907 (4.054)
2026-04-26 02:10:53,266 | Epoch: [42][120/254]	Time   0.27 (  0.38)	Data 0.0002 (0.1202)	Loss (L1) 3.822 (4.049)
2026-04-26 02:10:55,959 | Epoch: [42][130/254]	Time   0.28 (  0.38)	Data 0.0002 (0.1110)	Loss (L1) 3.923 (4.054)
2026-04-26 02:10:59,547 | Epoch: [42][140/254]	Time   0.27 (  0.37)	Data 0.0002 (0.1104)	Loss (L1) 3.306 (4.029)
2026-04-26 02:11:02,221 | Epoch: [42][150/254]	Time   0.27 (  0.37)	Data 0.0002 (0.1031)	Loss (L1) 3.504 (4.024)
2026-04-26 02:11:04,911 | Epoch: [42][160/254]	Time   0.25 (  0.36)	Data 0.0002 (0.0967)	Loss (L1) 4.499 (4.037)
2026-04-26 02:11:07,706 | Epoch: [42][170/254]	Time   0.27 (  0.36)	Data 0.0002 (0.0926)	Loss (L1) 5.166 (4.042)
2026-04-26 02:11:10,360 | Epoch: [42][180/254]	Time   0.26 (  0.35)	Data 0.0001 (0.0875)	Loss (L1) 4.031 (4.058)
2026-04-26 02:11:13,041 | Epoch: [42][190/254]	Time   0.27 (  0.35)	Data 0.0001 (0.0829)	Loss (L1) 3.858 (4.054)
2026-04-26 02:11:15,902 | Epoch: [42][200/254]	Time   0.27 (  0.34)	Data 0.0001 (0.0797)	Loss (L1) 3.877 (4.051)
2026-04-26 02:11:18,686 | Epoch: [42][210/254]	Time   0.27 (  0.34)	Data 0.0002 (0.0771)	Loss (L1) 3.932 (4.057)
2026-04-26 02:11:21,343 | Epoch: [42][220/254]	Time   0.27 (  0.34)	Data 0.0001 (0.0736)	Loss (L1) 3.787 (4.060)
2026-04-26 02:11:23,998 | Epoch: [42][230/254]	Time   0.27 (  0.33)	Data 0.0001 (0.0705)	Loss (L1) 3.579 (4.064)
2026-04-26 02:11:26,655 | Epoch: [42][240/254]	Time   0.27 (  0.33)	Data 0.0001 (0.0675)	Loss (L1) 3.630 (4.067)
2026-04-26 02:11:29,312 | Epoch: [42][250/254]	Time   0.27 (  0.33)	Data 0.0001 (0.0648)	Loss (L1) 4.260 (4.067)
2026-04-26 02:11:38,813 | Val: [ 0/25]	Time  8.536 ( 8.536)	Loss (MSE) 207.458 (207.458)	Loss (L1) 12.911 (12.911)
2026-04-26 02:11:40,524 | Val: [10/25]	Time  0.083 ( 0.932)	Loss (MSE) 52.227 (93.026)	Loss (L1) 5.689 (7.922)
2026-04-26 02:11:41,361 | Val: [20/25]	Time  0.084 ( 0.528)	Loss (MSE) 226.513 (100.764)	Loss (L1) 13.582 (8.177)
2026-04-26 02:11:41,855 |  * Overall: MSE 141.715	L1 9.678	G-Mean 6.578
2026-04-26 02:11:41,855 |  * Many: MSE 89.708	L1 7.615	G-Mean 5.143
2026-04-26 02:11:41,856 |  * Median: MSE 202.782	L1 12.520	G-Mean 9.802
2026-04-26 02:11:41,856 |  * Low: MSE 463.405	L1 20.917	G-Mean 20.235
2026-04-26 02:11:41,856 | Best L1 Loss: 9.678
2026-04-26 02:11:42,082 | ===> Saving current best checkpoint...
2026-04-26 02:11:42,580 | Epoch #42: Train loss [4.0652]; Val loss: MSE [141.7155], L1 [9.6784], G-Mean [6.5781]
2026-04-26 02:11:54,836 | Epoch: [43][  0/254]	Time  12.25 ( 12.25)	Data 12.0915 (12.0915)	Loss (L1) 4.330 (4.330)
2026-04-26 02:11:57,590 | Epoch: [43][ 10/254]	Time   0.28 (  1.36)	Data 0.0002 (1.1207)	Loss (L1) 4.123 (4.268)
2026-04-26 02:12:00,276 | Epoch: [43][ 20/254]	Time   0.24 (  0.84)	Data 0.0002 (0.5871)	Loss (L1) 3.813 (4.089)
2026-04-26 02:12:02,942 | Epoch: [43][ 30/254]	Time   0.26 (  0.66)	Data 0.0002 (0.3978)	Loss (L1) 3.836 (4.030)
2026-04-26 02:12:06,503 | Epoch: [43][ 40/254]	Time   0.28 (  0.58)	Data 0.0002 (0.3244)	Loss (L1) 3.939 (4.115)
2026-04-26 02:12:09,151 | Epoch: [43][ 50/254]	Time   0.25 (  0.52)	Data 0.0002 (0.2609)	Loss (L1) 3.511 (4.065)
2026-04-26 02:12:11,857 | Epoch: [43][ 60/254]	Time   0.27 (  0.48)	Data 0.0003 (0.2182)	Loss (L1) 4.333 (4.048)
2026-04-26 02:12:14,553 | Epoch: [43][ 70/254]	Time   0.26 (  0.45)	Data 0.0002 (0.1875)	Loss (L1) 3.891 (4.032)
2026-04-26 02:12:17,208 | Epoch: [43][ 80/254]	Time   0.27 (  0.43)	Data 0.0002 (0.1644)	Loss (L1) 4.038 (4.040)
2026-04-26 02:12:19,867 | Epoch: [43][ 90/254]	Time   0.26 (  0.41)	Data 0.0002 (0.1463)	Loss (L1) 4.533 (4.023)
2026-04-26 02:12:23,490 | Epoch: [43][100/254]	Time   0.27 (  0.41)	Data 0.0002 (0.1422)	Loss (L1) 3.948 (4.057)
2026-04-26 02:12:26,166 | Epoch: [43][110/254]	Time   0.27 (  0.39)	Data 0.0002 (0.1294)	Loss (L1) 3.621 (4.049)
2026-04-26 02:12:28,805 | Epoch: [43][120/254]	Time   0.25 (  0.38)	Data 0.0002 (0.1187)	Loss (L1) 3.365 (4.024)
2026-04-26 02:12:31,502 | Epoch: [43][130/254]	Time   0.26 (  0.37)	Data 0.0002 (0.1097)	Loss (L1) 3.527 (4.028)
2026-04-26 02:12:34,186 | Epoch: [43][140/254]	Time   0.26 (  0.37)	Data 0.0002 (0.1020)	Loss (L1) 3.415 (4.017)
2026-04-26 02:12:36,857 | Epoch: [43][150/254]	Time   0.27 (  0.36)	Data 0.0002 (0.0953)	Loss (L1) 4.475 (4.025)
2026-04-26 02:12:39,556 | Epoch: [43][160/254]	Time   0.26 (  0.35)	Data 0.1435 (0.0903)	Loss (L1) 4.028 (4.022)
2026-04-26 02:12:42,212 | Epoch: [43][170/254]	Time   0.26 (  0.35)	Data 0.0001 (0.0850)	Loss (L1) 3.839 (4.022)
2026-04-26 02:12:44,874 | Epoch: [43][180/254]	Time   0.27 (  0.34)	Data 0.0002 (0.0803)	Loss (L1) 3.937 (4.023)
2026-04-26 02:12:47,542 | Epoch: [43][190/254]	Time   0.26 (  0.34)	Data 0.0001 (0.0761)	Loss (L1) 4.279 (4.015)
2026-04-26 02:12:50,456 | Epoch: [43][200/254]	Time   0.27 (  0.34)	Data 0.0002 (0.0742)	Loss (L1) 3.504 (4.024)
2026-04-26 02:12:53,130 | Epoch: [43][210/254]	Time   0.26 (  0.33)	Data 0.0001 (0.0707)	Loss (L1) 3.858 (4.023)
2026-04-26 02:12:55,787 | Epoch: [43][220/254]	Time   0.27 (  0.33)	Data 0.0002 (0.0675)	Loss (L1) 4.193 (4.024)
2026-04-26 02:12:58,437 | Epoch: [43][230/254]	Time   0.26 (  0.33)	Data 0.0001 (0.0646)	Loss (L1) 4.430 (4.018)
2026-04-26 02:13:01,089 | Epoch: [43][240/254]	Time   0.26 (  0.33)	Data 0.0003 (0.0619)	Loss (L1) 3.962 (4.017)
2026-04-26 02:13:03,737 | Epoch: [43][250/254]	Time   0.26 (  0.32)	Data 0.0001 (0.0595)	Loss (L1) 3.961 (4.026)
2026-04-26 02:13:15,296 | Val: [ 0/25]	Time 10.592 (10.592)	Loss (MSE) 265.667 (265.667)	Loss (L1) 14.661 (14.661)
2026-04-26 02:13:16,133 | Val: [10/25]	Time  0.084 ( 1.039)	Loss (MSE) 73.998 (121.599)	Loss (L1) 6.404 (9.085)
2026-04-26 02:13:16,969 | Val: [20/25]	Time  0.083 ( 0.584)	Loss (MSE) 173.272 (110.248)	Loss (L1) 12.062 (8.596)
2026-04-26 02:13:17,459 |  * Overall: MSE 142.281	L1 9.840	G-Mean 6.831
2026-04-26 02:13:17,459 |  * Many: MSE 95.161	L1 7.889	G-Mean 5.339
2026-04-26 02:13:17,459 |  * Median: MSE 199.773	L1 12.669	G-Mean 10.441
2026-04-26 02:13:17,459 |  * Low: MSE 425.888	L1 19.960	G-Mean 19.240
2026-04-26 02:13:17,460 | Best L1 Loss: 9.678
2026-04-26 02:13:17,685 | Epoch #43: Train loss [4.0257]; Val loss: MSE [142.2810], L1 [9.8403], G-Mean [6.8308]
2026-04-26 02:13:30,260 | Epoch: [44][  0/254]	Time  12.57 ( 12.57)	Data 12.4532 (12.4532)	Loss (L1) 3.839 (3.839)
2026-04-26 02:13:32,958 | Epoch: [44][ 10/254]	Time   0.26 (  1.39)	Data 0.0002 (1.1334)	Loss (L1) 3.889 (3.933)
2026-04-26 02:13:35,689 | Epoch: [44][ 20/254]	Time   0.28 (  0.86)	Data 0.0002 (0.5945)	Loss (L1) 3.491 (3.902)
2026-04-26 02:13:38,413 | Epoch: [44][ 30/254]	Time   0.28 (  0.67)	Data 0.0002 (0.4034)	Loss (L1) 4.087 (3.958)
2026-04-26 02:13:41,484 | Epoch: [44][ 40/254]	Time   0.28 (  0.58)	Data 0.0002 (0.3170)	Loss (L1) 3.535 (3.950)
2026-04-26 02:13:44,330 | Epoch: [44][ 50/254]	Time   0.28 (  0.52)	Data 0.0002 (0.2551)	Loss (L1) 4.365 (3.967)
2026-04-26 02:13:47,087 | Epoch: [44][ 60/254]	Time   0.27 (  0.48)	Data 0.0003 (0.2134)	Loss (L1) 3.690 (3.988)
2026-04-26 02:13:50,712 | Epoch: [44][ 70/254]	Time   0.28 (  0.47)	Data 0.0003 (0.1987)	Loss (L1) 3.306 (3.999)
2026-04-26 02:13:53,393 | Epoch: [44][ 80/254]	Time   0.27 (  0.44)	Data 0.0002 (0.1742)	Loss (L1) 4.419 (3.993)
2026-04-26 02:13:56,075 | Epoch: [44][ 90/254]	Time   0.26 (  0.42)	Data 0.0003 (0.1551)	Loss (L1) 4.300 (3.985)
2026-04-26 02:13:59,243 | Epoch: [44][100/254]	Time   0.27 (  0.41)	Data 0.0002 (0.1457)	Loss (L1) 4.001 (3.992)
2026-04-26 02:14:01,934 | Epoch: [44][110/254]	Time   0.26 (  0.40)	Data 0.0003 (0.1326)	Loss (L1) 3.738 (3.991)
2026-04-26 02:14:04,675 | Epoch: [44][120/254]	Time   0.26 (  0.39)	Data 0.0002 (0.1217)	Loss (L1) 3.863 (3.978)
2026-04-26 02:14:09,248 | Epoch: [44][130/254]	Time   0.27 (  0.39)	Data 0.0003 (0.1279)	Loss (L1) 3.687 (3.969)
2026-04-26 02:14:11,955 | Epoch: [44][140/254]	Time   0.28 (  0.38)	Data 0.0003 (0.1189)	Loss (L1) 3.982 (3.978)
2026-04-26 02:14:14,669 | Epoch: [44][150/254]	Time   0.28 (  0.38)	Data 0.0002 (0.1110)	Loss (L1) 3.524 (3.975)
2026-04-26 02:14:17,678 | Epoch: [44][160/254]	Time   0.61 (  0.37)	Data 0.5031 (0.1073)	Loss (L1) 3.994 (3.989)
2026-04-26 02:14:20,343 | Epoch: [44][170/254]	Time   0.26 (  0.37)	Data 0.0002 (0.1010)	Loss (L1) 3.983 (3.980)
2026-04-26 02:14:23,035 | Epoch: [44][180/254]	Time   0.28 (  0.36)	Data 0.0002 (0.0954)	Loss (L1) 3.939 (3.984)
2026-04-26 02:14:25,700 | Epoch: [44][190/254]	Time   0.26 (  0.36)	Data 0.0002 (0.0905)	Loss (L1) 4.113 (3.997)
2026-04-26 02:14:28,395 | Epoch: [44][200/254]	Time   0.26 (  0.35)	Data 0.0001 (0.0860)	Loss (L1) 3.987 (3.999)
2026-04-26 02:14:31,076 | Epoch: [44][210/254]	Time   0.27 (  0.35)	Data 0.0001 (0.0820)	Loss (L1) 6.261 (4.011)
2026-04-26 02:14:33,735 | Epoch: [44][220/254]	Time   0.27 (  0.34)	Data 0.0001 (0.0783)	Loss (L1) 3.393 (4.007)
2026-04-26 02:14:36,395 | Epoch: [44][230/254]	Time   0.27 (  0.34)	Data 0.0001 (0.0749)	Loss (L1) 3.350 (3.997)
2026-04-26 02:14:39,058 | Epoch: [44][240/254]	Time   0.27 (  0.34)	Data 0.0001 (0.0718)	Loss (L1) 4.373 (3.998)
2026-04-26 02:14:41,715 | Epoch: [44][250/254]	Time   0.27 (  0.33)	Data 0.0002 (0.0689)	Loss (L1) 3.754 (3.995)
2026-04-26 02:14:52,786 | Val: [ 0/25]	Time 10.096 (10.096)	Loss (MSE) 228.072 (228.072)	Loss (L1) 13.462 (13.462)
2026-04-26 02:14:53,624 | Val: [10/25]	Time  0.084 ( 0.994)	Loss (MSE) 50.243 (100.687)	Loss (L1) 5.666 (8.346)
2026-04-26 02:14:54,463 | Val: [20/25]	Time  0.084 ( 0.561)	Loss (MSE) 247.854 (107.743)	Loss (L1) 14.607 (8.497)
2026-04-26 02:14:54,969 |  * Overall: MSE 154.727	L1 10.161	G-Mean 6.978
2026-04-26 02:14:54,969 |  * Many: MSE 94.762	L1 7.862	G-Mean 5.378
2026-04-26 02:14:54,969 |  * Median: MSE 226.081	L1 13.416	G-Mean 10.791
2026-04-26 02:14:54,969 |  * Low: MSE 522.219	L1 22.369	G-Mean 21.825
2026-04-26 02:14:54,970 | Best L1 Loss: 9.678
2026-04-26 02:14:55,193 | Epoch #44: Train loss [3.9984]; Val loss: MSE [154.7271], L1 [10.1613], G-Mean [6.9783]
2026-04-26 02:15:03,999 | Epoch: [45][  0/254]	Time   8.81 (  8.81)	Data 8.6540 (8.6540)	Loss (L1) 3.929 (3.929)
2026-04-26 02:15:09,020 | Epoch: [45][ 10/254]	Time   0.26 (  1.26)	Data 0.0002 (1.0281)	Loss (L1) 4.392 (3.881)
2026-04-26 02:15:11,708 | Epoch: [45][ 20/254]	Time   0.26 (  0.79)	Data 0.0002 (0.5386)	Loss (L1) 3.844 (3.938)
2026-04-26 02:15:14,434 | Epoch: [45][ 30/254]	Time   0.27 (  0.62)	Data 0.0002 (0.3652)	Loss (L1) 3.713 (3.927)
2026-04-26 02:15:18,085 | Epoch: [45][ 40/254]	Time   0.27 (  0.56)	Data 0.0002 (0.3035)	Loss (L1) 3.885 (3.927)
2026-04-26 02:15:20,795 | Epoch: [45][ 50/254]	Time   0.29 (  0.50)	Data 0.0003 (0.2440)	Loss (L1) 3.917 (3.906)
2026-04-26 02:15:23,478 | Epoch: [45][ 60/254]	Time   0.26 (  0.46)	Data 0.0002 (0.2044)	Loss (L1) 4.169 (3.903)
2026-04-26 02:15:26,160 | Epoch: [45][ 70/254]	Time   0.26 (  0.44)	Data 0.0002 (0.1758)	Loss (L1) 4.154 (3.893)
2026-04-26 02:15:28,853 | Epoch: [45][ 80/254]	Time   0.27 (  0.42)	Data 0.0002 (0.1541)	Loss (L1) 3.868 (3.894)
2026-04-26 02:15:31,548 | Epoch: [45][ 90/254]	Time   0.30 (  0.40)	Data 0.0003 (0.1372)	Loss (L1) 4.536 (3.919)
2026-04-26 02:15:34,734 | Epoch: [45][100/254]	Time   0.76 (  0.39)	Data 0.6043 (0.1296)	Loss (L1) 4.212 (3.917)
2026-04-26 02:15:37,380 | Epoch: [45][110/254]	Time   0.26 (  0.38)	Data 0.0002 (0.1180)	Loss (L1) 3.882 (3.922)
2026-04-26 02:15:40,054 | Epoch: [45][120/254]	Time   0.27 (  0.37)	Data 0.0002 (0.1082)	Loss (L1) 3.778 (3.924)
2026-04-26 02:15:42,752 | Epoch: [45][130/254]	Time   0.28 (  0.36)	Data 0.0002 (0.1000)	Loss (L1) 3.770 (3.913)
2026-04-26 02:15:46,294 | Epoch: [45][140/254]	Time   0.27 (  0.36)	Data 0.0002 (0.1002)	Loss (L1) 4.604 (3.918)
2026-04-26 02:15:48,993 | Epoch: [45][150/254]	Time   0.24 (  0.36)	Data 0.0002 (0.0936)	Loss (L1) 4.074 (3.922)
2026-04-26 02:15:51,702 | Epoch: [45][160/254]	Time   0.26 (  0.35)	Data 0.0003 (0.0878)	Loss (L1) 3.927 (3.941)
2026-04-26 02:15:54,767 | Epoch: [45][170/254]	Time   0.26 (  0.35)	Data 0.0002 (0.0855)	Loss (L1) 3.461 (3.931)
2026-04-26 02:15:57,493 | Epoch: [45][180/254]	Time   0.31 (  0.34)	Data 0.0002 (0.0808)	Loss (L1) 3.844 (3.924)
2026-04-26 02:16:00,152 | Epoch: [45][190/254]	Time   0.27 (  0.34)	Data 0.0001 (0.0767)	Loss (L1) 3.474 (3.921)
2026-04-26 02:16:02,916 | Epoch: [45][200/254]	Time   0.26 (  0.34)	Data 0.0001 (0.0739)	Loss (L1) 3.896 (3.922)
2026-04-26 02:16:05,596 | Epoch: [45][210/254]	Time   0.27 (  0.33)	Data 0.0001 (0.0704)	Loss (L1) 3.739 (3.938)
2026-04-26 02:16:08,268 | Epoch: [45][220/254]	Time   0.26 (  0.33)	Data 0.0003 (0.0672)	Loss (L1) 4.452 (3.945)
2026-04-26 02:16:10,924 | Epoch: [45][230/254]	Time   0.27 (  0.33)	Data 0.0001 (0.0643)	Loss (L1) 4.256 (3.944)
2026-04-26 02:16:13,580 | Epoch: [45][240/254]	Time   0.27 (  0.33)	Data 0.0001 (0.0616)	Loss (L1) 4.280 (3.937)
2026-04-26 02:16:16,236 | Epoch: [45][250/254]	Time   0.27 (  0.32)	Data 0.0001 (0.0592)	Loss (L1) 3.710 (3.936)
2026-04-26 02:16:21,997 | Val: [ 0/25]	Time  4.795 ( 4.795)	Loss (MSE) 248.984 (248.984)	Loss (L1) 14.042 (14.042)
2026-04-26 02:16:29,542 | Val: [10/25]	Time  0.084 ( 1.122)	Loss (MSE) 68.008 (116.699)	Loss (L1) 6.833 (8.894)
2026-04-26 02:16:30,380 | Val: [20/25]	Time  0.084 ( 0.628)	Loss (MSE) 222.187 (113.321)	Loss (L1) 13.236 (8.612)
2026-04-26 02:16:30,885 |  * Overall: MSE 150.630	L1 9.975	G-Mean 6.790
2026-04-26 02:16:30,885 |  * Many: MSE 100.333	L1 8.007	G-Mean 5.333
2026-04-26 02:16:30,885 |  * Median: MSE 209.074	L1 12.670	G-Mean 10.117
2026-04-26 02:16:30,886 |  * Low: MSE 463.962	L1 20.759	G-Mean 19.910
2026-04-26 02:16:30,886 | Best L1 Loss: 9.678
2026-04-26 02:16:31,105 | Epoch #45: Train loss [3.9420]; Val loss: MSE [150.6299], L1 [9.9753], G-Mean [6.7897]
2026-04-26 02:16:41,098 | Epoch: [46][  0/254]	Time   9.99 (  9.99)	Data 9.8774 (9.8774)	Loss (L1) 3.644 (3.644)
2026-04-26 02:16:44,881 | Epoch: [46][ 10/254]	Time   0.25 (  1.25)	Data 0.0003 (1.0141)	Loss (L1) 4.390 (4.247)
2026-04-26 02:16:47,567 | Epoch: [46][ 20/254]	Time   0.27 (  0.78)	Data 0.0026 (0.5314)	Loss (L1) 3.922 (4.060)
2026-04-26 02:16:50,240 | Epoch: [46][ 30/254]	Time   0.27 (  0.62)	Data 0.0002 (0.3601)	Loss (L1) 3.728 (4.083)
2026-04-26 02:16:53,478 | Epoch: [46][ 40/254]	Time   0.28 (  0.55)	Data 0.0003 (0.2886)	Loss (L1) 3.567 (4.014)
2026-04-26 02:16:56,154 | Epoch: [46][ 50/254]	Time   0.26 (  0.49)	Data 0.0002 (0.2322)	Loss (L1) 3.829 (3.991)
2026-04-26 02:16:58,816 | Epoch: [46][ 60/254]	Time   0.27 (  0.45)	Data 0.0003 (0.1942)	Loss (L1) 3.901 (3.968)
2026-04-26 02:17:02,503 | Epoch: [46][ 70/254]	Time   0.26 (  0.44)	Data 0.0002 (0.1835)	Loss (L1) 4.137 (3.981)
2026-04-26 02:17:05,179 | Epoch: [46][ 80/254]	Time   0.28 (  0.42)	Data 0.0002 (0.1608)	Loss (L1) 4.079 (3.959)
2026-04-26 02:17:07,866 | Epoch: [46][ 90/254]	Time   0.27 (  0.40)	Data 0.0002 (0.1432)	Loss (L1) 3.931 (3.966)
2026-04-26 02:17:10,609 | Epoch: [46][100/254]	Time   0.28 (  0.39)	Data 0.0001 (0.1291)	Loss (L1) 4.523 (3.953)
2026-04-26 02:17:13,321 | Epoch: [46][110/254]	Time   0.28 (  0.38)	Data 0.0003 (0.1175)	Loss (L1) 4.240 (3.949)
2026-04-26 02:17:15,993 | Epoch: [46][120/254]	Time   0.27 (  0.37)	Data 0.0002 (0.1080)	Loss (L1) 4.790 (3.969)
2026-04-26 02:17:18,733 | Epoch: [46][130/254]	Time   0.28 (  0.36)	Data 0.0003 (0.0998)	Loss (L1) 4.313 (3.966)
2026-04-26 02:17:21,901 | Epoch: [46][140/254]	Time   0.27 (  0.36)	Data 0.0003 (0.0986)	Loss (L1) 3.689 (3.966)
2026-04-26 02:17:24,597 | Epoch: [46][150/254]	Time   0.26 (  0.35)	Data 0.0002 (0.0921)	Loss (L1) 3.971 (3.977)
2026-04-26 02:17:27,330 | Epoch: [46][160/254]	Time   0.25 (  0.35)	Data 0.0003 (0.0864)	Loss (L1) 4.642 (3.989)
2026-04-26 02:17:30,464 | Epoch: [46][170/254]	Time   0.27 (  0.35)	Data 0.0002 (0.0855)	Loss (L1) 4.380 (3.979)
2026-04-26 02:17:33,114 | Epoch: [46][180/254]	Time   0.27 (  0.34)	Data 0.0002 (0.0808)	Loss (L1) 3.729 (3.987)
2026-04-26 02:17:35,777 | Epoch: [46][190/254]	Time   0.27 (  0.34)	Data 0.0001 (0.0766)	Loss (L1) 4.202 (3.990)
2026-04-26 02:17:39,030 | Epoch: [46][200/254]	Time   0.84 (  0.34)	Data 0.7275 (0.0771)	Loss (L1) 4.435 (4.005)
2026-04-26 02:17:41,705 | Epoch: [46][210/254]	Time   0.26 (  0.33)	Data 0.0001 (0.0735)	Loss (L1) 3.543 (3.992)
2026-04-26 02:17:44,366 | Epoch: [46][220/254]	Time   0.26 (  0.33)	Data 0.0001 (0.0702)	Loss (L1) 3.440 (3.987)
2026-04-26 02:17:47,018 | Epoch: [46][230/254]	Time   0.26 (  0.33)	Data 0.0001 (0.0671)	Loss (L1) 3.632 (3.985)
2026-04-26 02:17:49,671 | Epoch: [46][240/254]	Time   0.27 (  0.33)	Data 0.0001 (0.0644)	Loss (L1) 4.433 (3.978)
2026-04-26 02:17:52,323 | Epoch: [46][250/254]	Time   0.27 (  0.32)	Data 0.0001 (0.0618)	Loss (L1) 3.390 (3.989)
2026-04-26 02:18:00,414 | Val: [ 0/25]	Time  7.111 ( 7.111)	Loss (MSE) 212.194 (212.194)	Loss (L1) 12.678 (12.678)
2026-04-26 02:18:03,940 | Val: [10/25]	Time  0.083 ( 0.967)	Loss (MSE) 48.888 (89.974)	Loss (L1) 5.773 (7.776)
2026-04-26 02:18:04,777 | Val: [20/25]	Time  0.084 ( 0.546)	Loss (MSE) 277.704 (108.663)	Loss (L1) 14.960 (8.349)
2026-04-26 02:18:05,270 |  * Overall: MSE 152.127	L1 9.901	G-Mean 6.613
2026-04-26 02:18:05,270 |  * Many: MSE 97.975	L1 7.825	G-Mean 5.152
2026-04-26 02:18:05,270 |  * Median: MSE 223.074	L1 12.898	G-Mean 10.014
2026-04-26 02:18:05,270 |  * Low: MSE 460.382	L1 20.724	G-Mean 19.911
2026-04-26 02:18:05,271 | Best L1 Loss: 9.678
2026-04-26 02:18:05,489 | Epoch #46: Train loss [3.9906]; Val loss: MSE [152.1273], L1 [9.9014], G-Mean [6.6133]
2026-04-26 02:18:10,837 | Epoch: [47][  0/254]	Time   5.35 (  5.35)	Data 5.2243 (5.2243)	Loss (L1) 3.845 (3.845)
2026-04-26 02:18:20,331 | Epoch: [47][ 10/254]	Time   0.26 (  1.35)	Data 0.0008 (1.1523)	Loss (L1) 4.266 (3.908)
2026-04-26 02:18:22,967 | Epoch: [47][ 20/254]	Time   0.26 (  0.83)	Data 0.0002 (0.6037)	Loss (L1) 4.028 (3.928)
2026-04-26 02:18:25,607 | Epoch: [47][ 30/254]	Time   0.26 (  0.65)	Data 0.0003 (0.4092)	Loss (L1) 4.105 (4.037)
2026-04-26 02:18:29,834 | Epoch: [47][ 40/254]	Time   0.27 (  0.59)	Data 0.0003 (0.3587)	Loss (L1) 3.818 (3.974)
2026-04-26 02:18:32,487 | Epoch: [47][ 50/254]	Time   0.26 (  0.53)	Data 0.0003 (0.2885)	Loss (L1) 3.413 (3.940)
2026-04-26 02:18:35,141 | Epoch: [47][ 60/254]	Time   0.26 (  0.49)	Data 0.0003 (0.2415)	Loss (L1) 4.086 (3.974)
2026-04-26 02:18:37,847 | Epoch: [47][ 70/254]	Time   0.29 (  0.46)	Data 0.0002 (0.2078)	Loss (L1) 3.574 (3.955)
2026-04-26 02:18:40,509 | Epoch: [47][ 80/254]	Time   0.26 (  0.43)	Data 0.0002 (0.1822)	Loss (L1) 3.707 (3.938)
2026-04-26 02:18:43,178 | Epoch: [47][ 90/254]	Time   0.26 (  0.41)	Data 0.0002 (0.1622)	Loss (L1) 4.117 (3.949)
2026-04-26 02:18:45,875 | Epoch: [47][100/254]	Time   0.27 (  0.40)	Data 0.0002 (0.1463)	Loss (L1) 4.347 (3.951)
2026-04-26 02:18:48,808 | Epoch: [47][110/254]	Time   0.29 (  0.39)	Data 0.0003 (0.1367)	Loss (L1) 3.929 (3.957)
2026-04-26 02:18:51,502 | Epoch: [47][120/254]	Time   0.29 (  0.38)	Data 0.0003 (0.1255)	Loss (L1) 3.700 (3.947)
2026-04-26 02:18:54,182 | Epoch: [47][130/254]	Time   0.28 (  0.37)	Data 0.0003 (0.1159)	Loss (L1) 3.546 (3.932)
2026-04-26 02:18:57,652 | Epoch: [47][140/254]	Time   0.27 (  0.37)	Data 0.0003 (0.1144)	Loss (L1) 3.857 (3.926)
2026-04-26 02:19:00,334 | Epoch: [47][150/254]	Time   0.27 (  0.36)	Data 0.0002 (0.1068)	Loss (L1) 3.895 (3.924)
2026-04-26 02:19:03,033 | Epoch: [47][160/254]	Time   0.26 (  0.36)	Data 0.0003 (0.1002)	Loss (L1) 4.242 (3.918)
2026-04-26 02:19:06,873 | Epoch: [47][170/254]	Time   0.27 (  0.36)	Data 0.0002 (0.1032)	Loss (L1) 4.075 (3.927)
2026-04-26 02:19:09,591 | Epoch: [47][180/254]	Time   0.26 (  0.35)	Data 0.0002 (0.0975)	Loss (L1) 3.818 (3.919)
2026-04-26 02:19:12,266 | Epoch: [47][190/254]	Time   0.27 (  0.35)	Data 0.0001 (0.0924)	Loss (L1) 4.109 (3.929)
2026-04-26 02:19:14,932 | Epoch: [47][200/254]	Time   0.27 (  0.35)	Data 0.0001 (0.0878)	Loss (L1) 4.307 (3.935)
2026-04-26 02:19:17,592 | Epoch: [47][210/254]	Time   0.26 (  0.34)	Data 0.0001 (0.0837)	Loss (L1) 3.753 (3.942)
2026-04-26 02:19:20,251 | Epoch: [47][220/254]	Time   0.27 (  0.34)	Data 0.0002 (0.0799)	Loss (L1) 4.378 (3.945)
2026-04-26 02:19:22,909 | Epoch: [47][230/254]	Time   0.27 (  0.34)	Data 0.0001 (0.0764)	Loss (L1) 3.514 (3.952)
2026-04-26 02:19:25,565 | Epoch: [47][240/254]	Time   0.27 (  0.33)	Data 0.0002 (0.0733)	Loss (L1) 3.639 (3.948)
2026-04-26 02:19:28,222 | Epoch: [47][250/254]	Time   0.27 (  0.33)	Data 0.0001 (0.0704)	Loss (L1) 3.765 (3.948)
2026-04-26 02:19:38,909 | Val: [ 0/25]	Time  9.723 ( 9.723)	Loss (MSE) 215.401 (215.401)	Loss (L1) 12.902 (12.902)
2026-04-26 02:19:39,748 | Val: [10/25]	Time  0.084 ( 0.960)	Loss (MSE) 51.951 (87.316)	Loss (L1) 5.787 (7.570)
2026-04-26 02:19:40,587 | Val: [20/25]	Time  0.084 ( 0.543)	Loss (MSE) 298.472 (111.934)	Loss (L1) 15.441 (8.473)
2026-04-26 02:19:41,089 |  * Overall: MSE 158.327	L1 10.048	G-Mean 6.652
2026-04-26 02:19:41,089 |  * Many: MSE 101.356	L1 7.970	G-Mean 5.211
2026-04-26 02:19:41,089 |  * Median: MSE 231.325	L1 12.981	G-Mean 9.901
2026-04-26 02:19:41,089 |  * Low: MSE 488.583	L1 21.113	G-Mean 20.122
2026-04-26 02:19:41,090 | Best L1 Loss: 9.678
2026-04-26 02:19:41,314 | Epoch #47: Train loss [3.9495]; Val loss: MSE [158.3274], L1 [10.0481], G-Mean [6.6523]
2026-04-26 02:19:52,726 | Epoch: [48][  0/254]	Time  11.41 ( 11.41)	Data 11.2860 (11.2860)	Loss (L1) 3.674 (3.674)
2026-04-26 02:19:56,597 | Epoch: [48][ 10/254]	Time   0.26 (  1.39)	Data 0.0002 (1.1524)	Loss (L1) 3.744 (3.677)
2026-04-26 02:19:59,239 | Epoch: [48][ 20/254]	Time   0.26 (  0.85)	Data 0.0002 (0.6037)	Loss (L1) 5.217 (3.838)
2026-04-26 02:20:01,921 | Epoch: [48][ 30/254]	Time   0.26 (  0.66)	Data 0.0002 (0.4090)	Loss (L1) 4.889 (3.880)
2026-04-26 02:20:04,910 | Epoch: [48][ 40/254]	Time   0.27 (  0.58)	Data 0.0002 (0.3206)	Loss (L1) 3.773 (3.855)
2026-04-26 02:20:07,600 | Epoch: [48][ 50/254]	Time   0.29 (  0.52)	Data 0.0003 (0.2578)	Loss (L1) 3.987 (3.872)
2026-04-26 02:20:10,274 | Epoch: [48][ 60/254]	Time   0.29 (  0.47)	Data 0.0004 (0.2156)	Loss (L1) 4.219 (3.916)
2026-04-26 02:20:14,188 | Epoch: [48][ 70/254]	Time   0.27 (  0.46)	Data 0.0002 (0.2047)	Loss (L1) 3.674 (3.929)
2026-04-26 02:20:16,877 | Epoch: [48][ 80/254]	Time   0.28 (  0.44)	Data 0.0002 (0.1795)	Loss (L1) 4.220 (3.927)
2026-04-26 02:20:19,635 | Epoch: [48][ 90/254]	Time   0.29 (  0.42)	Data 0.0002 (0.1598)	Loss (L1) 3.488 (3.927)
2026-04-26 02:20:22,391 | Epoch: [48][100/254]	Time   0.29 (  0.41)	Data 0.0005 (0.1440)	Loss (L1) 4.450 (3.933)
2026-04-26 02:20:25,131 | Epoch: [48][110/254]	Time   0.29 (  0.39)	Data 0.0003 (0.1312)	Loss (L1) 4.007 (3.932)
2026-04-26 02:20:27,851 | Epoch: [48][120/254]	Time   0.27 (  0.38)	Data 0.0002 (0.1204)	Loss (L1) 3.768 (3.930)
2026-04-26 02:20:30,649 | Epoch: [48][130/254]	Time   0.28 (  0.38)	Data 0.0003 (0.1113)	Loss (L1) 3.721 (3.939)
2026-04-26 02:20:33,320 | Epoch: [48][140/254]	Time   0.28 (  0.37)	Data 0.0003 (0.1034)	Loss (L1) 3.910 (3.940)
2026-04-26 02:20:36,057 | Epoch: [48][150/254]	Time   0.30 (  0.36)	Data 0.0004 (0.0966)	Loss (L1) 3.794 (3.941)
2026-04-26 02:20:38,762 | Epoch: [48][160/254]	Time   0.28 (  0.36)	Data 0.0002 (0.0906)	Loss (L1) 3.844 (3.939)
2026-04-26 02:20:41,497 | Epoch: [48][170/254]	Time   0.27 (  0.35)	Data 0.0002 (0.0868)	Loss (L1) 3.786 (3.935)
2026-04-26 02:20:44,174 | Epoch: [48][180/254]	Time   0.28 (  0.35)	Data 0.0002 (0.0820)	Loss (L1) 3.918 (3.930)
2026-04-26 02:20:46,860 | Epoch: [48][190/254]	Time   0.27 (  0.34)	Data 0.0001 (0.0777)	Loss (L1) 3.825 (3.918)
2026-04-26 02:20:49,728 | Epoch: [48][200/254]	Time   0.25 (  0.34)	Data 0.0001 (0.0755)	Loss (L1) 3.795 (3.913)
2026-04-26 02:20:52,468 | Epoch: [48][210/254]	Time   0.29 (  0.34)	Data 0.0001 (0.0719)	Loss (L1) 3.609 (3.914)
2026-04-26 02:20:55,104 | Epoch: [48][220/254]	Time   0.27 (  0.33)	Data 0.0001 (0.0687)	Loss (L1) 4.426 (3.910)
2026-04-26 02:20:57,763 | Epoch: [48][230/254]	Time   0.26 (  0.33)	Data 0.0002 (0.0657)	Loss (L1) 3.597 (3.900)
2026-04-26 02:21:00,424 | Epoch: [48][240/254]	Time   0.27 (  0.33)	Data 0.0001 (0.0630)	Loss (L1) 3.511 (3.911)
2026-04-26 02:21:03,088 | Epoch: [48][250/254]	Time   0.27 (  0.33)	Data 0.0001 (0.0605)	Loss (L1) 3.908 (3.909)
2026-04-26 02:21:13,513 | Val: [ 0/25]	Time  9.487 ( 9.487)	Loss (MSE) 253.601 (253.601)	Loss (L1) 14.448 (14.448)
2026-04-26 02:21:14,351 | Val: [10/25]	Time  0.084 ( 0.939)	Loss (MSE) 59.176 (100.857)	Loss (L1) 6.247 (8.227)
2026-04-26 02:21:15,189 | Val: [20/25]	Time  0.084 ( 0.532)	Loss (MSE) 314.540 (123.022)	Loss (L1) 15.643 (8.857)
2026-04-26 02:21:15,686 |  * Overall: MSE 168.757	L1 10.414	G-Mean 6.936
2026-04-26 02:21:15,687 |  * Many: MSE 109.559	L1 8.234	G-Mean 5.381
2026-04-26 02:21:15,687 |  * Median: MSE 252.546	L1 13.715	G-Mean 10.694
2026-04-26 02:21:15,687 |  * Low: MSE 483.131	L1 21.205	G-Mean 20.455
2026-04-26 02:21:15,688 | Best L1 Loss: 9.678
2026-04-26 02:21:15,925 | Epoch #48: Train loss [3.9122]; Val loss: MSE [168.7575], L1 [10.4138], G-Mean [6.9364]
2026-04-26 02:21:22,156 | Epoch: [49][  0/254]	Time   6.23 (  6.23)	Data 6.1193 (6.1193)	Loss (L1) 4.957 (4.957)
2026-04-26 02:21:29,736 | Epoch: [49][ 10/254]	Time   0.30 (  1.26)	Data 0.0003 (1.0379)	Loss (L1) 3.781 (3.892)
2026-04-26 02:21:32,375 | Epoch: [49][ 20/254]	Time   0.26 (  0.78)	Data 0.0002 (0.5438)	Loss (L1) 3.919 (3.839)
2026-04-26 02:21:35,020 | Epoch: [49][ 30/254]	Time   0.26 (  0.62)	Data 0.0002 (0.3685)	Loss (L1) 3.344 (3.835)
2026-04-26 02:21:39,459 | Epoch: [49][ 40/254]	Time   0.26 (  0.57)	Data 0.0002 (0.3295)	Loss (L1) 3.666 (3.802)
2026-04-26 02:21:42,111 | Epoch: [49][ 50/254]	Time   0.26 (  0.51)	Data 0.0002 (0.2650)	Loss (L1) 4.181 (3.875)
2026-04-26 02:21:44,767 | Epoch: [49][ 60/254]	Time   0.26 (  0.47)	Data 0.0002 (0.2216)	Loss (L1) 3.768 (3.853)
2026-04-26 02:21:47,434 | Epoch: [49][ 70/254]	Time   0.26 (  0.44)	Data 0.0002 (0.1905)	Loss (L1) 3.323 (3.856)
2026-04-26 02:21:50,263 | Epoch: [49][ 80/254]	Time   0.27 (  0.42)	Data 0.0002 (0.1707)	Loss (L1) 3.359 (3.836)
2026-04-26 02:21:52,938 | Epoch: [49][ 90/254]	Time   0.27 (  0.41)	Data 0.0002 (0.1519)	Loss (L1) 3.990 (3.856)
2026-04-26 02:21:55,632 | Epoch: [49][100/254]	Time   0.27 (  0.39)	Data 0.0002 (0.1369)	Loss (L1) 3.878 (3.833)
2026-04-26 02:21:59,981 | Epoch: [49][110/254]	Time   0.26 (  0.40)	Data 0.0004 (0.1425)	Loss (L1) 3.771 (3.826)
2026-04-26 02:22:02,658 | Epoch: [49][120/254]	Time   0.26 (  0.39)	Data 0.0002 (0.1308)	Loss (L1) 4.159 (3.835)
2026-04-26 02:22:05,313 | Epoch: [49][130/254]	Time   0.27 (  0.38)	Data 0.0002 (0.1208)	Loss (L1) 3.781 (3.835)
2026-04-26 02:22:09,031 | Epoch: [49][140/254]	Time   0.26 (  0.38)	Data 0.0002 (0.1207)	Loss (L1) 4.490 (3.836)
2026-04-26 02:22:11,727 | Epoch: [49][150/254]	Time   0.27 (  0.37)	Data 0.0002 (0.1127)	Loss (L1) 3.709 (3.840)
2026-04-26 02:22:14,405 | Epoch: [49][160/254]	Time   0.27 (  0.36)	Data 0.0002 (0.1057)	Loss (L1) 3.697 (3.839)
2026-04-26 02:22:17,424 | Epoch: [49][170/254]	Time   0.61 (  0.36)	Data 0.4809 (0.1024)	Loss (L1) 3.691 (3.830)
2026-04-26 02:22:20,119 | Epoch: [49][180/254]	Time   0.27 (  0.35)	Data 0.0002 (0.0967)	Loss (L1) 3.884 (3.828)
2026-04-26 02:22:22,789 | Epoch: [49][190/254]	Time   0.27 (  0.35)	Data 0.0001 (0.0917)	Loss (L1) 3.757 (3.832)
2026-04-26 02:22:25,476 | Epoch: [49][200/254]	Time   0.26 (  0.35)	Data 0.0001 (0.0871)	Loss (L1) 3.434 (3.839)
2026-04-26 02:22:28,134 | Epoch: [49][210/254]	Time   0.27 (  0.34)	Data 0.0001 (0.0830)	Loss (L1) 3.156 (3.842)
2026-04-26 02:22:30,792 | Epoch: [49][220/254]	Time   0.27 (  0.34)	Data 0.0001 (0.0793)	Loss (L1) 3.882 (3.838)
2026-04-26 02:22:33,444 | Epoch: [49][230/254]	Time   0.27 (  0.34)	Data 0.0001 (0.0758)	Loss (L1) 3.896 (3.837)
2026-04-26 02:22:36,098 | Epoch: [49][240/254]	Time   0.27 (  0.33)	Data 0.0001 (0.0727)	Loss (L1) 3.629 (3.839)
2026-04-26 02:22:38,750 | Epoch: [49][250/254]	Time   0.26 (  0.33)	Data 0.0001 (0.0698)	Loss (L1) 3.818 (3.837)
2026-04-26 02:22:49,254 | Val: [ 0/25]	Time  9.554 ( 9.554)	Loss (MSE) 207.360 (207.360)	Loss (L1) 12.787 (12.787)
2026-04-26 02:22:50,167 | Val: [10/25]	Time  0.129 ( 0.952)	Loss (MSE) 32.408 (79.514)	Loss (L1) 4.473 (7.313)
2026-04-26 02:22:51,005 | Val: [20/25]	Time  0.083 ( 0.538)	Loss (MSE) 259.518 (96.074)	Loss (L1) 14.629 (7.833)
2026-04-26 02:22:51,488 |  * Overall: MSE 142.433	L1 9.488	G-Mean 6.240
2026-04-26 02:22:51,488 |  * Many: MSE 82.768	L1 7.145	G-Mean 4.670
2026-04-26 02:22:51,488 |  * Median: MSE 217.663	L1 12.939	G-Mean 10.332
2026-04-26 02:22:51,488 |  * Low: MSE 492.725	L1 21.434	G-Mean 20.660
2026-04-26 02:22:51,489 | Best L1 Loss: 9.488
2026-04-26 02:22:51,713 | ===> Saving current best checkpoint...
2026-04-26 02:22:52,217 | Epoch #49: Train loss [3.8389]; Val loss: MSE [142.4330], L1 [9.4876], G-Mean [6.2398]
2026-04-26 02:22:59,194 | Epoch: [50][  0/254]	Time   6.98 (  6.98)	Data 6.8448 (6.8448)	Loss (L1) 3.945 (3.945)
2026-04-26 02:23:05,391 | Epoch: [50][ 10/254]	Time   0.25 (  1.20)	Data 0.0002 (0.9808)	Loss (L1) 3.824 (3.821)
2026-04-26 02:23:08,032 | Epoch: [50][ 20/254]	Time   0.26 (  0.75)	Data 0.0002 (0.5139)	Loss (L1) 3.885 (3.857)
2026-04-26 02:23:10,677 | Epoch: [50][ 30/254]	Time   0.26 (  0.60)	Data 0.0002 (0.3482)	Loss (L1) 3.936 (3.802)
2026-04-26 02:23:15,775 | Epoch: [50][ 40/254]	Time   0.26 (  0.57)	Data 0.0002 (0.3256)	Loss (L1) 4.009 (3.789)
2026-04-26 02:23:18,485 | Epoch: [50][ 50/254]	Time   0.26 (  0.52)	Data 0.0054 (0.2620)	Loss (L1) 3.776 (3.798)
2026-04-26 02:23:21,188 | Epoch: [50][ 60/254]	Time   0.27 (  0.47)	Data 0.0003 (0.2192)	Loss (L1) 3.777 (3.786)
2026-04-26 02:23:24,130 | Epoch: [50][ 70/254]	Time   0.27 (  0.45)	Data 0.0388 (0.1930)	Loss (L1) 4.438 (3.821)
2026-04-26 02:23:26,853 | Epoch: [50][ 80/254]	Time   0.27 (  0.43)	Data 0.0002 (0.1692)	Loss (L1) 3.552 (3.810)
2026-04-26 02:23:29,563 | Epoch: [50][ 90/254]	Time   0.28 (  0.41)	Data 0.0002 (0.1506)	Loss (L1) 3.666 (3.832)
2026-04-26 02:23:32,614 | Epoch: [50][100/254]	Time   0.28 (  0.40)	Data 0.0002 (0.1411)	Loss (L1) 3.966 (3.828)
2026-04-26 02:23:35,271 | Epoch: [50][110/254]	Time   0.27 (  0.39)	Data 0.0002 (0.1284)	Loss (L1) 4.290 (3.852)
2026-04-26 02:23:37,944 | Epoch: [50][120/254]	Time   0.28 (  0.38)	Data 0.0158 (0.1180)	Loss (L1) 4.056 (3.864)
2026-04-26 02:23:40,677 | Epoch: [50][130/254]	Time   0.31 (  0.37)	Data 0.0002 (0.1091)	Loss (L1) 3.847 (3.856)
2026-04-26 02:23:44,201 | Epoch: [50][140/254]	Time   0.28 (  0.37)	Data 0.0002 (0.1077)	Loss (L1) 4.122 (3.849)
2026-04-26 02:23:46,901 | Epoch: [50][150/254]	Time   0.26 (  0.36)	Data 0.0002 (0.1006)	Loss (L1) 3.556 (3.849)
2026-04-26 02:23:49,569 | Epoch: [50][160/254]	Time   0.26 (  0.36)	Data 0.0002 (0.0944)	Loss (L1) 3.914 (3.853)
2026-04-26 02:23:52,369 | Epoch: [50][170/254]	Time   0.28 (  0.35)	Data 0.0002 (0.0889)	Loss (L1) 3.567 (3.849)
2026-04-26 02:23:55,050 | Epoch: [50][180/254]	Time   0.27 (  0.35)	Data 0.0002 (0.0840)	Loss (L1) 3.848 (3.849)
2026-04-26 02:23:57,749 | Epoch: [50][190/254]	Time   0.28 (  0.34)	Data 0.0001 (0.0797)	Loss (L1) 3.814 (3.847)
2026-04-26 02:24:00,458 | Epoch: [50][200/254]	Time   0.24 (  0.34)	Data 0.0001 (0.0757)	Loss (L1) 3.458 (3.843)
2026-04-26 02:24:03,114 | Epoch: [50][210/254]	Time   0.26 (  0.34)	Data 0.0001 (0.0721)	Loss (L1) 4.120 (3.844)
2026-04-26 02:24:05,755 | Epoch: [50][220/254]	Time   0.26 (  0.33)	Data 0.0001 (0.0689)	Loss (L1) 3.840 (3.836)
2026-04-26 02:24:08,396 | Epoch: [50][230/254]	Time   0.26 (  0.33)	Data 0.0001 (0.0659)	Loss (L1) 4.142 (3.850)
2026-04-26 02:24:11,038 | Epoch: [50][240/254]	Time   0.26 (  0.33)	Data 0.0001 (0.0632)	Loss (L1) 3.735 (3.852)
2026-04-26 02:24:13,677 | Epoch: [50][250/254]	Time   0.26 (  0.32)	Data 0.0001 (0.0607)	Loss (L1) 4.338 (3.857)
2026-04-26 02:24:22,976 | Val: [ 0/25]	Time  8.312 ( 8.312)	Loss (MSE) 232.750 (232.750)	Loss (L1) 13.596 (13.596)
2026-04-26 02:24:25,068 | Val: [10/25]	Time  0.083 ( 0.946)	Loss (MSE) 40.042 (94.444)	Loss (L1) 5.036 (8.009)
2026-04-26 02:24:25,903 | Val: [20/25]	Time  0.083 ( 0.535)	Loss (MSE) 259.847 (104.214)	Loss (L1) 14.662 (8.219)
2026-04-26 02:24:26,403 |  * Overall: MSE 151.659	L1 9.885	G-Mean 6.626
2026-04-26 02:24:26,403 |  * Many: MSE 89.240	L1 7.486	G-Mean 4.984
2026-04-26 02:24:26,403 |  * Median: MSE 233.241	L1 13.504	G-Mean 10.951
2026-04-26 02:24:26,404 |  * Low: MSE 507.674	L1 21.812	G-Mean 21.001
2026-04-26 02:24:26,405 | Best L1 Loss: 9.488
2026-04-26 02:24:26,628 | Epoch #50: Train loss [3.8614]; Val loss: MSE [151.6586], L1 [9.8851], G-Mean [6.6265]
2026-04-26 02:24:38,283 | Epoch: [51][  0/254]	Time  11.65 ( 11.65)	Data 11.5455 (11.5455)	Loss (L1) 3.687 (3.687)
2026-04-26 02:24:40,946 | Epoch: [51][ 10/254]	Time   0.26 (  1.30)	Data 0.0002 (1.0508)	Loss (L1) 3.593 (3.884)
2026-04-26 02:24:43,602 | Epoch: [51][ 20/254]	Time   0.26 (  0.81)	Data 0.0002 (0.5505)	Loss (L1) 5.846 (3.920)
2026-04-26 02:24:46,245 | Epoch: [51][ 30/254]	Time   0.27 (  0.63)	Data 0.0001 (0.3730)	Loss (L1) 4.336 (3.860)
2026-04-26 02:24:49,066 | Epoch: [51][ 40/254]	Time   0.28 (  0.55)	Data 0.0003 (0.2882)	Loss (L1) 3.731 (3.827)
2026-04-26 02:24:51,789 | Epoch: [51][ 50/254]	Time   0.27 (  0.49)	Data 0.0002 (0.2317)	Loss (L1) 3.708 (3.785)
2026-04-26 02:24:54,498 | Epoch: [51][ 60/254]	Time   0.25 (  0.46)	Data 0.0002 (0.1940)	Loss (L1) 3.870 (3.766)
2026-04-26 02:24:57,617 | Epoch: [51][ 70/254]	Time   0.26 (  0.44)	Data 0.0002 (0.1751)	Loss (L1) 3.540 (3.749)
2026-04-26 02:25:00,371 | Epoch: [51][ 80/254]	Time   0.28 (  0.42)	Data 0.0002 (0.1536)	Loss (L1) 3.398 (3.750)
2026-04-26 02:25:03,024 | Epoch: [51][ 90/254]	Time   0.25 (  0.40)	Data 0.0002 (0.1368)	Loss (L1) 3.507 (3.752)
2026-04-26 02:25:06,432 | Epoch: [51][100/254]	Time   0.30 (  0.39)	Data 0.0002 (0.1326)	Loss (L1) 4.249 (3.759)
2026-04-26 02:25:09,067 | Epoch: [51][110/254]	Time   0.26 (  0.38)	Data 0.0002 (0.1207)	Loss (L1) 3.436 (3.777)
2026-04-26 02:25:11,746 | Epoch: [51][120/254]	Time   0.27 (  0.37)	Data 0.0002 (0.1108)	Loss (L1) 3.559 (3.789)
2026-04-26 02:25:14,469 | Epoch: [51][130/254]	Time   0.27 (  0.37)	Data 0.0002 (0.1023)	Loss (L1) 3.890 (3.799)
2026-04-26 02:25:17,917 | Epoch: [51][140/254]	Time   0.26 (  0.36)	Data 0.0002 (0.1016)	Loss (L1) 3.750 (3.797)
2026-04-26 02:25:20,572 | Epoch: [51][150/254]	Time   0.25 (  0.36)	Data 0.0002 (0.0949)	Loss (L1) 3.660 (3.797)
2026-04-26 02:25:23,248 | Epoch: [51][160/254]	Time   0.27 (  0.35)	Data 0.0002 (0.0890)	Loss (L1) 3.641 (3.789)
2026-04-26 02:25:26,886 | Epoch: [51][170/254]	Time   0.24 (  0.35)	Data 0.0002 (0.0903)	Loss (L1) 3.387 (3.793)
2026-04-26 02:25:29,594 | Epoch: [51][180/254]	Time   0.26 (  0.35)	Data 0.0002 (0.0853)	Loss (L1) 3.810 (3.807)
2026-04-26 02:25:32,257 | Epoch: [51][190/254]	Time   0.27 (  0.34)	Data 0.0001 (0.0809)	Loss (L1) 4.194 (3.812)
2026-04-26 02:25:34,918 | Epoch: [51][200/254]	Time   0.24 (  0.34)	Data 0.0108 (0.0770)	Loss (L1) 3.829 (3.814)
2026-04-26 02:25:37,563 | Epoch: [51][210/254]	Time   0.26 (  0.34)	Data 0.0001 (0.0733)	Loss (L1) 4.080 (3.821)
2026-04-26 02:25:40,207 | Epoch: [51][220/254]	Time   0.26 (  0.33)	Data 0.0001 (0.0700)	Loss (L1) 3.658 (3.822)
2026-04-26 02:25:42,852 | Epoch: [51][230/254]	Time   0.26 (  0.33)	Data 0.0001 (0.0670)	Loss (L1) 3.661 (3.817)
2026-04-26 02:25:45,500 | Epoch: [51][240/254]	Time   0.27 (  0.33)	Data 0.0001 (0.0642)	Loss (L1) 3.591 (3.815)
2026-04-26 02:25:48,148 | Epoch: [51][250/254]	Time   0.26 (  0.32)	Data 0.0001 (0.0616)	Loss (L1) 3.839 (3.807)
2026-04-26 02:25:54,497 | Val: [ 0/25]	Time  5.393 ( 5.393)	Loss (MSE) 273.982 (273.982)	Loss (L1) 15.367 (15.367)
2026-04-26 02:25:58,999 | Val: [10/25]	Time  0.114 ( 0.900)	Loss (MSE) 51.619 (107.445)	Loss (L1) 5.701 (8.531)
2026-04-26 02:25:59,833 | Val: [20/25]	Time  0.083 ( 0.511)	Loss (MSE) 219.413 (104.727)	Loss (L1) 13.483 (8.347)
2026-04-26 02:26:00,318 |  * Overall: MSE 142.020	L1 9.769	G-Mean 6.675
2026-04-26 02:26:00,318 |  * Many: MSE 88.104	L1 7.562	G-Mean 5.093
2026-04-26 02:26:00,318 |  * Median: MSE 214.094	L1 13.142	G-Mean 10.733
2026-04-26 02:26:00,318 |  * Low: MSE 443.719	L1 20.585	G-Mean 20.101
2026-04-26 02:26:00,319 | Best L1 Loss: 9.488
2026-04-26 02:26:00,542 | Epoch #51: Train loss [3.8083]; Val loss: MSE [142.0202], L1 [9.7691], G-Mean [6.6746]
2026-04-26 02:26:10,806 | Epoch: [52][  0/254]	Time  10.26 ( 10.26)	Data 10.1299 (10.1299)	Loss (L1) 3.697 (3.697)
2026-04-26 02:26:14,271 | Epoch: [52][ 10/254]	Time   0.26 (  1.25)	Data 0.0050 (1.0080)	Loss (L1) 3.902 (3.873)
2026-04-26 02:26:16,998 | Epoch: [52][ 20/254]	Time   0.25 (  0.78)	Data 0.0003 (0.5314)	Loss (L1) 3.416 (3.833)
2026-04-26 02:26:19,703 | Epoch: [52][ 30/254]	Time   0.26 (  0.62)	Data 0.0003 (0.3604)	Loss (L1) 3.899 (3.801)
2026-04-26 02:26:22,459 | Epoch: [52][ 40/254]	Time   0.27 (  0.53)	Data 0.0003 (0.2774)	Loss (L1) 3.696 (3.830)
2026-04-26 02:26:25,175 | Epoch: [52][ 50/254]	Time   0.27 (  0.48)	Data 0.0002 (0.2233)	Loss (L1) 3.573 (3.828)
2026-04-26 02:26:27,872 | Epoch: [52][ 60/254]	Time   0.31 (  0.45)	Data 0.0002 (0.1867)	Loss (L1) 3.368 (3.794)
2026-04-26 02:26:30,995 | Epoch: [52][ 70/254]	Time   0.27 (  0.43)	Data 0.0002 (0.1716)	Loss (L1) 3.798 (3.774)
2026-04-26 02:26:33,701 | Epoch: [52][ 80/254]	Time   0.29 (  0.41)	Data 0.0003 (0.1505)	Loss (L1) 3.259 (3.758)
2026-04-26 02:26:36,381 | Epoch: [52][ 90/254]	Time   0.27 (  0.39)	Data 0.0003 (0.1340)	Loss (L1) 3.859 (3.769)
2026-04-26 02:26:39,113 | Epoch: [52][100/254]	Time   0.26 (  0.38)	Data 0.0002 (0.1230)	Loss (L1) 3.852 (3.760)
2026-04-26 02:26:41,791 | Epoch: [52][110/254]	Time   0.28 (  0.37)	Data 0.0002 (0.1120)	Loss (L1) 3.621 (3.755)
2026-04-26 02:26:44,554 | Epoch: [52][120/254]	Time   0.28 (  0.36)	Data 0.0002 (0.1028)	Loss (L1) 4.081 (3.757)
2026-04-26 02:26:47,225 | Epoch: [52][130/254]	Time   0.28 (  0.36)	Data 0.0002 (0.0950)	Loss (L1) 3.920 (3.759)
2026-04-26 02:26:50,668 | Epoch: [52][140/254]	Time   0.25 (  0.36)	Data 0.0002 (0.0951)	Loss (L1) 3.896 (3.757)
2026-04-26 02:26:53,372 | Epoch: [52][150/254]	Time   0.25 (  0.35)	Data 0.0004 (0.0888)	Loss (L1) 3.842 (3.757)
2026-04-26 02:26:56,074 | Epoch: [52][160/254]	Time   0.28 (  0.34)	Data 0.0003 (0.0833)	Loss (L1) 3.627 (3.757)
2026-04-26 02:27:00,071 | Epoch: [52][170/254]	Time   0.28 (  0.35)	Data 0.0181 (0.0874)	Loss (L1) 3.967 (3.769)
2026-04-26 02:27:02,767 | Epoch: [52][180/254]	Time   0.26 (  0.34)	Data 0.0002 (0.0825)	Loss (L1) 3.920 (3.777)
2026-04-26 02:27:05,532 | Epoch: [52][190/254]	Time   0.28 (  0.34)	Data 0.0001 (0.0783)	Loss (L1) 3.330 (3.778)
2026-04-26 02:27:08,530 | Epoch: [52][200/254]	Time   0.30 (  0.34)	Data 0.0001 (0.0767)	Loss (L1) 4.053 (3.789)
2026-04-26 02:27:11,151 | Epoch: [52][210/254]	Time   0.26 (  0.33)	Data 0.0001 (0.0730)	Loss (L1) 3.487 (3.798)
2026-04-26 02:27:13,801 | Epoch: [52][220/254]	Time   0.27 (  0.33)	Data 0.0001 (0.0697)	Loss (L1) 3.471 (3.804)
2026-04-26 02:27:16,454 | Epoch: [52][230/254]	Time   0.27 (  0.33)	Data 0.0001 (0.0667)	Loss (L1) 4.108 (3.806)
2026-04-26 02:27:19,106 | Epoch: [52][240/254]	Time   0.27 (  0.33)	Data 0.0001 (0.0640)	Loss (L1) 3.915 (3.811)
2026-04-26 02:27:21,758 | Epoch: [52][250/254]	Time   0.26 (  0.32)	Data 0.0001 (0.0614)	Loss (L1) 4.548 (3.815)
2026-04-26 02:27:30,551 | Val: [ 0/25]	Time  7.817 ( 7.817)	Loss (MSE) 244.439 (244.439)	Loss (L1) 14.004 (14.004)
2026-04-26 02:27:33,104 | Val: [10/25]	Time  0.084 ( 0.943)	Loss (MSE) 58.531 (103.910)	Loss (L1) 6.295 (8.333)
2026-04-26 02:27:33,942 | Val: [20/25]	Time  0.084 ( 0.534)	Loss (MSE) 223.210 (106.252)	Loss (L1) 13.378 (8.331)
2026-04-26 02:27:34,440 |  * Overall: MSE 143.677	L1 9.734	G-Mean 6.649
2026-04-26 02:27:34,440 |  * Many: MSE 94.677	L1 7.801	G-Mean 5.263
2026-04-26 02:27:34,440 |  * Median: MSE 201.660	L1 12.340	G-Mean 9.644
2026-04-26 02:27:34,441 |  * Low: MSE 445.138	L1 20.473	G-Mean 19.859
2026-04-26 02:27:34,442 | Best L1 Loss: 9.488
2026-04-26 02:27:34,680 | Epoch #52: Train loss [3.8158]; Val loss: MSE [143.6772], L1 [9.7344], G-Mean [6.6494]
2026-04-26 02:27:45,912 | Epoch: [53][  0/254]	Time  11.23 ( 11.23)	Data 11.0987 (11.0987)	Loss (L1) 3.890 (3.890)
2026-04-26 02:27:49,609 | Epoch: [53][ 10/254]	Time   0.25 (  1.36)	Data 0.0002 (1.1189)	Loss (L1) 4.095 (3.748)
2026-04-26 02:27:52,275 | Epoch: [53][ 20/254]	Time   0.26 (  0.84)	Data 0.0002 (0.5864)	Loss (L1) 3.681 (3.722)
2026-04-26 02:27:54,974 | Epoch: [53][ 30/254]	Time   0.26 (  0.65)	Data 0.0002 (0.3973)	Loss (L1) 3.716 (3.756)
2026-04-26 02:27:58,906 | Epoch: [53][ 40/254]	Time   0.27 (  0.59)	Data 0.0003 (0.3396)	Loss (L1) 3.641 (3.734)
2026-04-26 02:28:01,588 | Epoch: [53][ 50/254]	Time   0.27 (  0.53)	Data 0.0002 (0.2735)	Loss (L1) 3.338 (3.694)
2026-04-26 02:28:04,267 | Epoch: [53][ 60/254]	Time   0.25 (  0.49)	Data 0.0003 (0.2288)	Loss (L1) 3.768 (3.726)
2026-04-26 02:28:07,600 | Epoch: [53][ 70/254]	Time   0.26 (  0.46)	Data 0.0002 (0.2087)	Loss (L1) 3.609 (3.737)
2026-04-26 02:28:10,277 | Epoch: [53][ 80/254]	Time   0.27 (  0.44)	Data 0.0002 (0.1830)	Loss (L1) 3.503 (3.747)
2026-04-26 02:28:12,960 | Epoch: [53][ 90/254]	Time   0.27 (  0.42)	Data 0.0003 (0.1629)	Loss (L1) 4.537 (3.754)
2026-04-26 02:28:15,652 | Epoch: [53][100/254]	Time   0.27 (  0.41)	Data 0.0002 (0.1472)	Loss (L1) 3.568 (3.761)
2026-04-26 02:28:18,678 | Epoch: [53][110/254]	Time   0.27 (  0.40)	Data 0.0002 (0.1384)	Loss (L1) 3.727 (3.749)
2026-04-26 02:28:21,356 | Epoch: [53][120/254]	Time   0.28 (  0.39)	Data 0.0002 (0.1270)	Loss (L1) 3.680 (3.736)
2026-04-26 02:28:24,435 | Epoch: [53][130/254]	Time   0.66 (  0.38)	Data 0.5569 (0.1216)	Loss (L1) 3.421 (3.731)
2026-04-26 02:28:27,679 | Epoch: [53][140/254]	Time   0.26 (  0.38)	Data 0.0002 (0.1180)	Loss (L1) 4.109 (3.749)
2026-04-26 02:28:30,369 | Epoch: [53][150/254]	Time   0.27 (  0.37)	Data 0.0002 (0.1102)	Loss (L1) 3.722 (3.745)
2026-04-26 02:28:33,057 | Epoch: [53][160/254]	Time   0.27 (  0.36)	Data 0.0003 (0.1034)	Loss (L1) 4.294 (3.752)
2026-04-26 02:28:35,901 | Epoch: [53][170/254]	Time   0.27 (  0.36)	Data 0.0001 (0.0996)	Loss (L1) 4.952 (3.772)
2026-04-26 02:28:46,690 | Epoch: [53][180/254]	Time   0.27 (  0.40)	Data 0.0001 (0.1400)	Loss (L1) 3.463 (3.775)
2026-04-26 02:28:49,337 | Epoch: [53][190/254]	Time   0.26 (  0.39)	Data 0.0001 (0.1327)	Loss (L1) 3.656 (3.773)
2026-04-26 02:28:59,569 | Epoch: [53][200/254]	Time   0.27 (  0.42)	Data 0.0001 (0.1661)	Loss (L1) 3.514 (3.772)
2026-04-26 02:29:02,357 | Epoch: [53][210/254]	Time   0.26 (  0.42)	Data 0.0001 (0.1597)	Loss (L1) 3.808 (3.765)
2026-04-26 02:29:05,023 | Epoch: [53][220/254]	Time   0.26 (  0.41)	Data 0.0001 (0.1524)	Loss (L1) 3.609 (3.771)
2026-04-26 02:29:07,669 | Epoch: [53][230/254]	Time   0.26 (  0.40)	Data 0.0001 (0.1458)	Loss (L1) 3.804 (3.775)
2026-04-26 02:29:10,318 | Epoch: [53][240/254]	Time   0.26 (  0.40)	Data 0.0001 (0.1398)	Loss (L1) 3.449 (3.779)
2026-04-26 02:29:12,966 | Epoch: [53][250/254]	Time   0.27 (  0.39)	Data 0.0001 (0.1342)	Loss (L1) 3.968 (3.773)
2026-04-26 02:29:23,825 | Val: [ 0/25]	Time  9.913 ( 9.913)	Loss (MSE) 224.302 (224.302)	Loss (L1) 13.704 (13.704)
2026-04-26 02:29:24,663 | Val: [10/25]	Time  0.083 ( 0.977)	Loss (MSE) 43.259 (87.366)	Loss (L1) 5.357 (7.716)
2026-04-26 02:29:25,498 | Val: [20/25]	Time  0.084 ( 0.552)	Loss (MSE) 349.431 (121.337)	Loss (L1) 17.213 (8.839)
2026-04-26 02:29:26,003 |  * Overall: MSE 186.350	L1 10.866	G-Mean 7.159
2026-04-26 02:29:26,003 |  * Many: MSE 109.211	L1 8.224	G-Mean 5.388
2026-04-26 02:29:26,003 |  * Median: MSE 276.867	L1 14.565	G-Mean 11.584
2026-04-26 02:29:26,003 |  * Low: MSE 663.700	L1 25.042	G-Mean 24.287
2026-04-26 02:29:26,004 | Best L1 Loss: 9.488
2026-04-26 02:29:26,234 | Epoch #53: Train loss [3.7714]; Val loss: MSE [186.3495], L1 [10.8660], G-Mean [7.1585]
2026-04-26 02:29:37,139 | Epoch: [54][  0/254]	Time  10.90 ( 10.90)	Data 10.7934 (10.7934)	Loss (L1) 3.889 (3.889)
2026-04-26 02:29:40,120 | Epoch: [54][ 10/254]	Time   0.61 (  1.26)	Data 0.5046 (1.0273)	Loss (L1) 3.897 (3.812)
2026-04-26 02:29:42,762 | Epoch: [54][ 20/254]	Time   0.27 (  0.79)	Data 0.0002 (0.5382)	Loss (L1) 3.394 (3.687)
2026-04-26 02:29:45,400 | Epoch: [54][ 30/254]	Time   0.26 (  0.62)	Data 0.0002 (0.3647)	Loss (L1) 3.355 (3.678)
2026-04-26 02:29:48,942 | Epoch: [54][ 40/254]	Time   0.26 (  0.55)	Data 0.0002 (0.3106)	Loss (L1) 3.484 (3.688)
2026-04-26 02:29:51,608 | Epoch: [54][ 50/254]	Time   0.27 (  0.50)	Data 0.0003 (0.2497)	Loss (L1) 3.622 (3.703)
2026-04-26 02:29:54,292 | Epoch: [54][ 60/254]	Time   0.29 (  0.46)	Data 0.0002 (0.2088)	Loss (L1) 4.031 (3.757)
2026-04-26 02:29:56,979 | Epoch: [54][ 70/254]	Time   0.26 (  0.43)	Data 0.0002 (0.1797)	Loss (L1) 3.865 (3.764)
2026-04-26 02:30:00,509 | Epoch: [54][ 80/254]	Time   0.27 (  0.42)	Data 0.0002 (0.1698)	Loss (L1) 3.350 (3.745)
2026-04-26 02:30:03,179 | Epoch: [54][ 90/254]	Time   0.26 (  0.41)	Data 0.0034 (0.1512)	Loss (L1) 3.942 (3.779)
2026-04-26 02:30:05,852 | Epoch: [54][100/254]	Time   0.27 (  0.39)	Data 0.0002 (0.1363)	Loss (L1) 3.732 (3.786)
2026-04-26 02:30:09,069 | Epoch: [54][110/254]	Time   0.28 (  0.39)	Data 0.0002 (0.1298)	Loss (L1) 3.408 (3.775)
2026-04-26 02:30:11,807 | Epoch: [54][120/254]	Time   0.26 (  0.38)	Data 0.0004 (0.1191)	Loss (L1) 3.510 (3.774)
2026-04-26 02:30:14,494 | Epoch: [54][130/254]	Time   0.27 (  0.37)	Data 0.0002 (0.1101)	Loss (L1) 3.546 (3.776)
2026-04-26 02:30:17,563 | Epoch: [54][140/254]	Time   0.24 (  0.36)	Data 0.0002 (0.1067)	Loss (L1) 3.373 (3.780)
2026-04-26 02:30:20,220 | Epoch: [54][150/254]	Time   0.25 (  0.36)	Data 0.0002 (0.0998)	Loss (L1) 3.844 (3.778)
2026-04-26 02:30:22,919 | Epoch: [54][160/254]	Time   0.27 (  0.35)	Data 0.0002 (0.0936)	Loss (L1) 4.271 (3.785)
2026-04-26 02:30:26,215 | Epoch: [54][170/254]	Time   0.64 (  0.35)	Data 0.5024 (0.0937)	Loss (L1) 3.938 (3.782)
2026-04-26 02:30:28,884 | Epoch: [54][180/254]	Time   0.26 (  0.35)	Data 0.0002 (0.0885)	Loss (L1) 3.403 (3.774)
2026-04-26 02:30:31,578 | Epoch: [54][190/254]	Time   0.29 (  0.34)	Data 0.0001 (0.0839)	Loss (L1) 4.284 (3.772)
2026-04-26 02:30:34,265 | Epoch: [54][200/254]	Time   0.27 (  0.34)	Data 0.0001 (0.0797)	Loss (L1) 3.467 (3.766)
2026-04-26 02:30:37,101 | Epoch: [54][210/254]	Time   0.26 (  0.34)	Data 0.0001 (0.0775)	Loss (L1) 2.858 (3.756)
2026-04-26 02:30:39,778 | Epoch: [54][220/254]	Time   0.27 (  0.33)	Data 0.0001 (0.0740)	Loss (L1) 3.950 (3.757)
2026-04-26 02:30:42,436 | Epoch: [54][230/254]	Time   0.27 (  0.33)	Data 0.0001 (0.0708)	Loss (L1) 3.762 (3.764)
2026-04-26 02:30:45,094 | Epoch: [54][240/254]	Time   0.27 (  0.33)	Data 0.0001 (0.0679)	Loss (L1) 3.820 (3.766)
2026-04-26 02:30:47,750 | Epoch: [54][250/254]	Time   0.26 (  0.32)	Data 0.0001 (0.0652)	Loss (L1) 2.942 (3.763)
2026-04-26 02:30:57,837 | Val: [ 0/25]	Time  9.154 ( 9.154)	Loss (MSE) 239.050 (239.050)	Loss (L1) 14.157 (14.157)
2026-04-26 02:30:58,682 | Val: [10/25]	Time  0.083 ( 0.909)	Loss (MSE) 36.483 (86.520)	Loss (L1) 4.922 (7.562)
2026-04-26 02:30:59,518 | Val: [20/25]	Time  0.084 ( 0.516)	Loss (MSE) 232.891 (91.848)	Loss (L1) 13.970 (7.673)
2026-04-26 02:31:00,005 |  * Overall: MSE 132.284	L1 9.214	G-Mean 6.126
2026-04-26 02:31:00,006 |  * Many: MSE 76.432	L1 6.902	G-Mean 4.560
2026-04-26 02:31:00,006 |  * Median: MSE 206.162	L1 12.733	G-Mean 10.338
2026-04-26 02:31:00,006 |  * Low: MSE 447.660	L1 20.602	G-Mean 20.026
2026-04-26 02:31:00,006 | Best L1 Loss: 9.214
2026-04-26 02:31:00,216 | ===> Saving current best checkpoint...
2026-04-26 02:31:00,711 | Epoch #54: Train loss [3.7665]; Val loss: MSE [132.2844], L1 [9.2143], G-Mean [6.1260]
2026-04-26 02:31:13,087 | Epoch: [55][  0/254]	Time  12.38 ( 12.38)	Data 12.2580 (12.2580)	Loss (L1) 3.127 (3.127)
2026-04-26 02:31:15,729 | Epoch: [55][ 10/254]	Time   0.26 (  1.37)	Data 0.0002 (1.1146)	Loss (L1) 3.653 (3.649)
2026-04-26 02:31:18,375 | Epoch: [55][ 20/254]	Time   0.26 (  0.84)	Data 0.0002 (0.5840)	Loss (L1) 3.489 (3.675)
2026-04-26 02:31:21,023 | Epoch: [55][ 30/254]	Time   0.26 (  0.66)	Data 0.0002 (0.3957)	Loss (L1) 3.082 (3.639)
2026-04-26 02:31:26,553 | Epoch: [55][ 40/254]	Time   0.27 (  0.63)	Data 0.0002 (0.3732)	Loss (L1) 3.463 (3.637)
2026-04-26 02:31:29,206 | Epoch: [55][ 50/254]	Time   0.27 (  0.56)	Data 0.0002 (0.3000)	Loss (L1) 4.146 (3.695)
2026-04-26 02:31:31,924 | Epoch: [55][ 60/254]	Time   0.27 (  0.51)	Data 0.0002 (0.2509)	Loss (L1) 3.641 (3.686)
2026-04-26 02:31:34,635 | Epoch: [55][ 70/254]	Time   0.27 (  0.48)	Data 0.0002 (0.2159)	Loss (L1) 3.844 (3.683)
2026-04-26 02:31:37,356 | Epoch: [55][ 80/254]	Time   0.29 (  0.45)	Data 0.0004 (0.1894)	Loss (L1) 4.241 (3.680)
2026-04-26 02:31:40,100 | Epoch: [55][ 90/254]	Time   0.28 (  0.43)	Data 0.0002 (0.1688)	Loss (L1) 3.619 (3.663)
2026-04-26 02:31:43,092 | Epoch: [55][100/254]	Time   0.28 (  0.42)	Data 0.0002 (0.1570)	Loss (L1) 3.497 (3.659)
2026-04-26 02:31:45,764 | Epoch: [55][110/254]	Time   0.27 (  0.41)	Data 0.0002 (0.1429)	Loss (L1) 3.972 (3.690)
2026-04-26 02:31:48,469 | Epoch: [55][120/254]	Time   0.26 (  0.39)	Data 0.0002 (0.1311)	Loss (L1) 3.813 (3.695)
2026-04-26 02:31:51,801 | Epoch: [55][130/254]	Time   0.27 (  0.39)	Data 0.0002 (0.1273)	Loss (L1) 3.627 (3.707)
2026-04-26 02:31:54,472 | Epoch: [55][140/254]	Time   0.27 (  0.38)	Data 0.0002 (0.1183)	Loss (L1) 3.403 (3.699)
2026-04-26 02:31:57,217 | Epoch: [55][150/254]	Time   0.24 (  0.37)	Data 0.0002 (0.1104)	Loss (L1) 3.585 (3.699)
2026-04-26 02:32:00,960 | Epoch: [55][160/254]	Time   1.31 (  0.37)	Data 1.1841 (0.1110)	Loss (L1) 3.393 (3.703)
2026-04-26 02:32:03,631 | Epoch: [55][170/254]	Time   0.25 (  0.37)	Data 0.0002 (0.1045)	Loss (L1) 3.506 (3.706)
2026-04-26 02:32:06,322 | Epoch: [55][180/254]	Time   0.27 (  0.36)	Data 0.0002 (0.0988)	Loss (L1) 4.129 (3.701)
2026-04-26 02:32:09,034 | Epoch: [55][190/254]	Time   0.25 (  0.36)	Data 0.0001 (0.0938)	Loss (L1) 3.547 (3.694)
2026-04-26 02:32:12,349 | Epoch: [55][200/254]	Time   0.29 (  0.36)	Data 0.0001 (0.0926)	Loss (L1) 3.774 (3.693)
2026-04-26 02:32:15,011 | Epoch: [55][210/254]	Time   0.27 (  0.35)	Data 0.0001 (0.0882)	Loss (L1) 3.295 (3.698)
2026-04-26 02:32:17,665 | Epoch: [55][220/254]	Time   0.26 (  0.35)	Data 0.0001 (0.0842)	Loss (L1) 3.725 (3.693)
2026-04-26 02:32:20,319 | Epoch: [55][230/254]	Time   0.27 (  0.34)	Data 0.0001 (0.0806)	Loss (L1) 3.415 (3.694)
2026-04-26 02:32:22,973 | Epoch: [55][240/254]	Time   0.27 (  0.34)	Data 0.0001 (0.0772)	Loss (L1) 4.524 (3.703)
2026-04-26 02:32:25,627 | Epoch: [55][250/254]	Time   0.27 (  0.34)	Data 0.0000 (0.0742)	Loss (L1) 3.838 (3.705)
2026-04-26 02:32:33,349 | Val: [ 0/25]	Time  6.747 ( 6.747)	Loss (MSE) 200.923 (200.923)	Loss (L1) 12.575 (12.575)
2026-04-26 02:32:37,028 | Val: [10/25]	Time  0.084 ( 0.948)	Loss (MSE) 43.472 (79.540)	Loss (L1) 5.332 (7.332)
2026-04-26 02:32:37,864 | Val: [20/25]	Time  0.083 ( 0.536)	Loss (MSE) 317.995 (111.280)	Loss (L1) 16.306 (8.346)
2026-04-26 02:32:38,384 |  * Overall: MSE 168.715	L1 10.244	G-Mean 6.625
2026-04-26 02:32:38,384 |  * Many: MSE 101.625	L1 7.828	G-Mean 5.008
2026-04-26 02:32:38,384 |  * Median: MSE 246.926	L1 13.575	G-Mean 10.592
2026-04-26 02:32:38,384 |  * Low: MSE 585.744	L1 23.394	G-Mean 22.456
2026-04-26 02:32:38,385 | Best L1 Loss: 9.214
2026-04-26 02:32:38,627 | Epoch #55: Train loss [3.7046]; Val loss: MSE [168.7149], L1 [10.2441], G-Mean [6.6249]
2026-04-26 02:32:46,474 | Epoch: [56][  0/254]	Time   7.85 (  7.85)	Data 7.6994 (7.6994)	Loss (L1) 2.986 (2.986)
2026-04-26 02:32:53,516 | Epoch: [56][ 10/254]	Time   0.26 (  1.35)	Data 0.0002 (1.1108)	Loss (L1) 3.296 (3.558)
2026-04-26 02:32:56,165 | Epoch: [56][ 20/254]	Time   0.27 (  0.84)	Data 0.0002 (0.5819)	Loss (L1) 3.070 (3.577)
2026-04-26 02:32:58,856 | Epoch: [56][ 30/254]	Time   0.30 (  0.65)	Data 0.0002 (0.3943)	Loss (L1) 3.499 (3.557)
2026-04-26 02:33:01,826 | Epoch: [56][ 40/254]	Time   0.27 (  0.57)	Data 0.0002 (0.3101)	Loss (L1) 4.438 (3.609)
2026-04-26 02:33:04,507 | Epoch: [56][ 50/254]	Time   0.26 (  0.51)	Data 0.0002 (0.2493)	Loss (L1) 3.491 (3.596)
2026-04-26 02:33:07,232 | Epoch: [56][ 60/254]	Time   0.30 (  0.47)	Data 0.0002 (0.2085)	Loss (L1) 3.715 (3.577)
2026-04-26 02:33:09,938 | Epoch: [56][ 70/254]	Time   0.29 (  0.44)	Data 0.0003 (0.1800)	Loss (L1) 4.034 (3.583)
2026-04-26 02:33:12,622 | Epoch: [56][ 80/254]	Time   0.26 (  0.42)	Data 0.0003 (0.1579)	Loss (L1) 2.839 (3.595)
2026-04-26 02:33:15,348 | Epoch: [56][ 90/254]	Time   0.26 (  0.40)	Data 0.0002 (0.1405)	Loss (L1) 3.509 (3.614)
2026-04-26 02:33:19,367 | Epoch: [56][100/254]	Time   0.26 (  0.40)	Data 0.0002 (0.1409)	Loss (L1) 3.639 (3.626)
2026-04-26 02:33:22,033 | Epoch: [56][110/254]	Time   0.26 (  0.39)	Data 0.0002 (0.1282)	Loss (L1) 3.768 (3.652)
2026-04-26 02:33:24,744 | Epoch: [56][120/254]	Time   0.27 (  0.38)	Data 0.0002 (0.1176)	Loss (L1) 3.867 (3.641)
2026-04-26 02:33:28,444 | Epoch: [56][130/254]	Time   0.29 (  0.38)	Data 0.0003 (0.1174)	Loss (L1) 3.183 (3.664)
2026-04-26 02:33:31,145 | Epoch: [56][140/254]	Time   0.28 (  0.37)	Data 0.0073 (0.1093)	Loss (L1) 3.803 (3.672)
2026-04-26 02:33:33,802 | Epoch: [56][150/254]	Time   0.27 (  0.37)	Data 0.0004 (0.1020)	Loss (L1) 4.512 (3.673)
2026-04-26 02:33:36,540 | Epoch: [56][160/254]	Time   0.30 (  0.36)	Data 0.0003 (0.0957)	Loss (L1) 3.964 (3.662)
2026-04-26 02:33:39,542 | Epoch: [56][170/254]	Time   0.28 (  0.36)	Data 0.0003 (0.0929)	Loss (L1) 3.691 (3.668)
2026-04-26 02:33:42,245 | Epoch: [56][180/254]	Time   0.25 (  0.35)	Data 0.0002 (0.0878)	Loss (L1) 3.492 (3.668)
2026-04-26 02:33:44,985 | Epoch: [56][190/254]	Time   0.26 (  0.35)	Data 0.0002 (0.0834)	Loss (L1) 4.033 (3.666)
2026-04-26 02:33:47,925 | Epoch: [56][200/254]	Time   0.26 (  0.34)	Data 0.0001 (0.0812)	Loss (L1) 4.384 (3.669)
2026-04-26 02:33:50,596 | Epoch: [56][210/254]	Time   0.26 (  0.34)	Data 0.0001 (0.0773)	Loss (L1) 3.694 (3.671)
2026-04-26 02:33:53,250 | Epoch: [56][220/254]	Time   0.26 (  0.34)	Data 0.0001 (0.0738)	Loss (L1) 3.323 (3.672)
2026-04-26 02:33:55,904 | Epoch: [56][230/254]	Time   0.27 (  0.33)	Data 0.0001 (0.0706)	Loss (L1) 3.740 (3.677)
2026-04-26 02:33:58,557 | Epoch: [56][240/254]	Time   0.26 (  0.33)	Data 0.0001 (0.0677)	Loss (L1) 3.277 (3.681)
2026-04-26 02:34:01,212 | Epoch: [56][250/254]	Time   0.27 (  0.33)	Data 0.0001 (0.0650)	Loss (L1) 3.424 (3.684)
2026-04-26 02:34:08,165 | Val: [ 0/25]	Time  5.991 ( 5.991)	Loss (MSE) 300.863 (300.863)	Loss (L1) 15.762 (15.762)
2026-04-26 02:34:11,553 | Val: [10/25]	Time  0.084 ( 0.853)	Loss (MSE) 56.970 (115.363)	Loss (L1) 6.046 (8.801)
2026-04-26 02:34:12,807 | Val: [20/25]	Time  0.083 ( 0.506)	Loss (MSE) 264.257 (118.880)	Loss (L1) 14.791 (8.875)
2026-04-26 02:34:13,313 |  * Overall: MSE 165.339	L1 10.487	G-Mean 7.099
2026-04-26 02:34:13,313 |  * Many: MSE 100.254	L1 8.073	G-Mean 5.414
2026-04-26 02:34:13,313 |  * Median: MSE 251.287	L1 14.127	G-Mean 11.361
2026-04-26 02:34:13,313 |  * Low: MSE 533.359	L1 22.499	G-Mean 21.875
2026-04-26 02:34:13,314 | Best L1 Loss: 9.214
2026-04-26 02:34:13,537 | Epoch #56: Train loss [3.6800]; Val loss: MSE [165.3386], L1 [10.4871], G-Mean [7.0991]
2026-04-26 02:34:20,988 | Epoch: [57][  0/254]	Time   7.45 (  7.45)	Data 7.3102 (7.3102)	Loss (L1) 4.169 (4.169)
2026-04-26 02:34:28,060 | Epoch: [57][ 10/254]	Time   0.29 (  1.32)	Data 0.0002 (1.0756)	Loss (L1) 3.719 (3.441)
2026-04-26 02:34:30,757 | Epoch: [57][ 20/254]	Time   0.26 (  0.82)	Data 0.0004 (0.5641)	Loss (L1) 4.203 (3.539)
2026-04-26 02:34:33,438 | Epoch: [57][ 30/254]	Time   0.26 (  0.64)	Data 0.0003 (0.3823)	Loss (L1) 3.353 (3.619)
2026-04-26 02:34:36,889 | Epoch: [57][ 40/254]	Time   0.26 (  0.57)	Data 0.0002 (0.3151)	Loss (L1) 3.860 (3.649)
2026-04-26 02:34:39,587 | Epoch: [57][ 50/254]	Time   0.26 (  0.51)	Data 0.0003 (0.2534)	Loss (L1) 4.118 (3.700)
2026-04-26 02:34:42,272 | Epoch: [57][ 60/254]	Time   0.25 (  0.47)	Data 0.0013 (0.2119)	Loss (L1) 3.559 (3.691)
2026-04-26 02:34:45,245 | Epoch: [57][ 70/254]	Time   0.26 (  0.45)	Data 0.0002 (0.1905)	Loss (L1) 3.558 (3.702)
2026-04-26 02:34:47,958 | Epoch: [57][ 80/254]	Time   0.27 (  0.42)	Data 0.0002 (0.1670)	Loss (L1) 3.334 (3.678)
2026-04-26 02:34:50,663 | Epoch: [57][ 90/254]	Time   0.27 (  0.41)	Data 0.0003 (0.1487)	Loss (L1) 3.378 (3.680)
2026-04-26 02:34:54,831 | Epoch: [57][100/254]	Time   0.31 (  0.41)	Data 0.0002 (0.1498)	Loss (L1) 3.143 (3.670)
2026-04-26 02:34:57,458 | Epoch: [57][110/254]	Time   0.26 (  0.40)	Data 0.0003 (0.1364)	Loss (L1) 3.750 (3.681)
2026-04-26 02:35:00,098 | Epoch: [57][120/254]	Time   0.26 (  0.38)	Data 0.0002 (0.1251)	Loss (L1) 3.563 (3.702)
2026-04-26 02:35:11,108 | Epoch: [57][130/254]	Time   0.26 (  0.44)	Data 0.0002 (0.1806)	Loss (L1) 3.284 (3.688)
2026-04-26 02:35:13,796 | Epoch: [57][140/254]	Time   0.26 (  0.43)	Data 0.0002 (0.1678)	Loss (L1) 3.573 (3.679)
2026-04-26 02:35:16,462 | Epoch: [57][150/254]	Time   0.27 (  0.42)	Data 0.0002 (0.1567)	Loss (L1) 3.471 (3.671)
2026-04-26 02:35:19,158 | Epoch: [57][160/254]	Time   0.28 (  0.41)	Data 0.0002 (0.1470)	Loss (L1) 3.472 (3.669)
2026-04-26 02:35:22,206 | Epoch: [57][170/254]	Time   0.27 (  0.40)	Data 0.0002 (0.1414)	Loss (L1) 3.445 (3.663)
2026-04-26 02:35:24,930 | Epoch: [57][180/254]	Time   0.27 (  0.39)	Data 0.0004 (0.1336)	Loss (L1) 3.531 (3.657)
2026-04-26 02:35:27,643 | Epoch: [57][190/254]	Time   0.29 (  0.39)	Data 0.0001 (0.1267)	Loss (L1) 3.395 (3.661)
2026-04-26 02:35:30,656 | Epoch: [57][200/254]	Time   0.26 (  0.38)	Data 0.0001 (0.1230)	Loss (L1) 3.857 (3.670)
2026-04-26 02:35:33,296 | Epoch: [57][210/254]	Time   0.26 (  0.38)	Data 0.0001 (0.1171)	Loss (L1) 5.177 (3.681)
2026-04-26 02:35:35,932 | Epoch: [57][220/254]	Time   0.26 (  0.37)	Data 0.0000 (0.1118)	Loss (L1) 3.480 (3.684)
2026-04-26 02:35:38,567 | Epoch: [57][230/254]	Time   0.26 (  0.37)	Data 0.0001 (0.1070)	Loss (L1) 3.598 (3.679)
2026-04-26 02:35:41,205 | Epoch: [57][240/254]	Time   0.26 (  0.36)	Data 0.0001 (0.1026)	Loss (L1) 3.278 (3.679)
2026-04-26 02:35:43,845 | Epoch: [57][250/254]	Time   0.26 (  0.36)	Data 0.0001 (0.0985)	Loss (L1) 3.431 (3.676)
2026-04-26 02:35:54,240 | Val: [ 0/25]	Time  9.424 ( 9.424)	Loss (MSE) 199.178 (199.178)	Loss (L1) 12.846 (12.846)
2026-04-26 02:35:55,215 | Val: [10/25]	Time  0.083 ( 0.945)	Loss (MSE) 39.980 (67.588)	Loss (L1) 5.042 (6.619)
2026-04-26 02:35:56,049 | Val: [20/25]	Time  0.084 ( 0.535)	Loss (MSE) 331.808 (105.226)	Loss (L1) 17.000 (8.169)
2026-04-26 02:35:56,565 |  * Overall: MSE 168.106	L1 10.222	G-Mean 6.567
2026-04-26 02:35:56,565 |  * Many: MSE 95.349	L1 7.633	G-Mean 4.903
2026-04-26 02:35:56,565 |  * Median: MSE 252.296	L1 13.796	G-Mean 10.718
2026-04-26 02:35:56,565 |  * Low: MSE 622.631	L1 24.310	G-Mean 23.468
2026-04-26 02:35:56,566 | Best L1 Loss: 9.214
2026-04-26 02:35:56,789 | Epoch #57: Train loss [3.6748]; Val loss: MSE [168.1056], L1 [10.2225], G-Mean [6.5668]
2026-04-26 02:36:07,261 | Epoch: [58][  0/254]	Time  10.47 ( 10.47)	Data 10.3594 (10.3594)	Loss (L1) 3.477 (3.477)
2026-04-26 02:36:09,935 | Epoch: [58][ 10/254]	Time   0.27 (  1.20)	Data 0.0003 (0.9438)	Loss (L1) 3.633 (3.583)
2026-04-26 02:36:12,594 | Epoch: [58][ 20/254]	Time   0.26 (  0.75)	Data 0.0002 (0.4945)	Loss (L1) 3.407 (3.601)
2026-04-26 02:36:15,234 | Epoch: [58][ 30/254]	Time   0.27 (  0.59)	Data 0.0002 (0.3350)	Loss (L1) 3.554 (3.614)
2026-04-26 02:36:19,350 | Epoch: [58][ 40/254]	Time   0.27 (  0.55)	Data 0.0002 (0.2915)	Loss (L1) 4.745 (3.627)
2026-04-26 02:36:22,058 | Epoch: [58][ 50/254]	Time   0.28 (  0.50)	Data 0.0002 (0.2344)	Loss (L1) 3.399 (3.627)
2026-04-26 02:36:24,757 | Epoch: [58][ 60/254]	Time   0.28 (  0.46)	Data 0.0003 (0.1962)	Loss (L1) 4.004 (3.627)
2026-04-26 02:36:28,942 | Epoch: [58][ 70/254]	Time   0.26 (  0.45)	Data 0.0002 (0.1921)	Loss (L1) 3.317 (3.638)
2026-04-26 02:36:31,645 | Epoch: [58][ 80/254]	Time   0.27 (  0.43)	Data 0.0008 (0.1684)	Loss (L1) 3.645 (3.627)
2026-04-26 02:36:34,314 | Epoch: [58][ 90/254]	Time   0.28 (  0.41)	Data 0.0002 (0.1499)	Loss (L1) 3.993 (3.623)
2026-04-26 02:36:36,978 | Epoch: [58][100/254]	Time   0.25 (  0.40)	Data 0.0002 (0.1352)	Loss (L1) 3.695 (3.607)
2026-04-26 02:36:39,737 | Epoch: [58][110/254]	Time   0.27 (  0.39)	Data 0.0002 (0.1232)	Loss (L1) 3.670 (3.595)
2026-04-26 02:36:42,428 | Epoch: [58][120/254]	Time   0.29 (  0.38)	Data 0.0002 (0.1130)	Loss (L1) 3.539 (3.604)
2026-04-26 02:36:45,537 | Epoch: [58][130/254]	Time   0.28 (  0.37)	Data 0.0118 (0.1084)	Loss (L1) 2.868 (3.605)
2026-04-26 02:36:48,218 | Epoch: [58][140/254]	Time   0.26 (  0.36)	Data 0.0002 (0.1012)	Loss (L1) 3.400 (3.600)
2026-04-26 02:36:50,955 | Epoch: [58][150/254]	Time   0.26 (  0.36)	Data 0.0002 (0.0945)	Loss (L1) 4.293 (3.638)
2026-04-26 02:36:54,520 | Epoch: [58][160/254]	Time   1.13 (  0.36)	Data 1.0200 (0.0950)	Loss (L1) 3.641 (3.650)
2026-04-26 02:36:57,275 | Epoch: [58][170/254]	Time   0.35 (  0.35)	Data 0.2487 (0.0909)	Loss (L1) 3.887 (3.659)
2026-04-26 02:36:59,940 | Epoch: [58][180/254]	Time   0.26 (  0.35)	Data 0.0106 (0.0859)	Loss (L1) 3.764 (3.663)
2026-04-26 02:37:02,652 | Epoch: [58][190/254]	Time   0.29 (  0.34)	Data 0.0001 (0.0815)	Loss (L1) 3.485 (3.668)
2026-04-26 02:37:06,009 | Epoch: [58][200/254]	Time   0.26 (  0.34)	Data 0.0001 (0.0816)	Loss (L1) 3.937 (3.670)
2026-04-26 02:37:08,747 | Epoch: [58][210/254]	Time   0.26 (  0.34)	Data 0.0001 (0.0788)	Loss (L1) 3.291 (3.667)
2026-04-26 02:37:11,414 | Epoch: [58][220/254]	Time   0.26 (  0.34)	Data 0.0001 (0.0752)	Loss (L1) 4.232 (3.663)
2026-04-26 02:37:14,062 | Epoch: [58][230/254]	Time   0.26 (  0.33)	Data 0.0001 (0.0720)	Loss (L1) 3.516 (3.664)
2026-04-26 02:37:16,708 | Epoch: [58][240/254]	Time   0.27 (  0.33)	Data 0.0001 (0.0690)	Loss (L1) 3.383 (3.663)
2026-04-26 02:37:19,361 | Epoch: [58][250/254]	Time   0.26 (  0.33)	Data 0.0001 (0.0662)	Loss (L1) 4.112 (3.658)
2026-04-26 02:37:29,327 | Val: [ 0/25]	Time  8.999 ( 8.999)	Loss (MSE) 268.444 (268.444)	Loss (L1) 14.475 (14.475)
2026-04-26 02:37:30,687 | Val: [10/25]	Time  0.083 ( 0.942)	Loss (MSE) 60.818 (108.791)	Loss (L1) 6.363 (8.630)
2026-04-26 02:37:31,526 | Val: [20/25]	Time  0.083 ( 0.533)	Loss (MSE) 224.913 (109.299)	Loss (L1) 12.837 (8.493)
2026-04-26 02:37:32,031 |  * Overall: MSE 141.483	L1 9.693	G-Mean 6.675
2026-04-26 02:37:32,031 |  * Many: MSE 93.471	L1 7.804	G-Mean 5.291
2026-04-26 02:37:32,031 |  * Median: MSE 211.846	L1 12.634	G-Mean 9.947
2026-04-26 02:37:32,031 |  * Low: MSE 387.726	L1 18.756	G-Mean 17.782
2026-04-26 02:37:32,032 | Best L1 Loss: 9.214
2026-04-26 02:37:32,413 | Epoch #58: Train loss [3.6591]; Val loss: MSE [141.4834], L1 [9.6934], G-Mean [6.6746]
2026-04-26 02:37:45,024 | Epoch: [59][  0/254]	Time  12.61 ( 12.61)	Data 12.4796 (12.4796)	Loss (L1) 3.416 (3.416)
2026-04-26 02:37:47,679 | Epoch: [59][ 10/254]	Time   0.26 (  1.39)	Data 0.0002 (1.1353)	Loss (L1) 3.644 (3.467)
2026-04-26 02:37:50,332 | Epoch: [59][ 20/254]	Time   0.26 (  0.85)	Data 0.0002 (0.5948)	Loss (L1) 3.132 (3.520)
2026-04-26 02:37:53,007 | Epoch: [59][ 30/254]	Time   0.27 (  0.66)	Data 0.0002 (0.4036)	Loss (L1) 4.107 (3.618)
2026-04-26 02:37:55,717 | Epoch: [59][ 40/254]	Time   0.26 (  0.57)	Data 0.0005 (0.3083)	Loss (L1) 3.379 (3.613)
2026-04-26 02:37:58,418 | Epoch: [59][ 50/254]	Time   0.27 (  0.51)	Data 0.0002 (0.2479)	Loss (L1) 3.335 (3.607)
2026-04-26 02:38:01,103 | Epoch: [59][ 60/254]	Time   0.26 (  0.47)	Data 0.0002 (0.2073)	Loss (L1) 3.782 (3.615)
2026-04-26 02:38:03,913 | Epoch: [59][ 70/254]	Time   0.27 (  0.44)	Data 0.0169 (0.1826)	Loss (L1) 3.479 (3.594)
2026-04-26 02:38:06,604 | Epoch: [59][ 80/254]	Time   0.27 (  0.42)	Data 0.0002 (0.1601)	Loss (L1) 3.684 (3.605)
2026-04-26 02:38:09,354 | Epoch: [59][ 90/254]	Time   0.30 (  0.41)	Data 0.0002 (0.1426)	Loss (L1) 3.291 (3.599)
2026-04-26 02:38:12,058 | Epoch: [59][100/254]	Time   0.26 (  0.39)	Data 0.0002 (0.1285)	Loss (L1) 3.422 (3.592)
2026-04-26 02:38:14,748 | Epoch: [59][110/254]	Time   0.27 (  0.38)	Data 0.0003 (0.1169)	Loss (L1) 3.643 (3.595)
2026-04-26 02:38:17,503 | Epoch: [59][120/254]	Time   0.24 (  0.37)	Data 0.0002 (0.1074)	Loss (L1) 3.883 (3.608)
2026-04-26 02:38:20,168 | Epoch: [59][130/254]	Time   0.24 (  0.36)	Data 0.0002 (0.0993)	Loss (L1) 3.059 (3.603)
2026-04-26 02:38:22,856 | Epoch: [59][140/254]	Time   0.27 (  0.36)	Data 0.0002 (0.0922)	Loss (L1) 3.362 (3.611)
2026-04-26 02:38:25,541 | Epoch: [59][150/254]	Time   0.27 (  0.35)	Data 0.0002 (0.0861)	Loss (L1) 3.353 (3.611)
2026-04-26 02:38:28,214 | Epoch: [59][160/254]	Time   0.27 (  0.35)	Data 0.0002 (0.0808)	Loss (L1) 3.703 (3.606)
2026-04-26 02:38:30,920 | Epoch: [59][170/254]	Time   0.26 (  0.34)	Data 0.0002 (0.0761)	Loss (L1) 3.704 (3.616)
2026-04-26 02:38:33,639 | Epoch: [59][180/254]	Time   0.29 (  0.34)	Data 0.0002 (0.0719)	Loss (L1) 3.842 (3.616)
2026-04-26 02:38:36,381 | Epoch: [59][190/254]	Time   0.29 (  0.33)	Data 0.0001 (0.0682)	Loss (L1) 3.402 (3.612)
2026-04-26 02:38:39,279 | Epoch: [59][200/254]	Time   0.28 (  0.33)	Data 0.0001 (0.0666)	Loss (L1) 3.861 (3.611)
2026-04-26 02:38:41,969 | Epoch: [59][210/254]	Time   0.28 (  0.33)	Data 0.0001 (0.0634)	Loss (L1) 3.453 (3.603)
2026-04-26 02:38:44,627 | Epoch: [59][220/254]	Time   0.27 (  0.33)	Data 0.0001 (0.0606)	Loss (L1) 4.138 (3.606)
2026-04-26 02:38:47,304 | Epoch: [59][230/254]	Time   0.27 (  0.32)	Data 0.0001 (0.0580)	Loss (L1) 3.615 (3.610)
2026-04-26 02:38:49,960 | Epoch: [59][240/254]	Time   0.26 (  0.32)	Data 0.0001 (0.0556)	Loss (L1) 4.021 (3.612)
2026-04-26 02:38:52,614 | Epoch: [59][250/254]	Time   0.27 (  0.32)	Data 0.0001 (0.0534)	Loss (L1) 3.372 (3.609)
2026-04-26 02:39:00,091 | Val: [ 0/25]	Time  6.497 ( 6.497)	Loss (MSE) 238.315 (238.315)	Loss (L1) 13.812 (13.812)
2026-04-26 02:39:04,183 | Val: [10/25]	Time  0.443 ( 0.963)	Loss (MSE) 52.303 (100.162)	Loss (L1) 5.826 (8.121)
2026-04-26 02:39:05,018 | Val: [20/25]	Time  0.084 ( 0.544)	Loss (MSE) 217.780 (101.955)	Loss (L1) 13.085 (8.171)
2026-04-26 02:39:05,518 |  * Overall: MSE 137.256	L1 9.514	G-Mean 6.450
2026-04-26 02:39:05,519 |  * Many: MSE 87.826	L1 7.504	G-Mean 4.992
2026-04-26 02:39:05,519 |  * Median: MSE 202.272	L1 12.477	G-Mean 10.009
2026-04-26 02:39:05,519 |  * Low: MSE 417.690	L1 19.749	G-Mean 19.040
2026-04-26 02:39:05,519 | Best L1 Loss: 9.214
2026-04-26 02:39:05,722 | Epoch #59: Train loss [3.6125]; Val loss: MSE [137.2556], L1 [9.5135], G-Mean [6.4502]
2026-04-26 02:39:15,998 | Epoch: [60][  0/254]	Time  10.28 ( 10.28)	Data 10.1450 (10.1450)	Loss (L1) 3.910 (3.910)
2026-04-26 02:39:19,377 | Epoch: [60][ 10/254]	Time   0.26 (  1.24)	Data 0.0002 (1.0044)	Loss (L1) 3.568 (3.643)
2026-04-26 02:39:22,024 | Epoch: [60][ 20/254]	Time   0.27 (  0.78)	Data 0.0002 (0.5262)	Loss (L1) 3.629 (3.519)
2026-04-26 02:39:24,663 | Epoch: [60][ 30/254]	Time   0.26 (  0.61)	Data 0.0002 (0.3569)	Loss (L1) 3.294 (3.420)
2026-04-26 02:39:29,690 | Epoch: [60][ 40/254]	Time   0.25 (  0.58)	Data 0.0004 (0.3298)	Loss (L1) 3.214 (3.427)
2026-04-26 02:39:32,564 | Epoch: [60][ 50/254]	Time   0.32 (  0.53)	Data 0.0002 (0.2656)	Loss (L1) 3.760 (3.407)
2026-04-26 02:39:35,248 | Epoch: [60][ 60/254]	Time   0.28 (  0.48)	Data 0.0002 (0.2221)	Loss (L1) 3.488 (3.421)
2026-04-26 02:39:38,620 | Epoch: [60][ 70/254]	Time   0.27 (  0.46)	Data 0.0002 (0.2025)	Loss (L1) 3.241 (3.409)
2026-04-26 02:39:41,305 | Epoch: [60][ 80/254]	Time   0.26 (  0.44)	Data 0.0007 (0.1775)	Loss (L1) 4.543 (3.395)
2026-04-26 02:39:43,953 | Epoch: [60][ 90/254]	Time   0.27 (  0.42)	Data 0.0002 (0.1581)	Loss (L1) 3.010 (3.384)
2026-04-26 02:39:59,869 | Epoch: [60][100/254]	Time   0.26 (  0.54)	Data 0.0001 (0.2755)	Loss (L1) 3.165 (3.378)
2026-04-26 02:40:02,508 | Epoch: [60][110/254]	Time   0.26 (  0.51)	Data 0.0002 (0.2507)	Loss (L1) 3.077 (3.366)
2026-04-26 02:40:05,220 | Epoch: [60][120/254]	Time   0.26 (  0.49)	Data 0.0003 (0.2300)	Loss (L1) 3.013 (3.363)
2026-04-26 02:40:12,506 | Epoch: [60][130/254]	Time   0.25 (  0.51)	Data 0.0001 (0.2486)	Loss (L1) 3.383 (3.349)
2026-04-26 02:40:15,167 | Epoch: [60][140/254]	Time   0.27 (  0.49)	Data 0.0002 (0.2311)	Loss (L1) 3.477 (3.349)
2026-04-26 02:40:17,813 | Epoch: [60][150/254]	Time   0.27 (  0.48)	Data 0.0001 (0.2158)	Loss (L1) 3.501 (3.343)
2026-04-26 02:40:20,469 | Epoch: [60][160/254]	Time   0.26 (  0.46)	Data 0.0001 (0.2024)	Loss (L1) 3.036 (3.325)
2026-04-26 02:40:44,863 | Epoch: [60][170/254]	Time   0.26 (  0.58)	Data 0.0002 (0.3187)	Loss (L1) 2.901 (3.317)
2026-04-26 02:40:47,518 | Epoch: [60][180/254]	Time   0.27 (  0.56)	Data 0.0002 (0.3011)	Loss (L1) 3.448 (3.323)
2026-04-26 02:40:50,165 | Epoch: [60][190/254]	Time   0.27 (  0.55)	Data 0.0001 (0.2854)	Loss (L1) 2.962 (3.316)
2026-04-26 02:41:15,264 | Epoch: [60][200/254]	Time   0.26 (  0.64)	Data 0.0001 (0.3836)	Loss (L1) 2.969 (3.322)
2026-04-26 02:41:17,916 | Epoch: [60][210/254]	Time   0.26 (  0.63)	Data 0.0001 (0.3654)	Loss (L1) 2.898 (3.316)
2026-04-26 02:41:20,564 | Epoch: [60][220/254]	Time   0.26 (  0.61)	Data 0.0000 (0.3489)	Loss (L1) 3.025 (3.308)
2026-04-26 02:41:23,217 | Epoch: [60][230/254]	Time   0.27 (  0.60)	Data 0.0001 (0.3338)	Loss (L1) 3.012 (3.302)
2026-04-26 02:41:25,872 | Epoch: [60][240/254]	Time   0.27 (  0.58)	Data 0.0001 (0.3200)	Loss (L1) 2.973 (3.295)
2026-04-26 02:41:28,531 | Epoch: [60][250/254]	Time   0.27 (  0.57)	Data 0.0001 (0.3072)	Loss (L1) 3.094 (3.292)
2026-04-26 02:41:38,995 | Val: [ 0/25]	Time  9.491 ( 9.491)	Loss (MSE) 242.706 (242.706)	Loss (L1) 14.088 (14.088)
2026-04-26 02:41:39,835 | Val: [10/25]	Time  0.084 ( 0.939)	Loss (MSE) 45.691 (92.464)	Loss (L1) 5.407 (7.850)
2026-04-26 02:41:40,674 | Val: [20/25]	Time  0.084 ( 0.532)	Loss (MSE) 219.579 (96.861)	Loss (L1) 13.308 (7.954)
2026-04-26 02:41:41,172 |  * Overall: MSE 135.189	L1 9.403	G-Mean 6.330
2026-04-26 02:41:41,172 |  * Many: MSE 82.273	L1 7.251	G-Mean 4.833
2026-04-26 02:41:41,172 |  * Median: MSE 202.847	L1 12.562	G-Mean 10.062
2026-04-26 02:41:41,172 |  * Low: MSE 442.455	L1 20.412	G-Mean 19.759
2026-04-26 02:41:41,173 | Best L1 Loss: 9.214
2026-04-26 02:41:41,396 | Epoch #60: Train loss [3.2936]; Val loss: MSE [135.1888], L1 [9.4026], G-Mean [6.3301]
2026-04-26 02:41:50,803 | Epoch: [61][  0/254]	Time   9.41 (  9.41)	Data 9.1980 (9.1980)	Loss (L1) 3.058 (3.058)
2026-04-26 02:41:54,056 | Epoch: [61][ 10/254]	Time   0.25 (  1.15)	Data 0.0002 (0.9127)	Loss (L1) 2.760 (3.112)
2026-04-26 02:41:56,748 | Epoch: [61][ 20/254]	Time   0.28 (  0.73)	Data 0.0002 (0.4782)	Loss (L1) 2.983 (3.068)
2026-04-26 02:41:59,472 | Epoch: [61][ 30/254]	Time   0.26 (  0.58)	Data 0.0004 (0.3243)	Loss (L1) 3.324 (3.132)
2026-04-26 02:42:03,971 | Epoch: [61][ 40/254]	Time   0.23 (  0.55)	Data 0.0003 (0.2932)	Loss (L1) 2.946 (3.147)
2026-04-26 02:42:06,680 | Epoch: [61][ 50/254]	Time   0.27 (  0.50)	Data 0.0003 (0.2358)	Loss (L1) 3.115 (3.127)
2026-04-26 02:42:09,382 | Epoch: [61][ 60/254]	Time   0.25 (  0.46)	Data 0.0003 (0.1973)	Loss (L1) 3.161 (3.128)
2026-04-26 02:42:12,367 | Epoch: [61][ 70/254]	Time   0.27 (  0.44)	Data 0.0002 (0.1755)	Loss (L1) 3.269 (3.166)
2026-04-26 02:42:15,079 | Epoch: [61][ 80/254]	Time   0.27 (  0.42)	Data 0.0002 (0.1539)	Loss (L1) 3.356 (3.214)
2026-04-26 02:42:17,896 | Epoch: [61][ 90/254]	Time   0.25 (  0.40)	Data 0.0002 (0.1371)	Loss (L1) 3.153 (3.214)
2026-04-26 02:42:20,644 | Epoch: [61][100/254]	Time   0.29 (  0.39)	Data 0.0002 (0.1256)	Loss (L1) 3.330 (3.212)
2026-04-26 02:42:23,352 | Epoch: [61][110/254]	Time   0.28 (  0.38)	Data 0.0059 (0.1143)	Loss (L1) 2.675 (3.208)
2026-04-26 02:42:26,166 | Epoch: [61][120/254]	Time   0.27 (  0.37)	Data 0.0002 (0.1049)	Loss (L1) 2.798 (3.195)
2026-04-26 02:42:30,465 | Epoch: [61][130/254]	Time   0.29 (  0.37)	Data 0.0002 (0.1102)	Loss (L1) 3.033 (3.186)
2026-04-26 02:42:33,140 | Epoch: [61][140/254]	Time   0.28 (  0.37)	Data 0.0002 (0.1024)	Loss (L1) 3.174 (3.184)
2026-04-26 02:42:35,842 | Epoch: [61][150/254]	Time   0.28 (  0.36)	Data 0.0002 (0.0956)	Loss (L1) 3.040 (3.178)
2026-04-26 02:42:38,677 | Epoch: [61][160/254]	Time   0.23 (  0.36)	Data 0.0206 (0.0898)	Loss (L1) 3.828 (3.184)
2026-04-26 02:42:41,500 | Epoch: [61][170/254]	Time   0.26 (  0.35)	Data 0.0003 (0.0863)	Loss (L1) 2.980 (3.189)
2026-04-26 02:42:44,185 | Epoch: [61][180/254]	Time   0.28 (  0.35)	Data 0.0002 (0.0815)	Loss (L1) 3.302 (3.182)
2026-04-26 02:42:46,924 | Epoch: [61][190/254]	Time   0.28 (  0.34)	Data 0.0001 (0.0773)	Loss (L1) 3.135 (3.179)
2026-04-26 02:42:50,972 | Epoch: [61][200/254]	Time   0.27 (  0.35)	Data 0.0001 (0.0809)	Loss (L1) 3.193 (3.181)
2026-04-26 02:42:53,661 | Epoch: [61][210/254]	Time   0.27 (  0.34)	Data 0.0001 (0.0771)	Loss (L1) 3.025 (3.186)
2026-04-26 02:42:56,323 | Epoch: [61][220/254]	Time   0.27 (  0.34)	Data 0.0001 (0.0736)	Loss (L1) 3.406 (3.190)
2026-04-26 02:42:58,981 | Epoch: [61][230/254]	Time   0.27 (  0.34)	Data 0.0000 (0.0704)	Loss (L1) 3.099 (3.192)
2026-04-26 02:43:01,642 | Epoch: [61][240/254]	Time   0.27 (  0.33)	Data 0.0001 (0.0675)	Loss (L1) 3.048 (3.195)
2026-04-26 02:43:04,306 | Epoch: [61][250/254]	Time   0.27 (  0.33)	Data 0.0001 (0.0648)	Loss (L1) 3.047 (3.194)
2026-04-26 02:43:13,672 | Val: [ 0/25]	Time  8.403 ( 8.403)	Loss (MSE) 246.016 (246.016)	Loss (L1) 14.223 (14.223)
2026-04-26 02:43:15,491 | Val: [10/25]	Time  0.084 ( 0.929)	Loss (MSE) 42.948 (92.231)	Loss (L1) 5.300 (7.856)
2026-04-26 02:43:16,557 | Val: [20/25]	Time  0.084 ( 0.538)	Loss (MSE) 225.101 (96.411)	Loss (L1) 13.451 (7.895)
2026-04-26 02:43:17,059 |  * Overall: MSE 134.862	L1 9.349	G-Mean 6.195
2026-04-26 02:43:17,059 |  * Many: MSE 81.336	L1 7.169	G-Mean 4.687
2026-04-26 02:43:17,059 |  * Median: MSE 205.610	L1 12.617	G-Mean 10.066
2026-04-26 02:43:17,059 |  * Low: MSE 437.295	L1 20.269	G-Mean 19.595
2026-04-26 02:43:17,060 | Best L1 Loss: 9.214
2026-04-26 02:43:17,281 | Epoch #61: Train loss [3.1955]; Val loss: MSE [134.8620], L1 [9.3493], G-Mean [6.1946]
2026-04-26 02:43:29,646 | Epoch: [62][  0/254]	Time  12.36 ( 12.36)	Data 12.2482 (12.2482)	Loss (L1) 2.932 (2.932)
2026-04-26 02:43:32,483 | Epoch: [62][ 10/254]	Time   0.27 (  1.38)	Data 0.0003 (1.1463)	Loss (L1) 3.126 (3.297)
2026-04-26 02:43:35,129 | Epoch: [62][ 20/254]	Time   0.27 (  0.85)	Data 0.0003 (0.6006)	Loss (L1) 2.850 (3.266)
2026-04-26 02:43:37,824 | Epoch: [62][ 30/254]	Time   0.27 (  0.66)	Data 0.0003 (0.4069)	Loss (L1) 3.222 (3.223)
2026-04-26 02:43:40,532 | Epoch: [62][ 40/254]	Time   0.28 (  0.57)	Data 0.0003 (0.3078)	Loss (L1) 3.272 (3.214)
2026-04-26 02:43:43,353 | Epoch: [62][ 50/254]	Time   0.28 (  0.51)	Data 0.0002 (0.2479)	Loss (L1) 3.064 (3.176)
2026-04-26 02:43:46,066 | Epoch: [62][ 60/254]	Time   0.28 (  0.47)	Data 0.0002 (0.2076)	Loss (L1) 3.008 (3.217)
2026-04-26 02:43:48,841 | Epoch: [62][ 70/254]	Time   0.26 (  0.44)	Data 0.0002 (0.1785)	Loss (L1) 2.934 (3.201)
2026-04-26 02:43:51,578 | Epoch: [62][ 80/254]	Time   0.30 (  0.42)	Data 0.0002 (0.1565)	Loss (L1) 3.343 (3.181)
2026-04-26 02:43:54,263 | Epoch: [62][ 90/254]	Time   0.27 (  0.41)	Data 0.0003 (0.1393)	Loss (L1) 3.301 (3.185)
2026-04-26 02:43:56,989 | Epoch: [62][100/254]	Time   0.27 (  0.39)	Data 0.0002 (0.1260)	Loss (L1) 2.984 (3.170)
2026-04-26 02:43:59,695 | Epoch: [62][110/254]	Time   0.28 (  0.38)	Data 0.0002 (0.1147)	Loss (L1) 3.186 (3.192)
2026-04-26 02:44:02,462 | Epoch: [62][120/254]	Time   0.27 (  0.37)	Data 0.0003 (0.1052)	Loss (L1) 3.446 (3.185)
2026-04-26 02:44:05,232 | Epoch: [62][130/254]	Time   0.27 (  0.37)	Data 0.0002 (0.0973)	Loss (L1) 3.492 (3.183)
2026-04-26 02:44:07,919 | Epoch: [62][140/254]	Time   0.27 (  0.36)	Data 0.0002 (0.0904)	Loss (L1) 3.122 (3.179)
2026-04-26 02:44:10,643 | Epoch: [62][150/254]	Time   0.31 (  0.35)	Data 0.0002 (0.0844)	Loss (L1) 3.528 (3.181)
2026-04-26 02:44:13,343 | Epoch: [62][160/254]	Time   0.29 (  0.35)	Data 0.0006 (0.0792)	Loss (L1) 3.080 (3.171)
2026-04-26 02:44:16,042 | Epoch: [62][170/254]	Time   0.28 (  0.34)	Data 0.0003 (0.0747)	Loss (L1) 3.233 (3.163)
2026-04-26 02:44:18,816 | Epoch: [62][180/254]	Time   0.28 (  0.34)	Data 0.0004 (0.0714)	Loss (L1) 3.120 (3.155)
2026-04-26 02:44:21,578 | Epoch: [62][190/254]	Time   0.28 (  0.34)	Data 0.0001 (0.0679)	Loss (L1) 3.011 (3.152)
2026-04-26 02:44:24,359 | Epoch: [62][200/254]	Time   0.26 (  0.33)	Data 0.0001 (0.0645)	Loss (L1) 2.796 (3.148)
2026-04-26 02:44:27,038 | Epoch: [62][210/254]	Time   0.27 (  0.33)	Data 0.0001 (0.0614)	Loss (L1) 3.758 (3.149)
2026-04-26 02:44:29,703 | Epoch: [62][220/254]	Time   0.27 (  0.33)	Data 0.0001 (0.0587)	Loss (L1) 2.874 (3.151)
2026-04-26 02:44:32,356 | Epoch: [62][230/254]	Time   0.27 (  0.32)	Data 0.0001 (0.0561)	Loss (L1) 3.353 (3.153)
2026-04-26 02:44:35,009 | Epoch: [62][240/254]	Time   0.26 (  0.32)	Data 0.0001 (0.0538)	Loss (L1) 3.654 (3.155)
2026-04-26 02:44:37,663 | Epoch: [62][250/254]	Time   0.27 (  0.32)	Data 0.0001 (0.0517)	Loss (L1) 3.244 (3.153)
2026-04-26 02:44:46,638 | Val: [ 0/25]	Time  8.005 ( 8.005)	Loss (MSE) 244.529 (244.529)	Loss (L1) 14.134 (14.134)
2026-04-26 02:44:48,420 | Val: [10/25]	Time  0.084 ( 0.890)	Loss (MSE) 42.184 (89.733)	Loss (L1) 5.213 (7.723)
2026-04-26 02:44:49,254 | Val: [20/25]	Time  0.083 ( 0.506)	Loss (MSE) 223.964 (94.909)	Loss (L1) 13.526 (7.826)
2026-04-26 02:44:49,735 |  * Overall: MSE 135.214	L1 9.340	G-Mean 6.162
2026-04-26 02:44:49,735 |  * Many: MSE 79.982	L1 7.104	G-Mean 4.637
2026-04-26 02:44:49,735 |  * Median: MSE 205.259	L1 12.628	G-Mean 10.088
2026-04-26 02:44:49,735 |  * Low: MSE 458.016	L1 20.772	G-Mean 20.097
2026-04-26 02:44:49,736 | Best L1 Loss: 9.214
2026-04-26 02:44:49,939 | Epoch #62: Train loss [3.1530]; Val loss: MSE [135.2141], L1 [9.3403], G-Mean [6.1617]
2026-04-26 02:45:00,156 | Epoch: [63][  0/254]	Time  10.22 ( 10.22)	Data 10.0992 (10.0992)	Loss (L1) 2.738 (2.738)
2026-04-26 02:45:03,056 | Epoch: [63][ 10/254]	Time   0.26 (  1.19)	Data 0.0002 (0.9527)	Loss (L1) 3.031 (2.994)
2026-04-26 02:45:05,732 | Epoch: [63][ 20/254]	Time   0.28 (  0.75)	Data 0.0067 (0.4995)	Loss (L1) 3.074 (3.060)
2026-04-26 02:45:08,461 | Epoch: [63][ 30/254]	Time   0.26 (  0.60)	Data 0.0002 (0.3393)	Loss (L1) 3.172 (3.064)
2026-04-26 02:45:12,023 | Epoch: [63][ 40/254]	Time   0.26 (  0.54)	Data 0.0127 (0.2831)	Loss (L1) 3.175 (3.088)
2026-04-26 02:45:14,694 | Epoch: [63][ 50/254]	Time   0.25 (  0.49)	Data 0.0003 (0.2276)	Loss (L1) 3.098 (3.083)
2026-04-26 02:45:17,394 | Epoch: [63][ 60/254]	Time   0.26 (  0.45)	Data 0.0003 (0.1905)	Loss (L1) 3.584 (3.109)
2026-04-26 02:45:20,769 | Epoch: [63][ 70/254]	Time   0.28 (  0.43)	Data 0.0002 (0.1770)	Loss (L1) 3.598 (3.106)
2026-04-26 02:45:23,445 | Epoch: [63][ 80/254]	Time   0.26 (  0.41)	Data 0.0002 (0.1552)	Loss (L1) 2.826 (3.117)
2026-04-26 02:45:26,103 | Epoch: [63][ 90/254]	Time   0.27 (  0.40)	Data 0.0002 (0.1381)	Loss (L1) 3.587 (3.128)
2026-04-26 02:45:30,015 | Epoch: [63][100/254]	Time   0.70 (  0.40)	Data 0.5579 (0.1396)	Loss (L1) 3.055 (3.125)
2026-04-26 02:45:33,138 | Epoch: [63][110/254]	Time   0.29 (  0.39)	Data 0.0002 (0.1324)	Loss (L1) 3.187 (3.110)
2026-04-26 02:45:35,850 | Epoch: [63][120/254]	Time   0.30 (  0.38)	Data 0.0110 (0.1216)	Loss (L1) 3.186 (3.106)
2026-04-26 02:45:38,513 | Epoch: [63][130/254]	Time   0.27 (  0.37)	Data 0.0002 (0.1126)	Loss (L1) 3.084 (3.104)
2026-04-26 02:45:42,218 | Epoch: [63][140/254]	Time   0.26 (  0.37)	Data 0.0002 (0.1139)	Loss (L1) 2.871 (3.099)
2026-04-26 02:45:44,940 | Epoch: [63][150/254]	Time   0.26 (  0.36)	Data 0.0003 (0.1065)	Loss (L1) 3.211 (3.113)
2026-04-26 02:45:47,688 | Epoch: [63][160/254]	Time   0.28 (  0.36)	Data 0.0002 (0.0999)	Loss (L1) 2.896 (3.117)
2026-04-26 02:45:50,479 | Epoch: [63][170/254]	Time   0.27 (  0.35)	Data 0.0004 (0.0952)	Loss (L1) 3.185 (3.120)
2026-04-26 02:45:53,179 | Epoch: [63][180/254]	Time   0.27 (  0.35)	Data 0.0002 (0.0900)	Loss (L1) 3.425 (3.122)
2026-04-26 02:45:55,870 | Epoch: [63][190/254]	Time   0.26 (  0.35)	Data 0.0001 (0.0853)	Loss (L1) 2.863 (3.123)
2026-04-26 02:45:59,564 | Epoch: [63][200/254]	Time   0.27 (  0.35)	Data 0.0001 (0.0868)	Loss (L1) 3.339 (3.121)
2026-04-26 02:46:02,226 | Epoch: [63][210/254]	Time   0.26 (  0.34)	Data 0.0033 (0.0827)	Loss (L1) 3.591 (3.134)
2026-04-26 02:46:04,884 | Epoch: [63][220/254]	Time   0.26 (  0.34)	Data 0.0001 (0.0790)	Loss (L1) 3.029 (3.131)
2026-04-26 02:46:07,525 | Epoch: [63][230/254]	Time   0.26 (  0.34)	Data 0.0002 (0.0756)	Loss (L1) 3.005 (3.140)
2026-04-26 02:46:10,168 | Epoch: [63][240/254]	Time   0.26 (  0.33)	Data 0.0000 (0.0725)	Loss (L1) 3.042 (3.138)
2026-04-26 02:46:12,813 | Epoch: [63][250/254]	Time   0.26 (  0.33)	Data 0.0001 (0.0696)	Loss (L1) 2.996 (3.136)
2026-04-26 02:46:22,677 | Val: [ 0/25]	Time  8.892 ( 8.892)	Loss (MSE) 247.633 (247.633)	Loss (L1) 14.206 (14.206)
2026-04-26 02:46:24,302 | Val: [10/25]	Time  0.084 ( 0.956)	Loss (MSE) 41.772 (89.856)	Loss (L1) 5.195 (7.724)
2026-04-26 02:46:25,138 | Val: [20/25]	Time  0.083 ( 0.541)	Loss (MSE) 224.693 (94.529)	Loss (L1) 13.588 (7.811)
2026-04-26 02:46:25,629 |  * Overall: MSE 134.591	L1 9.324	G-Mean 6.187
2026-04-26 02:46:25,629 |  * Many: MSE 79.345	L1 7.082	G-Mean 4.670
2026-04-26 02:46:25,629 |  * Median: MSE 205.321	L1 12.636	G-Mean 10.057
2026-04-26 02:46:25,629 |  * Low: MSE 455.057	L1 20.729	G-Mean 20.088
2026-04-26 02:46:25,630 | Best L1 Loss: 9.214
2026-04-26 02:46:25,856 | Epoch #63: Train loss [3.1320]; Val loss: MSE [134.5911], L1 [9.3240], G-Mean [6.1875]
2026-04-26 02:46:39,497 | Epoch: [64][  0/254]	Time  13.64 ( 13.64)	Data 13.5100 (13.5100)	Loss (L1) 2.869 (2.869)
2026-04-26 02:46:43,819 | Epoch: [64][ 10/254]	Time   0.26 (  1.63)	Data 0.0002 (1.4029)	Loss (L1) 3.429 (3.105)
2026-04-26 02:46:46,451 | Epoch: [64][ 20/254]	Time   0.26 (  0.98)	Data 0.0003 (0.7350)	Loss (L1) 3.442 (3.148)
2026-04-26 02:46:49,099 | Epoch: [64][ 30/254]	Time   0.26 (  0.75)	Data 0.0002 (0.4980)	Loss (L1) 3.001 (3.089)
2026-04-26 02:46:53,209 | Epoch: [64][ 40/254]	Time   0.26 (  0.67)	Data 0.0002 (0.4233)	Loss (L1) 3.261 (3.113)
2026-04-26 02:46:55,868 | Epoch: [64][ 50/254]	Time   0.26 (  0.59)	Data 0.0002 (0.3404)	Loss (L1) 3.074 (3.104)
2026-04-26 02:46:58,532 | Epoch: [64][ 60/254]	Time   0.28 (  0.54)	Data 0.0002 (0.2846)	Loss (L1) 3.059 (3.123)
2026-04-26 02:47:01,817 | Epoch: [64][ 70/254]	Time   0.26 (  0.51)	Data 0.0002 (0.2545)	Loss (L1) 3.150 (3.121)
2026-04-26 02:47:04,523 | Epoch: [64][ 80/254]	Time   0.26 (  0.48)	Data 0.0002 (0.2231)	Loss (L1) 3.094 (3.112)
2026-04-26 02:47:07,208 | Epoch: [64][ 90/254]	Time   0.26 (  0.45)	Data 0.0002 (0.1988)	Loss (L1) 2.956 (3.106)
2026-04-26 02:47:09,950 | Epoch: [64][100/254]	Time   0.28 (  0.44)	Data 0.0002 (0.1791)	Loss (L1) 3.601 (3.097)
2026-04-26 02:47:13,423 | Epoch: [64][110/254]	Time   0.31 (  0.43)	Data 0.0081 (0.1713)	Loss (L1) 3.328 (3.097)
2026-04-26 02:47:16,098 | Epoch: [64][120/254]	Time   0.26 (  0.42)	Data 0.0002 (0.1571)	Loss (L1) 3.060 (3.113)
2026-04-26 02:47:18,799 | Epoch: [64][130/254]	Time   0.26 (  0.40)	Data 0.0002 (0.1452)	Loss (L1) 2.940 (3.101)
2026-04-26 02:47:22,108 | Epoch: [64][140/254]	Time   0.29 (  0.40)	Data 0.0002 (0.1404)	Loss (L1) 3.394 (3.094)
2026-04-26 02:47:24,794 | Epoch: [64][150/254]	Time   0.26 (  0.39)	Data 0.0002 (0.1312)	Loss (L1) 3.225 (3.098)
2026-04-26 02:47:27,531 | Epoch: [64][160/254]	Time   0.28 (  0.38)	Data 0.0004 (0.1231)	Loss (L1) 3.450 (3.098)
2026-04-26 02:47:31,149 | Epoch: [64][170/254]	Time   0.27 (  0.38)	Data 0.0002 (0.1222)	Loss (L1) 3.178 (3.096)
2026-04-26 02:47:33,890 | Epoch: [64][180/254]	Time   0.26 (  0.38)	Data 0.0002 (0.1156)	Loss (L1) 3.020 (3.092)
2026-04-26 02:47:36,607 | Epoch: [64][190/254]	Time   0.28 (  0.37)	Data 0.0002 (0.1096)	Loss (L1) 3.034 (3.098)
2026-04-26 02:47:39,775 | Epoch: [64][200/254]	Time   0.27 (  0.37)	Data 0.0001 (0.1074)	Loss (L1) 3.903 (3.104)
2026-04-26 02:47:42,457 | Epoch: [64][210/254]	Time   0.27 (  0.36)	Data 0.0001 (0.1023)	Loss (L1) 3.360 (3.110)
2026-04-26 02:47:45,121 | Epoch: [64][220/254]	Time   0.27 (  0.36)	Data 0.0001 (0.0977)	Loss (L1) 3.206 (3.124)
2026-04-26 02:47:47,780 | Epoch: [64][230/254]	Time   0.27 (  0.35)	Data 0.0001 (0.0934)	Loss (L1) 2.712 (3.113)
2026-04-26 02:47:50,432 | Epoch: [64][240/254]	Time   0.27 (  0.35)	Data 0.0001 (0.0896)	Loss (L1) 3.569 (3.115)
2026-04-26 02:47:53,083 | Epoch: [64][250/254]	Time   0.26 (  0.35)	Data 0.0001 (0.0860)	Loss (L1) 2.713 (3.112)
2026-04-26 02:48:00,917 | Val: [ 0/25]	Time  6.848 ( 6.848)	Loss (MSE) 243.819 (243.819)	Loss (L1) 14.172 (14.172)
2026-04-26 02:48:04,019 | Val: [10/25]	Time  0.304 ( 0.905)	Loss (MSE) 41.657 (88.239)	Loss (L1) 5.171 (7.643)
2026-04-26 02:48:04,854 | Val: [20/25]	Time  0.083 ( 0.514)	Loss (MSE) 223.005 (93.756)	Loss (L1) 13.550 (7.787)
2026-04-26 02:48:05,358 |  * Overall: MSE 133.410	L1 9.289	G-Mean 6.131
2026-04-26 02:48:05,358 |  * Many: MSE 78.762	L1 7.056	G-Mean 4.623
2026-04-26 02:48:05,359 |  * Median: MSE 204.468	L1 12.620	G-Mean 9.992
2026-04-26 02:48:05,359 |  * Low: MSE 446.435	L1 20.528	G-Mean 19.900
2026-04-26 02:48:05,360 | Best L1 Loss: 9.214
2026-04-26 02:48:05,585 | Epoch #64: Train loss [3.1095]; Val loss: MSE [133.4097], L1 [9.2892], G-Mean [6.1314]
2026-04-26 02:48:14,866 | Epoch: [65][  0/254]	Time   9.28 (  9.28)	Data 9.1523 (9.1523)	Loss (L1) 3.266 (3.266)
2026-04-26 02:48:18,142 | Epoch: [65][ 10/254]	Time   0.27 (  1.14)	Data 0.0002 (0.8974)	Loss (L1) 3.531 (3.161)
2026-04-26 02:48:20,788 | Epoch: [65][ 20/254]	Time   0.26 (  0.72)	Data 0.0002 (0.4702)	Loss (L1) 3.394 (3.193)
2026-04-26 02:48:23,464 | Epoch: [65][ 30/254]	Time   0.26 (  0.58)	Data 0.0003 (0.3186)	Loss (L1) 3.137 (3.121)
2026-04-26 02:48:27,179 | Epoch: [65][ 40/254]	Time   0.26 (  0.53)	Data 0.0002 (0.2725)	Loss (L1) 2.770 (3.135)
2026-04-26 02:48:29,854 | Epoch: [65][ 50/254]	Time   0.26 (  0.48)	Data 0.0002 (0.2191)	Loss (L1) 3.185 (3.149)
2026-04-26 02:48:32,531 | Epoch: [65][ 60/254]	Time   0.25 (  0.44)	Data 0.0002 (0.1834)	Loss (L1) 3.844 (3.152)
2026-04-26 02:48:35,473 | Epoch: [65][ 70/254]	Time   0.53 (  0.42)	Data 0.4093 (0.1635)	Loss (L1) 2.926 (3.128)
2026-04-26 02:48:38,156 | Epoch: [65][ 80/254]	Time   0.28 (  0.40)	Data 0.0002 (0.1434)	Loss (L1) 3.058 (3.113)
2026-04-26 02:48:40,817 | Epoch: [65][ 90/254]	Time   0.28 (  0.39)	Data 0.0002 (0.1277)	Loss (L1) 3.167 (3.115)
2026-04-26 02:48:43,919 | Epoch: [65][100/254]	Time   0.70 (  0.38)	Data 0.5936 (0.1209)	Loss (L1) 3.146 (3.114)
2026-04-26 02:48:47,175 | Epoch: [65][110/254]	Time   0.24 (  0.37)	Data 0.0002 (0.1168)	Loss (L1) 2.831 (3.113)
2026-04-26 02:48:49,886 | Epoch: [65][120/254]	Time   0.28 (  0.37)	Data 0.0004 (0.1072)	Loss (L1) 2.823 (3.104)
2026-04-26 02:48:52,573 | Epoch: [65][130/254]	Time   0.28 (  0.36)	Data 0.0002 (0.0990)	Loss (L1) 3.022 (3.106)
2026-04-26 02:48:56,124 | Epoch: [65][140/254]	Time   0.27 (  0.36)	Data 0.0003 (0.0990)	Loss (L1) 3.607 (3.105)
2026-04-26 02:48:58,843 | Epoch: [65][150/254]	Time   0.27 (  0.35)	Data 0.0002 (0.0925)	Loss (L1) 2.850 (3.100)
2026-04-26 02:49:01,540 | Epoch: [65][160/254]	Time   0.25 (  0.35)	Data 0.0002 (0.0868)	Loss (L1) 2.964 (3.099)
2026-04-26 02:49:05,896 | Epoch: [65][170/254]	Time   0.25 (  0.35)	Data 0.0002 (0.0922)	Loss (L1) 3.070 (3.097)
2026-04-26 02:49:08,595 | Epoch: [65][180/254]	Time   0.27 (  0.35)	Data 0.0002 (0.0872)	Loss (L1) 3.135 (3.104)
2026-04-26 02:49:11,322 | Epoch: [65][190/254]	Time   0.28 (  0.34)	Data 0.0001 (0.0826)	Loss (L1) 2.970 (3.103)
2026-04-26 02:49:15,580 | Epoch: [65][200/254]	Time   0.27 (  0.35)	Data 0.0001 (0.0872)	Loss (L1) 3.455 (3.098)
2026-04-26 02:49:18,243 | Epoch: [65][210/254]	Time   0.26 (  0.34)	Data 0.0001 (0.0830)	Loss (L1) 3.458 (3.114)
2026-04-26 02:49:20,890 | Epoch: [65][220/254]	Time   0.26 (  0.34)	Data 0.0001 (0.0793)	Loss (L1) 2.899 (3.109)
2026-04-26 02:49:23,539 | Epoch: [65][230/254]	Time   0.27 (  0.34)	Data 0.0001 (0.0759)	Loss (L1) 3.571 (3.104)
2026-04-26 02:49:26,187 | Epoch: [65][240/254]	Time   0.27 (  0.33)	Data 0.0001 (0.0727)	Loss (L1) 2.944 (3.101)
2026-04-26 02:49:28,841 | Epoch: [65][250/254]	Time   0.27 (  0.33)	Data 0.0002 (0.0698)	Loss (L1) 3.070 (3.100)
2026-04-26 02:49:36,011 | Val: [ 0/25]	Time  6.193 ( 6.193)	Loss (MSE) 244.222 (244.222)	Loss (L1) 14.091 (14.091)
2026-04-26 02:49:39,951 | Val: [10/25]	Time  0.083 ( 0.921)	Loss (MSE) 44.011 (88.208)	Loss (L1) 5.325 (7.641)
2026-04-26 02:49:40,790 | Val: [20/25]	Time  0.084 ( 0.522)	Loss (MSE) 238.421 (98.190)	Loss (L1) 13.812 (7.933)
2026-04-26 02:49:41,297 |  * Overall: MSE 138.565	L1 9.433	G-Mean 6.198
2026-04-26 02:49:41,297 |  * Many: MSE 83.640	L1 7.223	G-Mean 4.689
2026-04-26 02:49:41,297 |  * Median: MSE 211.338	L1 12.744	G-Mean 10.047
2026-04-26 02:49:41,297 |  * Low: MSE 448.260	L1 20.501	G-Mean 19.787
2026-04-26 02:49:41,298 | Best L1 Loss: 9.214
2026-04-26 02:49:41,516 | Epoch #65: Train loss [3.0978]; Val loss: MSE [138.5649], L1 [9.4327], G-Mean [6.1976]
2026-04-26 02:49:48,795 | Epoch: [66][  0/254]	Time   7.28 (  7.28)	Data 7.1605 (7.1605)	Loss (L1) 2.808 (2.808)
2026-04-26 02:49:54,710 | Epoch: [66][ 10/254]	Time   0.26 (  1.20)	Data 0.0001 (0.9984)	Loss (L1) 3.129 (3.189)
2026-04-26 02:49:57,346 | Epoch: [66][ 20/254]	Time   0.26 (  0.75)	Data 0.0003 (0.5231)	Loss (L1) 2.861 (3.097)
2026-04-26 02:49:59,998 | Epoch: [66][ 30/254]	Time   0.27 (  0.60)	Data 0.0002 (0.3544)	Loss (L1) 2.763 (3.097)
2026-04-26 02:50:09,098 | Epoch: [66][ 40/254]	Time   0.28 (  0.67)	Data 0.0002 (0.4434)	Loss (L1) 3.158 (3.063)
2026-04-26 02:50:11,764 | Epoch: [66][ 50/254]	Time   0.26 (  0.59)	Data 0.0002 (0.3565)	Loss (L1) 3.002 (3.072)
2026-04-26 02:50:14,573 | Epoch: [66][ 60/254]	Time   0.26 (  0.54)	Data 0.0002 (0.2981)	Loss (L1) 3.154 (3.087)
2026-04-26 02:50:18,610 | Epoch: [66][ 70/254]	Time   0.26 (  0.52)	Data 0.0003 (0.2785)	Loss (L1) 3.343 (3.088)
2026-04-26 02:50:21,296 | Epoch: [66][ 80/254]	Time   0.27 (  0.49)	Data 0.0003 (0.2441)	Loss (L1) 3.182 (3.085)
2026-04-26 02:50:23,963 | Epoch: [66][ 90/254]	Time   0.26 (  0.47)	Data 0.0004 (0.2173)	Loss (L1) 3.155 (3.091)
2026-04-26 02:50:26,684 | Epoch: [66][100/254]	Time   0.26 (  0.45)	Data 0.0002 (0.1978)	Loss (L1) 3.603 (3.102)
2026-04-26 02:50:29,390 | Epoch: [66][110/254]	Time   0.26 (  0.43)	Data 0.0053 (0.1801)	Loss (L1) 2.930 (3.096)
2026-04-26 02:50:32,076 | Epoch: [66][120/254]	Time   0.26 (  0.42)	Data 0.0002 (0.1653)	Loss (L1) 2.644 (3.090)
2026-04-26 02:50:34,803 | Epoch: [66][130/254]	Time   0.28 (  0.41)	Data 0.0003 (0.1527)	Loss (L1) 3.343 (3.091)
2026-04-26 02:50:37,469 | Epoch: [66][140/254]	Time   0.26 (  0.40)	Data 0.0002 (0.1422)	Loss (L1) 2.966 (3.090)
2026-04-26 02:50:40,153 | Epoch: [66][150/254]	Time   0.28 (  0.39)	Data 0.0002 (0.1328)	Loss (L1) 2.653 (3.085)
2026-04-26 02:50:42,880 | Epoch: [66][160/254]	Time   0.27 (  0.38)	Data 0.0002 (0.1245)	Loss (L1) 3.039 (3.083)
2026-04-26 02:50:45,977 | Epoch: [66][170/254]	Time   0.27 (  0.38)	Data 0.0002 (0.1204)	Loss (L1) 3.255 (3.094)
2026-04-26 02:50:48,697 | Epoch: [66][180/254]	Time   0.27 (  0.37)	Data 0.0002 (0.1138)	Loss (L1) 3.450 (3.091)
2026-04-26 02:50:51,407 | Epoch: [66][190/254]	Time   0.27 (  0.37)	Data 0.0001 (0.1079)	Loss (L1) 2.933 (3.093)
2026-04-26 02:50:54,602 | Epoch: [66][200/254]	Time   0.26 (  0.36)	Data 0.0001 (0.1059)	Loss (L1) 3.495 (3.093)
2026-04-26 02:50:57,294 | Epoch: [66][210/254]	Time   0.27 (  0.36)	Data 0.0001 (0.1009)	Loss (L1) 3.108 (3.087)
2026-04-26 02:50:59,969 | Epoch: [66][220/254]	Time   0.27 (  0.35)	Data 0.0001 (0.0963)	Loss (L1) 3.309 (3.082)
2026-04-26 02:51:02,620 | Epoch: [66][230/254]	Time   0.26 (  0.35)	Data 0.0000 (0.0922)	Loss (L1) 3.136 (3.081)
2026-04-26 02:51:05,274 | Epoch: [66][240/254]	Time   0.27 (  0.35)	Data 0.0001 (0.0883)	Loss (L1) 2.604 (3.077)
2026-04-26 02:51:07,928 | Epoch: [66][250/254]	Time   0.27 (  0.34)	Data 0.0001 (0.0848)	Loss (L1) 3.351 (3.084)
2026-04-26 02:51:15,079 | Val: [ 0/25]	Time  6.176 ( 6.176)	Loss (MSE) 248.775 (248.775)	Loss (L1) 14.283 (14.283)
2026-04-26 02:51:19,149 | Val: [10/25]	Time  0.084 ( 0.931)	Loss (MSE) 42.260 (89.445)	Loss (L1) 5.205 (7.716)
2026-04-26 02:51:19,985 | Val: [20/25]	Time  0.084 ( 0.528)	Loss (MSE) 228.880 (96.050)	Loss (L1) 13.523 (7.855)
2026-04-26 02:51:20,489 |  * Overall: MSE 134.421	L1 9.305	G-Mean 6.114
2026-04-26 02:51:20,489 |  * Many: MSE 80.845	L1 7.115	G-Mean 4.599
2026-04-26 02:51:20,489 |  * Median: MSE 206.478	L1 12.629	G-Mean 10.095
2026-04-26 02:51:20,489 |  * Low: MSE 432.637	L1 20.124	G-Mean 19.406
2026-04-26 02:51:20,490 | Best L1 Loss: 9.214
2026-04-26 02:51:20,709 | Epoch #66: Train loss [3.0839]; Val loss: MSE [134.4213], L1 [9.3053], G-Mean [6.1142]
2026-04-26 02:51:34,108 | Epoch: [67][  0/254]	Time  13.40 ( 13.40)	Data 13.2850 (13.2850)	Loss (L1) 3.160 (3.160)
2026-04-26 02:51:37,268 | Epoch: [67][ 10/254]	Time   0.26 (  1.51)	Data 0.0002 (1.2691)	Loss (L1) 3.175 (2.991)
2026-04-26 02:51:39,924 | Epoch: [67][ 20/254]	Time   0.27 (  0.91)	Data 0.0002 (0.6649)	Loss (L1) 2.912 (2.980)
2026-04-26 02:51:42,647 | Epoch: [67][ 30/254]	Time   0.26 (  0.71)	Data 0.0104 (0.4508)	Loss (L1) 3.116 (3.028)
2026-04-26 02:51:45,367 | Epoch: [67][ 40/254]	Time   0.29 (  0.60)	Data 0.0002 (0.3442)	Loss (L1) 2.836 (3.047)
2026-04-26 02:51:48,054 | Epoch: [67][ 50/254]	Time   0.27 (  0.54)	Data 0.0003 (0.2770)	Loss (L1) 3.327 (3.087)
2026-04-26 02:51:50,768 | Epoch: [67][ 60/254]	Time   0.26 (  0.49)	Data 0.0074 (0.2318)	Loss (L1) 3.003 (3.066)
2026-04-26 02:51:54,846 | Epoch: [67][ 70/254]	Time   0.25 (  0.48)	Data 0.0003 (0.2202)	Loss (L1) 2.948 (3.055)
2026-04-26 02:51:57,587 | Epoch: [67][ 80/254]	Time   0.30 (  0.46)	Data 0.0003 (0.1931)	Loss (L1) 2.871 (3.048)
2026-04-26 02:52:00,246 | Epoch: [67][ 90/254]	Time   0.25 (  0.43)	Data 0.0004 (0.1721)	Loss (L1) 2.709 (3.055)
2026-04-26 02:52:02,954 | Epoch: [67][100/254]	Time   0.24 (  0.42)	Data 0.0003 (0.1551)	Loss (L1) 2.606 (3.053)
2026-04-26 02:52:05,625 | Epoch: [67][110/254]	Time   0.26 (  0.40)	Data 0.0003 (0.1411)	Loss (L1) 3.412 (3.057)
2026-04-26 02:52:08,294 | Epoch: [67][120/254]	Time   0.26 (  0.39)	Data 0.0002 (0.1295)	Loss (L1) 3.434 (3.063)
2026-04-26 02:52:11,604 | Epoch: [67][130/254]	Time   0.28 (  0.39)	Data 0.0002 (0.1251)	Loss (L1) 3.444 (3.061)
2026-04-26 02:52:14,349 | Epoch: [67][140/254]	Time   0.29 (  0.38)	Data 0.0002 (0.1162)	Loss (L1) 3.392 (3.067)
2026-04-26 02:52:17,039 | Epoch: [67][150/254]	Time   0.26 (  0.37)	Data 0.0002 (0.1085)	Loss (L1) 2.870 (3.075)
2026-04-26 02:52:20,351 | Epoch: [67][160/254]	Time   0.85 (  0.37)	Data 0.7365 (0.1064)	Loss (L1) 3.144 (3.072)
2026-04-26 02:52:23,086 | Epoch: [67][170/254]	Time   0.28 (  0.36)	Data 0.0002 (0.1002)	Loss (L1) 2.905 (3.070)
2026-04-26 02:52:25,766 | Epoch: [67][180/254]	Time   0.27 (  0.36)	Data 0.0002 (0.0947)	Loss (L1) 3.026 (3.083)
2026-04-26 02:52:28,529 | Epoch: [67][190/254]	Time   0.26 (  0.36)	Data 0.0001 (0.0899)	Loss (L1) 2.941 (3.075)
2026-04-26 02:52:32,618 | Epoch: [67][200/254]	Time   0.27 (  0.36)	Data 0.0001 (0.0931)	Loss (L1) 2.753 (3.070)
2026-04-26 02:52:35,284 | Epoch: [67][210/254]	Time   0.27 (  0.35)	Data 0.0001 (0.0887)	Loss (L1) 2.988 (3.063)
2026-04-26 02:52:37,930 | Epoch: [67][220/254]	Time   0.27 (  0.35)	Data 0.0001 (0.0847)	Loss (L1) 2.853 (3.067)
2026-04-26 02:52:40,581 | Epoch: [67][230/254]	Time   0.27 (  0.35)	Data 0.0001 (0.0810)	Loss (L1) 3.193 (3.070)
2026-04-26 02:52:43,230 | Epoch: [67][240/254]	Time   0.26 (  0.34)	Data 0.0001 (0.0777)	Loss (L1) 2.804 (3.069)
2026-04-26 02:52:45,881 | Epoch: [67][250/254]	Time   0.26 (  0.34)	Data 0.0001 (0.0746)	Loss (L1) 3.375 (3.068)
2026-04-26 02:52:56,222 | Val: [ 0/25]	Time  9.350 ( 9.350)	Loss (MSE) 256.057 (256.057)	Loss (L1) 14.531 (14.531)
2026-04-26 02:52:57,207 | Val: [10/25]	Time  0.084 ( 0.940)	Loss (MSE) 42.352 (90.635)	Loss (L1) 5.224 (7.771)
2026-04-26 02:52:58,043 | Val: [20/25]	Time  0.084 ( 0.532)	Loss (MSE) 239.964 (98.662)	Loss (L1) 13.946 (7.953)
2026-04-26 02:52:58,550 |  * Overall: MSE 138.716	L1 9.450	G-Mean 6.237
2026-04-26 02:52:58,550 |  * Many: MSE 82.970	L1 7.194	G-Mean 4.689
2026-04-26 02:52:58,550 |  * Median: MSE 213.945	L1 12.892	G-Mean 10.300
2026-04-26 02:52:58,550 |  * Low: MSE 448.088	L1 20.535	G-Mean 19.881
2026-04-26 02:52:58,551 | Best L1 Loss: 9.214
2026-04-26 02:52:58,773 | Epoch #67: Train loss [3.0652]; Val loss: MSE [138.7163], L1 [9.4502], G-Mean [6.2371]
2026-04-26 02:53:11,852 | Epoch: [68][  0/254]	Time  13.08 ( 13.08)	Data 12.9649 (12.9649)	Loss (L1) 2.783 (2.783)
2026-04-26 02:53:14,622 | Epoch: [68][ 10/254]	Time   0.26 (  1.44)	Data 0.0002 (1.1804)	Loss (L1) 3.137 (3.012)
2026-04-26 02:53:17,332 | Epoch: [68][ 20/254]	Time   0.28 (  0.88)	Data 0.0002 (0.6184)	Loss (L1) 2.841 (3.045)
2026-04-26 02:53:20,047 | Epoch: [68][ 30/254]	Time   0.28 (  0.69)	Data 0.0002 (0.4192)	Loss (L1) 3.065 (3.043)
2026-04-26 02:53:22,989 | Epoch: [68][ 40/254]	Time   0.26 (  0.59)	Data 0.0002 (0.3265)	Loss (L1) 2.941 (3.023)
2026-04-26 02:53:25,673 | Epoch: [68][ 50/254]	Time   0.26 (  0.53)	Data 0.0002 (0.2625)	Loss (L1) 3.074 (3.024)
2026-04-26 02:53:28,385 | Epoch: [68][ 60/254]	Time   0.27 (  0.49)	Data 0.0002 (0.2195)	Loss (L1) 2.915 (3.033)
2026-04-26 02:53:31,361 | Epoch: [68][ 70/254]	Time   0.27 (  0.46)	Data 0.0002 (0.1947)	Loss (L1) 3.177 (3.037)
2026-04-26 02:53:34,080 | Epoch: [68][ 80/254]	Time   0.26 (  0.44)	Data 0.0002 (0.1709)	Loss (L1) 3.280 (3.053)
2026-04-26 02:53:36,801 | Epoch: [68][ 90/254]	Time   0.27 (  0.42)	Data 0.0003 (0.1521)	Loss (L1) 2.936 (3.044)
2026-04-26 02:53:40,607 | Epoch: [68][100/254]	Time   0.27 (  0.41)	Data 0.0002 (0.1493)	Loss (L1) 3.399 (3.052)
2026-04-26 02:53:43,284 | Epoch: [68][110/254]	Time   0.26 (  0.40)	Data 0.0002 (0.1359)	Loss (L1) 3.199 (3.061)
2026-04-26 02:53:45,993 | Epoch: [68][120/254]	Time   0.27 (  0.39)	Data 0.0002 (0.1247)	Loss (L1) 3.646 (3.077)
2026-04-26 02:53:49,413 | Epoch: [68][130/254]	Time   0.27 (  0.39)	Data 0.0002 (0.1219)	Loss (L1) 2.848 (3.073)
2026-04-26 02:53:52,685 | Epoch: [68][140/254]	Time   0.27 (  0.38)	Data 0.0002 (0.1183)	Loss (L1) 2.959 (3.066)
2026-04-26 02:53:55,356 | Epoch: [68][150/254]	Time   0.26 (  0.37)	Data 0.0002 (0.1105)	Loss (L1) 2.765 (3.058)
2026-04-26 02:53:58,052 | Epoch: [68][160/254]	Time   0.27 (  0.37)	Data 0.0004 (0.1036)	Loss (L1) 3.341 (3.068)
2026-04-26 02:54:01,266 | Epoch: [68][170/254]	Time   0.28 (  0.37)	Data 0.0002 (0.1014)	Loss (L1) 2.728 (3.073)
2026-04-26 02:54:03,907 | Epoch: [68][180/254]	Time   0.28 (  0.36)	Data 0.0002 (0.0959)	Loss (L1) 3.199 (3.072)
2026-04-26 02:54:06,603 | Epoch: [68][190/254]	Time   0.31 (  0.36)	Data 0.0001 (0.0909)	Loss (L1) 2.684 (3.067)
2026-04-26 02:54:09,285 | Epoch: [68][200/254]	Time   0.30 (  0.35)	Data 0.0001 (0.0872)	Loss (L1) 3.457 (3.069)
2026-04-26 02:54:11,934 | Epoch: [68][210/254]	Time   0.26 (  0.35)	Data 0.0001 (0.0830)	Loss (L1) 3.029 (3.062)
2026-04-26 02:54:14,585 | Epoch: [68][220/254]	Time   0.27 (  0.34)	Data 0.0001 (0.0793)	Loss (L1) 2.728 (3.066)
2026-04-26 02:54:17,235 | Epoch: [68][230/254]	Time   0.26 (  0.34)	Data 0.0001 (0.0759)	Loss (L1) 2.777 (3.063)
2026-04-26 02:54:19,887 | Epoch: [68][240/254]	Time   0.27 (  0.34)	Data 0.0001 (0.0727)	Loss (L1) 3.008 (3.060)
2026-04-26 02:54:22,537 | Epoch: [68][250/254]	Time   0.26 (  0.33)	Data 0.0001 (0.0698)	Loss (L1) 2.994 (3.061)
2026-04-26 02:54:33,479 | Val: [ 0/25]	Time  9.993 ( 9.993)	Loss (MSE) 253.627 (253.627)	Loss (L1) 14.471 (14.471)
2026-04-26 02:54:34,317 | Val: [10/25]	Time  0.083 ( 0.985)	Loss (MSE) 44.012 (91.712)	Loss (L1) 5.299 (7.807)
2026-04-26 02:54:35,153 | Val: [20/25]	Time  0.084 ( 0.556)	Loss (MSE) 234.838 (97.631)	Loss (L1) 13.771 (7.905)
2026-04-26 02:54:35,655 |  * Overall: MSE 137.258	L1 9.393	G-Mean 6.197
2026-04-26 02:54:35,655 |  * Many: MSE 81.686	L1 7.136	G-Mean 4.653
2026-04-26 02:54:35,655 |  * Median: MSE 213.018	L1 12.854	G-Mean 10.272
2026-04-26 02:54:35,655 |  * Low: MSE 442.884	L1 20.409	G-Mean 19.752
2026-04-26 02:54:35,656 | Best L1 Loss: 9.214
2026-04-26 02:54:35,876 | Epoch #68: Train loss [3.0607]; Val loss: MSE [137.2581], L1 [9.3931], G-Mean [6.1968]
2026-04-26 02:54:47,467 | Epoch: [69][  0/254]	Time  11.59 ( 11.59)	Data 11.4596 (11.4596)	Loss (L1) 2.966 (2.966)
2026-04-26 02:54:50,129 | Epoch: [69][ 10/254]	Time   0.26 (  1.30)	Data 0.0004 (1.0505)	Loss (L1) 2.574 (2.944)
2026-04-26 02:54:52,785 | Epoch: [69][ 20/254]	Time   0.28 (  0.81)	Data 0.0002 (0.5504)	Loss (L1) 2.935 (2.956)
2026-04-26 02:54:55,489 | Epoch: [69][ 30/254]	Time   0.30 (  0.63)	Data 0.0002 (0.3729)	Loss (L1) 3.309 (3.048)
2026-04-26 02:54:59,702 | Epoch: [69][ 40/254]	Time   0.26 (  0.58)	Data 0.0002 (0.3221)	Loss (L1) 2.929 (3.059)
2026-04-26 02:55:02,366 | Epoch: [69][ 50/254]	Time   0.28 (  0.52)	Data 0.0002 (0.2592)	Loss (L1) 2.846 (3.069)
2026-04-26 02:55:05,074 | Epoch: [69][ 60/254]	Time   0.29 (  0.48)	Data 0.0002 (0.2168)	Loss (L1) 2.844 (3.043)
2026-04-26 02:55:08,135 | Epoch: [69][ 70/254]	Time   0.28 (  0.45)	Data 0.0002 (0.1936)	Loss (L1) 2.608 (3.070)
2026-04-26 02:55:10,870 | Epoch: [69][ 80/254]	Time   0.30 (  0.43)	Data 0.0002 (0.1698)	Loss (L1) 2.918 (3.056)
2026-04-26 02:55:13,614 | Epoch: [69][ 90/254]	Time   0.27 (  0.41)	Data 0.0003 (0.1511)	Loss (L1) 3.090 (3.052)
2026-04-26 02:55:17,056 | Epoch: [69][100/254]	Time   0.27 (  0.41)	Data 0.0002 (0.1449)	Loss (L1) 2.762 (3.058)
2026-04-26 02:55:19,798 | Epoch: [69][110/254]	Time   0.27 (  0.40)	Data 0.0002 (0.1320)	Loss (L1) 3.376 (3.053)
2026-04-26 02:55:22,477 | Epoch: [69][120/254]	Time   0.27 (  0.39)	Data 0.0002 (0.1211)	Loss (L1) 3.040 (3.062)
2026-04-26 02:55:26,424 | Epoch: [69][130/254]	Time   0.26 (  0.39)	Data 0.0002 (0.1226)	Loss (L1) 2.891 (3.050)
2026-04-26 02:55:29,208 | Epoch: [69][140/254]	Time   0.27 (  0.38)	Data 0.0002 (0.1140)	Loss (L1) 2.993 (3.045)
2026-04-26 02:55:31,903 | Epoch: [69][150/254]	Time   0.26 (  0.37)	Data 0.0002 (0.1065)	Loss (L1) 2.747 (3.049)
2026-04-26 02:55:34,690 | Epoch: [69][160/254]	Time   0.37 (  0.37)	Data 0.2671 (0.1016)	Loss (L1) 2.872 (3.052)
2026-04-26 02:55:37,389 | Epoch: [69][170/254]	Time   0.27 (  0.36)	Data 0.0002 (0.0957)	Loss (L1) 2.927 (3.045)
2026-04-26 02:55:40,083 | Epoch: [69][180/254]	Time   0.27 (  0.35)	Data 0.0088 (0.0905)	Loss (L1) 3.342 (3.041)
2026-04-26 02:55:42,733 | Epoch: [69][190/254]	Time   0.27 (  0.35)	Data 0.0001 (0.0858)	Loss (L1) 2.640 (3.037)
2026-04-26 02:55:55,084 | Epoch: [69][200/254]	Time   0.27 (  0.39)	Data 0.0001 (0.1303)	Loss (L1) 3.775 (3.044)
2026-04-26 02:55:57,761 | Epoch: [69][210/254]	Time   0.26 (  0.39)	Data 0.0001 (0.1241)	Loss (L1) 3.057 (3.046)
2026-04-26 02:56:00,408 | Epoch: [69][220/254]	Time   0.27 (  0.38)	Data 0.0001 (0.1185)	Loss (L1) 2.886 (3.042)
2026-04-26 02:56:03,053 | Epoch: [69][230/254]	Time   0.26 (  0.38)	Data 0.0001 (0.1134)	Loss (L1) 2.972 (3.040)
2026-04-26 02:56:05,703 | Epoch: [69][240/254]	Time   0.27 (  0.37)	Data 0.0001 (0.1087)	Loss (L1) 2.841 (3.038)
2026-04-26 02:56:08,352 | Epoch: [69][250/254]	Time   0.26 (  0.37)	Data 0.0001 (0.1043)	Loss (L1) 2.993 (3.047)
2026-04-26 02:56:19,352 | Val: [ 0/25]	Time 10.031 (10.031)	Loss (MSE) 248.107 (248.107)	Loss (L1) 14.274 (14.274)
2026-04-26 02:56:20,501 | Val: [10/25]	Time  0.084 ( 1.016)	Loss (MSE) 40.311 (89.567)	Loss (L1) 5.116 (7.741)
2026-04-26 02:56:21,338 | Val: [20/25]	Time  0.084 ( 0.572)	Loss (MSE) 232.240 (95.088)	Loss (L1) 13.874 (7.834)
2026-04-26 02:56:21,840 |  * Overall: MSE 136.531	L1 9.384	G-Mean 6.237
2026-04-26 02:56:21,840 |  * Many: MSE 79.217	L1 7.060	G-Mean 4.672
2026-04-26 02:56:21,840 |  * Median: MSE 211.592	L1 12.890	G-Mean 10.350
2026-04-26 02:56:21,840 |  * Low: MSE 462.893	L1 20.940	G-Mean 20.332
2026-04-26 02:56:21,841 | Best L1 Loss: 9.214
2026-04-26 02:56:22,057 | Epoch #69: Train loss [3.0472]; Val loss: MSE [136.5314], L1 [9.3843], G-Mean [6.2371]
2026-04-26 02:56:35,470 | Epoch: [70][  0/254]	Time  13.41 ( 13.41)	Data 13.3031 (13.3031)	Loss (L1) 2.839 (2.839)
2026-04-26 02:56:40,352 | Epoch: [70][ 10/254]	Time   0.27 (  1.66)	Data 0.0002 (1.4220)	Loss (L1) 2.788 (2.916)
2026-04-26 02:56:43,040 | Epoch: [70][ 20/254]	Time   0.27 (  1.00)	Data 0.0002 (0.7455)	Loss (L1) 3.108 (2.980)
2026-04-26 02:56:45,808 | Epoch: [70][ 30/254]	Time   0.26 (  0.77)	Data 0.0004 (0.5055)	Loss (L1) 2.931 (3.010)
2026-04-26 02:56:48,678 | Epoch: [70][ 40/254]	Time   0.29 (  0.65)	Data 0.0003 (0.3886)	Loss (L1) 2.876 (3.031)
2026-04-26 02:56:51,390 | Epoch: [70][ 50/254]	Time   0.28 (  0.58)	Data 0.0002 (0.3125)	Loss (L1) 3.039 (3.019)
2026-04-26 02:56:54,077 | Epoch: [70][ 60/254]	Time   0.27 (  0.52)	Data 0.0002 (0.2613)	Loss (L1) 3.260 (3.027)
2026-04-26 02:56:57,959 | Epoch: [70][ 70/254]	Time   0.28 (  0.51)	Data 0.0002 (0.2432)	Loss (L1) 3.205 (3.032)
2026-04-26 02:57:00,624 | Epoch: [70][ 80/254]	Time   0.26 (  0.48)	Data 0.0002 (0.2133)	Loss (L1) 3.098 (3.019)
2026-04-26 02:57:03,327 | Epoch: [70][ 90/254]	Time   0.28 (  0.45)	Data 0.0002 (0.1898)	Loss (L1) 3.221 (3.048)
2026-04-26 02:57:07,521 | Epoch: [70][100/254]	Time   0.27 (  0.45)	Data 0.0002 (0.1877)	Loss (L1) 3.002 (3.048)
2026-04-26 02:57:10,240 | Epoch: [70][110/254]	Time   0.25 (  0.43)	Data 0.0004 (0.1709)	Loss (L1) 3.066 (3.044)
2026-04-26 02:57:12,899 | Epoch: [70][120/254]	Time   0.27 (  0.42)	Data 0.0002 (0.1568)	Loss (L1) 2.927 (3.049)
2026-04-26 02:57:17,845 | Epoch: [70][130/254]	Time   0.26 (  0.43)	Data 0.0003 (0.1631)	Loss (L1) 3.061 (3.039)
2026-04-26 02:57:20,532 | Epoch: [70][140/254]	Time   0.27 (  0.41)	Data 0.0002 (0.1515)	Loss (L1) 3.042 (3.058)
2026-04-26 02:57:23,193 | Epoch: [70][150/254]	Time   0.26 (  0.40)	Data 0.0002 (0.1415)	Loss (L1) 2.597 (3.049)
2026-04-26 02:57:25,872 | Epoch: [70][160/254]	Time   0.26 (  0.40)	Data 0.0002 (0.1327)	Loss (L1) 3.937 (3.052)
2026-04-26 02:57:28,530 | Epoch: [70][170/254]	Time   0.26 (  0.39)	Data 0.0002 (0.1250)	Loss (L1) 2.814 (3.048)
2026-04-26 02:57:31,209 | Epoch: [70][180/254]	Time   0.27 (  0.38)	Data 0.0002 (0.1181)	Loss (L1) 3.027 (3.036)
2026-04-26 02:57:33,874 | Epoch: [70][190/254]	Time   0.27 (  0.38)	Data 0.0001 (0.1119)	Loss (L1) 3.101 (3.032)
2026-04-26 02:57:36,545 | Epoch: [70][200/254]	Time   0.25 (  0.37)	Data 0.0001 (0.1064)	Loss (L1) 2.780 (3.032)
2026-04-26 02:57:39,210 | Epoch: [70][210/254]	Time   0.27 (  0.37)	Data 0.0002 (0.1013)	Loss (L1) 3.045 (3.031)
2026-04-26 02:57:41,871 | Epoch: [70][220/254]	Time   0.27 (  0.36)	Data 0.0001 (0.0967)	Loss (L1) 2.930 (3.030)
2026-04-26 02:57:44,536 | Epoch: [70][230/254]	Time   0.27 (  0.36)	Data 0.0001 (0.0926)	Loss (L1) 3.047 (3.028)
2026-04-26 02:57:47,194 | Epoch: [70][240/254]	Time   0.27 (  0.35)	Data 0.0002 (0.0887)	Loss (L1) 2.780 (3.030)
2026-04-26 02:57:49,854 | Epoch: [70][250/254]	Time   0.27 (  0.35)	Data 0.0001 (0.0852)	Loss (L1) 3.143 (3.030)
2026-04-26 02:57:58,313 | Val: [ 0/25]	Time  7.488 ( 7.488)	Loss (MSE) 245.005 (245.005)	Loss (L1) 14.231 (14.231)
2026-04-26 02:58:01,072 | Val: [10/25]	Time  0.084 ( 0.932)	Loss (MSE) 41.639 (85.873)	Loss (L1) 5.186 (7.544)
2026-04-26 02:58:01,912 | Val: [20/25]	Time  0.084 ( 0.528)	Loss (MSE) 246.942 (97.743)	Loss (L1) 14.038 (7.879)
2026-04-26 02:58:02,414 |  * Overall: MSE 138.195	L1 9.381	G-Mean 6.170
2026-04-26 02:58:02,414 |  * Many: MSE 82.831	L1 7.136	G-Mean 4.629
2026-04-26 02:58:02,415 |  * Median: MSE 213.761	L1 12.824	G-Mean 10.261
2026-04-26 02:58:02,415 |  * Low: MSE 442.351	L1 20.340	G-Mean 19.617
2026-04-26 02:58:02,416 | Best L1 Loss: 9.214
2026-04-26 02:58:02,634 | Epoch #70: Train loss [3.0333]; Val loss: MSE [138.1951], L1 [9.3808], G-Mean [6.1702]
2026-04-26 02:58:09,830 | Epoch: [71][  0/254]	Time   7.19 (  7.19)	Data 7.0538 (7.0538)	Loss (L1) 2.676 (2.676)
2026-04-26 02:58:17,577 | Epoch: [71][ 10/254]	Time   0.26 (  1.36)	Data 0.0002 (1.1195)	Loss (L1) 2.993 (3.015)
2026-04-26 02:58:20,243 | Epoch: [71][ 20/254]	Time   0.29 (  0.84)	Data 0.0002 (0.5865)	Loss (L1) 3.043 (2.947)
2026-04-26 02:58:22,872 | Epoch: [71][ 30/254]	Time   0.26 (  0.65)	Data 0.0002 (0.3977)	Loss (L1) 3.038 (2.962)
2026-04-26 02:58:26,050 | Epoch: [71][ 40/254]	Time   0.27 (  0.57)	Data 0.0004 (0.3147)	Loss (L1) 2.874 (2.955)
2026-04-26 02:58:28,753 | Epoch: [71][ 50/254]	Time   0.26 (  0.51)	Data 0.0004 (0.2531)	Loss (L1) 2.915 (2.937)
2026-04-26 02:58:31,469 | Epoch: [71][ 60/254]	Time   0.28 (  0.47)	Data 0.0002 (0.2118)	Loss (L1) 2.727 (2.933)
2026-04-26 02:58:34,294 | Epoch: [71][ 70/254]	Time   0.27 (  0.45)	Data 0.0003 (0.1862)	Loss (L1) 3.086 (2.945)
2026-04-26 02:58:37,067 | Epoch: [71][ 80/254]	Time   0.23 (  0.43)	Data 0.0004 (0.1634)	Loss (L1) 2.791 (2.989)
2026-04-26 02:58:39,816 | Epoch: [71][ 90/254]	Time   0.29 (  0.41)	Data 0.0002 (0.1456)	Loss (L1) 2.853 (2.988)
2026-04-26 02:58:43,694 | Epoch: [71][100/254]	Time   0.26 (  0.41)	Data 0.0002 (0.1439)	Loss (L1) 2.703 (2.984)
2026-04-26 02:58:46,430 | Epoch: [71][110/254]	Time   0.27 (  0.39)	Data 0.0003 (0.1309)	Loss (L1) 3.406 (2.991)
2026-04-26 02:58:49,104 | Epoch: [71][120/254]	Time   0.25 (  0.38)	Data 0.0002 (0.1202)	Loss (L1) 2.944 (2.994)
2026-04-26 02:58:53,058 | Epoch: [71][130/254]	Time   1.52 (  0.38)	Data 1.4063 (0.1218)	Loss (L1) 3.551 (2.995)
2026-04-26 02:58:55,772 | Epoch: [71][140/254]	Time   0.29 (  0.38)	Data 0.0003 (0.1132)	Loss (L1) 3.039 (3.015)
2026-04-26 02:58:58,441 | Epoch: [71][150/254]	Time   0.26 (  0.37)	Data 0.0001 (0.1057)	Loss (L1) 3.420 (3.013)
2026-04-26 02:59:01,184 | Epoch: [71][160/254]	Time   0.31 (  0.36)	Data 0.0001 (0.0992)	Loss (L1) 2.836 (3.014)
2026-04-26 02:59:03,848 | Epoch: [71][170/254]	Time   0.28 (  0.36)	Data 0.0001 (0.0934)	Loss (L1) 2.959 (3.019)
2026-04-26 02:59:06,522 | Epoch: [71][180/254]	Time   0.28 (  0.35)	Data 0.0002 (0.0883)	Loss (L1) 3.208 (3.012)
2026-04-26 02:59:09,257 | Epoch: [71][190/254]	Time   0.25 (  0.35)	Data 0.0001 (0.0837)	Loss (L1) 2.825 (3.018)
2026-04-26 02:59:11,933 | Epoch: [71][200/254]	Time   0.27 (  0.34)	Data 0.0002 (0.0796)	Loss (L1) 2.907 (3.018)
2026-04-26 02:59:14,610 | Epoch: [71][210/254]	Time   0.27 (  0.34)	Data 0.0002 (0.0758)	Loss (L1) 2.979 (3.019)
2026-04-26 02:59:17,262 | Epoch: [71][220/254]	Time   0.27 (  0.34)	Data 0.0001 (0.0724)	Loss (L1) 3.061 (3.022)
2026-04-26 02:59:19,924 | Epoch: [71][230/254]	Time   0.27 (  0.33)	Data 0.0001 (0.0693)	Loss (L1) 3.261 (3.021)
2026-04-26 02:59:22,577 | Epoch: [71][240/254]	Time   0.27 (  0.33)	Data 0.0002 (0.0664)	Loss (L1) 2.903 (3.018)
2026-04-26 02:59:25,232 | Epoch: [71][250/254]	Time   0.27 (  0.33)	Data 0.0002 (0.0638)	Loss (L1) 3.328 (3.026)
2026-04-26 02:59:35,711 | Val: [ 0/25]	Time  9.502 ( 9.502)	Loss (MSE) 246.045 (246.045)	Loss (L1) 14.257 (14.257)
2026-04-26 02:59:36,552 | Val: [10/25]	Time  0.084 ( 0.940)	Loss (MSE) 41.519 (87.056)	Loss (L1) 5.131 (7.602)
2026-04-26 02:59:37,389 | Val: [20/25]	Time  0.084 ( 0.532)	Loss (MSE) 241.022 (96.551)	Loss (L1) 13.929 (7.843)
2026-04-26 02:59:37,890 |  * Overall: MSE 136.652	L1 9.342	G-Mean 6.172
2026-04-26 02:59:37,890 |  * Many: MSE 81.304	L1 7.095	G-Mean 4.642
2026-04-26 02:59:37,890 |  * Median: MSE 211.427	L1 12.768	G-Mean 10.187
2026-04-26 02:59:37,890 |  * Low: MSE 443.507	L1 20.385	G-Mean 19.663
2026-04-26 02:59:37,891 | Best L1 Loss: 9.214
2026-04-26 02:59:38,107 | Epoch #71: Train loss [3.0257]; Val loss: MSE [136.6518], L1 [9.3422], G-Mean [6.1722]
2026-04-26 02:59:47,230 | Epoch: [72][  0/254]	Time   9.12 (  9.12)	Data 9.0023 (9.0023)	Loss (L1) 2.780 (2.780)
2026-04-26 02:59:51,891 | Epoch: [72][ 10/254]	Time   0.26 (  1.25)	Data 0.0002 (1.0204)	Loss (L1) 3.094 (2.918)
2026-04-26 02:59:54,560 | Epoch: [72][ 20/254]	Time   0.27 (  0.78)	Data 0.0002 (0.5346)	Loss (L1) 3.136 (2.958)
2026-04-26 02:59:57,273 | Epoch: [72][ 30/254]	Time   0.24 (  0.62)	Data 0.0301 (0.3632)	Loss (L1) 2.735 (2.944)
2026-04-26 03:00:00,461 | Epoch: [72][ 40/254]	Time   0.25 (  0.55)	Data 0.0002 (0.2884)	Loss (L1) 2.646 (2.941)
2026-04-26 03:00:03,153 | Epoch: [72][ 50/254]	Time   0.26 (  0.49)	Data 0.0002 (0.2319)	Loss (L1) 3.138 (2.971)
2026-04-26 03:00:05,999 | Epoch: [72][ 60/254]	Time   0.24 (  0.46)	Data 0.0002 (0.1940)	Loss (L1) 3.218 (2.974)
2026-04-26 03:00:08,771 | Epoch: [72][ 70/254]	Time   0.25 (  0.43)	Data 0.0011 (0.1687)	Loss (L1) 2.398 (2.969)
2026-04-26 03:00:11,491 | Epoch: [72][ 80/254]	Time   0.26 (  0.41)	Data 0.0002 (0.1479)	Loss (L1) 4.996 (3.016)
2026-04-26 03:00:14,192 | Epoch: [72][ 90/254]	Time   0.27 (  0.40)	Data 0.0002 (0.1319)	Loss (L1) 3.110 (3.017)
2026-04-26 03:00:18,076 | Epoch: [72][100/254]	Time   0.26 (  0.40)	Data 0.0214 (0.1334)	Loss (L1) 2.958 (3.017)
2026-04-26 03:00:20,779 | Epoch: [72][110/254]	Time   0.26 (  0.38)	Data 0.0002 (0.1215)	Loss (L1) 3.273 (3.024)
2026-04-26 03:00:23,486 | Epoch: [72][120/254]	Time   0.28 (  0.38)	Data 0.0002 (0.1115)	Loss (L1) 3.273 (3.026)
2026-04-26 03:00:27,080 | Epoch: [72][130/254]	Time   0.28 (  0.37)	Data 0.0002 (0.1123)	Loss (L1) 2.728 (3.030)
2026-04-26 03:00:29,791 | Epoch: [72][140/254]	Time   0.27 (  0.37)	Data 0.0002 (0.1044)	Loss (L1) 2.803 (3.032)
2026-04-26 03:00:32,521 | Epoch: [72][150/254]	Time   0.28 (  0.36)	Data 0.0002 (0.0975)	Loss (L1) 3.122 (3.027)
2026-04-26 03:00:35,280 | Epoch: [72][160/254]	Time   0.34 (  0.36)	Data 0.2236 (0.0933)	Loss (L1) 3.218 (3.019)
2026-04-26 03:00:38,420 | Epoch: [72][170/254]	Time   0.23 (  0.35)	Data 0.0002 (0.0919)	Loss (L1) 3.583 (3.022)
2026-04-26 03:00:41,101 | Epoch: [72][180/254]	Time   0.26 (  0.35)	Data 0.0002 (0.0870)	Loss (L1) 3.207 (3.024)
2026-04-26 03:00:43,757 | Epoch: [72][190/254]	Time   0.25 (  0.34)	Data 0.0001 (0.0825)	Loss (L1) 2.490 (3.016)
2026-04-26 03:00:47,978 | Epoch: [72][200/254]	Time   0.25 (  0.35)	Data 0.0001 (0.0882)	Loss (L1) 3.108 (3.020)
2026-04-26 03:00:50,639 | Epoch: [72][210/254]	Time   0.26 (  0.34)	Data 0.0001 (0.0840)	Loss (L1) 2.697 (3.019)
2026-04-26 03:00:53,284 | Epoch: [72][220/254]	Time   0.26 (  0.34)	Data 0.0001 (0.0802)	Loss (L1) 3.487 (3.019)
2026-04-26 03:00:55,930 | Epoch: [72][230/254]	Time   0.27 (  0.34)	Data 0.0001 (0.0767)	Loss (L1) 3.113 (3.016)
2026-04-26 03:00:58,575 | Epoch: [72][240/254]	Time   0.26 (  0.33)	Data 0.0001 (0.0735)	Loss (L1) 2.634 (3.011)
2026-04-26 03:01:01,222 | Epoch: [72][250/254]	Time   0.26 (  0.33)	Data 0.0001 (0.0706)	Loss (L1) 3.089 (3.005)
2026-04-26 03:01:09,333 | Val: [ 0/25]	Time  7.155 ( 7.155)	Loss (MSE) 249.293 (249.293)	Loss (L1) 14.399 (14.399)
2026-04-26 03:01:12,474 | Val: [10/25]	Time  0.083 ( 0.936)	Loss (MSE) 39.084 (86.003)	Loss (L1) 4.982 (7.547)
2026-04-26 03:01:13,310 | Val: [20/25]	Time  0.083 ( 0.530)	Loss (MSE) 238.721 (94.981)	Loss (L1) 14.039 (7.797)
2026-04-26 03:01:13,790 |  * Overall: MSE 136.256	L1 9.343	G-Mean 6.160
2026-04-26 03:01:13,790 |  * Many: MSE 79.520	L1 7.035	G-Mean 4.597
2026-04-26 03:01:13,790 |  * Median: MSE 211.503	L1 12.847	G-Mean 10.326
2026-04-26 03:01:13,790 |  * Low: MSE 455.897	L1 20.743	G-Mean 20.102
2026-04-26 03:01:13,791 | Best L1 Loss: 9.214
2026-04-26 03:01:14,008 | Epoch #72: Train loss [3.0068]; Val loss: MSE [136.2563], L1 [9.3430], G-Mean [6.1598]
2026-04-26 03:01:23,894 | Epoch: [73][  0/254]	Time   9.88 (  9.88)	Data 9.7616 (9.7616)	Loss (L1) 2.812 (2.812)
2026-04-26 03:01:28,612 | Epoch: [73][ 10/254]	Time   0.27 (  1.33)	Data 0.0003 (1.0798)	Loss (L1) 2.822 (2.883)
2026-04-26 03:01:31,279 | Epoch: [73][ 20/254]	Time   0.26 (  0.82)	Data 0.0002 (0.5659)	Loss (L1) 3.212 (2.911)
2026-04-26 03:01:33,973 | Epoch: [73][ 30/254]	Time   0.27 (  0.64)	Data 0.0002 (0.3839)	Loss (L1) 3.217 (2.905)
2026-04-26 03:01:37,310 | Epoch: [73][ 40/254]	Time   0.26 (  0.57)	Data 0.0002 (0.3097)	Loss (L1) 2.836 (2.888)
2026-04-26 03:01:40,003 | Epoch: [73][ 50/254]	Time   0.27 (  0.51)	Data 0.0002 (0.2492)	Loss (L1) 3.073 (2.902)
2026-04-26 03:01:42,714 | Epoch: [73][ 60/254]	Time   0.26 (  0.47)	Data 0.0002 (0.2084)	Loss (L1) 2.778 (2.920)
2026-04-26 03:01:45,878 | Epoch: [73][ 70/254]	Time   0.28 (  0.45)	Data 0.0002 (0.1876)	Loss (L1) 2.943 (2.941)
2026-04-26 03:01:48,538 | Epoch: [73][ 80/254]	Time   0.28 (  0.43)	Data 0.0002 (0.1644)	Loss (L1) 2.674 (2.959)
2026-04-26 03:01:51,272 | Epoch: [73][ 90/254]	Time   0.27 (  0.41)	Data 0.0002 (0.1465)	Loss (L1) 3.137 (2.976)
2026-04-26 03:01:53,965 | Epoch: [73][100/254]	Time   0.26 (  0.40)	Data 0.0002 (0.1324)	Loss (L1) 2.775 (2.978)
2026-04-26 03:01:56,659 | Epoch: [73][110/254]	Time   0.26 (  0.38)	Data 0.0002 (0.1205)	Loss (L1) 3.476 (2.980)
2026-04-26 03:01:59,320 | Epoch: [73][120/254]	Time   0.27 (  0.37)	Data 0.0002 (0.1105)	Loss (L1) 3.042 (2.978)
2026-04-26 03:02:03,836 | Epoch: [73][130/254]	Time   0.26 (  0.38)	Data 0.0001 (0.1187)	Loss (L1) 3.146 (2.982)
2026-04-26 03:02:06,481 | Epoch: [73][140/254]	Time   0.26 (  0.37)	Data 0.0002 (0.1103)	Loss (L1) 2.927 (2.976)
2026-04-26 03:02:09,126 | Epoch: [73][150/254]	Time   0.26 (  0.37)	Data 0.0002 (0.1030)	Loss (L1) 3.031 (2.977)
2026-04-26 03:02:11,798 | Epoch: [73][160/254]	Time   0.28 (  0.36)	Data 0.0002 (0.0966)	Loss (L1) 2.917 (2.991)
2026-04-26 03:02:14,443 | Epoch: [73][170/254]	Time   0.26 (  0.35)	Data 0.0002 (0.0917)	Loss (L1) 3.047 (2.995)
2026-04-26 03:02:17,095 | Epoch: [73][180/254]	Time   0.27 (  0.35)	Data 0.0002 (0.0867)	Loss (L1) 2.480 (3.003)
2026-04-26 03:02:19,801 | Epoch: [73][190/254]	Time   0.28 (  0.34)	Data 0.0001 (0.0823)	Loss (L1) 2.566 (3.004)
2026-04-26 03:02:23,481 | Epoch: [73][200/254]	Time   0.26 (  0.35)	Data 0.0001 (0.0838)	Loss (L1) 3.014 (3.009)
2026-04-26 03:02:26,128 | Epoch: [73][210/254]	Time   0.25 (  0.34)	Data 0.0001 (0.0799)	Loss (L1) 3.534 (3.012)
2026-04-26 03:02:28,774 | Epoch: [73][220/254]	Time   0.27 (  0.34)	Data 0.0001 (0.0763)	Loss (L1) 2.669 (3.007)
2026-04-26 03:02:31,419 | Epoch: [73][230/254]	Time   0.26 (  0.34)	Data 0.0001 (0.0730)	Loss (L1) 2.665 (3.009)
2026-04-26 03:02:34,065 | Epoch: [73][240/254]	Time   0.26 (  0.33)	Data 0.0001 (0.0699)	Loss (L1) 2.910 (3.009)
2026-04-26 03:02:36,713 | Epoch: [73][250/254]	Time   0.26 (  0.33)	Data 0.0001 (0.0672)	Loss (L1) 2.857 (3.006)
2026-04-26 03:02:46,483 | Val: [ 0/25]	Time  8.804 ( 8.804)	Loss (MSE) 260.447 (260.447)	Loss (L1) 14.696 (14.696)
2026-04-26 03:02:48,066 | Val: [10/25]	Time  0.083 ( 0.944)	Loss (MSE) 43.257 (92.830)	Loss (L1) 5.320 (7.858)
2026-04-26 03:02:48,907 | Val: [20/25]	Time  0.083 ( 0.535)	Loss (MSE) 235.925 (98.362)	Loss (L1) 13.960 (7.974)
2026-04-26 03:02:49,416 |  * Overall: MSE 140.011	L1 9.521	G-Mean 6.316
2026-04-26 03:02:49,416 |  * Many: MSE 81.937	L1 7.193	G-Mean 4.728
2026-04-26 03:02:49,416 |  * Median: MSE 216.920	L1 13.052	G-Mean 10.525
2026-04-26 03:02:49,416 |  * Low: MSE 467.597	L1 21.031	G-Mean 20.403
2026-04-26 03:02:49,417 | Best L1 Loss: 9.214
2026-04-26 03:02:49,635 | Epoch #73: Train loss [3.0058]; Val loss: MSE [140.0113], L1 [9.5209], G-Mean [6.3165]
2026-04-26 03:02:58,202 | Epoch: [74][  0/254]	Time   8.57 (  8.57)	Data 8.4297 (8.4297)	Loss (L1) 2.654 (2.654)
2026-04-26 03:03:03,169 | Epoch: [74][ 10/254]	Time   0.26 (  1.23)	Data 0.0003 (1.0111)	Loss (L1) 3.524 (2.940)
2026-04-26 03:03:05,859 | Epoch: [74][ 20/254]	Time   0.26 (  0.77)	Data 0.0077 (0.5304)	Loss (L1) 2.821 (2.950)
2026-04-26 03:03:08,579 | Epoch: [74][ 30/254]	Time   0.26 (  0.61)	Data 0.0006 (0.3594)	Loss (L1) 3.218 (2.960)
2026-04-26 03:03:11,597 | Epoch: [74][ 40/254]	Time   0.30 (  0.54)	Data 0.0002 (0.2821)	Loss (L1) 2.681 (2.967)
2026-04-26 03:03:14,292 | Epoch: [74][ 50/254]	Time   0.28 (  0.48)	Data 0.0002 (0.2268)	Loss (L1) 2.612 (2.947)
2026-04-26 03:03:16,977 | Epoch: [74][ 60/254]	Time   0.28 (  0.45)	Data 0.0002 (0.1902)	Loss (L1) 2.638 (2.931)
2026-04-26 03:03:21,688 | Epoch: [74][ 70/254]	Time   2.19 (  0.45)	Data 2.0679 (0.1927)	Loss (L1) 2.898 (2.920)
2026-04-26 03:03:24,393 | Epoch: [74][ 80/254]	Time   0.27 (  0.43)	Data 0.0187 (0.1694)	Loss (L1) 3.404 (2.939)
2026-04-26 03:03:27,071 | Epoch: [74][ 90/254]	Time   0.26 (  0.41)	Data 0.0002 (0.1509)	Loss (L1) 2.645 (2.942)
2026-04-26 03:03:29,885 | Epoch: [74][100/254]	Time   0.28 (  0.40)	Data 0.0004 (0.1362)	Loss (L1) 3.244 (2.946)
2026-04-26 03:03:33,078 | Epoch: [74][110/254]	Time   0.28 (  0.39)	Data 0.0003 (0.1298)	Loss (L1) 2.654 (2.954)
2026-04-26 03:03:35,746 | Epoch: [74][120/254]	Time   0.26 (  0.38)	Data 0.0002 (0.1191)	Loss (L1) 3.016 (2.962)
2026-04-26 03:03:38,472 | Epoch: [74][130/254]	Time   0.29 (  0.37)	Data 0.0003 (0.1100)	Loss (L1) 2.698 (2.956)
2026-04-26 03:03:42,240 | Epoch: [74][140/254]	Time   0.27 (  0.37)	Data 0.0001 (0.1111)	Loss (L1) 3.028 (2.962)
2026-04-26 03:03:44,915 | Epoch: [74][150/254]	Time   0.28 (  0.37)	Data 0.0002 (0.1038)	Loss (L1) 2.934 (2.960)
2026-04-26 03:03:47,643 | Epoch: [74][160/254]	Time   0.27 (  0.36)	Data 0.0002 (0.0974)	Loss (L1) 2.757 (2.966)
2026-04-26 03:03:51,026 | Epoch: [74][170/254]	Time   0.27 (  0.36)	Data 0.0002 (0.0966)	Loss (L1) 2.925 (2.971)
2026-04-26 03:03:53,699 | Epoch: [74][180/254]	Time   0.27 (  0.35)	Data 0.0002 (0.0913)	Loss (L1) 3.122 (2.968)
2026-04-26 03:03:56,411 | Epoch: [74][190/254]	Time   0.26 (  0.35)	Data 0.0001 (0.0865)	Loss (L1) 3.181 (2.976)
2026-04-26 03:03:59,106 | Epoch: [74][200/254]	Time   0.27 (  0.35)	Data 0.0001 (0.0830)	Loss (L1) 3.219 (2.979)
2026-04-26 03:04:01,761 | Epoch: [74][210/254]	Time   0.27 (  0.34)	Data 0.0003 (0.0790)	Loss (L1) 4.139 (2.986)
2026-04-26 03:04:04,436 | Epoch: [74][220/254]	Time   0.27 (  0.34)	Data 0.0002 (0.0755)	Loss (L1) 2.838 (2.983)
2026-04-26 03:04:07,092 | Epoch: [74][230/254]	Time   0.27 (  0.34)	Data 0.0001 (0.0722)	Loss (L1) 2.990 (2.981)
2026-04-26 03:04:09,760 | Epoch: [74][240/254]	Time   0.27 (  0.33)	Data 0.0001 (0.0692)	Loss (L1) 2.885 (2.979)
2026-04-26 03:04:12,412 | Epoch: [74][250/254]	Time   0.27 (  0.33)	Data 0.0002 (0.0665)	Loss (L1) 2.828 (2.986)
2026-04-26 03:04:21,271 | Val: [ 0/25]	Time  7.898 ( 7.898)	Loss (MSE) 257.169 (257.169)	Loss (L1) 14.628 (14.628)
2026-04-26 03:04:24,177 | Val: [10/25]	Time  0.083 ( 0.982)	Loss (MSE) 42.308 (92.281)	Loss (L1) 5.260 (7.862)
2026-04-26 03:04:25,014 | Val: [20/25]	Time  0.084 ( 0.554)	Loss (MSE) 219.943 (95.003)	Loss (L1) 13.269 (7.828)
2026-04-26 03:04:25,508 |  * Overall: MSE 131.950	L1 9.241	G-Mean 6.161
2026-04-26 03:04:25,508 |  * Many: MSE 78.668	L1 7.044	G-Mean 4.642
2026-04-26 03:04:25,508 |  * Median: MSE 205.527	L1 12.646	G-Mean 10.186
2026-04-26 03:04:25,509 |  * Low: MSE 421.578	L1 19.842	G-Mean 19.107
2026-04-26 03:04:25,510 | Best L1 Loss: 9.214
2026-04-26 03:04:25,741 | Epoch #74: Train loss [2.9852]; Val loss: MSE [131.9504], L1 [9.2414], G-Mean [6.1607]
2026-04-26 03:04:32,277 | Epoch: [75][  0/254]	Time   6.54 (  6.54)	Data 6.3815 (6.3815)	Loss (L1) 3.108 (3.108)
2026-04-26 03:04:40,644 | Epoch: [75][ 10/254]	Time   0.26 (  1.35)	Data 0.0002 (1.1352)	Loss (L1) 2.735 (2.965)
2026-04-26 03:04:43,295 | Epoch: [75][ 20/254]	Time   0.26 (  0.84)	Data 0.0002 (0.5948)	Loss (L1) 2.718 (2.936)
2026-04-26 03:04:45,985 | Epoch: [75][ 30/254]	Time   0.27 (  0.65)	Data 0.0002 (0.4030)	Loss (L1) 2.929 (2.926)
2026-04-26 03:04:48,873 | Epoch: [75][ 40/254]	Time   0.26 (  0.56)	Data 0.0002 (0.3120)	Loss (L1) 3.069 (2.982)
2026-04-26 03:04:51,550 | Epoch: [75][ 50/254]	Time   0.27 (  0.51)	Data 0.0002 (0.2509)	Loss (L1) 3.043 (3.005)
2026-04-26 03:04:54,260 | Epoch: [75][ 60/254]	Time   0.26 (  0.47)	Data 0.0003 (0.2098)	Loss (L1) 3.215 (3.000)
2026-04-26 03:04:57,545 | Epoch: [75][ 70/254]	Time   0.26 (  0.45)	Data 0.0003 (0.1908)	Loss (L1) 2.837 (3.008)
2026-04-26 03:05:00,217 | Epoch: [75][ 80/254]	Time   0.28 (  0.43)	Data 0.0002 (0.1673)	Loss (L1) 3.169 (3.001)
2026-04-26 03:05:02,930 | Epoch: [75][ 90/254]	Time   0.28 (  0.41)	Data 0.0002 (0.1492)	Loss (L1) 2.608 (2.986)
2026-04-26 03:05:05,633 | Epoch: [75][100/254]	Time   0.28 (  0.39)	Data 0.0001 (0.1345)	Loss (L1) 3.998 (2.990)
2026-04-26 03:05:08,864 | Epoch: [75][110/254]	Time   0.25 (  0.39)	Data 0.0002 (0.1288)	Loss (L1) 2.825 (2.989)
2026-04-26 03:05:11,579 | Epoch: [75][120/254]	Time   0.27 (  0.38)	Data 0.0002 (0.1182)	Loss (L1) 3.234 (2.989)
2026-04-26 03:05:14,247 | Epoch: [75][130/254]	Time   0.27 (  0.37)	Data 0.0002 (0.1092)	Loss (L1) 3.149 (2.984)
2026-04-26 03:05:18,244 | Epoch: [75][140/254]	Time   0.28 (  0.37)	Data 0.0001 (0.1117)	Loss (L1) 2.940 (2.972)
2026-04-26 03:05:20,914 | Epoch: [75][150/254]	Time   0.27 (  0.37)	Data 0.0001 (0.1043)	Loss (L1) 3.248 (2.964)
2026-04-26 03:05:23,699 | Epoch: [75][160/254]	Time   0.32 (  0.36)	Data 0.0001 (0.0978)	Loss (L1) 3.020 (2.967)
2026-04-26 03:05:26,370 | Epoch: [75][170/254]	Time   0.27 (  0.35)	Data 0.0002 (0.0921)	Loss (L1) 2.760 (2.965)
2026-04-26 03:05:29,067 | Epoch: [75][180/254]	Time   0.26 (  0.35)	Data 0.0005 (0.0871)	Loss (L1) 2.686 (2.962)
2026-04-26 03:05:31,760 | Epoch: [75][190/254]	Time   0.28 (  0.35)	Data 0.0001 (0.0826)	Loss (L1) 2.502 (2.963)
2026-04-26 03:05:34,644 | Epoch: [75][200/254]	Time   0.26 (  0.34)	Data 0.0001 (0.0802)	Loss (L1) 3.023 (2.972)
2026-04-26 03:05:37,311 | Epoch: [75][210/254]	Time   0.26 (  0.34)	Data 0.0001 (0.0764)	Loss (L1) 3.079 (2.973)
2026-04-26 03:05:39,967 | Epoch: [75][220/254]	Time   0.27 (  0.34)	Data 0.0001 (0.0729)	Loss (L1) 2.920 (2.976)
2026-04-26 03:05:42,623 | Epoch: [75][230/254]	Time   0.27 (  0.33)	Data 0.0001 (0.0698)	Loss (L1) 2.945 (2.971)
2026-04-26 03:05:45,278 | Epoch: [75][240/254]	Time   0.27 (  0.33)	Data 0.0001 (0.0669)	Loss (L1) 2.666 (2.978)
2026-04-26 03:05:47,933 | Epoch: [75][250/254]	Time   0.27 (  0.33)	Data 0.0001 (0.0642)	Loss (L1) 2.689 (2.970)
2026-04-26 03:05:56,264 | Val: [ 0/25]	Time  7.367 ( 7.367)	Loss (MSE) 244.903 (244.903)	Loss (L1) 14.253 (14.253)
2026-04-26 03:05:59,996 | Val: [10/25]	Time  0.084 ( 1.009)	Loss (MSE) 39.827 (87.317)	Loss (L1) 5.072 (7.606)
2026-04-26 03:06:00,832 | Val: [20/25]	Time  0.084 ( 0.568)	Loss (MSE) 231.717 (93.857)	Loss (L1) 13.905 (7.765)
2026-04-26 03:06:01,319 |  * Overall: MSE 135.575	L1 9.330	G-Mean 6.105
2026-04-26 03:06:01,319 |  * Many: MSE 78.053	L1 6.987	G-Mean 4.533
2026-04-26 03:06:01,319 |  * Median: MSE 211.134	L1 12.887	G-Mean 10.337
2026-04-26 03:06:01,319 |  * Low: MSE 462.292	L1 20.902	G-Mean 20.271
2026-04-26 03:06:01,320 | Best L1 Loss: 9.214
2026-04-26 03:06:01,539 | Epoch #75: Train loss [2.9703]; Val loss: MSE [135.5748], L1 [9.3298], G-Mean [6.1052]
2026-04-26 03:06:13,763 | Epoch: [76][  0/254]	Time  12.22 ( 12.22)	Data 12.1093 (12.1093)	Loss (L1) 3.426 (3.426)
2026-04-26 03:06:16,503 | Epoch: [76][ 10/254]	Time   0.29 (  1.36)	Data 0.0003 (1.1040)	Loss (L1) 3.010 (3.039)
2026-04-26 03:06:19,205 | Epoch: [76][ 20/254]	Time   0.26 (  0.84)	Data 0.0002 (0.5785)	Loss (L1) 2.677 (3.041)
2026-04-26 03:06:21,937 | Epoch: [76][ 30/254]	Time   0.26 (  0.66)	Data 0.0004 (0.3920)	Loss (L1) 2.964 (2.990)
2026-04-26 03:06:26,631 | Epoch: [76][ 40/254]	Time   0.26 (  0.61)	Data 0.0002 (0.3493)	Loss (L1) 2.874 (2.954)
2026-04-26 03:06:29,333 | Epoch: [76][ 50/254]	Time   0.27 (  0.54)	Data 0.0024 (0.2810)	Loss (L1) 2.975 (2.955)
2026-04-26 03:06:31,999 | Epoch: [76][ 60/254]	Time   0.25 (  0.50)	Data 0.0004 (0.2350)	Loss (L1) 2.701 (2.951)
2026-04-26 03:06:34,732 | Epoch: [76][ 70/254]	Time   0.26 (  0.47)	Data 0.0002 (0.2021)	Loss (L1) 2.398 (2.943)
2026-04-26 03:06:37,427 | Epoch: [76][ 80/254]	Time   0.26 (  0.44)	Data 0.0002 (0.1772)	Loss (L1) 2.556 (2.932)
2026-04-26 03:06:40,133 | Epoch: [76][ 90/254]	Time   0.26 (  0.42)	Data 0.0002 (0.1580)	Loss (L1) 2.901 (2.955)
2026-04-26 03:06:42,871 | Epoch: [76][100/254]	Time   0.26 (  0.41)	Data 0.0002 (0.1424)	Loss (L1) 2.534 (2.967)
2026-04-26 03:06:45,531 | Epoch: [76][110/254]	Time   0.26 (  0.40)	Data 0.0002 (0.1296)	Loss (L1) 3.256 (2.960)
2026-04-26 03:06:48,208 | Epoch: [76][120/254]	Time   0.26 (  0.39)	Data 0.0010 (0.1189)	Loss (L1) 2.984 (2.956)
2026-04-26 03:06:50,922 | Epoch: [76][130/254]	Time   0.27 (  0.38)	Data 0.0004 (0.1099)	Loss (L1) 2.477 (2.963)
2026-04-26 03:06:53,592 | Epoch: [76][140/254]	Time   0.27 (  0.37)	Data 0.0001 (0.1021)	Loss (L1) 2.894 (2.960)
2026-04-26 03:06:56,242 | Epoch: [76][150/254]	Time   0.27 (  0.36)	Data 0.0001 (0.0954)	Loss (L1) 3.158 (2.962)
2026-04-26 03:06:58,939 | Epoch: [76][160/254]	Time   0.27 (  0.36)	Data 0.0801 (0.0900)	Loss (L1) 2.768 (2.969)
2026-04-26 03:07:01,595 | Epoch: [76][170/254]	Time   0.27 (  0.35)	Data 0.0002 (0.0847)	Loss (L1) 2.940 (2.969)
2026-04-26 03:07:04,270 | Epoch: [76][180/254]	Time   0.26 (  0.35)	Data 0.0003 (0.0801)	Loss (L1) 3.013 (2.968)
2026-04-26 03:07:06,965 | Epoch: [76][190/254]	Time   0.26 (  0.34)	Data 0.0001 (0.0759)	Loss (L1) 2.775 (2.960)
2026-04-26 03:07:09,910 | Epoch: [76][200/254]	Time   0.27 (  0.34)	Data 0.0001 (0.0743)	Loss (L1) 3.071 (2.965)
2026-04-26 03:07:12,570 | Epoch: [76][210/254]	Time   0.27 (  0.34)	Data 0.0001 (0.0708)	Loss (L1) 2.829 (2.962)
2026-04-26 03:07:15,232 | Epoch: [76][220/254]	Time   0.27 (  0.33)	Data 0.0001 (0.0676)	Loss (L1) 3.335 (2.965)
2026-04-26 03:07:17,883 | Epoch: [76][230/254]	Time   0.26 (  0.33)	Data 0.0001 (0.0647)	Loss (L1) 2.787 (2.967)
2026-04-26 03:07:20,537 | Epoch: [76][240/254]	Time   0.26 (  0.33)	Data 0.0001 (0.0620)	Loss (L1) 2.776 (2.972)
2026-04-26 03:07:23,190 | Epoch: [76][250/254]	Time   0.27 (  0.33)	Data 0.0001 (0.0595)	Loss (L1) 3.192 (2.974)
2026-04-26 03:07:30,793 | Val: [ 0/25]	Time  6.645 ( 6.645)	Loss (MSE) 244.564 (244.564)	Loss (L1) 14.147 (14.147)
2026-04-26 03:07:34,434 | Val: [10/25]	Time  0.084 ( 0.935)	Loss (MSE) 41.722 (88.119)	Loss (L1) 5.227 (7.662)
2026-04-26 03:07:35,271 | Val: [20/25]	Time  0.084 ( 0.530)	Loss (MSE) 236.692 (96.165)	Loss (L1) 13.870 (7.850)
2026-04-26 03:07:35,764 |  * Overall: MSE 136.276	L1 9.356	G-Mean 6.157
2026-04-26 03:07:35,764 |  * Many: MSE 81.107	L1 7.108	G-Mean 4.616
2026-04-26 03:07:35,764 |  * Median: MSE 210.019	L1 12.772	G-Mean 10.237
2026-04-26 03:07:35,764 |  * Low: MSE 445.012	L1 20.442	G-Mean 19.747
2026-04-26 03:07:35,765 | Best L1 Loss: 9.214
2026-04-26 03:07:35,981 | Epoch #76: Train loss [2.9770]; Val loss: MSE [136.2762], L1 [9.3557], G-Mean [6.1570]
2026-04-26 03:07:46,089 | Epoch: [77][  0/254]	Time  10.11 ( 10.11)	Data 9.9414 (9.9414)	Loss (L1) 3.052 (3.052)
2026-04-26 03:07:50,301 | Epoch: [77][ 10/254]	Time   0.26 (  1.30)	Data 0.0002 (1.0576)	Loss (L1) 2.534 (2.854)
2026-04-26 03:07:52,962 | Epoch: [77][ 20/254]	Time   0.26 (  0.81)	Data 0.0002 (0.5541)	Loss (L1) 2.729 (2.901)
2026-04-26 03:07:55,648 | Epoch: [77][ 30/254]	Time   0.27 (  0.63)	Data 0.0003 (0.3754)	Loss (L1) 3.657 (2.910)
2026-04-26 03:07:58,708 | Epoch: [77][ 40/254]	Time   0.26 (  0.55)	Data 0.0003 (0.2952)	Loss (L1) 2.972 (2.920)
2026-04-26 03:08:01,393 | Epoch: [77][ 50/254]	Time   0.27 (  0.50)	Data 0.0002 (0.2374)	Loss (L1) 3.279 (2.924)
2026-04-26 03:08:04,113 | Epoch: [77][ 60/254]	Time   0.30 (  0.46)	Data 0.0002 (0.1985)	Loss (L1) 2.826 (2.917)
2026-04-26 03:08:07,518 | Epoch: [77][ 70/254]	Time   0.27 (  0.44)	Data 0.0002 (0.1827)	Loss (L1) 3.099 (2.918)
2026-04-26 03:08:10,170 | Epoch: [77][ 80/254]	Time   0.27 (  0.42)	Data 0.0002 (0.1602)	Loss (L1) 2.941 (2.921)
2026-04-26 03:08:12,846 | Epoch: [77][ 90/254]	Time   0.27 (  0.41)	Data 0.0002 (0.1426)	Loss (L1) 2.586 (2.917)
2026-04-26 03:08:17,307 | Epoch: [77][100/254]	Time   0.26 (  0.41)	Data 0.0002 (0.1477)	Loss (L1) 2.848 (2.921)
2026-04-26 03:08:19,992 | Epoch: [77][110/254]	Time   0.26 (  0.40)	Data 0.0002 (0.1344)	Loss (L1) 2.866 (2.925)
2026-04-26 03:08:22,726 | Epoch: [77][120/254]	Time   0.28 (  0.39)	Data 0.0002 (0.1233)	Loss (L1) 2.988 (2.944)
2026-04-26 03:08:25,452 | Epoch: [77][130/254]	Time   0.27 (  0.38)	Data 0.0002 (0.1151)	Loss (L1) 2.595 (2.945)
2026-04-26 03:08:28,116 | Epoch: [77][140/254]	Time   0.27 (  0.37)	Data 0.0002 (0.1070)	Loss (L1) 2.494 (2.946)
2026-04-26 03:08:30,767 | Epoch: [77][150/254]	Time   0.27 (  0.36)	Data 0.0002 (0.0999)	Loss (L1) 3.235 (2.951)
2026-04-26 03:08:33,539 | Epoch: [77][160/254]	Time   0.29 (  0.36)	Data 0.0005 (0.0937)	Loss (L1) 3.052 (2.960)
2026-04-26 03:08:36,274 | Epoch: [77][170/254]	Time   0.32 (  0.35)	Data 0.0002 (0.0883)	Loss (L1) 2.797 (2.957)
2026-04-26 03:08:38,954 | Epoch: [77][180/254]	Time   0.27 (  0.35)	Data 0.0002 (0.0834)	Loss (L1) 3.158 (2.957)
2026-04-26 03:08:41,729 | Epoch: [77][190/254]	Time   0.25 (  0.34)	Data 0.0002 (0.0791)	Loss (L1) 3.394 (2.964)
2026-04-26 03:08:44,406 | Epoch: [77][200/254]	Time   0.27 (  0.34)	Data 0.0001 (0.0751)	Loss (L1) 3.129 (2.965)
2026-04-26 03:08:47,081 | Epoch: [77][210/254]	Time   0.26 (  0.34)	Data 0.0002 (0.0716)	Loss (L1) 3.013 (2.961)
2026-04-26 03:08:49,740 | Epoch: [77][220/254]	Time   0.27 (  0.33)	Data 0.0002 (0.0684)	Loss (L1) 2.591 (2.964)
2026-04-26 03:08:52,396 | Epoch: [77][230/254]	Time   0.27 (  0.33)	Data 0.0001 (0.0654)	Loss (L1) 2.806 (2.960)
2026-04-26 03:08:55,053 | Epoch: [77][240/254]	Time   0.27 (  0.33)	Data 0.0001 (0.0627)	Loss (L1) 2.599 (2.955)
2026-04-26 03:08:57,711 | Epoch: [77][250/254]	Time   0.27 (  0.33)	Data 0.0001 (0.0602)	Loss (L1) 3.016 (2.956)
2026-04-26 03:09:08,452 | Val: [ 0/25]	Time  9.777 ( 9.777)	Loss (MSE) 239.378 (239.378)	Loss (L1) 14.031 (14.031)
2026-04-26 03:09:09,507 | Val: [10/25]	Time  0.084 ( 0.985)	Loss (MSE) 40.601 (86.684)	Loss (L1) 5.166 (7.584)
2026-04-26 03:09:10,344 | Val: [20/25]	Time  0.083 ( 0.556)	Loss (MSE) 234.017 (94.203)	Loss (L1) 13.781 (7.755)
2026-04-26 03:09:10,830 |  * Overall: MSE 133.370	L1 9.245	G-Mean 6.073
2026-04-26 03:09:10,830 |  * Many: MSE 79.129	L1 7.018	G-Mean 4.565
2026-04-26 03:09:10,830 |  * Median: MSE 207.289	L1 12.646	G-Mean 10.012
2026-04-26 03:09:10,830 |  * Low: MSE 431.769	L1 20.160	G-Mean 19.519
2026-04-26 03:09:10,831 | Best L1 Loss: 9.214
2026-04-26 03:09:11,046 | Epoch #77: Train loss [2.9566]; Val loss: MSE [133.3705], L1 [9.2445], G-Mean [6.0727]
2026-04-26 03:09:20,319 | Epoch: [78][  0/254]	Time   9.27 (  9.27)	Data 9.1593 (9.1593)	Loss (L1) 2.929 (2.929)
2026-04-26 03:09:24,087 | Epoch: [78][ 10/254]	Time   0.27 (  1.19)	Data 0.0004 (0.9420)	Loss (L1) 3.084 (2.896)
2026-04-26 03:09:26,744 | Epoch: [78][ 20/254]	Time   0.24 (  0.75)	Data 0.0002 (0.4936)	Loss (L1) 2.461 (2.934)
2026-04-26 03:09:29,481 | Epoch: [78][ 30/254]	Time   0.29 (  0.59)	Data 0.0003 (0.3345)	Loss (L1) 2.577 (2.927)
2026-04-26 03:09:33,507 | Epoch: [78][ 40/254]	Time   0.28 (  0.55)	Data 0.0003 (0.2877)	Loss (L1) 2.890 (2.891)
2026-04-26 03:09:36,205 | Epoch: [78][ 50/254]	Time   0.28 (  0.49)	Data 0.0002 (0.2314)	Loss (L1) 2.749 (2.895)
2026-04-26 03:09:38,898 | Epoch: [78][ 60/254]	Time   0.29 (  0.46)	Data 0.0003 (0.1936)	Loss (L1) 3.179 (2.935)
2026-04-26 03:09:42,682 | Epoch: [78][ 70/254]	Time   0.26 (  0.45)	Data 0.0003 (0.1840)	Loss (L1) 2.849 (2.963)
2026-04-26 03:09:45,512 | Epoch: [78][ 80/254]	Time   0.31 (  0.43)	Data 0.0002 (0.1613)	Loss (L1) 2.920 (2.968)
2026-04-26 03:09:48,224 | Epoch: [78][ 90/254]	Time   0.26 (  0.41)	Data 0.0002 (0.1437)	Loss (L1) 2.992 (2.978)
2026-04-26 03:09:52,223 | Epoch: [78][100/254]	Time   1.09 (  0.41)	Data 0.9818 (0.1435)	Loss (L1) 3.362 (2.971)
2026-04-26 03:09:54,902 | Epoch: [78][110/254]	Time   0.28 (  0.40)	Data 0.0002 (0.1306)	Loss (L1) 2.793 (2.974)
2026-04-26 03:09:57,611 | Epoch: [78][120/254]	Time   0.26 (  0.38)	Data 0.0002 (0.1198)	Loss (L1) 3.227 (2.977)
2026-04-26 03:10:00,328 | Epoch: [78][130/254]	Time   0.24 (  0.38)	Data 0.0120 (0.1108)	Loss (L1) 2.814 (2.974)
2026-04-26 03:10:03,101 | Epoch: [78][140/254]	Time   0.27 (  0.37)	Data 0.0002 (0.1047)	Loss (L1) 2.947 (2.977)
2026-04-26 03:10:05,846 | Epoch: [78][150/254]	Time   0.30 (  0.36)	Data 0.0003 (0.0978)	Loss (L1) 3.497 (2.981)
2026-04-26 03:10:08,529 | Epoch: [78][160/254]	Time   0.27 (  0.36)	Data 0.0002 (0.0917)	Loss (L1) 3.115 (2.977)
2026-04-26 03:10:11,217 | Epoch: [78][170/254]	Time   0.27 (  0.35)	Data 0.0005 (0.0864)	Loss (L1) 2.681 (2.965)
2026-04-26 03:10:13,999 | Epoch: [78][180/254]	Time   0.32 (  0.35)	Data 0.0696 (0.0820)	Loss (L1) 2.916 (2.959)
2026-04-26 03:10:16,792 | Epoch: [78][190/254]	Time   0.28 (  0.34)	Data 0.0001 (0.0779)	Loss (L1) 3.243 (2.957)
2026-04-26 03:10:19,504 | Epoch: [78][200/254]	Time   0.25 (  0.34)	Data 0.0001 (0.0740)	Loss (L1) 3.127 (2.956)
2026-04-26 03:10:22,184 | Epoch: [78][210/254]	Time   0.27 (  0.34)	Data 0.0003 (0.0705)	Loss (L1) 2.893 (2.951)
2026-04-26 03:10:24,848 | Epoch: [78][220/254]	Time   0.26 (  0.33)	Data 0.0001 (0.0673)	Loss (L1) 2.884 (2.958)
2026-04-26 03:10:27,503 | Epoch: [78][230/254]	Time   0.27 (  0.33)	Data 0.0001 (0.0644)	Loss (L1) 2.693 (2.960)
2026-04-26 03:10:30,157 | Epoch: [78][240/254]	Time   0.27 (  0.33)	Data 0.0001 (0.0618)	Loss (L1) 3.152 (2.960)
2026-04-26 03:10:32,810 | Epoch: [78][250/254]	Time   0.26 (  0.33)	Data 0.0002 (0.0593)	Loss (L1) 3.052 (2.958)
2026-04-26 03:10:42,919 | Val: [ 0/25]	Time  9.133 ( 9.133)	Loss (MSE) 246.170 (246.170)	Loss (L1) 14.240 (14.240)
2026-04-26 03:10:44,717 | Val: [10/25]	Time  0.084 ( 0.994)	Loss (MSE) 40.648 (85.824)	Loss (L1) 5.150 (7.516)
2026-04-26 03:10:45,555 | Val: [20/25]	Time  0.084 ( 0.560)	Loss (MSE) 234.072 (94.444)	Loss (L1) 13.810 (7.757)
2026-04-26 03:10:46,062 |  * Overall: MSE 135.432	L1 9.292	G-Mean 6.097
2026-04-26 03:10:46,062 |  * Many: MSE 79.189	L1 7.014	G-Mean 4.561
2026-04-26 03:10:46,062 |  * Median: MSE 209.935	L1 12.727	G-Mean 10.149
2026-04-26 03:10:46,062 |  * Low: MSE 452.624	L1 20.621	G-Mean 19.936
2026-04-26 03:10:46,063 | Best L1 Loss: 9.214
2026-04-26 03:10:46,296 | Epoch #78: Train loss [2.9589]; Val loss: MSE [135.4321], L1 [9.2918], G-Mean [6.0973]
2026-04-26 03:10:59,158 | Epoch: [79][  0/254]	Time  12.86 ( 12.86)	Data 12.7528 (12.7528)	Loss (L1) 2.691 (2.691)
2026-04-26 03:11:01,791 | Epoch: [79][ 10/254]	Time   0.26 (  1.41)	Data 0.0002 (1.1685)	Loss (L1) 2.999 (3.022)
2026-04-26 03:11:04,426 | Epoch: [79][ 20/254]	Time   0.26 (  0.86)	Data 0.0002 (0.6121)	Loss (L1) 2.527 (2.923)
2026-04-26 03:11:07,075 | Epoch: [79][ 30/254]	Time   0.27 (  0.67)	Data 0.0002 (0.4147)	Loss (L1) 2.759 (2.916)
2026-04-26 03:11:10,791 | Epoch: [79][ 40/254]	Time   0.27 (  0.60)	Data 0.0003 (0.3450)	Loss (L1) 2.589 (2.945)
2026-04-26 03:11:13,458 | Epoch: [79][ 50/254]	Time   0.28 (  0.53)	Data 0.0002 (0.2775)	Loss (L1) 2.809 (2.952)
2026-04-26 03:11:16,141 | Epoch: [79][ 60/254]	Time   0.27 (  0.49)	Data 0.0003 (0.2321)	Loss (L1) 3.155 (2.938)
2026-04-26 03:11:18,861 | Epoch: [79][ 70/254]	Time   0.26 (  0.46)	Data 0.0590 (0.2004)	Loss (L1) 2.853 (2.931)
2026-04-26 03:11:21,582 | Epoch: [79][ 80/254]	Time   0.27 (  0.44)	Data 0.0002 (0.1757)	Loss (L1) 2.776 (2.928)
2026-04-26 03:11:24,265 | Epoch: [79][ 90/254]	Time   0.27 (  0.42)	Data 0.0003 (0.1565)	Loss (L1) 2.890 (2.922)
2026-04-26 03:11:27,087 | Epoch: [79][100/254]	Time   0.25 (  0.40)	Data 0.0002 (0.1411)	Loss (L1) 2.509 (2.907)
2026-04-26 03:11:30,137 | Epoch: [79][110/254]	Time   0.30 (  0.39)	Data 0.0002 (0.1328)	Loss (L1) 3.416 (2.911)
2026-04-26 03:11:32,790 | Epoch: [79][120/254]	Time   0.26 (  0.38)	Data 0.0003 (0.1219)	Loss (L1) 2.857 (2.911)
2026-04-26 03:11:35,481 | Epoch: [79][130/254]	Time   0.26 (  0.38)	Data 0.0003 (0.1127)	Loss (L1) 3.167 (2.925)
2026-04-26 03:11:38,736 | Epoch: [79][140/254]	Time   0.26 (  0.37)	Data 0.0057 (0.1097)	Loss (L1) 2.945 (2.912)
2026-04-26 03:11:41,412 | Epoch: [79][150/254]	Time   0.28 (  0.36)	Data 0.0002 (0.1025)	Loss (L1) 2.821 (2.913)
2026-04-26 03:11:44,068 | Epoch: [79][160/254]	Time   0.28 (  0.36)	Data 0.0003 (0.0961)	Loss (L1) 2.918 (2.914)
2026-04-26 03:11:46,887 | Epoch: [79][170/254]	Time   0.27 (  0.35)	Data 0.0003 (0.0919)	Loss (L1) 2.785 (2.908)
2026-04-26 03:11:49,583 | Epoch: [79][180/254]	Time   0.27 (  0.35)	Data 0.0002 (0.0869)	Loss (L1) 3.071 (2.911)
2026-04-26 03:11:52,278 | Epoch: [79][190/254]	Time   0.27 (  0.35)	Data 0.0002 (0.0825)	Loss (L1) 2.997 (2.910)
2026-04-26 03:11:55,004 | Epoch: [79][200/254]	Time   0.27 (  0.34)	Data 0.0001 (0.0792)	Loss (L1) 3.323 (2.919)
2026-04-26 03:11:57,673 | Epoch: [79][210/254]	Time   0.27 (  0.34)	Data 0.0001 (0.0755)	Loss (L1) 2.899 (2.929)
2026-04-26 03:12:00,324 | Epoch: [79][220/254]	Time   0.26 (  0.33)	Data 0.0001 (0.0721)	Loss (L1) 3.206 (2.932)
2026-04-26 03:12:02,977 | Epoch: [79][230/254]	Time   0.27 (  0.33)	Data 0.0001 (0.0690)	Loss (L1) 3.042 (2.932)
2026-04-26 03:12:05,629 | Epoch: [79][240/254]	Time   0.27 (  0.33)	Data 0.0001 (0.0661)	Loss (L1) 2.892 (2.934)
2026-04-26 03:12:08,282 | Epoch: [79][250/254]	Time   0.26 (  0.33)	Data 0.0002 (0.0635)	Loss (L1) 3.453 (2.939)
2026-04-26 03:12:18,373 | Val: [ 0/25]	Time  9.112 ( 9.112)	Loss (MSE) 252.646 (252.646)	Loss (L1) 14.441 (14.441)
2026-04-26 03:12:20,164 | Val: [10/25]	Time  0.084 ( 0.991)	Loss (MSE) 39.790 (87.500)	Loss (L1) 5.108 (7.621)
2026-04-26 03:12:21,000 | Val: [20/25]	Time  0.083 ( 0.559)	Loss (MSE) 239.364 (95.785)	Loss (L1) 13.967 (7.829)
2026-04-26 03:12:21,497 |  * Overall: MSE 136.429	L1 9.354	G-Mean 6.170
2026-04-26 03:12:21,497 |  * Many: MSE 79.844	L1 7.051	G-Mean 4.608
2026-04-26 03:12:21,497 |  * Median: MSE 213.577	L1 12.902	G-Mean 10.360
2026-04-26 03:12:21,497 |  * Low: MSE 447.604	L1 20.537	G-Mean 19.882
2026-04-26 03:12:21,498 | Best L1 Loss: 9.214
2026-04-26 03:12:21,721 | Epoch #79: Train loss [2.9469]; Val loss: MSE [136.4293], L1 [9.3542], G-Mean [6.1702]
2026-04-26 03:12:33,218 | Epoch: [80][  0/254]	Time  11.50 ( 11.50)	Data 11.3820 (11.3820)	Loss (L1) 2.947 (2.947)
2026-04-26 03:12:36,036 | Epoch: [80][ 10/254]	Time   0.26 (  1.30)	Data 0.0002 (1.0592)	Loss (L1) 3.189 (2.970)
2026-04-26 03:12:38,688 | Epoch: [80][ 20/254]	Time   0.26 (  0.81)	Data 0.0003 (0.5549)	Loss (L1) 2.687 (2.938)
2026-04-26 03:12:41,387 | Epoch: [80][ 30/254]	Time   0.27 (  0.63)	Data 0.0002 (0.3760)	Loss (L1) 2.702 (2.920)
2026-04-26 03:12:44,512 | Epoch: [80][ 40/254]	Time   0.24 (  0.56)	Data 0.0002 (0.3017)	Loss (L1) 2.927 (2.961)
2026-04-26 03:12:47,243 | Epoch: [80][ 50/254]	Time   0.27 (  0.50)	Data 0.0002 (0.2429)	Loss (L1) 2.522 (2.926)
2026-04-26 03:12:49,993 | Epoch: [80][ 60/254]	Time   0.28 (  0.46)	Data 0.0002 (0.2031)	Loss (L1) 2.843 (2.913)
2026-04-26 03:12:52,702 | Epoch: [80][ 70/254]	Time   0.27 (  0.44)	Data 0.0002 (0.1766)	Loss (L1) 2.898 (2.901)
2026-04-26 03:12:55,382 | Epoch: [80][ 80/254]	Time   0.28 (  0.42)	Data 0.0002 (0.1548)	Loss (L1) 3.078 (2.890)
2026-04-26 03:12:58,047 | Epoch: [80][ 90/254]	Time   0.26 (  0.40)	Data 0.0003 (0.1379)	Loss (L1) 2.672 (2.900)
2026-04-26 03:13:01,667 | Epoch: [80][100/254]	Time   0.26 (  0.40)	Data 0.0002 (0.1358)	Loss (L1) 3.176 (2.895)
2026-04-26 03:13:04,365 | Epoch: [80][110/254]	Time   0.28 (  0.38)	Data 0.0002 (0.1237)	Loss (L1) 2.737 (2.903)
2026-04-26 03:13:07,050 | Epoch: [80][120/254]	Time   0.25 (  0.37)	Data 0.0002 (0.1135)	Loss (L1) 3.001 (2.899)
2026-04-26 03:13:11,386 | Epoch: [80][130/254]	Time   1.91 (  0.38)	Data 1.8013 (0.1199)	Loss (L1) 2.981 (2.894)
2026-04-26 03:13:14,191 | Epoch: [80][140/254]	Time   0.28 (  0.37)	Data 0.0001 (0.1114)	Loss (L1) 2.892 (2.893)
2026-04-26 03:13:16,929 | Epoch: [80][150/254]	Time   0.27 (  0.37)	Data 0.0002 (0.1041)	Loss (L1) 2.800 (2.889)
2026-04-26 03:13:19,641 | Epoch: [80][160/254]	Time   0.27 (  0.36)	Data 0.0003 (0.0977)	Loss (L1) 2.715 (2.885)
2026-04-26 03:13:22,291 | Epoch: [80][170/254]	Time   0.27 (  0.35)	Data 0.0001 (0.0920)	Loss (L1) 2.717 (2.896)
2026-04-26 03:13:24,991 | Epoch: [80][180/254]	Time   0.27 (  0.35)	Data 0.0003 (0.0870)	Loss (L1) 3.187 (2.902)
2026-04-26 03:13:27,699 | Epoch: [80][190/254]	Time   0.27 (  0.35)	Data 0.0002 (0.0824)	Loss (L1) 2.844 (2.913)
2026-04-26 03:13:30,358 | Epoch: [80][200/254]	Time   0.26 (  0.34)	Data 0.0001 (0.0783)	Loss (L1) 2.735 (2.912)
2026-04-26 03:13:33,012 | Epoch: [80][210/254]	Time   0.27 (  0.34)	Data 0.0001 (0.0746)	Loss (L1) 2.791 (2.907)
2026-04-26 03:13:35,660 | Epoch: [80][220/254]	Time   0.26 (  0.33)	Data 0.0001 (0.0713)	Loss (L1) 3.034 (2.902)
2026-04-26 03:13:38,314 | Epoch: [80][230/254]	Time   0.27 (  0.33)	Data 0.0001 (0.0682)	Loss (L1) 3.314 (2.901)
2026-04-26 03:13:40,966 | Epoch: [80][240/254]	Time   0.27 (  0.33)	Data 0.0001 (0.0654)	Loss (L1) 3.133 (2.904)
2026-04-26 03:13:43,619 | Epoch: [80][250/254]	Time   0.27 (  0.33)	Data 0.0001 (0.0628)	Loss (L1) 2.901 (2.907)
2026-04-26 03:13:54,691 | Val: [ 0/25]	Time 10.109 (10.109)	Loss (MSE) 244.387 (244.387)	Loss (L1) 14.188 (14.188)
2026-04-26 03:13:55,528 | Val: [10/25]	Time  0.084 ( 0.995)	Loss (MSE) 39.865 (87.008)	Loss (L1) 5.121 (7.616)
2026-04-26 03:13:56,364 | Val: [20/25]	Time  0.083 ( 0.561)	Loss (MSE) 240.912 (95.707)	Loss (L1) 14.047 (7.828)
2026-04-26 03:13:56,878 |  * Overall: MSE 136.709	L1 9.365	G-Mean 6.192
2026-04-26 03:13:56,878 |  * Many: MSE 80.256	L1 7.066	G-Mean 4.636
2026-04-26 03:13:56,879 |  * Median: MSE 213.086	L1 12.889	G-Mean 10.319
2026-04-26 03:13:56,879 |  * Low: MSE 449.286	L1 20.589	G-Mean 19.950
2026-04-26 03:13:56,880 | Best L1 Loss: 9.214
2026-04-26 03:13:57,101 | Epoch #80: Train loss [2.9063]; Val loss: MSE [136.7087], L1 [9.3647], G-Mean [6.1923]
2026-04-26 03:14:04,967 | Epoch: [81][  0/254]	Time   7.87 (  7.87)	Data 7.7425 (7.7425)	Loss (L1) 2.629 (2.629)
2026-04-26 03:14:11,564 | Epoch: [81][ 10/254]	Time   0.27 (  1.31)	Data 0.0002 (1.1041)	Loss (L1) 2.855 (2.789)
2026-04-26 03:14:14,192 | Epoch: [81][ 20/254]	Time   0.26 (  0.81)	Data 0.0002 (0.5785)	Loss (L1) 2.708 (2.796)
2026-04-26 03:14:16,868 | Epoch: [81][ 30/254]	Time   0.27 (  0.64)	Data 0.0003 (0.3920)	Loss (L1) 2.898 (2.799)
2026-04-26 03:14:20,232 | Epoch: [81][ 40/254]	Time   0.28 (  0.56)	Data 0.0002 (0.3160)	Loss (L1) 3.391 (2.837)
2026-04-26 03:14:22,932 | Epoch: [81][ 50/254]	Time   0.27 (  0.51)	Data 0.0002 (0.2542)	Loss (L1) 3.340 (2.837)
2026-04-26 03:14:25,644 | Epoch: [81][ 60/254]	Time   0.27 (  0.47)	Data 0.0002 (0.2126)	Loss (L1) 2.714 (2.822)
2026-04-26 03:14:28,794 | Epoch: [81][ 70/254]	Time   0.27 (  0.45)	Data 0.0002 (0.1907)	Loss (L1) 3.105 (2.837)
2026-04-26 03:14:31,478 | Epoch: [81][ 80/254]	Time   0.27 (  0.42)	Data 0.0002 (0.1672)	Loss (L1) 2.590 (2.848)
2026-04-26 03:14:34,157 | Epoch: [81][ 90/254]	Time   0.26 (  0.41)	Data 0.0002 (0.1488)	Loss (L1) 2.676 (2.851)
2026-04-26 03:14:37,433 | Epoch: [81][100/254]	Time   0.27 (  0.40)	Data 0.0002 (0.1417)	Loss (L1) 2.956 (2.856)
2026-04-26 03:14:40,144 | Epoch: [81][110/254]	Time   0.28 (  0.39)	Data 0.0002 (0.1292)	Loss (L1) 2.528 (2.868)
2026-04-26 03:14:42,807 | Epoch: [81][120/254]	Time   0.26 (  0.38)	Data 0.0002 (0.1186)	Loss (L1) 2.821 (2.868)
2026-04-26 03:14:45,534 | Epoch: [81][130/254]	Time   0.26 (  0.37)	Data 0.0002 (0.1095)	Loss (L1) 2.721 (2.884)
2026-04-26 03:14:49,012 | Epoch: [81][140/254]	Time   0.27 (  0.37)	Data 0.0002 (0.1083)	Loss (L1) 2.638 (2.884)
2026-04-26 03:14:51,705 | Epoch: [81][150/254]	Time   0.24 (  0.36)	Data 0.0002 (0.1012)	Loss (L1) 3.688 (2.898)
2026-04-26 03:14:54,420 | Epoch: [81][160/254]	Time   0.28 (  0.36)	Data 0.0001 (0.0950)	Loss (L1) 3.067 (2.905)
2026-04-26 03:14:57,113 | Epoch: [81][170/254]	Time   0.28 (  0.35)	Data 0.0001 (0.0894)	Loss (L1) 2.794 (2.908)
2026-04-26 03:14:59,786 | Epoch: [81][180/254]	Time   0.27 (  0.35)	Data 0.0002 (0.0845)	Loss (L1) 2.805 (2.906)
2026-04-26 03:15:02,551 | Epoch: [81][190/254]	Time   0.27 (  0.34)	Data 0.0001 (0.0801)	Loss (L1) 2.627 (2.907)
2026-04-26 03:15:05,202 | Epoch: [81][200/254]	Time   0.26 (  0.34)	Data 0.0001 (0.0762)	Loss (L1) 2.617 (2.904)
2026-04-26 03:15:07,850 | Epoch: [81][210/254]	Time   0.27 (  0.34)	Data 0.0001 (0.0726)	Loss (L1) 2.468 (2.900)
2026-04-26 03:15:10,491 | Epoch: [81][220/254]	Time   0.26 (  0.33)	Data 0.0001 (0.0693)	Loss (L1) 2.886 (2.895)
2026-04-26 03:15:13,137 | Epoch: [81][230/254]	Time   0.26 (  0.33)	Data 0.0001 (0.0663)	Loss (L1) 2.754 (2.896)
2026-04-26 03:15:15,783 | Epoch: [81][240/254]	Time   0.26 (  0.33)	Data 0.0001 (0.0635)	Loss (L1) 2.918 (2.895)
2026-04-26 03:15:18,428 | Epoch: [81][250/254]	Time   0.26 (  0.32)	Data 0.0001 (0.0610)	Loss (L1) 3.143 (2.890)
2026-04-26 03:15:24,967 | Val: [ 0/25]	Time  5.570 ( 5.570)	Loss (MSE) 245.916 (245.916)	Loss (L1) 14.235 (14.235)
2026-04-26 03:15:30,358 | Val: [10/25]	Time  0.084 ( 0.996)	Loss (MSE) 39.406 (87.494)	Loss (L1) 5.069 (7.629)
2026-04-26 03:15:31,193 | Val: [20/25]	Time  0.084 ( 0.562)	Loss (MSE) 239.142 (95.436)	Loss (L1) 14.012 (7.812)
2026-04-26 03:15:31,698 |  * Overall: MSE 136.201	L1 9.344	G-Mean 6.146
2026-04-26 03:15:31,698 |  * Many: MSE 79.716	L1 7.040	G-Mean 4.588
2026-04-26 03:15:31,698 |  * Median: MSE 212.960	L1 12.890	G-Mean 10.318
2026-04-26 03:15:31,698 |  * Low: MSE 447.734	L1 20.549	G-Mean 19.905
2026-04-26 03:15:31,699 | Best L1 Loss: 9.214
2026-04-26 03:15:31,919 | Epoch #81: Train loss [2.8899]; Val loss: MSE [136.2009], L1 [9.3440], G-Mean [6.1465]
2026-04-26 03:15:40,689 | Epoch: [82][  0/254]	Time   8.77 (  8.77)	Data 8.6432 (8.6432)	Loss (L1) 3.255 (3.255)
2026-04-26 03:15:44,835 | Epoch: [82][ 10/254]	Time   0.27 (  1.17)	Data 0.0002 (0.9366)	Loss (L1) 2.922 (2.952)
2026-04-26 03:15:47,517 | Epoch: [82][ 20/254]	Time   0.28 (  0.74)	Data 0.0002 (0.4908)	Loss (L1) 2.593 (3.011)
2026-04-26 03:15:50,184 | Epoch: [82][ 30/254]	Time   0.27 (  0.59)	Data 0.0002 (0.3325)	Loss (L1) 3.399 (2.985)
2026-04-26 03:15:54,411 | Epoch: [82][ 40/254]	Time   0.26 (  0.55)	Data 0.0004 (0.2942)	Loss (L1) 2.963 (2.961)
2026-04-26 03:15:57,069 | Epoch: [82][ 50/254]	Time   0.26 (  0.49)	Data 0.0002 (0.2365)	Loss (L1) 2.780 (2.946)
2026-04-26 03:15:59,753 | Epoch: [82][ 60/254]	Time   0.26 (  0.46)	Data 0.0002 (0.1979)	Loss (L1) 3.218 (2.935)
2026-04-26 03:16:03,611 | Epoch: [82][ 70/254]	Time   0.26 (  0.45)	Data 0.0003 (0.1906)	Loss (L1) 2.586 (2.912)
2026-04-26 03:16:06,275 | Epoch: [82][ 80/254]	Time   0.26 (  0.42)	Data 0.0002 (0.1671)	Loss (L1) 2.645 (2.909)
2026-04-26 03:16:08,957 | Epoch: [82][ 90/254]	Time   0.26 (  0.41)	Data 0.0002 (0.1488)	Loss (L1) 2.671 (2.900)
2026-04-26 03:16:13,127 | Epoch: [82][100/254]	Time   0.26 (  0.41)	Data 0.0002 (0.1500)	Loss (L1) 2.421 (2.893)
2026-04-26 03:16:15,800 | Epoch: [82][110/254]	Time   0.27 (  0.40)	Data 0.0002 (0.1365)	Loss (L1) 2.831 (2.893)
2026-04-26 03:16:18,456 | Epoch: [82][120/254]	Time   0.26 (  0.38)	Data 0.0002 (0.1252)	Loss (L1) 3.070 (2.891)
2026-04-26 03:16:22,372 | Epoch: [82][130/254]	Time   0.26 (  0.39)	Data 0.0003 (0.1266)	Loss (L1) 3.055 (2.890)
2026-04-26 03:16:25,054 | Epoch: [82][140/254]	Time   0.27 (  0.38)	Data 0.0002 (0.1176)	Loss (L1) 2.801 (2.907)
2026-04-26 03:16:27,735 | Epoch: [82][150/254]	Time   0.26 (  0.37)	Data 0.0002 (0.1099)	Loss (L1) 3.005 (2.914)
2026-04-26 03:16:30,437 | Epoch: [82][160/254]	Time   0.24 (  0.36)	Data 0.0002 (0.1030)	Loss (L1) 2.525 (2.905)
2026-04-26 03:16:33,106 | Epoch: [82][170/254]	Time   0.26 (  0.36)	Data 0.0002 (0.0970)	Loss (L1) 2.530 (2.897)
2026-04-26 03:16:35,808 | Epoch: [82][180/254]	Time   0.27 (  0.35)	Data 0.0002 (0.0917)	Loss (L1) 2.975 (2.895)
2026-04-26 03:16:38,473 | Epoch: [82][190/254]	Time   0.26 (  0.35)	Data 0.0001 (0.0869)	Loss (L1) 2.589 (2.895)
2026-04-26 03:16:41,433 | Epoch: [82][200/254]	Time   0.28 (  0.35)	Data 0.0001 (0.0849)	Loss (L1) 2.668 (2.891)
2026-04-26 03:16:44,067 | Epoch: [82][210/254]	Time   0.26 (  0.34)	Data 0.0001 (0.0808)	Loss (L1) 2.790 (2.884)
2026-04-26 03:16:46,716 | Epoch: [82][220/254]	Time   0.27 (  0.34)	Data 0.0001 (0.0772)	Loss (L1) 2.803 (2.879)
2026-04-26 03:16:49,362 | Epoch: [82][230/254]	Time   0.27 (  0.34)	Data 0.0001 (0.0739)	Loss (L1) 2.762 (2.884)
2026-04-26 03:16:52,010 | Epoch: [82][240/254]	Time   0.27 (  0.33)	Data 0.0001 (0.0708)	Loss (L1) 2.722 (2.882)
2026-04-26 03:16:54,657 | Epoch: [82][250/254]	Time   0.26 (  0.33)	Data 0.0001 (0.0680)	Loss (L1) 2.559 (2.882)
2026-04-26 03:17:05,415 | Val: [ 0/25]	Time  9.783 ( 9.783)	Loss (MSE) 259.076 (259.076)	Loss (L1) 14.680 (14.680)
2026-04-26 03:17:06,292 | Val: [10/25]	Time  0.083 ( 0.969)	Loss (MSE) 40.938 (90.950)	Loss (L1) 5.178 (7.777)
2026-04-26 03:17:07,127 | Val: [20/25]	Time  0.084 ( 0.547)	Loss (MSE) 228.465 (95.354)	Loss (L1) 13.606 (7.813)
2026-04-26 03:17:07,631 |  * Overall: MSE 133.970	L1 9.284	G-Mean 6.115
2026-04-26 03:17:07,631 |  * Many: MSE 78.566	L1 7.004	G-Mean 4.562
2026-04-26 03:17:07,631 |  * Median: MSE 210.681	L1 12.835	G-Mean 10.320
2026-04-26 03:17:07,631 |  * Low: MSE 434.387	L1 20.208	G-Mean 19.541
2026-04-26 03:17:07,632 | Best L1 Loss: 9.214
2026-04-26 03:17:07,856 | Epoch #82: Train loss [2.8857]; Val loss: MSE [133.9703], L1 [9.2838], G-Mean [6.1147]
2026-04-26 03:17:19,820 | Epoch: [83][  0/254]	Time  11.96 ( 11.96)	Data 11.8411 (11.8411)	Loss (L1) 2.856 (2.856)
2026-04-26 03:17:22,508 | Epoch: [83][ 10/254]	Time   0.27 (  1.33)	Data 0.0005 (1.0786)	Loss (L1) 2.685 (2.890)
2026-04-26 03:17:25,170 | Epoch: [83][ 20/254]	Time   0.26 (  0.82)	Data 0.0003 (0.5657)	Loss (L1) 2.493 (2.867)
2026-04-26 03:17:27,854 | Epoch: [83][ 30/254]	Time   0.28 (  0.65)	Data 0.0002 (0.3833)	Loss (L1) 2.675 (2.886)
2026-04-26 03:17:30,561 | Epoch: [83][ 40/254]	Time   0.28 (  0.55)	Data 0.0002 (0.2899)	Loss (L1) 2.377 (2.869)
2026-04-26 03:17:33,284 | Epoch: [83][ 50/254]	Time   0.31 (  0.50)	Data 0.0002 (0.2335)	Loss (L1) 2.554 (2.865)
2026-04-26 03:17:36,019 | Epoch: [83][ 60/254]	Time   0.31 (  0.46)	Data 0.0003 (0.1953)	Loss (L1) 2.695 (2.887)
2026-04-26 03:17:38,797 | Epoch: [83][ 70/254]	Time   0.29 (  0.44)	Data 0.0003 (0.1682)	Loss (L1) 3.305 (2.868)
2026-04-26 03:17:41,464 | Epoch: [83][ 80/254]	Time   0.26 (  0.41)	Data 0.0004 (0.1474)	Loss (L1) 2.769 (2.873)
2026-04-26 03:17:44,145 | Epoch: [83][ 90/254]	Time   0.26 (  0.40)	Data 0.0002 (0.1314)	Loss (L1) 3.695 (2.882)
2026-04-26 03:17:47,544 | Epoch: [83][100/254]	Time   0.25 (  0.39)	Data 0.0002 (0.1285)	Loss (L1) 3.156 (2.876)
2026-04-26 03:17:50,348 | Epoch: [83][110/254]	Time   0.28 (  0.38)	Data 0.0002 (0.1169)	Loss (L1) 2.480 (2.874)
2026-04-26 03:17:53,019 | Epoch: [83][120/254]	Time   0.27 (  0.37)	Data 0.0003 (0.1073)	Loss (L1) 2.775 (2.877)
2026-04-26 03:17:56,654 | Epoch: [83][130/254]	Time   0.69 (  0.37)	Data 0.5763 (0.1084)	Loss (L1) 2.752 (2.876)
2026-04-26 03:17:59,349 | Epoch: [83][140/254]	Time   0.24 (  0.37)	Data 0.0002 (0.1007)	Loss (L1) 3.669 (2.882)
2026-04-26 03:18:02,041 | Epoch: [83][150/254]	Time   0.28 (  0.36)	Data 0.0002 (0.0940)	Loss (L1) 2.621 (2.887)
2026-04-26 03:18:04,760 | Epoch: [83][160/254]	Time   0.26 (  0.35)	Data 0.0005 (0.0882)	Loss (L1) 2.645 (2.879)
2026-04-26 03:18:08,453 | Epoch: [83][170/254]	Time   0.26 (  0.35)	Data 0.0004 (0.0898)	Loss (L1) 2.973 (2.873)
2026-04-26 03:18:11,185 | Epoch: [83][180/254]	Time   0.28 (  0.35)	Data 0.0002 (0.0848)	Loss (L1) 2.845 (2.873)
2026-04-26 03:18:13,851 | Epoch: [83][190/254]	Time   0.27 (  0.35)	Data 0.0001 (0.0804)	Loss (L1) 2.918 (2.867)
2026-04-26 03:18:18,596 | Epoch: [83][200/254]	Time   0.27 (  0.35)	Data 0.0001 (0.0875)	Loss (L1) 2.913 (2.871)
2026-04-26 03:18:21,267 | Epoch: [83][210/254]	Time   0.26 (  0.35)	Data 0.0004 (0.0833)	Loss (L1) 3.097 (2.872)
2026-04-26 03:18:23,918 | Epoch: [83][220/254]	Time   0.26 (  0.34)	Data 0.0001 (0.0796)	Loss (L1) 2.853 (2.872)
2026-04-26 03:18:26,570 | Epoch: [83][230/254]	Time   0.27 (  0.34)	Data 0.0001 (0.0761)	Loss (L1) 2.901 (2.873)
2026-04-26 03:18:29,225 | Epoch: [83][240/254]	Time   0.27 (  0.34)	Data 0.0002 (0.0730)	Loss (L1) 3.020 (2.874)
2026-04-26 03:18:31,876 | Epoch: [83][250/254]	Time   0.26 (  0.33)	Data 0.0001 (0.0701)	Loss (L1) 2.755 (2.879)
2026-04-26 03:18:42,732 | Val: [ 0/25]	Time  9.876 ( 9.876)	Loss (MSE) 251.620 (251.620)	Loss (L1) 14.441 (14.441)
2026-04-26 03:18:44,088 | Val: [10/25]	Time  0.083 ( 1.021)	Loss (MSE) 40.343 (88.573)	Loss (L1) 5.120 (7.670)
2026-04-26 03:18:44,924 | Val: [20/25]	Time  0.084 ( 0.575)	Loss (MSE) 234.269 (95.143)	Loss (L1) 13.823 (7.802)
2026-04-26 03:18:45,426 |  * Overall: MSE 135.195	L1 9.313	G-Mean 6.124
2026-04-26 03:18:45,426 |  * Many: MSE 79.109	L1 7.020	G-Mean 4.564
2026-04-26 03:18:45,426 |  * Median: MSE 211.345	L1 12.840	G-Mean 10.332
2026-04-26 03:18:45,426 |  * Low: MSE 444.763	L1 20.463	G-Mean 19.802
2026-04-26 03:18:45,427 | Best L1 Loss: 9.214
2026-04-26 03:18:45,656 | Epoch #83: Train loss [2.8777]; Val loss: MSE [135.1947], L1 [9.3129], G-Mean [6.1237]
2026-04-26 03:18:55,880 | Epoch: [84][  0/254]	Time  10.22 ( 10.22)	Data 10.1026 (10.1026)	Loss (L1) 2.583 (2.583)
2026-04-26 03:18:59,775 | Epoch: [84][ 10/254]	Time   0.27 (  1.28)	Data 0.0003 (1.0477)	Loss (L1) 2.823 (2.814)
2026-04-26 03:19:02,433 | Epoch: [84][ 20/254]	Time   0.27 (  0.80)	Data 0.0002 (0.5490)	Loss (L1) 2.618 (2.833)
2026-04-26 03:19:05,239 | Epoch: [84][ 30/254]	Time   0.29 (  0.63)	Data 0.0002 (0.3722)	Loss (L1) 2.766 (2.811)
2026-04-26 03:19:07,895 | Epoch: [84][ 40/254]	Time   0.26 (  0.54)	Data 0.0003 (0.2819)	Loss (L1) 3.053 (2.863)
2026-04-26 03:19:10,563 | Epoch: [84][ 50/254]	Time   0.25 (  0.49)	Data 0.0002 (0.2267)	Loss (L1) 2.751 (2.854)
2026-04-26 03:19:13,237 | Epoch: [84][ 60/254]	Time   0.27 (  0.45)	Data 0.0002 (0.1896)	Loss (L1) 2.742 (2.844)
2026-04-26 03:19:16,064 | Epoch: [84][ 70/254]	Time   0.26 (  0.43)	Data 0.0003 (0.1668)	Loss (L1) 2.753 (2.852)
2026-04-26 03:19:18,753 | Epoch: [84][ 80/254]	Time   0.26 (  0.41)	Data 0.0002 (0.1462)	Loss (L1) 2.871 (2.876)
2026-04-26 03:19:21,421 | Epoch: [84][ 90/254]	Time   0.26 (  0.39)	Data 0.0002 (0.1303)	Loss (L1) 2.756 (2.871)
2026-04-26 03:19:24,567 | Epoch: [84][100/254]	Time   0.29 (  0.39)	Data 0.1749 (0.1246)	Loss (L1) 2.714 (2.868)
2026-04-26 03:19:27,269 | Epoch: [84][110/254]	Time   0.26 (  0.37)	Data 0.0002 (0.1145)	Loss (L1) 3.021 (2.867)
2026-04-26 03:19:29,961 | Epoch: [84][120/254]	Time   0.26 (  0.37)	Data 0.0002 (0.1050)	Loss (L1) 2.661 (2.867)
2026-04-26 03:19:32,714 | Epoch: [84][130/254]	Time   0.28 (  0.36)	Data 0.0002 (0.0970)	Loss (L1) 3.008 (2.872)
2026-04-26 03:19:35,955 | Epoch: [84][140/254]	Time   0.26 (  0.36)	Data 0.0002 (0.0962)	Loss (L1) 2.747 (2.875)
2026-04-26 03:19:38,632 | Epoch: [84][150/254]	Time   0.27 (  0.35)	Data 0.0002 (0.0898)	Loss (L1) 2.659 (2.875)
2026-04-26 03:19:41,410 | Epoch: [84][160/254]	Time   0.26 (  0.35)	Data 0.0003 (0.0842)	Loss (L1) 2.595 (2.877)
2026-04-26 03:19:44,216 | Epoch: [84][170/254]	Time   0.27 (  0.34)	Data 0.0001 (0.0809)	Loss (L1) 2.581 (2.874)
2026-04-26 03:19:46,897 | Epoch: [84][180/254]	Time   0.27 (  0.34)	Data 0.0002 (0.0765)	Loss (L1) 2.868 (2.869)
2026-04-26 03:19:49,575 | Epoch: [84][190/254]	Time   0.25 (  0.33)	Data 0.0001 (0.0725)	Loss (L1) 2.761 (2.871)
2026-04-26 03:19:53,006 | Epoch: [84][200/254]	Time   0.31 (  0.34)	Data 0.0002 (0.0738)	Loss (L1) 2.703 (2.869)
2026-04-26 03:19:55,650 | Epoch: [84][210/254]	Time   0.27 (  0.33)	Data 0.0002 (0.0703)	Loss (L1) 2.869 (2.868)
2026-04-26 03:19:58,308 | Epoch: [84][220/254]	Time   0.27 (  0.33)	Data 0.0001 (0.0671)	Loss (L1) 3.252 (2.871)
2026-04-26 03:20:00,961 | Epoch: [84][230/254]	Time   0.26 (  0.33)	Data 0.0001 (0.0642)	Loss (L1) 3.042 (2.876)
2026-04-26 03:20:03,615 | Epoch: [84][240/254]	Time   0.27 (  0.32)	Data 0.0001 (0.0616)	Loss (L1) 3.242 (2.877)
2026-04-26 03:20:06,270 | Epoch: [84][250/254]	Time   0.27 (  0.32)	Data 0.0001 (0.0591)	Loss (L1) 2.580 (2.877)
2026-04-26 03:20:17,025 | Val: [ 0/25]	Time  9.783 ( 9.783)	Loss (MSE) 250.553 (250.553)	Loss (L1) 14.439 (14.439)
2026-04-26 03:20:18,019 | Val: [10/25]	Time  0.084 ( 0.980)	Loss (MSE) 40.517 (88.412)	Loss (L1) 5.127 (7.659)
2026-04-26 03:20:18,856 | Val: [20/25]	Time  0.084 ( 0.553)	Loss (MSE) 232.541 (94.684)	Loss (L1) 13.811 (7.792)
2026-04-26 03:20:19,348 |  * Overall: MSE 134.844	L1 9.310	G-Mean 6.091
2026-04-26 03:20:19,348 |  * Many: MSE 78.618	L1 7.006	G-Mean 4.535
2026-04-26 03:20:19,348 |  * Median: MSE 210.896	L1 12.855	G-Mean 10.278
2026-04-26 03:20:19,348 |  * Low: MSE 446.239	L1 20.523	G-Mean 19.886
2026-04-26 03:20:19,349 | Best L1 Loss: 9.214
2026-04-26 03:20:19,580 | Epoch #84: Train loss [2.8803]; Val loss: MSE [134.8440], L1 [9.3102], G-Mean [6.0909]
2026-04-26 03:20:30,828 | Epoch: [85][  0/254]	Time  11.25 ( 11.25)	Data 11.1106 (11.1106)	Loss (L1) 2.739 (2.739)
2026-04-26 03:20:33,520 | Epoch: [85][ 10/254]	Time   0.28 (  1.27)	Data 0.0002 (1.0108)	Loss (L1) 3.354 (2.907)
2026-04-26 03:20:36,228 | Epoch: [85][ 20/254]	Time   0.26 (  0.79)	Data 0.0002 (0.5296)	Loss (L1) 2.955 (2.884)
2026-04-26 03:20:38,988 | Epoch: [85][ 30/254]	Time   0.31 (  0.63)	Data 0.0002 (0.3588)	Loss (L1) 2.909 (2.841)
2026-04-26 03:20:41,686 | Epoch: [85][ 40/254]	Time   0.28 (  0.54)	Data 0.0003 (0.2716)	Loss (L1) 2.891 (2.829)
2026-04-26 03:20:44,371 | Epoch: [85][ 50/254]	Time   0.27 (  0.49)	Data 0.0002 (0.2184)	Loss (L1) 2.622 (2.844)
2026-04-26 03:20:47,138 | Epoch: [85][ 60/254]	Time   0.25 (  0.45)	Data 0.0002 (0.1826)	Loss (L1) 2.513 (2.886)
2026-04-26 03:20:51,624 | Epoch: [85][ 70/254]	Time   0.29 (  0.45)	Data 0.0002 (0.1831)	Loss (L1) 2.753 (2.887)
2026-04-26 03:20:54,376 | Epoch: [85][ 80/254]	Time   0.28 (  0.43)	Data 0.0002 (0.1605)	Loss (L1) 3.397 (2.906)
2026-04-26 03:20:57,055 | Epoch: [85][ 90/254]	Time   0.28 (  0.41)	Data 0.0002 (0.1430)	Loss (L1) 2.825 (2.902)
2026-04-26 03:21:01,330 | Epoch: [85][100/254]	Time   0.27 (  0.41)	Data 0.0002 (0.1461)	Loss (L1) 2.629 (2.884)
2026-04-26 03:21:04,065 | Epoch: [85][110/254]	Time   0.26 (  0.40)	Data 0.0002 (0.1330)	Loss (L1) 2.912 (2.882)
2026-04-26 03:21:06,727 | Epoch: [85][120/254]	Time   0.27 (  0.39)	Data 0.0002 (0.1220)	Loss (L1) 3.242 (2.882)
2026-04-26 03:21:09,447 | Epoch: [85][130/254]	Time   0.29 (  0.38)	Data 0.0004 (0.1127)	Loss (L1) 2.456 (2.876)
2026-04-26 03:21:12,138 | Epoch: [85][140/254]	Time   0.26 (  0.37)	Data 0.0002 (0.1056)	Loss (L1) 2.797 (2.878)
2026-04-26 03:21:14,796 | Epoch: [85][150/254]	Time   0.27 (  0.37)	Data 0.0003 (0.0986)	Loss (L1) 2.939 (2.875)
2026-04-26 03:21:17,454 | Epoch: [85][160/254]	Time   0.27 (  0.36)	Data 0.0001 (0.0925)	Loss (L1) 2.745 (2.887)
2026-04-26 03:21:20,155 | Epoch: [85][170/254]	Time   0.29 (  0.35)	Data 0.0002 (0.0871)	Loss (L1) 2.707 (2.891)
2026-04-26 03:21:22,861 | Epoch: [85][180/254]	Time   0.26 (  0.35)	Data 0.0002 (0.0823)	Loss (L1) 2.855 (2.887)
2026-04-26 03:21:25,563 | Epoch: [85][190/254]	Time   0.27 (  0.35)	Data 0.0001 (0.0781)	Loss (L1) 3.094 (2.884)
2026-04-26 03:21:28,703 | Epoch: [85][200/254]	Time   0.28 (  0.34)	Data 0.0001 (0.0769)	Loss (L1) 2.891 (2.882)
2026-04-26 03:21:31,356 | Epoch: [85][210/254]	Time   0.26 (  0.34)	Data 0.0002 (0.0733)	Loss (L1) 2.704 (2.883)
2026-04-26 03:21:34,024 | Epoch: [85][220/254]	Time   0.26 (  0.34)	Data 0.0002 (0.0700)	Loss (L1) 2.721 (2.883)
2026-04-26 03:21:36,679 | Epoch: [85][230/254]	Time   0.27 (  0.33)	Data 0.0001 (0.0670)	Loss (L1) 2.660 (2.882)
2026-04-26 03:21:39,334 | Epoch: [85][240/254]	Time   0.27 (  0.33)	Data 0.0001 (0.0642)	Loss (L1) 2.642 (2.878)
2026-04-26 03:21:41,989 | Epoch: [85][250/254]	Time   0.27 (  0.33)	Data 0.0002 (0.0616)	Loss (L1) 2.812 (2.873)
2026-04-26 03:21:52,171 | Val: [ 0/25]	Time  9.207 ( 9.207)	Loss (MSE) 244.761 (244.761)	Loss (L1) 14.247 (14.247)
2026-04-26 03:21:53,292 | Val: [10/25]	Time  0.084 ( 0.939)	Loss (MSE) 39.180 (85.609)	Loss (L1) 5.058 (7.526)
2026-04-26 03:21:54,130 | Val: [20/25]	Time  0.084 ( 0.532)	Loss (MSE) 238.126 (94.332)	Loss (L1) 13.992 (7.760)
2026-04-26 03:21:54,650 |  * Overall: MSE 135.348	L1 9.303	G-Mean 6.093
2026-04-26 03:21:54,650 |  * Many: MSE 78.864	L1 6.996	G-Mean 4.532
2026-04-26 03:21:54,650 |  * Median: MSE 211.372	L1 12.833	G-Mean 10.302
2026-04-26 03:21:54,650 |  * Low: MSE 449.536	L1 20.594	G-Mean 19.955
2026-04-26 03:21:54,651 | Best L1 Loss: 9.214
2026-04-26 03:21:54,878 | Epoch #85: Train loss [2.8718]; Val loss: MSE [135.3476], L1 [9.3031], G-Mean [6.0929]
2026-04-26 03:22:06,991 | Epoch: [86][  0/254]	Time  12.11 ( 12.11)	Data 11.9933 (11.9933)	Loss (L1) 2.899 (2.899)
2026-04-26 03:22:09,633 | Epoch: [86][ 10/254]	Time   0.26 (  1.34)	Data 0.0002 (1.0973)	Loss (L1) 2.648 (2.805)
2026-04-26 03:22:12,291 | Epoch: [86][ 20/254]	Time   0.27 (  0.83)	Data 0.0002 (0.5749)	Loss (L1) 2.938 (2.846)
2026-04-26 03:22:14,983 | Epoch: [86][ 30/254]	Time   0.26 (  0.65)	Data 0.0002 (0.3895)	Loss (L1) 2.800 (2.806)
2026-04-26 03:22:20,235 | Epoch: [86][ 40/254]	Time   0.27 (  0.62)	Data 0.0002 (0.3597)	Loss (L1) 2.772 (2.800)
2026-04-26 03:22:22,977 | Epoch: [86][ 50/254]	Time   0.25 (  0.55)	Data 0.0002 (0.2893)	Loss (L1) 3.056 (2.815)
2026-04-26 03:22:25,713 | Epoch: [86][ 60/254]	Time   0.26 (  0.51)	Data 0.0003 (0.2421)	Loss (L1) 2.892 (2.821)
2026-04-26 03:22:28,440 | Epoch: [86][ 70/254]	Time   0.26 (  0.47)	Data 0.0004 (0.2082)	Loss (L1) 3.137 (2.839)
2026-04-26 03:22:31,168 | Epoch: [86][ 80/254]	Time   0.27 (  0.45)	Data 0.0003 (0.1826)	Loss (L1) 3.025 (2.855)
2026-04-26 03:22:33,870 | Epoch: [86][ 90/254]	Time   0.27 (  0.43)	Data 0.0070 (0.1626)	Loss (L1) 2.547 (2.852)
2026-04-26 03:22:37,129 | Epoch: [86][100/254]	Time   0.79 (  0.42)	Data 0.6622 (0.1532)	Loss (L1) 2.641 (2.841)
2026-04-26 03:22:39,836 | Epoch: [86][110/254]	Time   0.28 (  0.41)	Data 0.0003 (0.1395)	Loss (L1) 5.121 (2.875)
2026-04-26 03:22:42,580 | Epoch: [86][120/254]	Time   0.27 (  0.39)	Data 0.0002 (0.1280)	Loss (L1) 2.718 (2.887)
2026-04-26 03:22:45,622 | Epoch: [86][130/254]	Time   0.53 (  0.39)	Data 0.4243 (0.1230)	Loss (L1) 2.905 (2.881)
2026-04-26 03:22:48,480 | Epoch: [86][140/254]	Time   0.26 (  0.38)	Data 0.0003 (0.1167)	Loss (L1) 3.063 (2.877)
2026-04-26 03:22:51,165 | Epoch: [86][150/254]	Time   0.25 (  0.37)	Data 0.0002 (0.1090)	Loss (L1) 2.557 (2.876)
2026-04-26 03:22:53,834 | Epoch: [86][160/254]	Time   0.27 (  0.37)	Data 0.0004 (0.1023)	Loss (L1) 2.693 (2.876)
2026-04-26 03:22:56,533 | Epoch: [86][170/254]	Time   0.28 (  0.36)	Data 0.0002 (0.0964)	Loss (L1) 2.619 (2.873)
2026-04-26 03:22:59,242 | Epoch: [86][180/254]	Time   0.32 (  0.36)	Data 0.0002 (0.0912)	Loss (L1) 2.966 (2.866)
2026-04-26 03:23:01,933 | Epoch: [86][190/254]	Time   0.30 (  0.35)	Data 0.0002 (0.0866)	Loss (L1) 2.785 (2.871)
2026-04-26 03:23:04,632 | Epoch: [86][200/254]	Time   0.27 (  0.35)	Data 0.0001 (0.0830)	Loss (L1) 2.265 (2.866)
2026-04-26 03:23:07,287 | Epoch: [86][210/254]	Time   0.27 (  0.34)	Data 0.0001 (0.0790)	Loss (L1) 2.691 (2.864)
2026-04-26 03:23:09,946 | Epoch: [86][220/254]	Time   0.27 (  0.34)	Data 0.0001 (0.0755)	Loss (L1) 3.233 (2.864)
2026-04-26 03:23:12,606 | Epoch: [86][230/254]	Time   0.27 (  0.34)	Data 0.0001 (0.0722)	Loss (L1) 3.919 (2.871)
2026-04-26 03:23:15,265 | Epoch: [86][240/254]	Time   0.27 (  0.33)	Data 0.0002 (0.0692)	Loss (L1) 3.043 (2.874)
2026-04-26 03:23:17,926 | Epoch: [86][250/254]	Time   0.27 (  0.33)	Data 0.0001 (0.0665)	Loss (L1) 2.763 (2.874)
2026-04-26 03:23:26,200 | Val: [ 0/25]	Time  7.302 ( 7.302)	Loss (MSE) 246.928 (246.928)	Loss (L1) 14.304 (14.304)
2026-04-26 03:23:29,974 | Val: [10/25]	Time  0.084 ( 1.007)	Loss (MSE) 38.990 (85.847)	Loss (L1) 5.011 (7.529)
2026-04-26 03:23:30,812 | Val: [20/25]	Time  0.084 ( 0.567)	Loss (MSE) 237.269 (94.304)	Loss (L1) 14.015 (7.763)
2026-04-26 03:23:31,330 |  * Overall: MSE 136.039	L1 9.326	G-Mean 6.131
2026-04-26 03:23:31,330 |  * Many: MSE 78.739	L1 6.995	G-Mean 4.562
2026-04-26 03:23:31,330 |  * Median: MSE 212.120	L1 12.874	G-Mean 10.339
2026-04-26 03:23:31,330 |  * Low: MSE 458.535	L1 20.799	G-Mean 20.149
2026-04-26 03:23:31,331 | Best L1 Loss: 9.214
2026-04-26 03:23:31,554 | Epoch #86: Train loss [2.8784]; Val loss: MSE [136.0387], L1 [9.3259], G-Mean [6.1305]
2026-04-26 03:23:40,314 | Epoch: [87][  0/254]	Time   8.76 (  8.76)	Data 8.6514 (8.6514)	Loss (L1) 2.920 (2.920)
2026-04-26 03:23:45,663 | Epoch: [87][ 10/254]	Time   0.26 (  1.28)	Data 0.0002 (1.0529)	Loss (L1) 2.589 (2.805)
2026-04-26 03:23:48,341 | Epoch: [87][ 20/254]	Time   0.27 (  0.80)	Data 0.0002 (0.5516)	Loss (L1) 3.042 (2.812)
2026-04-26 03:23:51,047 | Epoch: [87][ 30/254]	Time   0.28 (  0.63)	Data 0.0002 (0.3742)	Loss (L1) 2.689 (2.804)
2026-04-26 03:23:55,439 | Epoch: [87][ 40/254]	Time   0.26 (  0.58)	Data 0.0004 (0.3290)	Loss (L1) 3.434 (2.848)
2026-04-26 03:23:58,171 | Epoch: [87][ 50/254]	Time   0.27 (  0.52)	Data 0.0002 (0.2645)	Loss (L1) 3.295 (2.852)
2026-04-26 03:24:01,074 | Epoch: [87][ 60/254]	Time   0.34 (  0.48)	Data 0.0002 (0.2212)	Loss (L1) 3.135 (2.855)
2026-04-26 03:24:04,485 | Epoch: [87][ 70/254]	Time   0.26 (  0.46)	Data 0.0003 (0.2019)	Loss (L1) 3.183 (2.889)
2026-04-26 03:24:07,183 | Epoch: [87][ 80/254]	Time   0.26 (  0.44)	Data 0.0002 (0.1770)	Loss (L1) 2.668 (2.881)
2026-04-26 03:24:09,903 | Epoch: [87][ 90/254]	Time   0.27 (  0.42)	Data 0.0003 (0.1576)	Loss (L1) 2.618 (2.873)
2026-04-26 03:24:13,230 | Epoch: [87][100/254]	Time   0.27 (  0.41)	Data 0.0003 (0.1498)	Loss (L1) 2.840 (2.878)
2026-04-26 03:24:15,913 | Epoch: [87][110/254]	Time   0.26 (  0.40)	Data 0.0002 (0.1363)	Loss (L1) 3.241 (2.896)
2026-04-26 03:24:18,601 | Epoch: [87][120/254]	Time   0.27 (  0.39)	Data 0.0002 (0.1251)	Loss (L1) 2.899 (2.899)
2026-04-26 03:24:21,378 | Epoch: [87][130/254]	Time   0.27 (  0.38)	Data 0.1554 (0.1168)	Loss (L1) 3.156 (2.900)
2026-04-26 03:24:24,061 | Epoch: [87][140/254]	Time   0.26 (  0.37)	Data 0.0002 (0.1085)	Loss (L1) 2.908 (2.891)
2026-04-26 03:24:26,728 | Epoch: [87][150/254]	Time   0.26 (  0.37)	Data 0.0002 (0.1013)	Loss (L1) 2.975 (2.886)
2026-04-26 03:24:29,455 | Epoch: [87][160/254]	Time   0.26 (  0.36)	Data 0.0002 (0.0951)	Loss (L1) 2.862 (2.883)
2026-04-26 03:24:32,313 | Epoch: [87][170/254]	Time   0.27 (  0.36)	Data 0.0002 (0.0914)	Loss (L1) 2.968 (2.874)
2026-04-26 03:24:35,014 | Epoch: [87][180/254]	Time   0.26 (  0.35)	Data 0.0002 (0.0864)	Loss (L1) 2.574 (2.879)
2026-04-26 03:24:37,724 | Epoch: [87][190/254]	Time   0.28 (  0.35)	Data 0.0001 (0.0819)	Loss (L1) 2.830 (2.879)
2026-04-26 03:24:41,443 | Epoch: [87][200/254]	Time   0.27 (  0.35)	Data 0.0001 (0.0836)	Loss (L1) 3.711 (2.884)
2026-04-26 03:24:44,106 | Epoch: [87][210/254]	Time   0.26 (  0.34)	Data 0.0001 (0.0796)	Loss (L1) 2.729 (2.886)
2026-04-26 03:24:46,767 | Epoch: [87][220/254]	Time   0.27 (  0.34)	Data 0.0001 (0.0760)	Loss (L1) 2.945 (2.889)
2026-04-26 03:24:49,433 | Epoch: [87][230/254]	Time   0.27 (  0.34)	Data 0.0001 (0.0728)	Loss (L1) 2.850 (2.882)
2026-04-26 03:24:52,092 | Epoch: [87][240/254]	Time   0.27 (  0.33)	Data 0.0002 (0.0697)	Loss (L1) 3.042 (2.880)
2026-04-26 03:24:54,751 | Epoch: [87][250/254]	Time   0.27 (  0.33)	Data 0.0001 (0.0670)	Loss (L1) 2.947 (2.876)
2026-04-26 03:25:03,038 | Val: [ 0/25]	Time  7.336 ( 7.336)	Loss (MSE) 251.202 (251.202)	Loss (L1) 14.462 (14.462)
2026-04-26 03:25:06,213 | Val: [10/25]	Time  0.085 ( 0.956)	Loss (MSE) 38.543 (87.516)	Loss (L1) 4.975 (7.624)
2026-04-26 03:25:07,052 | Val: [20/25]	Time  0.084 ( 0.540)	Loss (MSE) 235.314 (94.292)	Loss (L1) 13.933 (7.767)
2026-04-26 03:25:07,550 |  * Overall: MSE 135.198	L1 9.306	G-Mean 6.132
2026-04-26 03:25:07,550 |  * Many: MSE 78.013	L1 6.968	G-Mean 4.560
2026-04-26 03:25:07,550 |  * Median: MSE 212.696	L1 12.917	G-Mean 10.389
2026-04-26 03:25:07,550 |  * Low: MSE 451.364	L1 20.634	G-Mean 19.990
2026-04-26 03:25:07,551 | Best L1 Loss: 9.214
2026-04-26 03:25:07,772 | Epoch #87: Train loss [2.8752]; Val loss: MSE [135.1980], L1 [9.3065], G-Mean [6.1319]
2026-04-26 03:25:15,298 | Epoch: [88][  0/254]	Time   7.52 (  7.52)	Data 7.4012 (7.4012)	Loss (L1) 3.114 (3.114)
2026-04-26 03:25:22,317 | Epoch: [88][ 10/254]	Time   0.27 (  1.32)	Data 0.0065 (1.0775)	Loss (L1) 3.259 (2.936)
2026-04-26 03:25:24,949 | Epoch: [88][ 20/254]	Time   0.26 (  0.82)	Data 0.0003 (0.5645)	Loss (L1) 2.889 (2.905)
2026-04-26 03:25:27,637 | Epoch: [88][ 30/254]	Time   0.26 (  0.64)	Data 0.0173 (0.3831)	Loss (L1) 3.316 (2.871)
2026-04-26 03:25:30,307 | Epoch: [88][ 40/254]	Time   0.27 (  0.55)	Data 0.0002 (0.2902)	Loss (L1) 2.718 (2.861)
2026-04-26 03:25:32,970 | Epoch: [88][ 50/254]	Time   0.26 (  0.49)	Data 0.0002 (0.2335)	Loss (L1) 3.115 (2.877)
2026-04-26 03:25:35,696 | Epoch: [88][ 60/254]	Time   0.30 (  0.46)	Data 0.0002 (0.1953)	Loss (L1) 2.826 (2.886)
2026-04-26 03:25:39,072 | Epoch: [88][ 70/254]	Time   0.26 (  0.44)	Data 0.0002 (0.1803)	Loss (L1) 2.592 (2.881)
2026-04-26 03:25:42,205 | Epoch: [88][ 80/254]	Time   0.28 (  0.43)	Data 0.0003 (0.1658)	Loss (L1) 2.874 (2.906)
2026-04-26 03:25:44,983 | Epoch: [88][ 90/254]	Time   0.30 (  0.41)	Data 0.0003 (0.1476)	Loss (L1) 2.524 (2.891)
2026-04-26 03:25:48,054 | Epoch: [88][100/254]	Time   0.26 (  0.40)	Data 0.0002 (0.1392)	Loss (L1) 2.816 (2.875)
2026-04-26 03:25:50,732 | Epoch: [88][110/254]	Time   0.25 (  0.39)	Data 0.0003 (0.1270)	Loss (L1) 3.033 (2.876)
2026-04-26 03:25:53,408 | Epoch: [88][120/254]	Time   0.27 (  0.38)	Data 0.0002 (0.1165)	Loss (L1) 2.649 (2.893)
2026-04-26 03:25:56,117 | Epoch: [88][130/254]	Time   0.30 (  0.37)	Data 0.0001 (0.1076)	Loss (L1) 2.573 (2.889)
2026-04-26 03:25:59,853 | Epoch: [88][140/254]	Time   0.26 (  0.37)	Data 0.0002 (0.1088)	Loss (L1) 3.291 (2.878)
2026-04-26 03:26:02,522 | Epoch: [88][150/254]	Time   0.28 (  0.36)	Data 0.0001 (0.1017)	Loss (L1) 2.365 (2.875)
2026-04-26 03:26:05,234 | Epoch: [88][160/254]	Time   0.28 (  0.36)	Data 0.0002 (0.0954)	Loss (L1) 2.816 (2.871)
2026-04-26 03:26:07,925 | Epoch: [88][170/254]	Time   0.27 (  0.35)	Data 0.0002 (0.0910)	Loss (L1) 2.766 (2.870)
2026-04-26 03:26:10,667 | Epoch: [88][180/254]	Time   0.28 (  0.35)	Data 0.0002 (0.0860)	Loss (L1) 2.797 (2.873)
2026-04-26 03:26:13,372 | Epoch: [88][190/254]	Time   0.27 (  0.34)	Data 0.0001 (0.0815)	Loss (L1) 3.083 (2.874)
2026-04-26 03:26:17,705 | Epoch: [88][200/254]	Time   0.28 (  0.35)	Data 0.0001 (0.0864)	Loss (L1) 3.108 (2.871)
2026-04-26 03:26:20,360 | Epoch: [88][210/254]	Time   0.27 (  0.34)	Data 0.0002 (0.0823)	Loss (L1) 2.984 (2.869)
2026-04-26 03:26:23,042 | Epoch: [88][220/254]	Time   0.27 (  0.34)	Data 0.0001 (0.0786)	Loss (L1) 2.870 (2.866)
2026-04-26 03:26:25,707 | Epoch: [88][230/254]	Time   0.27 (  0.34)	Data 0.0001 (0.0752)	Loss (L1) 3.038 (2.873)
2026-04-26 03:26:28,361 | Epoch: [88][240/254]	Time   0.27 (  0.33)	Data 0.0001 (0.0721)	Loss (L1) 2.605 (2.873)
2026-04-26 03:26:31,015 | Epoch: [88][250/254]	Time   0.27 (  0.33)	Data 0.0002 (0.0692)	Loss (L1) 3.180 (2.875)
2026-04-26 03:26:40,862 | Val: [ 0/25]	Time  8.886 ( 8.886)	Loss (MSE) 243.442 (243.442)	Loss (L1) 14.196 (14.196)
2026-04-26 03:26:42,066 | Val: [10/25]	Time  0.084 ( 0.917)	Loss (MSE) 38.322 (83.652)	Loss (L1) 4.987 (7.424)
2026-04-26 03:26:42,905 | Val: [20/25]	Time  0.084 ( 0.520)	Loss (MSE) 243.959 (94.559)	Loss (L1) 14.234 (7.763)
2026-04-26 03:26:43,389 |  * Overall: MSE 137.351	L1 9.355	G-Mean 6.163
2026-04-26 03:26:43,389 |  * Many: MSE 79.392	L1 7.008	G-Mean 4.583
2026-04-26 03:26:43,389 |  * Median: MSE 213.966	L1 12.916	G-Mean 10.406
2026-04-26 03:26:43,390 |  * Low: MSE 464.799	L1 20.949	G-Mean 20.310
2026-04-26 03:26:43,390 | Best L1 Loss: 9.214
2026-04-26 03:26:43,614 | Epoch #88: Train loss [2.8756]; Val loss: MSE [137.3508], L1 [9.3549], G-Mean [6.1626]
2026-04-26 03:26:52,676 | Epoch: [89][  0/254]	Time   9.06 (  9.06)	Data 8.9220 (8.9220)	Loss (L1) 2.913 (2.913)
2026-04-26 03:26:57,002 | Epoch: [89][ 10/254]	Time   0.27 (  1.22)	Data 0.0002 (0.9893)	Loss (L1) 3.403 (3.000)
2026-04-26 03:26:59,655 | Epoch: [89][ 20/254]	Time   0.27 (  0.76)	Data 0.0002 (0.5184)	Loss (L1) 2.688 (2.922)
2026-04-26 03:27:02,416 | Epoch: [89][ 30/254]	Time   0.28 (  0.61)	Data 0.0002 (0.3512)	Loss (L1) 2.964 (2.906)
2026-04-26 03:27:05,989 | Epoch: [89][ 40/254]	Time   0.25 (  0.55)	Data 0.0002 (0.2903)	Loss (L1) 3.038 (2.970)
2026-04-26 03:27:08,695 | Epoch: [89][ 50/254]	Time   0.28 (  0.49)	Data 0.0002 (0.2342)	Loss (L1) 2.454 (2.946)
2026-04-26 03:27:11,431 | Epoch: [89][ 60/254]	Time   0.28 (  0.46)	Data 0.0002 (0.1959)	Loss (L1) 2.948 (2.915)
2026-04-26 03:27:14,718 | Epoch: [89][ 70/254]	Time   0.25 (  0.44)	Data 0.0002 (0.1785)	Loss (L1) 2.770 (2.947)
2026-04-26 03:27:17,411 | Epoch: [89][ 80/254]	Time   0.27 (  0.42)	Data 0.0002 (0.1565)	Loss (L1) 2.954 (2.937)
2026-04-26 03:27:20,156 | Epoch: [89][ 90/254]	Time   0.27 (  0.40)	Data 0.0004 (0.1395)	Loss (L1) 2.941 (2.912)
2026-04-26 03:27:23,081 | Epoch: [89][100/254]	Time   0.27 (  0.39)	Data 0.0002 (0.1298)	Loss (L1) 2.780 (2.903)
2026-04-26 03:27:25,823 | Epoch: [89][110/254]	Time   0.26 (  0.38)	Data 0.0003 (0.1193)	Loss (L1) 2.952 (2.893)
2026-04-26 03:27:28,519 | Epoch: [89][120/254]	Time   0.27 (  0.37)	Data 0.0002 (0.1095)	Loss (L1) 2.567 (2.885)
2026-04-26 03:27:32,108 | Epoch: [89][130/254]	Time   0.28 (  0.37)	Data 0.0001 (0.1091)	Loss (L1) 3.102 (2.879)
2026-04-26 03:27:34,855 | Epoch: [89][140/254]	Time   0.27 (  0.36)	Data 0.0001 (0.1014)	Loss (L1) 2.908 (2.876)
2026-04-26 03:27:37,530 | Epoch: [89][150/254]	Time   0.25 (  0.36)	Data 0.0001 (0.0947)	Loss (L1) 2.766 (2.875)
2026-04-26 03:27:40,243 | Epoch: [89][160/254]	Time   0.25 (  0.35)	Data 0.0002 (0.0888)	Loss (L1) 2.870 (2.874)
2026-04-26 03:27:42,925 | Epoch: [89][170/254]	Time   0.26 (  0.35)	Data 0.0002 (0.0836)	Loss (L1) 2.771 (2.876)
2026-04-26 03:27:45,627 | Epoch: [89][180/254]	Time   0.26 (  0.34)	Data 0.0002 (0.0790)	Loss (L1) 2.696 (2.877)
2026-04-26 03:27:48,366 | Epoch: [89][190/254]	Time   0.26 (  0.34)	Data 0.0001 (0.0749)	Loss (L1) 2.463 (2.877)
2026-04-26 03:27:51,374 | Epoch: [89][200/254]	Time   0.28 (  0.34)	Data 0.0001 (0.0732)	Loss (L1) 2.631 (2.865)
2026-04-26 03:27:54,025 | Epoch: [89][210/254]	Time   0.26 (  0.33)	Data 0.0001 (0.0697)	Loss (L1) 2.637 (2.864)
2026-04-26 03:27:56,682 | Epoch: [89][220/254]	Time   0.27 (  0.33)	Data 0.0001 (0.0666)	Loss (L1) 3.032 (2.869)
2026-04-26 03:27:59,335 | Epoch: [89][230/254]	Time   0.27 (  0.33)	Data 0.0001 (0.0637)	Loss (L1) 3.509 (2.878)
2026-04-26 03:28:01,987 | Epoch: [89][240/254]	Time   0.26 (  0.33)	Data 0.0001 (0.0610)	Loss (L1) 3.028 (2.874)
2026-04-26 03:28:04,642 | Epoch: [89][250/254]	Time   0.26 (  0.32)	Data 0.0002 (0.0586)	Loss (L1) 3.022 (2.869)
2026-04-26 03:28:14,094 | Val: [ 0/25]	Time  8.481 ( 8.481)	Loss (MSE) 250.190 (250.190)	Loss (L1) 14.414 (14.414)
2026-04-26 03:28:15,247 | Val: [10/25]	Time  0.084 ( 0.876)	Loss (MSE) 40.410 (88.725)	Loss (L1) 5.099 (7.681)
2026-04-26 03:28:16,083 | Val: [20/25]	Time  0.084 ( 0.499)	Loss (MSE) 232.746 (94.694)	Loss (L1) 13.754 (7.782)
2026-04-26 03:28:16,550 |  * Overall: MSE 133.946	L1 9.271	G-Mean 6.100
2026-04-26 03:28:16,550 |  * Many: MSE 78.588	L1 6.995	G-Mean 4.557
2026-04-26 03:28:16,550 |  * Median: MSE 210.155	L1 12.800	G-Mean 10.243
2026-04-26 03:28:16,550 |  * Low: MSE 435.708	L1 20.237	G-Mean 19.562
2026-04-26 03:28:16,551 | Best L1 Loss: 9.214
2026-04-26 03:28:16,752 | Epoch #89: Train loss [2.8682]; Val loss: MSE [133.9463], L1 [9.2706], G-Mean [6.1001]
2026-04-26 03:28:16,752 | ========================================================================================================================
2026-04-26 03:28:16,752 | Test best model on testset...
2026-04-26 03:28:18,160 | Loaded best model, epoch 55, best val loss 9.2143
2026-04-26 03:28:22,314 | Test: [ 0/20]	Time  4.153 ( 4.153)	Loss (MSE) 139.127 (139.127)	Loss (L1) 8.663 (8.663)
2026-04-26 03:28:24,104 | Test: [10/20]	Time  0.083 ( 0.540)	Loss (MSE) 68.992 (68.330)	Loss (L1) 6.607 (6.510)
2026-04-26 03:28:25,732 |  * Overall: MSE 150.060	L1 9.708	G-Mean 6.389
2026-04-26 03:28:25,733 |  * Many: MSE 92.545	L1 7.686	G-Mean 5.176
2026-04-26 03:28:25,733 |  * Median: MSE 240.686	L1 13.167	G-Mean 9.543
2026-04-26 03:28:25,733 |  * Low: MSE 517.158	L1 22.076	G-Mean 21.440
2026-04-26 03:28:25,733 | Test loss: MSE [150.0598], L1 [9.7075], G-Mean [6.3893]
Done
