2026-04-26 00:59:14,673 | Args: Namespace(lds=True, lds_kernel='gaussian', lds_ks=5, lds_sigma=2.0, fds=True, fds_kernel='gaussian', fds_ks=5, fds_sigma=2.0, start_update=0, start_smooth=1, bucket_num=80, bucket_start=0, fds_mmt=0.9, reweight='sqrt_inv', retrain_fc=False, dataset='skyfinder_30_balanced', data_dir='./data', model='resnet50', store_root='checkpoint', store_name='skyfinder_30_balanced_resnet50_DIR_BASIC_lds_gau_5_2.0_fds_gau_5_2.0_0_1_0.9_adam_l1_0.001_256', gpu=1, optimizer='adam', loss='l1', lr=0.001, epoch=90, momentum=0.9, weight_decay=0.0001, schedule=[60, 80], batch_size=256, print_freq=10, img_size=224, workers=32, resume='', pretrained='/gpfs/data/shenlab/hc4549/ucla/imbalanced-regression/pretrained/resnet50-19c8e357.pth', evaluate=False, fusion=False, feature_extract=False, augment=True, start_epoch=0, best_loss=100000.0)
2026-04-26 00:59:14,674 | Store name: skyfinder_30_balanced_resnet50_DIR_BASIC_lds_gau_5_2.0_fds_gau_5_2.0_0_1_0.9_adam_l1_0.001_256
2026-04-26 00:59:14,674 | Use GPU: 1 for training
2026-04-26 00:59:14,674 | =====> Preparing data...
2026-04-26 00:59:14,674 | File (.csv): skyfinder_30_balanced.csv
2026-04-26 00:59:14,793 | Using re-weighting: [SQRT_INV]
2026-04-26 00:59:14,793 | Using LDS: [GAUSSIAN] (5/2.0)
2026-04-26 00:59:14,867 | Training data size: 64939
2026-04-26 00:59:14,867 | Validation data size: 6270
2026-04-26 00:59:14,867 | Test data size: 5117
2026-04-26 00:59:14,867 | =====> Building model...
2026-04-26 00:59:14,988 | Using FDS: [GAUSSIAN] (5/2.0)
2026-04-26 00:59:15,677 | ===> Pretrained weights found in total: [265]
2026-04-26 00:59:15,677 | ===> Pre-trained model loaded: /gpfs/data/shenlab/hc4549/ucla/imbalanced-regression/pretrained/resnet50-19c8e357.pth
2026-04-26 00:59:38,323 | Epoch: [0][  0/254]	Time  22.64 ( 22.64)	Data 14.3509 (14.3509)	Loss (L1) 42.977 (42.977)
2026-04-26 00:59:40,803 | Epoch: [0][ 10/254]	Time   0.26 (  2.28)	Data 0.0001 (1.3050)	Loss (L1) 9.544 (22.868)
2026-04-26 00:59:43,418 | Epoch: [0][ 20/254]	Time   0.26 (  1.32)	Data 0.0001 (0.6837)	Loss (L1) 10.071 (17.211)
2026-04-26 00:59:46,040 | Epoch: [0][ 30/254]	Time   0.26 (  0.98)	Data 0.0058 (0.4634)	Loss (L1) 11.253 (15.031)
2026-04-26 00:59:48,662 | Epoch: [0][ 40/254]	Time   0.26 (  0.80)	Data 0.0003 (0.3506)	Loss (L1) 8.699 (13.944)
2026-04-26 00:59:51,308 | Epoch: [0][ 50/254]	Time   0.26 (  0.70)	Data 0.0002 (0.2820)	Loss (L1) 9.822 (13.256)
2026-04-26 00:59:53,927 | Epoch: [0][ 60/254]	Time   0.26 (  0.63)	Data 0.0002 (0.2359)	Loss (L1) 11.113 (12.670)
2026-04-26 00:59:56,544 | Epoch: [0][ 70/254]	Time   0.26 (  0.58)	Data 0.0002 (0.2027)	Loss (L1) 8.200 (12.246)
2026-04-26 00:59:59,161 | Epoch: [0][ 80/254]	Time   0.26 (  0.54)	Data 0.0002 (0.1777)	Loss (L1) 10.154 (11.947)
2026-04-26 01:00:01,778 | Epoch: [0][ 90/254]	Time   0.26 (  0.51)	Data 0.0002 (0.1582)	Loss (L1) 8.896 (11.704)
2026-04-26 01:00:04,397 | Epoch: [0][100/254]	Time   0.26 (  0.48)	Data 0.0002 (0.1426)	Loss (L1) 8.417 (11.507)
2026-04-26 01:00:50,005 | Epoch: [0][110/254]	Time   0.27 (  0.85)	Data 0.0003 (0.5254)	Loss (L1) 9.463 (11.319)
2026-04-26 01:00:54,629 | Epoch: [0][120/254]	Time   1.16 (  0.82)	Data 1.0576 (0.5021)	Loss (L1) 9.157 (11.198)
2026-04-26 01:00:57,358 | Epoch: [0][130/254]	Time   0.25 (  0.78)	Data 0.0002 (0.4638)	Loss (L1) 8.790 (11.028)
2026-04-26 01:01:00,050 | Epoch: [0][140/254]	Time   0.28 (  0.74)	Data 0.0002 (0.4309)	Loss (L1) 9.423 (10.938)
2026-04-26 01:01:02,877 | Epoch: [0][150/254]	Time   0.27 (  0.71)	Data 0.0002 (0.4047)	Loss (L1) 8.829 (10.858)
2026-04-26 01:01:06,402 | Epoch: [0][160/254]	Time   0.26 (  0.69)	Data 0.0003 (0.3869)	Loss (L1) 10.042 (10.818)
2026-04-26 01:01:09,055 | Epoch: [0][170/254]	Time   0.26 (  0.66)	Data 0.0003 (0.3643)	Loss (L1) 9.425 (10.722)
2026-04-26 01:01:12,377 | Epoch: [0][180/254]	Time   0.26 (  0.64)	Data 0.0002 (0.3488)	Loss (L1) 9.118 (10.638)
2026-04-26 01:01:15,057 | Epoch: [0][190/254]	Time   0.24 (  0.63)	Data 0.0018 (0.3326)	Loss (L1) 9.914 (10.574)
2026-04-26 01:01:17,720 | Epoch: [0][200/254]	Time   0.26 (  0.61)	Data 0.0001 (0.3161)	Loss (L1) 7.269 (10.485)
2026-04-26 01:01:20,354 | Epoch: [0][210/254]	Time   0.27 (  0.59)	Data 0.0001 (0.3011)	Loss (L1) 9.930 (10.446)
2026-04-26 01:01:23,565 | Epoch: [0][220/254]	Time   0.26 (  0.58)	Data 0.0001 (0.2908)	Loss (L1) 9.632 (10.412)
2026-04-26 01:01:26,228 | Epoch: [0][230/254]	Time   0.26 (  0.57)	Data 0.0001 (0.2782)	Loss (L1) 7.480 (10.345)
2026-04-26 01:01:28,852 | Epoch: [0][240/254]	Time   0.26 (  0.55)	Data 0.0001 (0.2667)	Loss (L1) 8.365 (10.289)
2026-04-26 01:01:31,475 | Epoch: [0][250/254]	Time   0.26 (  0.54)	Data 0.0001 (0.2561)	Loss (L1) 7.517 (10.241)
2026-04-26 01:01:34,051 | Create Epoch [0] features of all training data...
2026-04-26 01:02:46,881 | Updated running statistics with Epoch [0] features!
2026-04-26 01:02:57,049 | Val: [ 0/25]	Time 10.166 (10.166)	Loss (MSE) 422.744 (422.744)	Loss (L1) 18.598 (18.598)
2026-04-26 01:02:57,875 | Val: [10/25]	Time  0.083 ( 0.999)	Loss (MSE) 53.095 (156.891)	Loss (L1) 6.327 (10.320)
2026-04-26 01:02:58,702 | Val: [20/25]	Time  0.082 ( 0.563)	Loss (MSE) 257.046 (133.272)	Loss (L1) 14.847 (9.399)
2026-04-26 01:02:59,604 |  * Overall: MSE 174.782	L1 10.880	G-Mean 7.448
2026-04-26 01:02:59,604 |  * Many: MSE 101.442	L1 8.234	G-Mean 5.634
2026-04-26 01:02:59,604 |  * Median: MSE 285.033	L1 15.297	G-Mean 12.388
2026-04-26 01:02:59,604 |  * Low: MSE 540.883	L1 22.485	G-Mean 21.732
2026-04-26 01:02:59,605 | Best L1 Loss: 10.880
2026-04-26 01:02:59,847 | ===> Saving current best checkpoint...
2026-04-26 01:03:00,357 | Epoch #0: Train loss [10.2361]; Val loss: MSE [174.7824], L1 [10.8796], G-Mean [7.4484]
2026-04-26 01:03:13,593 | Epoch: [1][  0/254]	Time  13.23 ( 13.23)	Data 12.5798 (12.5798)	Loss (L1) 7.988 (7.988)
2026-04-26 01:03:16,547 | Epoch: [1][ 10/254]	Time   0.30 (  1.47)	Data 0.0002 (1.1439)	Loss (L1) 10.343 (9.256)
2026-04-26 01:03:19,500 | Epoch: [1][ 20/254]	Time   0.30 (  0.91)	Data 0.0002 (0.5993)	Loss (L1) 9.178 (8.909)
2026-04-26 01:03:22,757 | Epoch: [1][ 30/254]	Time   0.33 (  0.72)	Data 0.0002 (0.4060)	Loss (L1) 9.765 (9.063)
2026-04-26 01:03:25,905 | Epoch: [1][ 40/254]	Time   0.30 (  0.62)	Data 0.0002 (0.3073)	Loss (L1) 8.924 (8.981)
2026-04-26 01:03:28,914 | Epoch: [1][ 50/254]	Time   0.30 (  0.56)	Data 0.0002 (0.2471)	Loss (L1) 10.127 (8.873)
2026-04-26 01:03:31,923 | Epoch: [1][ 60/254]	Time   0.30 (  0.52)	Data 0.0002 (0.2067)	Loss (L1) 7.875 (8.805)
2026-04-26 01:03:34,968 | Epoch: [1][ 70/254]	Time   0.31 (  0.49)	Data 0.0002 (0.1778)	Loss (L1) 7.445 (8.769)
2026-04-26 01:03:37,961 | Epoch: [1][ 80/254]	Time   0.29 (  0.46)	Data 0.0002 (0.1559)	Loss (L1) 7.682 (8.714)
2026-04-26 01:03:40,965 | Epoch: [1][ 90/254]	Time   0.29 (  0.45)	Data 0.0002 (0.1388)	Loss (L1) 8.411 (8.638)
2026-04-26 01:03:43,994 | Epoch: [1][100/254]	Time   0.31 (  0.43)	Data 0.0002 (0.1251)	Loss (L1) 8.073 (8.622)
2026-04-26 01:03:47,048 | Epoch: [1][110/254]	Time   0.30 (  0.42)	Data 0.0002 (0.1138)	Loss (L1) 12.856 (8.626)
2026-04-26 01:03:50,037 | Epoch: [1][120/254]	Time   0.30 (  0.41)	Data 0.0002 (0.1044)	Loss (L1) 9.770 (8.661)
2026-04-26 01:03:53,041 | Epoch: [1][130/254]	Time   0.30 (  0.40)	Data 0.0002 (0.0965)	Loss (L1) 8.051 (8.658)
2026-04-26 01:03:56,171 | Epoch: [1][140/254]	Time   0.35 (  0.40)	Data 0.0002 (0.0896)	Loss (L1) 8.959 (8.603)
2026-04-26 01:03:59,231 | Epoch: [1][150/254]	Time   0.32 (  0.39)	Data 0.0002 (0.0837)	Loss (L1) 7.560 (8.593)
2026-04-26 01:04:02,195 | Epoch: [1][160/254]	Time   0.29 (  0.38)	Data 0.0003 (0.0785)	Loss (L1) 6.684 (8.544)
2026-04-26 01:04:05,178 | Epoch: [1][170/254]	Time   0.30 (  0.38)	Data 0.0002 (0.0740)	Loss (L1) 9.450 (8.559)
2026-04-26 01:04:08,137 | Epoch: [1][180/254]	Time   0.29 (  0.37)	Data 0.0002 (0.0699)	Loss (L1) 6.991 (8.566)
2026-04-26 01:04:11,124 | Epoch: [1][190/254]	Time   0.29 (  0.37)	Data 0.0001 (0.0666)	Loss (L1) 7.927 (8.592)
2026-04-26 01:04:14,233 | Epoch: [1][200/254]	Time   0.31 (  0.37)	Data 0.0001 (0.0633)	Loss (L1) 8.518 (8.607)
2026-04-26 01:04:17,185 | Epoch: [1][210/254]	Time   0.29 (  0.36)	Data 0.0001 (0.0603)	Loss (L1) 9.145 (8.624)
2026-04-26 01:04:20,128 | Epoch: [1][220/254]	Time   0.29 (  0.36)	Data 0.0001 (0.0575)	Loss (L1) 8.513 (8.644)
2026-04-26 01:04:23,062 | Epoch: [1][230/254]	Time   0.29 (  0.36)	Data 0.0001 (0.0551)	Loss (L1) 10.390 (8.654)
2026-04-26 01:04:26,006 | Epoch: [1][240/254]	Time   0.29 (  0.36)	Data 0.0001 (0.0528)	Loss (L1) 8.581 (8.673)
2026-04-26 01:04:28,931 | Epoch: [1][250/254]	Time   0.29 (  0.35)	Data 0.0001 (0.0507)	Loss (L1) 8.877 (8.653)
2026-04-26 01:04:30,013 | Create Epoch [1] features of all training data...
2026-04-26 01:05:45,059 | Updated smoothed statistics on Epoch [1]!
2026-04-26 01:05:45,091 | Updated running statistics with Epoch [1] features!
2026-04-26 01:05:55,475 | Val: [ 0/25]	Time 10.383 (10.383)	Loss (MSE) 339.645 (339.645)	Loss (L1) 16.786 (16.786)
2026-04-26 01:05:56,304 | Val: [10/25]	Time  0.083 ( 1.019)	Loss (MSE) 117.264 (164.864)	Loss (L1) 8.731 (10.548)
2026-04-26 01:05:57,131 | Val: [20/25]	Time  0.083 ( 0.573)	Loss (MSE) 291.674 (163.177)	Loss (L1) 15.919 (10.753)
2026-04-26 01:05:57,686 |  * Overall: MSE 212.978	L1 12.345	G-Mean 8.847
2026-04-26 01:05:57,686 |  * Many: MSE 144.362	L1 10.068	G-Mean 7.179
2026-04-26 01:05:57,686 |  * Median: MSE 292.029	L1 15.439	G-Mean 12.208
2026-04-26 01:05:57,686 |  * Low: MSE 642.907	L1 24.905	G-Mean 24.400
2026-04-26 01:05:57,687 | Best L1 Loss: 10.880
2026-04-26 01:05:57,916 | Epoch #1: Train loss [8.6505]; Val loss: MSE [212.9784], L1 [12.3448], G-Mean [8.8470]
2026-04-26 01:06:11,333 | Epoch: [2][  0/254]	Time  13.42 ( 13.42)	Data 13.1887 (13.1887)	Loss (L1) 8.563 (8.563)
2026-04-26 01:06:14,709 | Epoch: [2][ 10/254]	Time   0.30 (  1.53)	Data 0.0002 (1.2439)	Loss (L1) 8.648 (8.834)
2026-04-26 01:06:17,861 | Epoch: [2][ 20/254]	Time   0.31 (  0.95)	Data 0.0003 (0.6517)	Loss (L1) 6.537 (8.358)
2026-04-26 01:06:20,999 | Epoch: [2][ 30/254]	Time   0.35 (  0.74)	Data 0.0002 (0.4415)	Loss (L1) 9.079 (8.328)
2026-04-26 01:06:24,035 | Epoch: [2][ 40/254]	Time   0.31 (  0.64)	Data 0.0002 (0.3339)	Loss (L1) 11.875 (8.335)
2026-04-26 01:06:27,030 | Epoch: [2][ 50/254]	Time   0.29 (  0.57)	Data 0.0002 (0.2685)	Loss (L1) 7.946 (8.215)
2026-04-26 01:06:30,080 | Epoch: [2][ 60/254]	Time   0.31 (  0.53)	Data 0.0002 (0.2246)	Loss (L1) 9.021 (8.347)
2026-04-26 01:06:33,249 | Epoch: [2][ 70/254]	Time   0.33 (  0.50)	Data 0.0002 (0.1930)	Loss (L1) 7.470 (8.409)
2026-04-26 01:06:36,363 | Epoch: [2][ 80/254]	Time   0.30 (  0.47)	Data 0.0002 (0.1692)	Loss (L1) 8.023 (8.484)
2026-04-26 01:06:39,380 | Epoch: [2][ 90/254]	Time   0.30 (  0.46)	Data 0.0002 (0.1506)	Loss (L1) 13.776 (8.510)
2026-04-26 01:06:42,377 | Epoch: [2][100/254]	Time   0.29 (  0.44)	Data 0.0002 (0.1357)	Loss (L1) 10.398 (8.578)
2026-04-26 01:06:45,642 | Epoch: [2][110/254]	Time   0.36 (  0.43)	Data 0.0002 (0.1235)	Loss (L1) 9.331 (8.581)
2026-04-26 01:06:48,861 | Epoch: [2][120/254]	Time   0.33 (  0.42)	Data 0.0002 (0.1133)	Loss (L1) 10.651 (8.589)
2026-04-26 01:06:51,837 | Epoch: [2][130/254]	Time   0.31 (  0.41)	Data 0.0002 (0.1047)	Loss (L1) 7.699 (8.577)
2026-04-26 01:06:54,830 | Epoch: [2][140/254]	Time   0.29 (  0.40)	Data 0.0002 (0.0973)	Loss (L1) 7.359 (8.546)
2026-04-26 01:06:57,900 | Epoch: [2][150/254]	Time   0.30 (  0.40)	Data 0.0002 (0.0909)	Loss (L1) 6.907 (8.494)
2026-04-26 01:07:00,904 | Epoch: [2][160/254]	Time   0.28 (  0.39)	Data 0.0003 (0.0853)	Loss (L1) 8.092 (8.446)
2026-04-26 01:07:03,889 | Epoch: [2][170/254]	Time   0.30 (  0.39)	Data 0.0002 (0.0803)	Loss (L1) 8.247 (8.414)
2026-04-26 01:07:07,022 | Epoch: [2][180/254]	Time   0.29 (  0.38)	Data 0.0002 (0.0759)	Loss (L1) 7.525 (8.355)
2026-04-26 01:07:10,060 | Epoch: [2][190/254]	Time   0.29 (  0.38)	Data 0.0001 (0.0721)	Loss (L1) 7.880 (8.337)
2026-04-26 01:07:13,025 | Epoch: [2][200/254]	Time   0.30 (  0.37)	Data 0.0001 (0.0686)	Loss (L1) 8.471 (8.310)
2026-04-26 01:07:16,009 | Epoch: [2][210/254]	Time   0.30 (  0.37)	Data 0.0001 (0.0653)	Loss (L1) 6.919 (8.304)
2026-04-26 01:07:18,950 | Epoch: [2][220/254]	Time   0.29 (  0.37)	Data 0.0001 (0.0624)	Loss (L1) 7.187 (8.298)
2026-04-26 01:07:21,884 | Epoch: [2][230/254]	Time   0.30 (  0.36)	Data 0.0001 (0.0597)	Loss (L1) 10.920 (8.286)
2026-04-26 01:07:24,818 | Epoch: [2][240/254]	Time   0.29 (  0.36)	Data 0.0001 (0.0572)	Loss (L1) 10.078 (8.280)
2026-04-26 01:07:27,756 | Epoch: [2][250/254]	Time   0.29 (  0.36)	Data 0.0001 (0.0549)	Loss (L1) 9.015 (8.275)
2026-04-26 01:07:28,870 | Create Epoch [2] features of all training data...
2026-04-26 01:08:44,101 | Updated smoothed statistics on Epoch [2]!
2026-04-26 01:08:44,131 | Updated running statistics with Epoch [2] features!
2026-04-26 01:08:53,831 | Val: [ 0/25]	Time  9.698 ( 9.698)	Loss (MSE) 309.318 (309.318)	Loss (L1) 15.900 (15.900)
2026-04-26 01:08:55,179 | Val: [10/25]	Time  0.083 ( 1.004)	Loss (MSE) 73.687 (148.144)	Loss (L1) 7.155 (9.997)
2026-04-26 01:08:56,007 | Val: [20/25]	Time  0.083 ( 0.565)	Loss (MSE) 253.808 (132.688)	Loss (L1) 14.430 (9.437)
2026-04-26 01:08:56,564 |  * Overall: MSE 174.889	L1 10.914	G-Mean 7.519
2026-04-26 01:08:56,564 |  * Many: MSE 109.317	L1 8.565	G-Mean 5.877
2026-04-26 01:08:56,565 |  * Median: MSE 265.455	L1 14.503	G-Mean 11.399
2026-04-26 01:08:56,565 |  * Low: MSE 531.253	L1 22.424	G-Mean 21.771
2026-04-26 01:08:56,565 | Best L1 Loss: 10.880
2026-04-26 01:08:56,794 | Epoch #2: Train loss [8.2739]; Val loss: MSE [174.8893], L1 [10.9137], G-Mean [7.5189]
2026-04-26 01:09:09,531 | Epoch: [3][  0/254]	Time  12.74 ( 12.74)	Data 12.5733 (12.5733)	Loss (L1) 7.232 (7.232)
2026-04-26 01:09:12,678 | Epoch: [3][ 10/254]	Time   0.31 (  1.44)	Data 0.0002 (1.1433)	Loss (L1) 8.850 (8.084)
2026-04-26 01:09:15,671 | Epoch: [3][ 20/254]	Time   0.31 (  0.90)	Data 0.0002 (0.5990)	Loss (L1) 7.783 (7.991)
2026-04-26 01:09:18,686 | Epoch: [3][ 30/254]	Time   0.28 (  0.71)	Data 0.0002 (0.4058)	Loss (L1) 9.271 (7.799)
2026-04-26 01:09:21,704 | Epoch: [3][ 40/254]	Time   0.30 (  0.61)	Data 0.0002 (0.3069)	Loss (L1) 7.204 (7.814)
2026-04-26 01:09:24,938 | Epoch: [3][ 50/254]	Time   0.32 (  0.55)	Data 0.0003 (0.2468)	Loss (L1) 7.240 (7.707)
2026-04-26 01:09:28,105 | Epoch: [3][ 60/254]	Time   0.34 (  0.51)	Data 0.0003 (0.2064)	Loss (L1) 7.145 (7.753)
2026-04-26 01:09:31,111 | Epoch: [3][ 70/254]	Time   0.30 (  0.48)	Data 0.0002 (0.1773)	Loss (L1) 7.273 (7.766)
2026-04-26 01:09:34,087 | Epoch: [3][ 80/254]	Time   0.30 (  0.46)	Data 0.0001 (0.1555)	Loss (L1) 7.729 (7.774)
2026-04-26 01:09:37,404 | Epoch: [3][ 90/254]	Time   0.34 (  0.45)	Data 0.0002 (0.1384)	Loss (L1) 7.615 (7.782)
2026-04-26 01:09:40,391 | Epoch: [3][100/254]	Time   0.30 (  0.43)	Data 0.0002 (0.1247)	Loss (L1) 8.419 (7.793)
2026-04-26 01:09:43,479 | Epoch: [3][110/254]	Time   0.31 (  0.42)	Data 0.0002 (0.1135)	Loss (L1) 7.180 (7.799)
2026-04-26 01:09:46,522 | Epoch: [3][120/254]	Time   0.28 (  0.41)	Data 0.0002 (0.1041)	Loss (L1) 7.871 (7.795)
2026-04-26 01:09:49,596 | Epoch: [3][130/254]	Time   0.30 (  0.40)	Data 0.0002 (0.0962)	Loss (L1) 7.289 (7.801)
2026-04-26 01:09:52,660 | Epoch: [3][140/254]	Time   0.29 (  0.40)	Data 0.0002 (0.0894)	Loss (L1) 7.084 (7.861)
2026-04-26 01:09:55,752 | Epoch: [3][150/254]	Time   0.29 (  0.39)	Data 0.0002 (0.0835)	Loss (L1) 7.381 (7.856)
2026-04-26 01:09:58,841 | Epoch: [3][160/254]	Time   0.32 (  0.39)	Data 0.0003 (0.0783)	Loss (L1) 6.452 (7.848)
2026-04-26 01:10:01,872 | Epoch: [3][170/254]	Time   0.31 (  0.38)	Data 0.0002 (0.0738)	Loss (L1) 9.289 (7.842)
2026-04-26 01:10:04,999 | Epoch: [3][180/254]	Time   0.33 (  0.38)	Data 0.0002 (0.0698)	Loss (L1) 7.562 (7.855)
2026-04-26 01:10:08,052 | Epoch: [3][190/254]	Time   0.30 (  0.37)	Data 0.0001 (0.0663)	Loss (L1) 8.507 (7.876)
2026-04-26 01:10:11,056 | Epoch: [3][200/254]	Time   0.30 (  0.37)	Data 0.0001 (0.0630)	Loss (L1) 10.146 (7.900)
2026-04-26 01:10:14,061 | Epoch: [3][210/254]	Time   0.30 (  0.37)	Data 0.0001 (0.0600)	Loss (L1) 8.934 (7.909)
2026-04-26 01:10:16,996 | Epoch: [3][220/254]	Time   0.30 (  0.36)	Data 0.0001 (0.0573)	Loss (L1) 8.028 (7.884)
2026-04-26 01:10:19,934 | Epoch: [3][230/254]	Time   0.29 (  0.36)	Data 0.0001 (0.0548)	Loss (L1) 6.107 (7.850)
2026-04-26 01:10:22,880 | Epoch: [3][240/254]	Time   0.30 (  0.36)	Data 0.0001 (0.0526)	Loss (L1) 7.500 (7.840)
2026-04-26 01:10:25,825 | Epoch: [3][250/254]	Time   0.30 (  0.35)	Data 0.0001 (0.0505)	Loss (L1) 7.642 (7.824)
2026-04-26 01:10:26,919 | Create Epoch [3] features of all training data...
2026-04-26 01:11:41,989 | Updated smoothed statistics on Epoch [3]!
2026-04-26 01:11:42,018 | Updated running statistics with Epoch [3] features!
2026-04-26 01:11:51,881 | Val: [ 0/25]	Time  9.861 ( 9.861)	Loss (MSE) 344.985 (344.985)	Loss (L1) 17.345 (17.345)
2026-04-26 01:11:52,778 | Val: [10/25]	Time  0.083 ( 0.978)	Loss (MSE) 77.778 (140.602)	Loss (L1) 7.117 (9.885)
2026-04-26 01:11:53,607 | Val: [20/25]	Time  0.083 ( 0.552)	Loss (MSE) 322.046 (145.823)	Loss (L1) 16.703 (10.131)
2026-04-26 01:11:54,153 |  * Overall: MSE 199.123	L1 11.845	G-Mean 8.442
2026-04-26 01:11:54,153 |  * Many: MSE 123.441	L1 9.209	G-Mean 6.429
2026-04-26 01:11:54,153 |  * Median: MSE 299.619	L1 15.919	G-Mean 13.838
2026-04-26 01:11:54,153 |  * Low: MSE 625.060	L1 24.596	G-Mean 24.172
2026-04-26 01:11:54,154 | Best L1 Loss: 10.880
2026-04-26 01:11:54,368 | Epoch #3: Train loss [7.8131]; Val loss: MSE [199.1229], L1 [11.8451], G-Mean [8.4418]
2026-04-26 01:12:05,594 | Epoch: [4][  0/254]	Time  11.23 ( 11.23)	Data 10.9835 (10.9835)	Loss (L1) 9.760 (9.760)
2026-04-26 01:12:09,858 | Epoch: [4][ 10/254]	Time   0.32 (  1.41)	Data 0.0003 (1.1155)	Loss (L1) 6.362 (7.424)
2026-04-26 01:12:12,962 | Epoch: [4][ 20/254]	Time   0.34 (  0.89)	Data 0.0019 (0.5845)	Loss (L1) 7.763 (7.649)
2026-04-26 01:12:16,115 | Epoch: [4][ 30/254]	Time   0.32 (  0.70)	Data 0.0002 (0.3961)	Loss (L1) 6.764 (7.604)
2026-04-26 01:12:19,275 | Epoch: [4][ 40/254]	Time   0.31 (  0.61)	Data 0.0004 (0.2996)	Loss (L1) 7.879 (7.701)
2026-04-26 01:12:22,483 | Epoch: [4][ 50/254]	Time   0.33 (  0.55)	Data 0.0002 (0.2409)	Loss (L1) 9.008 (7.709)
2026-04-26 01:12:25,576 | Epoch: [4][ 60/254]	Time   0.32 (  0.51)	Data 0.0003 (0.2015)	Loss (L1) 7.806 (7.681)
2026-04-26 01:12:28,609 | Epoch: [4][ 70/254]	Time   0.30 (  0.48)	Data 0.0002 (0.1732)	Loss (L1) 7.144 (7.693)
2026-04-26 01:12:31,701 | Epoch: [4][ 80/254]	Time   0.32 (  0.46)	Data 0.0001 (0.1519)	Loss (L1) 8.227 (7.668)
2026-04-26 01:12:34,886 | Epoch: [4][ 90/254]	Time   0.27 (  0.45)	Data 0.0002 (0.1352)	Loss (L1) 6.334 (7.636)
2026-04-26 01:12:37,916 | Epoch: [4][100/254]	Time   0.31 (  0.43)	Data 0.0002 (0.1218)	Loss (L1) 7.280 (7.655)
2026-04-26 01:12:41,065 | Epoch: [4][110/254]	Time   0.31 (  0.42)	Data 0.0002 (0.1109)	Loss (L1) 6.788 (7.667)
2026-04-26 01:12:44,146 | Epoch: [4][120/254]	Time   0.31 (  0.41)	Data 0.0002 (0.1017)	Loss (L1) 7.095 (7.652)
2026-04-26 01:12:47,231 | Epoch: [4][130/254]	Time   0.31 (  0.40)	Data 0.0002 (0.0941)	Loss (L1) 7.923 (7.663)
2026-04-26 01:12:50,283 | Epoch: [4][140/254]	Time   0.31 (  0.40)	Data 0.0003 (0.0874)	Loss (L1) 6.174 (7.662)
2026-04-26 01:12:53,305 | Epoch: [4][150/254]	Time   0.30 (  0.39)	Data 0.0002 (0.0816)	Loss (L1) 7.842 (7.621)
2026-04-26 01:12:56,377 | Epoch: [4][160/254]	Time   0.31 (  0.39)	Data 0.0002 (0.0766)	Loss (L1) 7.514 (7.614)
2026-04-26 01:12:59,476 | Epoch: [4][170/254]	Time   0.31 (  0.38)	Data 0.0002 (0.0721)	Loss (L1) 7.744 (7.626)
2026-04-26 01:13:02,570 | Epoch: [4][180/254]	Time   0.30 (  0.38)	Data 0.0002 (0.0681)	Loss (L1) 8.082 (7.654)
2026-04-26 01:13:05,562 | Epoch: [4][190/254]	Time   0.30 (  0.37)	Data 0.0001 (0.0647)	Loss (L1) 7.147 (7.642)
2026-04-26 01:13:08,536 | Epoch: [4][200/254]	Time   0.30 (  0.37)	Data 0.0001 (0.0615)	Loss (L1) 7.486 (7.600)
2026-04-26 01:13:11,475 | Epoch: [4][210/254]	Time   0.29 (  0.37)	Data 0.0002 (0.0586)	Loss (L1) 6.644 (7.572)
2026-04-26 01:13:14,413 | Epoch: [4][220/254]	Time   0.29 (  0.36)	Data 0.0001 (0.0559)	Loss (L1) 6.004 (7.546)
2026-04-26 01:13:17,351 | Epoch: [4][230/254]	Time   0.29 (  0.36)	Data 0.0001 (0.0535)	Loss (L1) 9.454 (7.517)
2026-04-26 01:13:20,291 | Epoch: [4][240/254]	Time   0.29 (  0.36)	Data 0.0001 (0.0513)	Loss (L1) 6.015 (7.505)
2026-04-26 01:13:23,229 | Epoch: [4][250/254]	Time   0.29 (  0.35)	Data 0.0001 (0.0492)	Loss (L1) 6.750 (7.489)
2026-04-26 01:13:24,318 | Create Epoch [4] features of all training data...
2026-04-26 01:14:41,259 | Updated smoothed statistics on Epoch [4]!
2026-04-26 01:14:41,287 | Updated running statistics with Epoch [4] features!
2026-04-26 01:14:49,594 | Val: [ 0/25]	Time  8.306 ( 8.306)	Loss (MSE) 281.387 (281.387)	Loss (L1) 14.786 (14.786)
2026-04-26 01:14:52,238 | Val: [10/25]	Time  0.083 ( 0.995)	Loss (MSE) 96.069 (140.890)	Loss (L1) 7.548 (9.705)
2026-04-26 01:14:53,558 | Val: [20/25]	Time  0.083 ( 0.584)	Loss (MSE) 375.771 (163.856)	Loss (L1) 18.171 (10.658)
2026-04-26 01:14:54,103 |  * Overall: MSE 228.799	L1 12.584	G-Mean 8.746
2026-04-26 01:14:54,103 |  * Many: MSE 148.883	L1 10.106	G-Mean 7.004
2026-04-26 01:14:54,103 |  * Median: MSE 321.342	L1 15.909	G-Mean 12.314
2026-04-26 01:14:54,103 |  * Low: MSE 727.810	L1 26.413	G-Mean 25.699
2026-04-26 01:14:54,104 | Best L1 Loss: 10.880
2026-04-26 01:14:54,314 | Epoch #4: Train loss [7.4814]; Val loss: MSE [228.7992], L1 [12.5844], G-Mean [8.7457]
2026-04-26 01:15:07,567 | Epoch: [5][  0/254]	Time  13.25 ( 13.25)	Data 13.0767 (13.0767)	Loss (L1) 7.488 (7.488)
2026-04-26 01:15:10,585 | Epoch: [5][ 10/254]	Time   0.32 (  1.48)	Data 0.0002 (1.1890)	Loss (L1) 7.008 (7.233)
2026-04-26 01:15:13,652 | Epoch: [5][ 20/254]	Time   0.33 (  0.92)	Data 0.0002 (0.6229)	Loss (L1) 7.186 (7.209)
2026-04-26 01:15:16,804 | Epoch: [5][ 30/254]	Time   0.30 (  0.73)	Data 0.0011 (0.4221)	Loss (L1) 7.590 (7.341)
2026-04-26 01:15:19,989 | Epoch: [5][ 40/254]	Time   0.24 (  0.63)	Data 0.0002 (0.3192)	Loss (L1) 7.845 (7.428)
2026-04-26 01:15:23,118 | Epoch: [5][ 50/254]	Time   0.31 (  0.56)	Data 0.0007 (0.2567)	Loss (L1) 6.626 (7.381)
2026-04-26 01:15:26,274 | Epoch: [5][ 60/254]	Time   0.28 (  0.52)	Data 0.0002 (0.2147)	Loss (L1) 7.365 (7.519)
2026-04-26 01:15:29,263 | Epoch: [5][ 70/254]	Time   0.31 (  0.49)	Data 0.0003 (0.1845)	Loss (L1) 7.732 (7.476)
2026-04-26 01:15:32,346 | Epoch: [5][ 80/254]	Time   0.31 (  0.47)	Data 0.0002 (0.1617)	Loss (L1) 6.005 (7.481)
2026-04-26 01:15:35,741 | Epoch: [5][ 90/254]	Time   0.30 (  0.46)	Data 0.0002 (0.1441)	Loss (L1) 7.396 (7.434)
2026-04-26 01:15:38,865 | Epoch: [5][100/254]	Time   0.30 (  0.44)	Data 0.0002 (0.1299)	Loss (L1) 7.508 (7.425)
2026-04-26 01:15:41,956 | Epoch: [5][110/254]	Time   0.32 (  0.43)	Data 0.0002 (0.1182)	Loss (L1) 8.274 (7.461)
2026-04-26 01:15:45,126 | Epoch: [5][120/254]	Time   0.31 (  0.42)	Data 0.0003 (0.1084)	Loss (L1) 7.129 (7.453)
2026-04-26 01:15:48,315 | Epoch: [5][130/254]	Time   0.30 (  0.41)	Data 0.0002 (0.1002)	Loss (L1) 6.369 (7.468)
2026-04-26 01:15:51,472 | Epoch: [5][140/254]	Time   0.33 (  0.41)	Data 0.0002 (0.0931)	Loss (L1) 6.333 (7.430)
2026-04-26 01:15:54,699 | Epoch: [5][150/254]	Time   0.32 (  0.40)	Data 0.0002 (0.0871)	Loss (L1) 7.548 (7.409)
2026-04-26 01:15:57,714 | Epoch: [5][160/254]	Time   0.31 (  0.39)	Data 0.0003 (0.0817)	Loss (L1) 7.985 (7.400)
2026-04-26 01:16:00,740 | Epoch: [5][170/254]	Time   0.30 (  0.39)	Data 0.0002 (0.0769)	Loss (L1) 7.853 (7.391)
2026-04-26 01:16:03,882 | Epoch: [5][180/254]	Time   0.32 (  0.38)	Data 0.0003 (0.0727)	Loss (L1) 7.271 (7.363)
2026-04-26 01:16:07,007 | Epoch: [5][190/254]	Time   0.32 (  0.38)	Data 0.0002 (0.0691)	Loss (L1) 6.643 (7.350)
2026-04-26 01:16:10,074 | Epoch: [5][200/254]	Time   0.30 (  0.38)	Data 0.0001 (0.0657)	Loss (L1) 8.088 (7.358)
2026-04-26 01:16:13,021 | Epoch: [5][210/254]	Time   0.29 (  0.37)	Data 0.0001 (0.0626)	Loss (L1) 5.993 (7.351)
2026-04-26 01:16:15,959 | Epoch: [5][220/254]	Time   0.29 (  0.37)	Data 0.0001 (0.0597)	Loss (L1) 6.727 (7.352)
2026-04-26 01:16:18,898 | Epoch: [5][230/254]	Time   0.29 (  0.37)	Data 0.0001 (0.0572)	Loss (L1) 7.712 (7.352)
2026-04-26 01:16:21,838 | Epoch: [5][240/254]	Time   0.29 (  0.36)	Data 0.0001 (0.0548)	Loss (L1) 6.485 (7.342)
2026-04-26 01:16:24,778 | Epoch: [5][250/254]	Time   0.29 (  0.36)	Data 0.0001 (0.0526)	Loss (L1) 7.096 (7.330)
2026-04-26 01:16:25,878 | Create Epoch [5] features of all training data...
2026-04-26 01:17:40,097 | Updated smoothed statistics on Epoch [5]!
2026-04-26 01:17:40,126 | Updated running statistics with Epoch [5] features!
2026-04-26 01:17:46,598 | Val: [ 0/25]	Time  6.470 ( 6.470)	Loss (MSE) 344.379 (344.379)	Loss (L1) 16.121 (16.121)
2026-04-26 01:17:51,563 | Val: [10/25]	Time  0.083 ( 1.040)	Loss (MSE) 91.721 (148.952)	Loss (L1) 7.346 (10.054)
2026-04-26 01:17:52,391 | Val: [20/25]	Time  0.083 ( 0.584)	Loss (MSE) 368.184 (163.296)	Loss (L1) 17.932 (10.654)
2026-04-26 01:17:52,920 |  * Overall: MSE 226.842	L1 12.551	G-Mean 8.855
2026-04-26 01:17:52,920 |  * Many: MSE 144.132	L1 9.931	G-Mean 6.957
2026-04-26 01:17:52,921 |  * Median: MSE 325.460	L1 16.253	G-Mean 13.214
2026-04-26 01:17:52,921 |  * Low: MSE 733.005	L1 26.487	G-Mean 25.749
2026-04-26 01:17:52,921 | Best L1 Loss: 10.880
2026-04-26 01:17:53,153 | Epoch #5: Train loss [7.3260]; Val loss: MSE [226.8423], L1 [12.5511], G-Mean [8.8546]
2026-04-26 01:18:06,424 | Epoch: [6][  0/254]	Time  13.27 ( 13.27)	Data 13.0863 (13.0863)	Loss (L1) 5.776 (5.776)
2026-04-26 01:18:09,533 | Epoch: [6][ 10/254]	Time   0.29 (  1.49)	Data 0.0002 (1.1900)	Loss (L1) 7.288 (6.861)
2026-04-26 01:18:12,564 | Epoch: [6][ 20/254]	Time   0.31 (  0.92)	Data 0.0002 (0.6239)	Loss (L1) 6.858 (7.104)
2026-04-26 01:18:15,578 | Epoch: [6][ 30/254]	Time   0.34 (  0.72)	Data 0.0002 (0.4227)	Loss (L1) 6.955 (6.919)
2026-04-26 01:18:18,676 | Epoch: [6][ 40/254]	Time   0.30 (  0.62)	Data 0.0002 (0.3197)	Loss (L1) 7.165 (7.040)
2026-04-26 01:18:21,893 | Epoch: [6][ 50/254]	Time   0.29 (  0.56)	Data 0.0002 (0.2571)	Loss (L1) 7.028 (7.019)
2026-04-26 01:18:24,930 | Epoch: [6][ 60/254]	Time   0.29 (  0.52)	Data 0.0002 (0.2150)	Loss (L1) 6.924 (7.040)
2026-04-26 01:18:27,988 | Epoch: [6][ 70/254]	Time   0.30 (  0.49)	Data 0.0003 (0.1847)	Loss (L1) 5.842 (6.991)
2026-04-26 01:18:31,140 | Epoch: [6][ 80/254]	Time   0.30 (  0.47)	Data 0.0002 (0.1619)	Loss (L1) 6.383 (6.987)
2026-04-26 01:18:34,140 | Epoch: [6][ 90/254]	Time   0.30 (  0.45)	Data 0.0002 (0.1442)	Loss (L1) 6.361 (7.039)
2026-04-26 01:18:37,135 | Epoch: [6][100/254]	Time   0.30 (  0.44)	Data 0.0002 (0.1299)	Loss (L1) 8.914 (7.097)
2026-04-26 01:18:40,303 | Epoch: [6][110/254]	Time   0.30 (  0.42)	Data 0.0002 (0.1182)	Loss (L1) 7.131 (7.177)
2026-04-26 01:18:43,386 | Epoch: [6][120/254]	Time   0.29 (  0.42)	Data 0.0002 (0.1085)	Loss (L1) 6.587 (7.188)
2026-04-26 01:18:46,447 | Epoch: [6][130/254]	Time   0.30 (  0.41)	Data 0.0002 (0.1002)	Loss (L1) 6.888 (7.198)
2026-04-26 01:18:49,484 | Epoch: [6][140/254]	Time   0.30 (  0.40)	Data 0.0002 (0.0931)	Loss (L1) 7.697 (7.213)
2026-04-26 01:18:52,486 | Epoch: [6][150/254]	Time   0.28 (  0.39)	Data 0.0002 (0.0870)	Loss (L1) 7.936 (7.241)
2026-04-26 01:18:55,495 | Epoch: [6][160/254]	Time   0.31 (  0.39)	Data 0.0002 (0.0816)	Loss (L1) 6.133 (7.236)
2026-04-26 01:18:58,524 | Epoch: [6][170/254]	Time   0.30 (  0.38)	Data 0.0002 (0.0768)	Loss (L1) 8.127 (7.236)
2026-04-26 01:19:01,597 | Epoch: [6][180/254]	Time   0.33 (  0.38)	Data 0.0002 (0.0727)	Loss (L1) 6.558 (7.234)
2026-04-26 01:19:04,655 | Epoch: [6][190/254]	Time   0.32 (  0.37)	Data 0.0001 (0.0690)	Loss (L1) 7.794 (7.221)
2026-04-26 01:19:07,643 | Epoch: [6][200/254]	Time   0.31 (  0.37)	Data 0.0001 (0.0656)	Loss (L1) 6.960 (7.206)
2026-04-26 01:19:10,580 | Epoch: [6][210/254]	Time   0.29 (  0.37)	Data 0.0001 (0.0625)	Loss (L1) 6.355 (7.181)
2026-04-26 01:19:13,515 | Epoch: [6][220/254]	Time   0.29 (  0.36)	Data 0.0001 (0.0597)	Loss (L1) 5.874 (7.160)
2026-04-26 01:19:16,451 | Epoch: [6][230/254]	Time   0.29 (  0.36)	Data 0.0001 (0.0571)	Loss (L1) 7.906 (7.155)
2026-04-26 01:19:19,380 | Epoch: [6][240/254]	Time   0.29 (  0.36)	Data 0.0001 (0.0547)	Loss (L1) 6.995 (7.155)
2026-04-26 01:19:22,317 | Epoch: [6][250/254]	Time   0.29 (  0.36)	Data 0.0001 (0.0525)	Loss (L1) 7.412 (7.154)
2026-04-26 01:19:23,412 | Create Epoch [6] features of all training data...
2026-04-26 01:20:38,202 | Updated smoothed statistics on Epoch [6]!
2026-04-26 01:20:38,231 | Updated running statistics with Epoch [6] features!
2026-04-26 01:20:48,279 | Val: [ 0/25]	Time 10.045 (10.045)	Loss (MSE) 319.596 (319.596)	Loss (L1) 16.085 (16.085)
2026-04-26 01:20:49,112 | Val: [10/25]	Time  0.083 ( 0.989)	Loss (MSE) 87.324 (159.249)	Loss (L1) 7.165 (10.497)
2026-04-26 01:20:49,942 | Val: [20/25]	Time  0.083 ( 0.558)	Loss (MSE) 315.406 (157.204)	Loss (L1) 16.675 (10.506)
2026-04-26 01:20:50,478 |  * Overall: MSE 214.624	L1 12.289	G-Mean 8.728
2026-04-26 01:20:50,478 |  * Many: MSE 136.077	L1 9.670	G-Mean 6.796
2026-04-26 01:20:50,478 |  * Median: MSE 314.951	L1 16.209	G-Mean 13.440
2026-04-26 01:20:50,478 |  * Low: MSE 671.110	L1 25.430	G-Mean 24.855
2026-04-26 01:20:50,479 | Best L1 Loss: 10.880
2026-04-26 01:20:50,720 | Epoch #6: Train loss [7.1471]; Val loss: MSE [214.6245], L1 [12.2894], G-Mean [8.7279]
2026-04-26 01:21:02,876 | Epoch: [7][  0/254]	Time  12.15 ( 12.15)	Data 12.0123 (12.0123)	Loss (L1) 6.714 (6.714)
2026-04-26 01:21:06,561 | Epoch: [7][ 10/254]	Time   0.30 (  1.44)	Data 0.0002 (1.1705)	Loss (L1) 7.106 (6.592)
2026-04-26 01:21:09,563 | Epoch: [7][ 20/254]	Time   0.33 (  0.90)	Data 0.0002 (0.6132)	Loss (L1) 8.082 (6.692)
2026-04-26 01:21:12,804 | Epoch: [7][ 30/254]	Time   0.30 (  0.71)	Data 0.0002 (0.4155)	Loss (L1) 7.100 (6.713)
2026-04-26 01:21:15,980 | Epoch: [7][ 40/254]	Time   0.31 (  0.62)	Data 0.0002 (0.3142)	Loss (L1) 6.285 (6.701)
2026-04-26 01:21:19,038 | Epoch: [7][ 50/254]	Time   0.31 (  0.56)	Data 0.0002 (0.2528)	Loss (L1) 5.953 (6.722)
2026-04-26 01:21:22,227 | Epoch: [7][ 60/254]	Time   0.31 (  0.52)	Data 0.0104 (0.2115)	Loss (L1) 5.789 (6.758)
2026-04-26 01:21:25,293 | Epoch: [7][ 70/254]	Time   0.30 (  0.49)	Data 0.0002 (0.1818)	Loss (L1) 6.470 (6.761)
2026-04-26 01:21:28,383 | Epoch: [7][ 80/254]	Time   0.30 (  0.46)	Data 0.0002 (0.1594)	Loss (L1) 6.373 (6.799)
2026-04-26 01:21:31,486 | Epoch: [7][ 90/254]	Time   0.32 (  0.45)	Data 0.0002 (0.1419)	Loss (L1) 8.417 (6.857)
2026-04-26 01:21:34,609 | Epoch: [7][100/254]	Time   0.29 (  0.43)	Data 0.0002 (0.1279)	Loss (L1) 6.421 (6.854)
2026-04-26 01:21:37,720 | Epoch: [7][110/254]	Time   0.35 (  0.42)	Data 0.0002 (0.1164)	Loss (L1) 5.898 (6.820)
2026-04-26 01:21:40,777 | Epoch: [7][120/254]	Time   0.29 (  0.41)	Data 0.0002 (0.1068)	Loss (L1) 6.315 (6.773)
2026-04-26 01:21:43,828 | Epoch: [7][130/254]	Time   0.32 (  0.41)	Data 0.0002 (0.0986)	Loss (L1) 6.465 (6.764)
2026-04-26 01:21:46,929 | Epoch: [7][140/254]	Time   0.31 (  0.40)	Data 0.0002 (0.0917)	Loss (L1) 7.180 (6.736)
2026-04-26 01:21:49,938 | Epoch: [7][150/254]	Time   0.30 (  0.39)	Data 0.0002 (0.0856)	Loss (L1) 7.106 (6.729)
2026-04-26 01:21:53,027 | Epoch: [7][160/254]	Time   0.30 (  0.39)	Data 0.0002 (0.0803)	Loss (L1) 8.942 (6.781)
2026-04-26 01:21:56,066 | Epoch: [7][170/254]	Time   0.31 (  0.38)	Data 0.0002 (0.0757)	Loss (L1) 10.577 (6.809)
2026-04-26 01:21:59,112 | Epoch: [7][180/254]	Time   0.30 (  0.38)	Data 0.0002 (0.0715)	Loss (L1) 7.299 (6.843)
2026-04-26 01:22:02,214 | Epoch: [7][190/254]	Time   0.31 (  0.37)	Data 0.0001 (0.0679)	Loss (L1) 7.320 (6.846)
2026-04-26 01:22:05,201 | Epoch: [7][200/254]	Time   0.30 (  0.37)	Data 0.0001 (0.0646)	Loss (L1) 7.535 (6.845)
2026-04-26 01:22:08,140 | Epoch: [7][210/254]	Time   0.29 (  0.37)	Data 0.0001 (0.0615)	Loss (L1) 6.394 (6.840)
2026-04-26 01:22:11,078 | Epoch: [7][220/254]	Time   0.29 (  0.36)	Data 0.0001 (0.0587)	Loss (L1) 5.783 (6.822)
2026-04-26 01:22:14,016 | Epoch: [7][230/254]	Time   0.29 (  0.36)	Data 0.0001 (0.0562)	Loss (L1) 5.795 (6.816)
2026-04-26 01:22:16,951 | Epoch: [7][240/254]	Time   0.29 (  0.36)	Data 0.0001 (0.0539)	Loss (L1) 6.451 (6.810)
2026-04-26 01:22:19,890 | Epoch: [7][250/254]	Time   0.29 (  0.36)	Data 0.0001 (0.0517)	Loss (L1) 6.411 (6.812)
2026-04-26 01:22:20,974 | Create Epoch [7] features of all training data...
2026-04-26 01:23:36,804 | Updated smoothed statistics on Epoch [7]!
2026-04-26 01:23:36,834 | Updated running statistics with Epoch [7] features!
2026-04-26 01:23:47,344 | Val: [ 0/25]	Time 10.509 (10.509)	Loss (MSE) 331.653 (331.653)	Loss (L1) 16.525 (16.525)
2026-04-26 01:23:48,174 | Val: [10/25]	Time  0.083 ( 1.031)	Loss (MSE) 132.682 (186.412)	Loss (L1) 9.668 (11.676)
2026-04-26 01:23:49,002 | Val: [20/25]	Time  0.083 ( 0.579)	Loss (MSE) 295.416 (173.387)	Loss (L1) 14.859 (11.041)
2026-04-26 01:23:49,545 |  * Overall: MSE 210.436	L1 12.244	G-Mean 8.820
2026-04-26 01:23:49,545 |  * Many: MSE 153.660	L1 10.333	G-Mean 7.300
2026-04-26 01:23:49,545 |  * Median: MSE 294.352	L1 15.181	G-Mean 12.008
2026-04-26 01:23:49,545 |  * Low: MSE 499.055	L1 21.555	G-Mean 20.762
2026-04-26 01:23:49,546 | Best L1 Loss: 10.880
2026-04-26 01:23:49,756 | Epoch #7: Train loss [6.8047]; Val loss: MSE [210.4363], L1 [12.2445], G-Mean [8.8196]
2026-04-26 01:24:01,115 | Epoch: [8][  0/254]	Time  11.36 ( 11.36)	Data 11.2083 (11.2083)	Loss (L1) 7.610 (7.610)
2026-04-26 01:24:04,700 | Epoch: [8][ 10/254]	Time   0.29 (  1.36)	Data 0.0002 (1.1022)	Loss (L1) 5.894 (6.905)
2026-04-26 01:24:07,686 | Epoch: [8][ 20/254]	Time   0.30 (  0.85)	Data 0.0002 (0.5775)	Loss (L1) 6.859 (6.741)
2026-04-26 01:24:10,771 | Epoch: [8][ 30/254]	Time   0.30 (  0.68)	Data 0.0002 (0.3916)	Loss (L1) 6.461 (6.773)
2026-04-26 01:24:13,945 | Epoch: [8][ 40/254]	Time   0.29 (  0.59)	Data 0.0002 (0.2964)	Loss (L1) 6.807 (6.817)
2026-04-26 01:24:16,939 | Epoch: [8][ 50/254]	Time   0.30 (  0.53)	Data 0.0002 (0.2383)	Loss (L1) 5.951 (6.711)
2026-04-26 01:24:19,948 | Epoch: [8][ 60/254]	Time   0.31 (  0.49)	Data 0.0002 (0.1993)	Loss (L1) 7.670 (6.675)
2026-04-26 01:24:22,963 | Epoch: [8][ 70/254]	Time   0.30 (  0.47)	Data 0.0002 (0.1713)	Loss (L1) 7.528 (6.701)
2026-04-26 01:24:25,957 | Epoch: [8][ 80/254]	Time   0.31 (  0.45)	Data 0.0002 (0.1502)	Loss (L1) 7.147 (6.699)
2026-04-26 01:24:28,997 | Epoch: [8][ 90/254]	Time   0.29 (  0.43)	Data 0.0003 (0.1337)	Loss (L1) 7.104 (6.682)
2026-04-26 01:24:32,030 | Epoch: [8][100/254]	Time   0.30 (  0.42)	Data 0.0002 (0.1205)	Loss (L1) 7.907 (6.697)
2026-04-26 01:24:35,068 | Epoch: [8][110/254]	Time   0.30 (  0.41)	Data 0.0002 (0.1097)	Loss (L1) 6.322 (6.744)
2026-04-26 01:24:38,143 | Epoch: [8][120/254]	Time   0.30 (  0.40)	Data 0.0002 (0.1007)	Loss (L1) 5.913 (6.727)
2026-04-26 01:24:41,205 | Epoch: [8][130/254]	Time   0.30 (  0.39)	Data 0.0002 (0.0931)	Loss (L1) 6.837 (6.742)
2026-04-26 01:24:44,209 | Epoch: [8][140/254]	Time   0.30 (  0.39)	Data 0.0002 (0.0865)	Loss (L1) 6.600 (6.706)
2026-04-26 01:24:47,195 | Epoch: [8][150/254]	Time   0.31 (  0.38)	Data 0.0002 (0.0808)	Loss (L1) 5.796 (6.696)
2026-04-26 01:24:50,216 | Epoch: [8][160/254]	Time   0.30 (  0.38)	Data 0.0003 (0.0758)	Loss (L1) 6.703 (6.682)
2026-04-26 01:24:53,286 | Epoch: [8][170/254]	Time   0.35 (  0.37)	Data 0.0002 (0.0713)	Loss (L1) 6.844 (6.695)
2026-04-26 01:24:56,323 | Epoch: [8][180/254]	Time   0.31 (  0.37)	Data 0.0002 (0.0674)	Loss (L1) 6.603 (6.696)
2026-04-26 01:24:59,335 | Epoch: [8][190/254]	Time   0.30 (  0.36)	Data 0.0001 (0.0641)	Loss (L1) 6.109 (6.663)
2026-04-26 01:25:02,347 | Epoch: [8][200/254]	Time   0.29 (  0.36)	Data 0.0001 (0.0609)	Loss (L1) 6.492 (6.724)
2026-04-26 01:25:05,325 | Epoch: [8][210/254]	Time   0.29 (  0.36)	Data 0.0001 (0.0580)	Loss (L1) 6.976 (6.734)
2026-04-26 01:25:08,267 | Epoch: [8][220/254]	Time   0.29 (  0.36)	Data 0.0001 (0.0554)	Loss (L1) 5.488 (6.728)
2026-04-26 01:25:11,207 | Epoch: [8][230/254]	Time   0.29 (  0.35)	Data 0.0001 (0.0530)	Loss (L1) 6.802 (6.703)
2026-04-26 01:25:14,149 | Epoch: [8][240/254]	Time   0.29 (  0.35)	Data 0.0001 (0.0508)	Loss (L1) 7.189 (6.709)
2026-04-26 01:25:17,092 | Epoch: [8][250/254]	Time   0.30 (  0.35)	Data 0.0001 (0.0488)	Loss (L1) 7.277 (6.696)
2026-04-26 01:25:18,193 | Create Epoch [8] features of all training data...
2026-04-26 01:26:46,688 | Updated smoothed statistics on Epoch [8]!
2026-04-26 01:26:46,717 | Updated running statistics with Epoch [8] features!
2026-04-26 01:26:56,534 | Val: [ 0/25]	Time  9.816 ( 9.816)	Loss (MSE) 377.792 (377.792)	Loss (L1) 17.753 (17.753)
2026-04-26 01:26:57,367 | Val: [10/25]	Time  0.083 ( 0.968)	Loss (MSE) 163.609 (209.586)	Loss (L1) 10.086 (12.226)
2026-04-26 01:26:58,197 | Val: [20/25]	Time  0.083 ( 0.547)	Loss (MSE) 165.765 (177.967)	Loss (L1) 11.677 (11.031)
2026-04-26 01:26:58,745 |  * Overall: MSE 200.940	L1 11.931	G-Mean 8.592
2026-04-26 01:26:58,746 |  * Many: MSE 160.047	L1 10.279	G-Mean 7.087
2026-04-26 01:26:58,746 |  * Median: MSE 245.014	L1 14.224	G-Mean 11.836
2026-04-26 01:26:58,746 |  * Low: MSE 468.192	L1 20.859	G-Mean 20.090
2026-04-26 01:26:58,747 | Best L1 Loss: 10.880
2026-04-26 01:26:58,978 | Epoch #8: Train loss [6.6892]; Val loss: MSE [200.9405], L1 [11.9305], G-Mean [8.5923]
2026-04-26 01:27:12,111 | Epoch: [9][  0/254]	Time  13.13 ( 13.13)	Data 12.9510 (12.9510)	Loss (L1) 6.059 (6.059)
2026-04-26 01:27:15,140 | Epoch: [9][ 10/254]	Time   0.29 (  1.47)	Data 0.0004 (1.2132)	Loss (L1) 7.386 (6.531)
2026-04-26 01:27:18,078 | Epoch: [9][ 20/254]	Time   0.29 (  0.91)	Data 0.0004 (0.6357)	Loss (L1) 5.664 (6.467)
2026-04-26 01:27:21,059 | Epoch: [9][ 30/254]	Time   0.31 (  0.71)	Data 0.0002 (0.4307)	Loss (L1) 6.801 (6.768)
2026-04-26 01:27:30,918 | Epoch: [9][ 40/254]	Time   0.29 (  0.78)	Data 0.0002 (0.5017)	Loss (L1) 5.702 (6.787)
2026-04-26 01:27:33,887 | Epoch: [9][ 50/254]	Time   0.30 (  0.68)	Data 0.0002 (0.4034)	Loss (L1) 12.181 (6.825)
2026-04-26 01:27:37,004 | Epoch: [9][ 60/254]	Time   0.34 (  0.62)	Data 0.0002 (0.3375)	Loss (L1) 5.858 (6.740)
2026-04-26 01:27:40,085 | Epoch: [9][ 70/254]	Time   0.31 (  0.58)	Data 0.0002 (0.2900)	Loss (L1) 6.294 (6.675)
2026-04-26 01:27:43,082 | Epoch: [9][ 80/254]	Time   0.29 (  0.54)	Data 0.0004 (0.2542)	Loss (L1) 5.564 (6.640)
2026-04-26 01:27:46,197 | Epoch: [9][ 90/254]	Time   0.29 (  0.52)	Data 0.0002 (0.2263)	Loss (L1) 5.784 (6.621)
2026-04-26 01:27:49,342 | Epoch: [9][100/254]	Time   0.29 (  0.50)	Data 0.0002 (0.2039)	Loss (L1) 6.756 (6.625)
2026-04-26 01:27:52,439 | Epoch: [9][110/254]	Time   0.33 (  0.48)	Data 0.0002 (0.1856)	Loss (L1) 6.428 (6.618)
2026-04-26 01:27:55,474 | Epoch: [9][120/254]	Time   0.30 (  0.47)	Data 0.0002 (0.1703)	Loss (L1) 5.760 (6.574)
2026-04-26 01:27:58,498 | Epoch: [9][130/254]	Time   0.30 (  0.45)	Data 0.0002 (0.1573)	Loss (L1) 6.578 (6.578)
2026-04-26 01:28:01,550 | Epoch: [9][140/254]	Time   0.30 (  0.44)	Data 0.0002 (0.1461)	Loss (L1) 7.170 (6.564)
2026-04-26 01:28:04,599 | Epoch: [9][150/254]	Time   0.30 (  0.43)	Data 0.0002 (0.1365)	Loss (L1) 5.761 (6.558)
2026-04-26 01:28:07,599 | Epoch: [9][160/254]	Time   0.30 (  0.43)	Data 0.0002 (0.1280)	Loss (L1) 6.874 (6.544)
2026-04-26 01:28:10,606 | Epoch: [9][170/254]	Time   0.31 (  0.42)	Data 0.0002 (0.1205)	Loss (L1) 6.814 (6.537)
2026-04-26 01:28:13,600 | Epoch: [9][180/254]	Time   0.30 (  0.41)	Data 0.0002 (0.1139)	Loss (L1) 5.181 (6.511)
2026-04-26 01:28:16,630 | Epoch: [9][190/254]	Time   0.29 (  0.41)	Data 0.0002 (0.1081)	Loss (L1) 6.035 (6.515)
2026-04-26 01:28:19,628 | Epoch: [9][200/254]	Time   0.29 (  0.40)	Data 0.0001 (0.1027)	Loss (L1) 5.281 (6.495)
2026-04-26 01:28:22,563 | Epoch: [9][210/254]	Time   0.30 (  0.40)	Data 0.0001 (0.0978)	Loss (L1) 7.768 (6.495)
2026-04-26 01:28:25,507 | Epoch: [9][220/254]	Time   0.30 (  0.39)	Data 0.0001 (0.0934)	Loss (L1) 6.610 (6.505)
2026-04-26 01:28:28,451 | Epoch: [9][230/254]	Time   0.29 (  0.39)	Data 0.0001 (0.0894)	Loss (L1) 5.971 (6.495)
2026-04-26 01:28:31,393 | Epoch: [9][240/254]	Time   0.30 (  0.38)	Data 0.0001 (0.0857)	Loss (L1) 7.139 (6.481)
2026-04-26 01:28:34,337 | Epoch: [9][250/254]	Time   0.30 (  0.38)	Data 0.0001 (0.0823)	Loss (L1) 5.763 (6.463)
2026-04-26 01:28:35,438 | Create Epoch [9] features of all training data...
2026-04-26 01:29:50,726 | Updated smoothed statistics on Epoch [9]!
2026-04-26 01:29:50,756 | Updated running statistics with Epoch [9] features!
2026-04-26 01:30:00,598 | Val: [ 0/25]	Time  9.840 ( 9.840)	Loss (MSE) 293.649 (293.649)	Loss (L1) 15.303 (15.303)
2026-04-26 01:30:01,428 | Val: [10/25]	Time  0.083 ( 0.970)	Loss (MSE) 117.003 (162.056)	Loss (L1) 8.309 (10.605)
2026-04-26 01:30:02,257 | Val: [20/25]	Time  0.083 ( 0.548)	Loss (MSE) 228.069 (151.188)	Loss (L1) 13.451 (10.156)
2026-04-26 01:30:02,818 |  * Overall: MSE 186.931	L1 11.389	G-Mean 8.066
2026-04-26 01:30:02,819 |  * Many: MSE 136.027	L1 9.490	G-Mean 6.516
2026-04-26 01:30:02,819 |  * Median: MSE 247.838	L1 14.100	G-Mean 11.553
2026-04-26 01:30:02,819 |  * Low: MSE 497.678	L1 21.394	G-Mean 20.352
2026-04-26 01:30:02,820 | Best L1 Loss: 10.880
2026-04-26 01:30:03,048 | Epoch #9: Train loss [6.4605]; Val loss: MSE [186.9311], L1 [11.3894], G-Mean [8.0663]
2026-04-26 01:30:15,613 | Epoch: [10][  0/254]	Time  12.56 ( 12.56)	Data 12.4193 (12.4193)	Loss (L1) 6.719 (6.719)
2026-04-26 01:30:18,856 | Epoch: [10][ 10/254]	Time   0.30 (  1.44)	Data 0.0002 (1.1610)	Loss (L1) 6.424 (6.582)
2026-04-26 01:30:21,864 | Epoch: [10][ 20/254]	Time   0.30 (  0.90)	Data 0.0002 (0.6083)	Loss (L1) 6.505 (6.638)
2026-04-26 01:30:25,004 | Epoch: [10][ 30/254]	Time   0.33 (  0.71)	Data 0.0002 (0.4123)	Loss (L1) 5.029 (6.475)
2026-04-26 01:30:28,155 | Epoch: [10][ 40/254]	Time   0.35 (  0.61)	Data 0.0002 (0.3118)	Loss (L1) 6.380 (6.384)
2026-04-26 01:30:31,265 | Epoch: [10][ 50/254]	Time   0.33 (  0.55)	Data 0.0002 (0.2516)	Loss (L1) 5.368 (6.356)
2026-04-26 01:30:34,332 | Epoch: [10][ 60/254]	Time   0.25 (  0.51)	Data 0.0002 (0.2109)	Loss (L1) 6.215 (6.378)
2026-04-26 01:30:37,358 | Epoch: [10][ 70/254]	Time   0.30 (  0.48)	Data 0.0003 (0.1812)	Loss (L1) 5.964 (6.355)
2026-04-26 01:30:40,419 | Epoch: [10][ 80/254]	Time   0.30 (  0.46)	Data 0.0002 (0.1589)	Loss (L1) 6.131 (6.351)
2026-04-26 01:30:43,512 | Epoch: [10][ 90/254]	Time   0.31 (  0.44)	Data 0.0002 (0.1414)	Loss (L1) 6.190 (6.382)
2026-04-26 01:30:46,496 | Epoch: [10][100/254]	Time   0.31 (  0.43)	Data 0.0002 (0.1275)	Loss (L1) 6.925 (6.357)
2026-04-26 01:30:49,537 | Epoch: [10][110/254]	Time   0.32 (  0.42)	Data 0.0002 (0.1160)	Loss (L1) 5.942 (6.330)
2026-04-26 01:30:52,581 | Epoch: [10][120/254]	Time   0.30 (  0.41)	Data 0.0003 (0.1064)	Loss (L1) 6.799 (6.325)
2026-04-26 01:30:55,581 | Epoch: [10][130/254]	Time   0.33 (  0.40)	Data 0.0002 (0.0983)	Loss (L1) 5.392 (6.316)
2026-04-26 01:30:58,605 | Epoch: [10][140/254]	Time   0.32 (  0.39)	Data 0.0002 (0.0914)	Loss (L1) 7.073 (6.330)
2026-04-26 01:31:01,738 | Epoch: [10][150/254]	Time   0.34 (  0.39)	Data 0.0002 (0.0855)	Loss (L1) 6.907 (6.344)
2026-04-26 01:31:04,968 | Epoch: [10][160/254]	Time   0.33 (  0.38)	Data 0.0002 (0.0805)	Loss (L1) 6.450 (6.345)
2026-04-26 01:31:08,024 | Epoch: [10][170/254]	Time   0.31 (  0.38)	Data 0.0002 (0.0758)	Loss (L1) 7.288 (6.346)
2026-04-26 01:31:11,208 | Epoch: [10][180/254]	Time   0.33 (  0.38)	Data 0.0002 (0.0717)	Loss (L1) 6.074 (6.380)
2026-04-26 01:31:14,372 | Epoch: [10][190/254]	Time   0.30 (  0.37)	Data 0.0002 (0.0683)	Loss (L1) 6.342 (6.388)
2026-04-26 01:31:17,446 | Epoch: [10][200/254]	Time   0.30 (  0.37)	Data 0.0001 (0.0649)	Loss (L1) 6.620 (6.366)
2026-04-26 01:31:20,430 | Epoch: [10][210/254]	Time   0.30 (  0.37)	Data 0.0001 (0.0618)	Loss (L1) 6.450 (6.361)
2026-04-26 01:31:23,366 | Epoch: [10][220/254]	Time   0.29 (  0.36)	Data 0.0001 (0.0590)	Loss (L1) 5.707 (6.350)
2026-04-26 01:31:26,310 | Epoch: [10][230/254]	Time   0.29 (  0.36)	Data 0.0001 (0.0565)	Loss (L1) 5.558 (6.354)
2026-04-26 01:31:29,258 | Epoch: [10][240/254]	Time   0.29 (  0.36)	Data 0.0001 (0.0541)	Loss (L1) 6.778 (6.349)
2026-04-26 01:31:32,196 | Epoch: [10][250/254]	Time   0.29 (  0.36)	Data 0.0001 (0.0520)	Loss (L1) 5.819 (6.334)
2026-04-26 01:31:33,323 | Create Epoch [10] features of all training data...
2026-04-26 01:32:56,185 | Updated smoothed statistics on Epoch [10]!
2026-04-26 01:32:56,214 | Updated running statistics with Epoch [10] features!
2026-04-26 01:33:03,981 | Val: [ 0/25]	Time  7.765 ( 7.765)	Loss (MSE) 272.630 (272.630)	Loss (L1) 14.768 (14.768)
2026-04-26 01:33:06,454 | Val: [10/25]	Time  0.263 ( 0.931)	Loss (MSE) 122.711 (169.538)	Loss (L1) 8.714 (10.967)
2026-04-26 01:33:07,284 | Val: [20/25]	Time  0.083 ( 0.527)	Loss (MSE) 238.612 (157.751)	Loss (L1) 13.945 (10.502)
2026-04-26 01:33:07,849 |  * Overall: MSE 192.175	L1 11.694	G-Mean 8.386
2026-04-26 01:33:07,849 |  * Many: MSE 143.416	L1 9.877	G-Mean 6.815
2026-04-26 01:33:07,849 |  * Median: MSE 252.848	L1 14.329	G-Mean 11.952
2026-04-26 01:33:07,849 |  * Low: MSE 481.358	L1 21.110	G-Mean 20.237
2026-04-26 01:33:07,850 | Best L1 Loss: 10.880
2026-04-26 01:33:08,080 | Epoch #10: Train loss [6.3264]; Val loss: MSE [192.1750], L1 [11.6939], G-Mean [8.3859]
2026-04-26 01:33:21,779 | Epoch: [11][  0/254]	Time  13.70 ( 13.70)	Data 13.5410 (13.5410)	Loss (L1) 6.328 (6.328)
2026-04-26 01:33:24,786 | Epoch: [11][ 10/254]	Time   0.30 (  1.52)	Data 0.0002 (1.2313)	Loss (L1) 6.493 (6.353)
2026-04-26 01:33:27,872 | Epoch: [11][ 20/254]	Time   0.33 (  0.94)	Data 0.0002 (0.6451)	Loss (L1) 6.469 (6.456)
2026-04-26 01:33:30,938 | Epoch: [11][ 30/254]	Time   0.30 (  0.74)	Data 0.0002 (0.4377)	Loss (L1) 5.625 (6.470)
2026-04-26 01:33:34,079 | Epoch: [11][ 40/254]	Time   0.31 (  0.63)	Data 0.0002 (0.3312)	Loss (L1) 7.820 (6.408)
2026-04-26 01:33:37,244 | Epoch: [11][ 50/254]	Time   0.29 (  0.57)	Data 0.0002 (0.2667)	Loss (L1) 5.265 (6.306)
2026-04-26 01:33:40,361 | Epoch: [11][ 60/254]	Time   0.30 (  0.53)	Data 0.0003 (0.2230)	Loss (L1) 5.021 (6.220)
2026-04-26 01:33:43,364 | Epoch: [11][ 70/254]	Time   0.30 (  0.50)	Data 0.0002 (0.1916)	Loss (L1) 5.383 (6.182)
2026-04-26 01:33:46,465 | Epoch: [11][ 80/254]	Time   0.32 (  0.47)	Data 0.0002 (0.1680)	Loss (L1) 6.760 (6.294)
2026-04-26 01:33:49,580 | Epoch: [11][ 90/254]	Time   0.30 (  0.46)	Data 0.0002 (0.1496)	Loss (L1) 6.307 (6.336)
2026-04-26 01:33:52,578 | Epoch: [11][100/254]	Time   0.30 (  0.44)	Data 0.0002 (0.1348)	Loss (L1) 6.823 (6.327)
2026-04-26 01:33:55,676 | Epoch: [11][110/254]	Time   0.30 (  0.43)	Data 0.0002 (0.1227)	Loss (L1) 7.212 (6.327)
2026-04-26 01:33:58,771 | Epoch: [11][120/254]	Time   0.33 (  0.42)	Data 0.0002 (0.1125)	Loss (L1) 6.218 (6.300)
2026-04-26 01:34:01,856 | Epoch: [11][130/254]	Time   0.31 (  0.41)	Data 0.0002 (0.1040)	Loss (L1) 6.109 (6.304)
2026-04-26 01:34:04,837 | Epoch: [11][140/254]	Time   0.31 (  0.40)	Data 0.0002 (0.0966)	Loss (L1) 5.708 (6.279)
2026-04-26 01:34:07,876 | Epoch: [11][150/254]	Time   0.29 (  0.40)	Data 0.0002 (0.0902)	Loss (L1) 5.705 (6.276)
2026-04-26 01:34:10,931 | Epoch: [11][160/254]	Time   0.30 (  0.39)	Data 0.0003 (0.0847)	Loss (L1) 5.487 (6.278)
2026-04-26 01:34:13,986 | Epoch: [11][170/254]	Time   0.34 (  0.39)	Data 0.0002 (0.0797)	Loss (L1) 5.975 (6.268)
2026-04-26 01:34:17,013 | Epoch: [11][180/254]	Time   0.30 (  0.38)	Data 0.0002 (0.0753)	Loss (L1) 5.856 (6.263)
2026-04-26 01:34:19,991 | Epoch: [11][190/254]	Time   0.29 (  0.38)	Data 0.0001 (0.0716)	Loss (L1) 5.873 (6.260)
2026-04-26 01:34:22,962 | Epoch: [11][200/254]	Time   0.30 (  0.37)	Data 0.0002 (0.0681)	Loss (L1) 5.352 (6.249)
2026-04-26 01:34:25,900 | Epoch: [11][210/254]	Time   0.29 (  0.37)	Data 0.0001 (0.0648)	Loss (L1) 5.782 (6.239)
2026-04-26 01:34:28,833 | Epoch: [11][220/254]	Time   0.29 (  0.37)	Data 0.0001 (0.0619)	Loss (L1) 5.825 (6.224)
2026-04-26 01:34:31,769 | Epoch: [11][230/254]	Time   0.29 (  0.36)	Data 0.0002 (0.0592)	Loss (L1) 5.545 (6.209)
2026-04-26 01:34:34,706 | Epoch: [11][240/254]	Time   0.30 (  0.36)	Data 0.0001 (0.0568)	Loss (L1) 7.003 (6.202)
2026-04-26 01:34:37,642 | Epoch: [11][250/254]	Time   0.29 (  0.36)	Data 0.0001 (0.0545)	Loss (L1) 5.957 (6.205)
2026-04-26 01:34:38,730 | Create Epoch [11] features of all training data...
2026-04-26 01:36:34,484 | Updated smoothed statistics on Epoch [11]!
2026-04-26 01:36:34,513 | Updated running statistics with Epoch [11] features!
2026-04-26 01:36:42,892 | Val: [ 0/25]	Time  8.377 ( 8.377)	Loss (MSE) 327.625 (327.625)	Loss (L1) 16.636 (16.636)
2026-04-26 01:36:45,242 | Val: [10/25]	Time  0.083 ( 0.975)	Loss (MSE) 128.895 (168.753)	Loss (L1) 8.909 (11.019)
2026-04-26 01:36:46,070 | Val: [20/25]	Time  0.083 ( 0.550)	Loss (MSE) 200.680 (151.208)	Loss (L1) 12.200 (10.242)
2026-04-26 01:36:46,608 |  * Overall: MSE 171.077	L1 11.036	G-Mean 7.928
2026-04-26 01:36:46,608 |  * Many: MSE 134.154	L1 9.511	G-Mean 6.580
2026-04-26 01:36:46,608 |  * Median: MSE 230.423	L1 13.592	G-Mean 11.009
2026-04-26 01:36:46,608 |  * Low: MSE 341.449	L1 17.681	G-Mean 16.899
2026-04-26 01:36:46,609 | Best L1 Loss: 10.880
2026-04-26 01:36:46,851 | Epoch #11: Train loss [6.2052]; Val loss: MSE [171.0768], L1 [11.0356], G-Mean [7.9284]
2026-04-26 01:36:58,311 | Epoch: [12][  0/254]	Time  11.46 ( 11.46)	Data 11.2944 (11.2944)	Loss (L1) 6.808 (6.808)
2026-04-26 01:37:02,355 | Epoch: [12][ 10/254]	Time   0.29 (  1.41)	Data 0.0002 (1.1521)	Loss (L1) 7.078 (6.725)
2026-04-26 01:37:05,304 | Epoch: [12][ 20/254]	Time   0.30 (  0.88)	Data 0.0003 (0.6036)	Loss (L1) 7.354 (6.609)
2026-04-26 01:37:08,263 | Epoch: [12][ 30/254]	Time   0.29 (  0.69)	Data 0.0002 (0.4090)	Loss (L1) 5.709 (6.474)
2026-04-26 01:37:11,542 | Epoch: [12][ 40/254]	Time   0.30 (  0.60)	Data 0.0003 (0.3228)	Loss (L1) 5.600 (6.455)
2026-04-26 01:37:14,568 | Epoch: [12][ 50/254]	Time   0.30 (  0.54)	Data 0.0002 (0.2596)	Loss (L1) 5.277 (6.423)
2026-04-26 01:37:17,543 | Epoch: [12][ 60/254]	Time   0.30 (  0.50)	Data 0.0002 (0.2171)	Loss (L1) 5.990 (6.403)
2026-04-26 01:37:21,152 | Epoch: [12][ 70/254]	Time   0.30 (  0.48)	Data 0.0002 (0.1963)	Loss (L1) 6.105 (6.405)
2026-04-26 01:37:24,129 | Epoch: [12][ 80/254]	Time   0.31 (  0.46)	Data 0.0002 (0.1721)	Loss (L1) 5.116 (6.301)
2026-04-26 01:37:27,124 | Epoch: [12][ 90/254]	Time   0.33 (  0.44)	Data 0.0002 (0.1532)	Loss (L1) 5.743 (6.232)
2026-04-26 01:37:30,127 | Epoch: [12][100/254]	Time   0.30 (  0.43)	Data 0.0002 (0.1381)	Loss (L1) 6.174 (6.237)
2026-04-26 01:37:33,083 | Epoch: [12][110/254]	Time   0.29 (  0.42)	Data 0.0002 (0.1257)	Loss (L1) 6.150 (6.219)
2026-04-26 01:37:36,077 | Epoch: [12][120/254]	Time   0.32 (  0.41)	Data 0.0002 (0.1153)	Loss (L1) 5.911 (6.202)
2026-04-26 01:37:39,145 | Epoch: [12][130/254]	Time   0.33 (  0.40)	Data 0.0002 (0.1070)	Loss (L1) 5.780 (6.244)
2026-04-26 01:37:42,140 | Epoch: [12][140/254]	Time   0.30 (  0.39)	Data 0.0002 (0.0994)	Loss (L1) 5.806 (6.245)
2026-04-26 01:37:45,103 | Epoch: [12][150/254]	Time   0.31 (  0.39)	Data 0.0002 (0.0929)	Loss (L1) 6.225 (6.243)
2026-04-26 01:37:48,155 | Epoch: [12][160/254]	Time   0.29 (  0.38)	Data 0.0003 (0.0871)	Loss (L1) 5.813 (6.258)
2026-04-26 01:37:51,150 | Epoch: [12][170/254]	Time   0.30 (  0.38)	Data 0.0002 (0.0820)	Loss (L1) 6.067 (6.254)
2026-04-26 01:37:54,152 | Epoch: [12][180/254]	Time   0.30 (  0.37)	Data 0.0002 (0.0775)	Loss (L1) 5.446 (6.227)
2026-04-26 01:37:57,198 | Epoch: [12][190/254]	Time   0.30 (  0.37)	Data 0.0002 (0.0736)	Loss (L1) 5.967 (6.235)
2026-04-26 01:38:00,186 | Epoch: [12][200/254]	Time   0.29 (  0.36)	Data 0.0001 (0.0700)	Loss (L1) 5.928 (6.227)
2026-04-26 01:38:03,163 | Epoch: [12][210/254]	Time   0.30 (  0.36)	Data 0.0001 (0.0667)	Loss (L1) 6.411 (6.215)
2026-04-26 01:38:06,096 | Epoch: [12][220/254]	Time   0.29 (  0.36)	Data 0.0001 (0.0636)	Loss (L1) 6.299 (6.199)
2026-04-26 01:38:09,034 | Epoch: [12][230/254]	Time   0.29 (  0.36)	Data 0.0001 (0.0609)	Loss (L1) 5.717 (6.207)
2026-04-26 01:38:11,969 | Epoch: [12][240/254]	Time   0.29 (  0.35)	Data 0.0001 (0.0584)	Loss (L1) 6.123 (6.194)
2026-04-26 01:38:14,906 | Epoch: [12][250/254]	Time   0.29 (  0.35)	Data 0.0001 (0.0561)	Loss (L1) 6.496 (6.174)
2026-04-26 01:38:16,001 | Create Epoch [12] features of all training data...
2026-04-26 01:39:30,772 | Updated smoothed statistics on Epoch [12]!
2026-04-26 01:39:30,802 | Updated running statistics with Epoch [12] features!
2026-04-26 01:39:39,661 | Val: [ 0/25]	Time  8.858 ( 8.858)	Loss (MSE) 339.253 (339.253)	Loss (L1) 16.731 (16.731)
2026-04-26 01:39:41,792 | Val: [10/25]	Time  0.083 ( 0.999)	Loss (MSE) 103.260 (176.074)	Loss (L1) 8.130 (11.287)
2026-04-26 01:39:42,621 | Val: [20/25]	Time  0.083 ( 0.563)	Loss (MSE) 212.728 (151.039)	Loss (L1) 13.172 (10.275)
2026-04-26 01:39:43,172 |  * Overall: MSE 181.196	L1 11.380	G-Mean 8.257
2026-04-26 01:39:43,173 |  * Many: MSE 126.466	L1 9.318	G-Mean 6.610
2026-04-26 01:39:43,173 |  * Median: MSE 262.943	L1 14.785	G-Mean 12.323
2026-04-26 01:39:43,173 |  * Low: MSE 456.311	L1 20.560	G-Mean 19.741
2026-04-26 01:39:43,174 | Best L1 Loss: 10.880
2026-04-26 01:39:43,405 | Epoch #12: Train loss [6.1719]; Val loss: MSE [181.1959], L1 [11.3796], G-Mean [8.2572]
2026-04-26 01:39:56,944 | Epoch: [13][  0/254]	Time  13.54 ( 13.54)	Data 13.3324 (13.3324)	Loss (L1) 5.242 (5.242)
2026-04-26 01:40:00,933 | Epoch: [13][ 10/254]	Time   0.29 (  1.59)	Data 0.0002 (1.3119)	Loss (L1) 5.308 (5.738)
2026-04-26 01:40:03,913 | Epoch: [13][ 20/254]	Time   0.29 (  0.98)	Data 0.0002 (0.6873)	Loss (L1) 5.306 (5.903)
2026-04-26 01:40:06,931 | Epoch: [13][ 30/254]	Time   0.32 (  0.76)	Data 0.0002 (0.4657)	Loss (L1) 5.419 (6.009)
2026-04-26 01:40:10,081 | Epoch: [13][ 40/254]	Time   0.31 (  0.65)	Data 0.0003 (0.3522)	Loss (L1) 5.928 (6.063)
2026-04-26 01:40:13,284 | Epoch: [13][ 50/254]	Time   0.28 (  0.59)	Data 0.0002 (0.2832)	Loss (L1) 5.895 (6.069)
2026-04-26 01:40:16,475 | Epoch: [13][ 60/254]	Time   0.31 (  0.54)	Data 0.0002 (0.2373)	Loss (L1) 5.621 (6.004)
2026-04-26 01:40:19,616 | Epoch: [13][ 70/254]	Time   0.30 (  0.51)	Data 0.0002 (0.2039)	Loss (L1) 6.368 (5.930)
2026-04-26 01:40:22,712 | Epoch: [13][ 80/254]	Time   0.29 (  0.49)	Data 0.0002 (0.1787)	Loss (L1) 5.451 (5.897)
2026-04-26 01:40:25,884 | Epoch: [13][ 90/254]	Time   0.30 (  0.47)	Data 0.0002 (0.1593)	Loss (L1) 5.219 (5.886)
2026-04-26 01:40:28,945 | Epoch: [13][100/254]	Time   0.32 (  0.45)	Data 0.0002 (0.1436)	Loss (L1) 4.748 (5.904)
2026-04-26 01:40:31,934 | Epoch: [13][110/254]	Time   0.29 (  0.44)	Data 0.0002 (0.1307)	Loss (L1) 5.884 (5.919)
2026-04-26 01:40:34,975 | Epoch: [13][120/254]	Time   0.30 (  0.43)	Data 0.0004 (0.1199)	Loss (L1) 5.778 (5.951)
2026-04-26 01:40:38,091 | Epoch: [13][130/254]	Time   0.30 (  0.42)	Data 0.0002 (0.1108)	Loss (L1) 7.374 (5.952)
2026-04-26 01:40:41,155 | Epoch: [13][140/254]	Time   0.31 (  0.41)	Data 0.0002 (0.1030)	Loss (L1) 5.099 (5.921)
2026-04-26 01:40:44,267 | Epoch: [13][150/254]	Time   0.34 (  0.40)	Data 0.0002 (0.0962)	Loss (L1) 6.683 (5.954)
2026-04-26 01:40:47,323 | Epoch: [13][160/254]	Time   0.30 (  0.40)	Data 0.0049 (0.0903)	Loss (L1) 6.422 (5.945)
2026-04-26 01:40:50,324 | Epoch: [13][170/254]	Time   0.30 (  0.39)	Data 0.0002 (0.0850)	Loss (L1) 6.363 (5.935)
2026-04-26 01:40:53,342 | Epoch: [13][180/254]	Time   0.31 (  0.39)	Data 0.0002 (0.0803)	Loss (L1) 6.823 (5.947)
2026-04-26 01:40:56,382 | Epoch: [13][190/254]	Time   0.31 (  0.38)	Data 0.0001 (0.0763)	Loss (L1) 5.324 (5.945)
2026-04-26 01:40:59,383 | Epoch: [13][200/254]	Time   0.30 (  0.38)	Data 0.0001 (0.0725)	Loss (L1) 5.381 (5.932)
2026-04-26 01:41:02,326 | Epoch: [13][210/254]	Time   0.30 (  0.37)	Data 0.0001 (0.0691)	Loss (L1) 6.588 (5.938)
2026-04-26 01:41:05,268 | Epoch: [13][220/254]	Time   0.29 (  0.37)	Data 0.0001 (0.0660)	Loss (L1) 5.058 (5.919)
2026-04-26 01:41:08,213 | Epoch: [13][230/254]	Time   0.30 (  0.37)	Data 0.0001 (0.0631)	Loss (L1) 6.092 (5.912)
2026-04-26 01:41:11,149 | Epoch: [13][240/254]	Time   0.29 (  0.36)	Data 0.0001 (0.0605)	Loss (L1) 6.600 (5.935)
2026-04-26 01:41:14,104 | Epoch: [13][250/254]	Time   0.30 (  0.36)	Data 0.0001 (0.0581)	Loss (L1) 5.540 (5.954)
2026-04-26 01:41:15,219 | Create Epoch [13] features of all training data...
2026-04-26 01:42:30,526 | Updated smoothed statistics on Epoch [13]!
2026-04-26 01:42:30,556 | Updated running statistics with Epoch [13] features!
2026-04-26 01:42:37,372 | Val: [ 0/25]	Time  6.815 ( 6.815)	Loss (MSE) 255.029 (255.029)	Loss (L1) 14.032 (14.032)
2026-04-26 01:42:41,397 | Val: [10/25]	Time  0.083 ( 0.985)	Loss (MSE) 84.093 (143.669)	Loss (L1) 7.569 (10.146)
2026-04-26 01:42:42,227 | Val: [20/25]	Time  0.083 ( 0.556)	Loss (MSE) 273.427 (142.986)	Loss (L1) 14.536 (9.727)
2026-04-26 01:42:42,784 |  * Overall: MSE 182.748	L1 11.099	G-Mean 7.740
2026-04-26 01:42:42,784 |  * Many: MSE 126.704	L1 9.021	G-Mean 6.120
2026-04-26 01:42:42,784 |  * Median: MSE 260.282	L1 14.296	G-Mean 11.682
2026-04-26 01:42:42,784 |  * Low: MSE 486.862	L1 21.213	G-Mean 20.210
2026-04-26 01:42:42,785 | Best L1 Loss: 10.880
2026-04-26 01:42:42,996 | Epoch #13: Train loss [5.9498]; Val loss: MSE [182.7478], L1 [11.0993], G-Mean [7.7399]
2026-04-26 01:42:55,480 | Epoch: [14][  0/254]	Time  12.48 ( 12.48)	Data 12.2949 (12.2949)	Loss (L1) 7.813 (7.813)
2026-04-26 01:42:58,575 | Epoch: [14][ 10/254]	Time   0.33 (  1.42)	Data 0.0002 (1.1180)	Loss (L1) 5.556 (6.092)
2026-04-26 01:43:01,620 | Epoch: [14][ 20/254]	Time   0.30 (  0.89)	Data 0.0002 (0.5857)	Loss (L1) 5.095 (5.773)
2026-04-26 01:43:04,669 | Epoch: [14][ 30/254]	Time   0.30 (  0.70)	Data 0.0002 (0.3969)	Loss (L1) 5.386 (5.753)
2026-04-26 01:43:07,787 | Epoch: [14][ 40/254]	Time   0.31 (  0.60)	Data 0.0002 (0.3001)	Loss (L1) 6.069 (5.739)
2026-04-26 01:43:11,025 | Epoch: [14][ 50/254]	Time   0.33 (  0.55)	Data 0.0002 (0.2413)	Loss (L1) 5.215 (5.733)
2026-04-26 01:43:14,257 | Epoch: [14][ 60/254]	Time   0.30 (  0.51)	Data 0.0002 (0.2018)	Loss (L1) 6.713 (5.802)
2026-04-26 01:43:17,274 | Epoch: [14][ 70/254]	Time   0.30 (  0.48)	Data 0.0002 (0.1734)	Loss (L1) 5.572 (5.815)
2026-04-26 01:43:20,532 | Epoch: [14][ 80/254]	Time   0.31 (  0.46)	Data 0.0002 (0.1520)	Loss (L1) 6.166 (5.824)
2026-04-26 01:43:23,691 | Epoch: [14][ 90/254]	Time   0.29 (  0.45)	Data 0.0003 (0.1354)	Loss (L1) 4.903 (5.793)
2026-04-26 01:43:26,746 | Epoch: [14][100/254]	Time   0.31 (  0.43)	Data 0.0002 (0.1220)	Loss (L1) 5.486 (5.823)
2026-04-26 01:43:29,943 | Epoch: [14][110/254]	Time   0.29 (  0.42)	Data 0.0003 (0.1111)	Loss (L1) 5.579 (5.816)
2026-04-26 01:43:33,017 | Epoch: [14][120/254]	Time   0.31 (  0.41)	Data 0.0002 (0.1019)	Loss (L1) 6.136 (5.830)
2026-04-26 01:43:36,208 | Epoch: [14][130/254]	Time   0.30 (  0.41)	Data 0.0002 (0.0942)	Loss (L1) 6.575 (5.828)
2026-04-26 01:43:39,229 | Epoch: [14][140/254]	Time   0.30 (  0.40)	Data 0.0002 (0.0875)	Loss (L1) 5.637 (5.810)
2026-04-26 01:43:42,273 | Epoch: [14][150/254]	Time   0.30 (  0.39)	Data 0.0002 (0.0817)	Loss (L1) 5.945 (5.798)
2026-04-26 01:43:45,348 | Epoch: [14][160/254]	Time   0.32 (  0.39)	Data 0.0002 (0.0767)	Loss (L1) 5.575 (5.785)
2026-04-26 01:43:48,397 | Epoch: [14][170/254]	Time   0.30 (  0.38)	Data 0.0002 (0.0723)	Loss (L1) 8.343 (5.787)
2026-04-26 01:43:51,368 | Epoch: [14][180/254]	Time   0.30 (  0.38)	Data 0.0002 (0.0683)	Loss (L1) 5.390 (5.771)
2026-04-26 01:43:54,388 | Epoch: [14][190/254]	Time   0.33 (  0.37)	Data 0.0001 (0.0650)	Loss (L1) 5.065 (5.763)
2026-04-26 01:43:57,397 | Epoch: [14][200/254]	Time   0.29 (  0.37)	Data 0.0001 (0.0617)	Loss (L1) 5.266 (5.782)
2026-04-26 01:44:00,341 | Epoch: [14][210/254]	Time   0.30 (  0.37)	Data 0.0001 (0.0588)	Loss (L1) 6.469 (5.780)
2026-04-26 01:44:03,273 | Epoch: [14][220/254]	Time   0.29 (  0.36)	Data 0.0001 (0.0562)	Loss (L1) 5.768 (5.786)
2026-04-26 01:44:06,217 | Epoch: [14][230/254]	Time   0.29 (  0.36)	Data 0.0001 (0.0537)	Loss (L1) 7.415 (5.793)
2026-04-26 01:44:09,149 | Epoch: [14][240/254]	Time   0.29 (  0.36)	Data 0.0001 (0.0515)	Loss (L1) 5.271 (5.791)
2026-04-26 01:44:12,089 | Epoch: [14][250/254]	Time   0.29 (  0.35)	Data 0.0001 (0.0495)	Loss (L1) 4.963 (5.792)
2026-04-26 01:44:13,194 | Create Epoch [14] features of all training data...
2026-04-26 01:45:27,766 | Updated smoothed statistics on Epoch [14]!
2026-04-26 01:45:27,795 | Updated running statistics with Epoch [14] features!
2026-04-26 01:45:37,913 | Val: [ 0/25]	Time 10.116 (10.116)	Loss (MSE) 320.255 (320.255)	Loss (L1) 16.408 (16.408)
2026-04-26 01:45:38,839 | Val: [10/25]	Time  0.083 ( 1.004)	Loss (MSE) 128.442 (167.576)	Loss (L1) 9.288 (10.993)
2026-04-26 01:45:39,667 | Val: [20/25]	Time  0.083 ( 0.565)	Loss (MSE) 194.345 (151.290)	Loss (L1) 12.206 (10.306)
2026-04-26 01:45:40,206 |  * Overall: MSE 174.822	L1 11.201	G-Mean 8.164
2026-04-26 01:45:40,206 |  * Many: MSE 134.934	L1 9.620	G-Mean 6.792
2026-04-26 01:45:40,206 |  * Median: MSE 232.730	L1 13.687	G-Mean 11.176
2026-04-26 01:45:40,206 |  * Low: MSE 381.386	L1 18.685	G-Mean 17.875
2026-04-26 01:45:40,207 | Best L1 Loss: 10.880
2026-04-26 01:45:40,422 | Epoch #14: Train loss [5.7914]; Val loss: MSE [174.8218], L1 [11.2006], G-Mean [8.1643]
2026-04-26 01:45:53,935 | Epoch: [15][  0/254]	Time  13.51 ( 13.51)	Data 13.2758 (13.2758)	Loss (L1) 6.312 (6.312)
2026-04-26 01:45:56,999 | Epoch: [15][ 10/254]	Time   0.31 (  1.51)	Data 0.0002 (1.2073)	Loss (L1) 5.755 (5.961)
2026-04-26 01:46:00,082 | Epoch: [15][ 20/254]	Time   0.36 (  0.94)	Data 0.0160 (0.6337)	Loss (L1) 6.529 (5.900)
2026-04-26 01:46:03,217 | Epoch: [15][ 30/254]	Time   0.29 (  0.74)	Data 0.0002 (0.4297)	Loss (L1) 6.264 (5.904)
2026-04-26 01:46:06,325 | Epoch: [15][ 40/254]	Time   0.32 (  0.63)	Data 0.0003 (0.3250)	Loss (L1) 6.962 (5.875)
2026-04-26 01:46:09,669 | Epoch: [15][ 50/254]	Time   0.31 (  0.57)	Data 0.0005 (0.2614)	Loss (L1) 5.415 (5.834)
2026-04-26 01:46:12,784 | Epoch: [15][ 60/254]	Time   0.30 (  0.53)	Data 0.0003 (0.2188)	Loss (L1) 6.362 (5.829)
2026-04-26 01:46:15,936 | Epoch: [15][ 70/254]	Time   0.34 (  0.50)	Data 0.0002 (0.1880)	Loss (L1) 5.172 (5.792)
2026-04-26 01:46:19,004 | Epoch: [15][ 80/254]	Time   0.29 (  0.48)	Data 0.0002 (0.1648)	Loss (L1) 5.095 (5.719)
2026-04-26 01:46:22,082 | Epoch: [15][ 90/254]	Time   0.29 (  0.46)	Data 0.0002 (0.1467)	Loss (L1) 4.828 (5.699)
2026-04-26 01:46:25,090 | Epoch: [15][100/254]	Time   0.30 (  0.44)	Data 0.0002 (0.1322)	Loss (L1) 5.769 (5.715)
2026-04-26 01:46:28,079 | Epoch: [15][110/254]	Time   0.29 (  0.43)	Data 0.0002 (0.1203)	Loss (L1) 5.434 (5.711)
2026-04-26 01:46:31,142 | Epoch: [15][120/254]	Time   0.31 (  0.42)	Data 0.0002 (0.1104)	Loss (L1) 5.400 (5.690)
2026-04-26 01:46:34,141 | Epoch: [15][130/254]	Time   0.30 (  0.41)	Data 0.0002 (0.1023)	Loss (L1) 4.961 (5.680)
2026-04-26 01:46:37,225 | Epoch: [15][140/254]	Time   0.29 (  0.40)	Data 0.0002 (0.0951)	Loss (L1) 5.354 (5.677)
2026-04-26 01:46:40,351 | Epoch: [15][150/254]	Time   0.31 (  0.40)	Data 0.0002 (0.0888)	Loss (L1) 5.921 (5.681)
2026-04-26 01:46:43,544 | Epoch: [15][160/254]	Time   0.40 (  0.39)	Data 0.0004 (0.0833)	Loss (L1) 5.678 (5.690)
2026-04-26 01:46:46,851 | Epoch: [15][170/254]	Time   0.30 (  0.39)	Data 0.0002 (0.0787)	Loss (L1) 6.116 (5.717)
2026-04-26 01:46:49,946 | Epoch: [15][180/254]	Time   0.30 (  0.38)	Data 0.0002 (0.0744)	Loss (L1) 5.590 (5.712)
2026-04-26 01:46:53,097 | Epoch: [15][190/254]	Time   0.30 (  0.38)	Data 0.0001 (0.0706)	Loss (L1) 7.226 (5.729)
2026-04-26 01:46:56,198 | Epoch: [15][200/254]	Time   0.32 (  0.38)	Data 0.0001 (0.0671)	Loss (L1) 5.790 (5.739)
2026-04-26 01:46:59,178 | Epoch: [15][210/254]	Time   0.29 (  0.37)	Data 0.0001 (0.0639)	Loss (L1) 5.672 (5.741)
2026-04-26 01:47:02,120 | Epoch: [15][220/254]	Time   0.29 (  0.37)	Data 0.0001 (0.0610)	Loss (L1) 5.551 (5.754)
2026-04-26 01:47:05,063 | Epoch: [15][230/254]	Time   0.29 (  0.37)	Data 0.0001 (0.0584)	Loss (L1) 6.114 (5.771)
2026-04-26 01:47:08,008 | Epoch: [15][240/254]	Time   0.29 (  0.36)	Data 0.0001 (0.0560)	Loss (L1) 5.769 (5.791)
2026-04-26 01:47:10,937 | Epoch: [15][250/254]	Time   0.29 (  0.36)	Data 0.0001 (0.0538)	Loss (L1) 5.360 (5.770)
2026-04-26 01:47:12,042 | Create Epoch [15] features of all training data...
2026-04-26 01:48:27,654 | Updated smoothed statistics on Epoch [15]!
2026-04-26 01:48:27,685 | Updated running statistics with Epoch [15] features!
2026-04-26 01:48:37,174 | Val: [ 0/25]	Time  9.488 ( 9.488)	Loss (MSE) 316.903 (316.903)	Loss (L1) 16.385 (16.385)
2026-04-26 01:48:38,755 | Val: [10/25]	Time  0.083 ( 1.006)	Loss (MSE) 118.712 (177.632)	Loss (L1) 9.299 (11.368)
2026-04-26 01:48:39,583 | Val: [20/25]	Time  0.083 ( 0.567)	Loss (MSE) 255.679 (162.719)	Loss (L1) 14.109 (10.787)
2026-04-26 01:48:40,127 |  * Overall: MSE 188.918	L1 11.723	G-Mean 8.602
2026-04-26 01:48:40,128 |  * Many: MSE 143.124	L1 10.029	G-Mean 7.155
2026-04-26 01:48:40,128 |  * Median: MSE 266.749	L1 14.689	G-Mean 11.970
2026-04-26 01:48:40,128 |  * Low: MSE 384.895	L1 18.656	G-Mean 17.776
2026-04-26 01:48:40,129 | Best L1 Loss: 10.880
2026-04-26 01:48:40,342 | Epoch #15: Train loss [5.7680]; Val loss: MSE [188.9176], L1 [11.7228], G-Mean [8.6024]
2026-04-26 01:48:52,662 | Epoch: [16][  0/254]	Time  12.32 ( 12.32)	Data 12.0948 (12.0948)	Loss (L1) 6.053 (6.053)
2026-04-26 01:48:57,903 | Epoch: [16][ 10/254]	Time   0.32 (  1.60)	Data 0.0002 (1.3021)	Loss (L1) 6.885 (5.993)
2026-04-26 01:49:01,086 | Epoch: [16][ 20/254]	Time   0.30 (  0.99)	Data 0.0002 (0.6822)	Loss (L1) 6.147 (5.942)
2026-04-26 01:49:04,101 | Epoch: [16][ 30/254]	Time   0.29 (  0.77)	Data 0.0002 (0.4622)	Loss (L1) 4.805 (5.772)
2026-04-26 01:49:07,174 | Epoch: [16][ 40/254]	Time   0.33 (  0.65)	Data 0.0002 (0.3496)	Loss (L1) 6.400 (5.807)
2026-04-26 01:49:10,366 | Epoch: [16][ 50/254]	Time   0.30 (  0.59)	Data 0.0003 (0.2816)	Loss (L1) 5.768 (5.860)
2026-04-26 01:49:13,362 | Epoch: [16][ 60/254]	Time   0.30 (  0.54)	Data 0.0002 (0.2356)	Loss (L1) 4.877 (5.872)
2026-04-26 01:49:16,532 | Epoch: [16][ 70/254]	Time   0.30 (  0.51)	Data 0.0002 (0.2024)	Loss (L1) 5.213 (5.840)
2026-04-26 01:49:19,616 | Epoch: [16][ 80/254]	Time   0.31 (  0.48)	Data 0.0002 (0.1775)	Loss (L1) 5.685 (5.793)
2026-04-26 01:49:22,622 | Epoch: [16][ 90/254]	Time   0.29 (  0.46)	Data 0.0003 (0.1580)	Loss (L1) 5.768 (5.735)
2026-04-26 01:49:25,732 | Epoch: [16][100/254]	Time   0.33 (  0.45)	Data 0.0002 (0.1424)	Loss (L1) 4.720 (5.702)
2026-04-26 01:49:28,756 | Epoch: [16][110/254]	Time   0.31 (  0.44)	Data 0.0002 (0.1297)	Loss (L1) 5.267 (5.665)
2026-04-26 01:49:31,850 | Epoch: [16][120/254]	Time   0.32 (  0.43)	Data 0.0002 (0.1190)	Loss (L1) 5.239 (5.632)
2026-04-26 01:49:34,978 | Epoch: [16][130/254]	Time   0.32 (  0.42)	Data 0.0003 (0.1099)	Loss (L1) 6.083 (5.622)
2026-04-26 01:49:38,036 | Epoch: [16][140/254]	Time   0.29 (  0.41)	Data 0.0006 (0.1021)	Loss (L1) 6.142 (5.626)
2026-04-26 01:49:41,089 | Epoch: [16][150/254]	Time   0.31 (  0.40)	Data 0.0003 (0.0954)	Loss (L1) 5.655 (5.630)
2026-04-26 01:49:44,150 | Epoch: [16][160/254]	Time   0.29 (  0.40)	Data 0.0002 (0.0895)	Loss (L1) 4.838 (5.615)
2026-04-26 01:49:47,157 | Epoch: [16][170/254]	Time   0.29 (  0.39)	Data 0.0002 (0.0843)	Loss (L1) 4.774 (5.612)
2026-04-26 01:49:50,142 | Epoch: [16][180/254]	Time   0.30 (  0.39)	Data 0.0002 (0.0796)	Loss (L1) 5.739 (5.591)
2026-04-26 01:49:53,160 | Epoch: [16][190/254]	Time   0.30 (  0.38)	Data 0.0001 (0.0756)	Loss (L1) 6.331 (5.575)
2026-04-26 01:49:56,121 | Epoch: [16][200/254]	Time   0.29 (  0.38)	Data 0.0002 (0.0718)	Loss (L1) 5.730 (5.567)
2026-04-26 01:49:59,069 | Epoch: [16][210/254]	Time   0.29 (  0.37)	Data 0.0002 (0.0684)	Loss (L1) 5.550 (5.568)
2026-04-26 01:50:02,032 | Epoch: [16][220/254]	Time   0.30 (  0.37)	Data 0.0001 (0.0653)	Loss (L1) 5.515 (5.577)
2026-04-26 01:50:04,978 | Epoch: [16][230/254]	Time   0.30 (  0.37)	Data 0.0002 (0.0625)	Loss (L1) 5.591 (5.574)
2026-04-26 01:50:07,921 | Epoch: [16][240/254]	Time   0.29 (  0.36)	Data 0.0001 (0.0599)	Loss (L1) 5.852 (5.573)
2026-04-26 01:50:10,868 | Epoch: [16][250/254]	Time   0.29 (  0.36)	Data 0.0001 (0.0575)	Loss (L1) 6.423 (5.571)
2026-04-26 01:50:11,968 | Create Epoch [16] features of all training data...
2026-04-26 01:51:30,077 | Updated smoothed statistics on Epoch [16]!
2026-04-26 01:51:30,108 | Updated running statistics with Epoch [16] features!
2026-04-26 01:51:38,461 | Val: [ 0/25]	Time  8.351 ( 8.351)	Loss (MSE) 298.438 (298.438)	Loss (L1) 15.592 (15.592)
2026-04-26 01:51:41,182 | Val: [10/25]	Time  0.083 ( 1.007)	Loss (MSE) 119.759 (164.713)	Loss (L1) 9.152 (10.805)
2026-04-26 01:51:42,012 | Val: [20/25]	Time  0.083 ( 0.567)	Loss (MSE) 275.392 (164.337)	Loss (L1) 14.341 (10.679)
2026-04-26 01:51:42,592 |  * Overall: MSE 193.068	L1 11.659	G-Mean 8.356
2026-04-26 01:51:42,592 |  * Many: MSE 148.187	L1 10.037	G-Mean 6.987
2026-04-26 01:51:42,592 |  * Median: MSE 266.532	L1 14.382	G-Mean 11.387
2026-04-26 01:51:42,592 |  * Low: MSE 395.358	L1 18.730	G-Mean 17.628
2026-04-26 01:51:42,593 | Best L1 Loss: 10.880
2026-04-26 01:51:42,824 | Epoch #16: Train loss [5.5680]; Val loss: MSE [193.0681], L1 [11.6592], G-Mean [8.3561]
2026-04-26 01:51:55,029 | Epoch: [17][  0/254]	Time  12.20 ( 12.20)	Data 11.9982 (11.9982)	Loss (L1) 4.832 (4.832)
2026-04-26 01:51:58,230 | Epoch: [17][ 10/254]	Time   0.30 (  1.40)	Data 0.0002 (1.0910)	Loss (L1) 5.295 (5.348)
2026-04-26 01:52:01,251 | Epoch: [17][ 20/254]	Time   0.32 (  0.88)	Data 0.0002 (0.5716)	Loss (L1) 6.207 (5.366)
2026-04-26 01:52:04,332 | Epoch: [17][ 30/254]	Time   0.31 (  0.69)	Data 0.0002 (0.3873)	Loss (L1) 6.414 (5.474)
2026-04-26 01:52:07,471 | Epoch: [17][ 40/254]	Time   0.35 (  0.60)	Data 0.0002 (0.2929)	Loss (L1) 6.047 (5.429)
2026-04-26 01:52:10,609 | Epoch: [17][ 50/254]	Time   0.29 (  0.54)	Data 0.0003 (0.2356)	Loss (L1) 6.455 (5.463)
2026-04-26 01:52:13,691 | Epoch: [17][ 60/254]	Time   0.30 (  0.51)	Data 0.0002 (0.1970)	Loss (L1) 5.074 (5.431)
2026-04-26 01:52:16,784 | Epoch: [17][ 70/254]	Time   0.32 (  0.48)	Data 0.0003 (0.1693)	Loss (L1) 5.445 (5.444)
2026-04-26 01:52:19,767 | Epoch: [17][ 80/254]	Time   0.30 (  0.46)	Data 0.0002 (0.1484)	Loss (L1) 4.833 (5.448)
2026-04-26 01:52:22,799 | Epoch: [17][ 90/254]	Time   0.30 (  0.44)	Data 0.0002 (0.1321)	Loss (L1) 5.259 (5.430)
2026-04-26 01:52:25,941 | Epoch: [17][100/254]	Time   0.30 (  0.43)	Data 0.0002 (0.1191)	Loss (L1) 5.501 (5.428)
2026-04-26 01:52:29,113 | Epoch: [17][110/254]	Time   0.31 (  0.42)	Data 0.0002 (0.1084)	Loss (L1) 5.126 (5.477)
2026-04-26 01:52:32,203 | Epoch: [17][120/254]	Time   0.30 (  0.41)	Data 0.0194 (0.0997)	Loss (L1) 5.167 (5.503)
2026-04-26 01:52:35,288 | Epoch: [17][130/254]	Time   0.30 (  0.40)	Data 0.0002 (0.0921)	Loss (L1) 6.510 (5.498)
2026-04-26 01:52:38,367 | Epoch: [17][140/254]	Time   0.30 (  0.39)	Data 0.0002 (0.0856)	Loss (L1) 5.373 (5.496)
2026-04-26 01:52:41,479 | Epoch: [17][150/254]	Time   0.29 (  0.39)	Data 0.0002 (0.0800)	Loss (L1) 5.606 (5.504)
2026-04-26 01:52:44,523 | Epoch: [17][160/254]	Time   0.31 (  0.38)	Data 0.0003 (0.0751)	Loss (L1) 5.962 (5.483)
2026-04-26 01:52:47,525 | Epoch: [17][170/254]	Time   0.30 (  0.38)	Data 0.0002 (0.0707)	Loss (L1) 5.288 (5.485)
2026-04-26 01:52:50,624 | Epoch: [17][180/254]	Time   0.30 (  0.37)	Data 0.0002 (0.0669)	Loss (L1) 5.962 (5.501)
2026-04-26 01:52:53,620 | Epoch: [17][190/254]	Time   0.30 (  0.37)	Data 0.0001 (0.0636)	Loss (L1) 5.466 (5.504)
2026-04-26 01:52:56,640 | Epoch: [17][200/254]	Time   0.28 (  0.37)	Data 0.0001 (0.0605)	Loss (L1) 5.330 (5.504)
2026-04-26 01:52:59,615 | Epoch: [17][210/254]	Time   0.30 (  0.36)	Data 0.0001 (0.0576)	Loss (L1) 4.939 (5.500)
2026-04-26 01:53:02,561 | Epoch: [17][220/254]	Time   0.29 (  0.36)	Data 0.0001 (0.0550)	Loss (L1) 5.239 (5.500)
2026-04-26 01:53:05,501 | Epoch: [17][230/254]	Time   0.29 (  0.36)	Data 0.0001 (0.0527)	Loss (L1) 5.380 (5.493)
2026-04-26 01:53:08,453 | Epoch: [17][240/254]	Time   0.29 (  0.36)	Data 0.0001 (0.0505)	Loss (L1) 5.557 (5.499)
2026-04-26 01:53:11,400 | Epoch: [17][250/254]	Time   0.30 (  0.35)	Data 0.0001 (0.0485)	Loss (L1) 5.688 (5.495)
2026-04-26 01:53:12,522 | Create Epoch [17] features of all training data...
2026-04-26 01:54:26,532 | Updated smoothed statistics on Epoch [17]!
2026-04-26 01:54:26,560 | Updated running statistics with Epoch [17] features!
2026-04-26 01:54:36,570 | Val: [ 0/25]	Time 10.008 (10.008)	Loss (MSE) 278.553 (278.553)	Loss (L1) 15.169 (15.169)
2026-04-26 01:54:37,450 | Val: [10/25]	Time  0.083 ( 0.990)	Loss (MSE) 88.192 (125.441)	Loss (L1) 7.530 (9.364)
2026-04-26 01:54:38,280 | Val: [20/25]	Time  0.083 ( 0.558)	Loss (MSE) 329.831 (149.027)	Loss (L1) 16.393 (10.098)
2026-04-26 01:54:38,850 |  * Overall: MSE 195.274	L1 11.604	G-Mean 8.160
2026-04-26 01:54:38,850 |  * Many: MSE 135.064	L1 9.456	G-Mean 6.489
2026-04-26 01:54:38,850 |  * Median: MSE 278.841	L1 14.890	G-Mean 12.102
2026-04-26 01:54:38,850 |  * Low: MSE 521.023	L1 22.121	G-Mean 21.380
2026-04-26 01:54:38,851 | Best L1 Loss: 10.880
2026-04-26 01:54:39,060 | Epoch #17: Train loss [5.4944]; Val loss: MSE [195.2740], L1 [11.6040], G-Mean [8.1599]
2026-04-26 01:54:51,828 | Epoch: [18][  0/254]	Time  12.77 ( 12.77)	Data 12.5611 (12.5611)	Loss (L1) 5.923 (5.923)
2026-04-26 01:54:54,808 | Epoch: [18][ 10/254]	Time   0.29 (  1.43)	Data 0.0002 (1.1421)	Loss (L1) 5.535 (5.633)
2026-04-26 01:54:57,823 | Epoch: [18][ 20/254]	Time   0.29 (  0.89)	Data 0.0004 (0.5984)	Loss (L1) 5.146 (5.484)
2026-04-26 01:55:00,833 | Epoch: [18][ 30/254]	Time   0.29 (  0.70)	Data 0.0001 (0.4054)	Loss (L1) 5.694 (5.418)
2026-04-26 01:55:03,844 | Epoch: [18][ 40/254]	Time   0.30 (  0.60)	Data 0.0002 (0.3066)	Loss (L1) 7.321 (5.444)
2026-04-26 01:55:06,951 | Epoch: [18][ 50/254]	Time   0.31 (  0.55)	Data 0.0003 (0.2465)	Loss (L1) 4.848 (5.413)
2026-04-26 01:55:10,045 | Epoch: [18][ 60/254]	Time   0.33 (  0.51)	Data 0.0002 (0.2062)	Loss (L1) 5.075 (5.385)
2026-04-26 01:55:13,305 | Epoch: [18][ 70/254]	Time   0.32 (  0.48)	Data 0.0002 (0.1772)	Loss (L1) 5.414 (5.379)
2026-04-26 01:55:16,525 | Epoch: [18][ 80/254]	Time   0.34 (  0.46)	Data 0.0002 (0.1553)	Loss (L1) 5.589 (5.413)
2026-04-26 01:55:19,638 | Epoch: [18][ 90/254]	Time   0.30 (  0.45)	Data 0.0002 (0.1383)	Loss (L1) 5.634 (5.467)
2026-04-26 01:55:22,734 | Epoch: [18][100/254]	Time   0.30 (  0.43)	Data 0.0004 (0.1246)	Loss (L1) 5.352 (5.459)
2026-04-26 01:55:25,795 | Epoch: [18][110/254]	Time   0.31 (  0.42)	Data 0.0003 (0.1134)	Loss (L1) 5.053 (5.429)
2026-04-26 01:55:28,827 | Epoch: [18][120/254]	Time   0.30 (  0.41)	Data 0.0002 (0.1041)	Loss (L1) 4.677 (5.411)
2026-04-26 01:55:31,936 | Epoch: [18][130/254]	Time   0.30 (  0.40)	Data 0.0002 (0.0962)	Loss (L1) 4.296 (5.402)
2026-04-26 01:55:34,988 | Epoch: [18][140/254]	Time   0.29 (  0.40)	Data 0.0002 (0.0894)	Loss (L1) 5.161 (5.397)
2026-04-26 01:55:38,044 | Epoch: [18][150/254]	Time   0.30 (  0.39)	Data 0.0002 (0.0839)	Loss (L1) 6.058 (5.407)
2026-04-26 01:55:41,170 | Epoch: [18][160/254]	Time   0.32 (  0.39)	Data 0.0003 (0.0787)	Loss (L1) 5.940 (5.421)
2026-04-26 01:55:44,186 | Epoch: [18][170/254]	Time   0.31 (  0.38)	Data 0.0002 (0.0741)	Loss (L1) 5.630 (5.436)
2026-04-26 01:55:47,166 | Epoch: [18][180/254]	Time   0.30 (  0.38)	Data 0.0002 (0.0700)	Loss (L1) 5.826 (5.434)
2026-04-26 01:55:50,201 | Epoch: [18][190/254]	Time   0.29 (  0.37)	Data 0.0002 (0.0665)	Loss (L1) 5.295 (5.435)
2026-04-26 01:55:53,217 | Epoch: [18][200/254]	Time   0.30 (  0.37)	Data 0.0001 (0.0632)	Loss (L1) 5.395 (5.440)
2026-04-26 01:55:56,169 | Epoch: [18][210/254]	Time   0.29 (  0.37)	Data 0.0001 (0.0602)	Loss (L1) 4.881 (5.436)
2026-04-26 01:55:59,109 | Epoch: [18][220/254]	Time   0.30 (  0.36)	Data 0.0001 (0.0575)	Loss (L1) 6.068 (5.445)
2026-04-26 01:56:02,057 | Epoch: [18][230/254]	Time   0.30 (  0.36)	Data 0.0001 (0.0550)	Loss (L1) 4.720 (5.447)
2026-04-26 01:56:05,005 | Epoch: [18][240/254]	Time   0.29 (  0.36)	Data 0.0002 (0.0527)	Loss (L1) 5.289 (5.461)
2026-04-26 01:56:07,951 | Epoch: [18][250/254]	Time   0.30 (  0.35)	Data 0.0001 (0.0507)	Loss (L1) 5.270 (5.460)
2026-04-26 01:56:09,039 | Create Epoch [18] features of all training data...
2026-04-26 01:57:30,253 | Updated smoothed statistics on Epoch [18]!
2026-04-26 01:57:30,282 | Updated running statistics with Epoch [18] features!
2026-04-26 01:57:40,513 | Val: [ 0/25]	Time 10.230 (10.230)	Loss (MSE) 306.264 (306.264)	Loss (L1) 16.033 (16.033)
2026-04-26 01:57:41,658 | Val: [10/25]	Time  0.083 ( 1.034)	Loss (MSE) 103.382 (152.794)	Loss (L1) 8.384 (10.366)
2026-04-26 01:57:42,489 | Val: [20/25]	Time  0.083 ( 0.581)	Loss (MSE) 250.089 (144.287)	Loss (L1) 14.237 (10.118)
2026-04-26 01:57:43,050 |  * Overall: MSE 182.360	L1 11.408	G-Mean 8.274
2026-04-26 01:57:43,050 |  * Many: MSE 126.769	L1 9.434	G-Mean 6.753
2026-04-26 01:57:43,050 |  * Median: MSE 260.502	L1 14.442	G-Mean 11.613
2026-04-26 01:57:43,050 |  * Low: MSE 479.539	L1 21.017	G-Mean 20.163
2026-04-26 01:57:43,051 | Best L1 Loss: 10.880
2026-04-26 01:57:43,292 | Epoch #18: Train loss [5.4632]; Val loss: MSE [182.3599], L1 [11.4081], G-Mean [8.2737]
2026-04-26 01:57:54,728 | Epoch: [19][  0/254]	Time  11.43 ( 11.43)	Data 11.2894 (11.2894)	Loss (L1) 4.849 (4.849)
2026-04-26 01:57:59,070 | Epoch: [19][ 10/254]	Time   0.30 (  1.43)	Data 0.0002 (1.1730)	Loss (L1) 4.674 (5.823)
2026-04-26 01:58:02,036 | Epoch: [19][ 20/254]	Time   0.30 (  0.89)	Data 0.0004 (0.6146)	Loss (L1) 4.979 (5.689)
2026-04-26 01:58:05,079 | Epoch: [19][ 30/254]	Time   0.30 (  0.70)	Data 0.0002 (0.4164)	Loss (L1) 5.342 (5.497)
2026-04-26 01:58:08,133 | Epoch: [19][ 40/254]	Time   0.29 (  0.61)	Data 0.0004 (0.3149)	Loss (L1) 6.202 (5.405)
2026-04-26 01:58:11,144 | Epoch: [19][ 50/254]	Time   0.30 (  0.55)	Data 0.0002 (0.2532)	Loss (L1) 5.151 (5.374)
2026-04-26 01:58:14,244 | Epoch: [19][ 60/254]	Time   0.31 (  0.51)	Data 0.0002 (0.2117)	Loss (L1) 5.350 (5.403)
2026-04-26 01:58:17,230 | Epoch: [19][ 70/254]	Time   0.29 (  0.48)	Data 0.0002 (0.1820)	Loss (L1) 5.666 (5.410)
2026-04-26 01:58:20,319 | Epoch: [19][ 80/254]	Time   0.30 (  0.46)	Data 0.0002 (0.1595)	Loss (L1) 5.418 (5.417)
2026-04-26 01:58:23,498 | Epoch: [19][ 90/254]	Time   0.29 (  0.44)	Data 0.0002 (0.1420)	Loss (L1) 5.041 (5.411)
2026-04-26 01:58:26,527 | Epoch: [19][100/254]	Time   0.30 (  0.43)	Data 0.0002 (0.1280)	Loss (L1) 5.905 (5.452)
2026-04-26 01:58:29,642 | Epoch: [19][110/254]	Time   0.30 (  0.42)	Data 0.0002 (0.1166)	Loss (L1) 6.224 (5.433)
2026-04-26 01:58:32,760 | Epoch: [19][120/254]	Time   0.30 (  0.41)	Data 0.0002 (0.1071)	Loss (L1) 5.239 (5.438)
2026-04-26 01:58:35,898 | Epoch: [19][130/254]	Time   0.32 (  0.40)	Data 0.0002 (0.0989)	Loss (L1) 6.617 (5.472)
2026-04-26 01:58:38,966 | Epoch: [19][140/254]	Time   0.30 (  0.39)	Data 0.0003 (0.0919)	Loss (L1) 5.035 (5.470)
2026-04-26 01:58:41,977 | Epoch: [19][150/254]	Time   0.30 (  0.39)	Data 0.0002 (0.0859)	Loss (L1) 4.984 (5.470)
2026-04-26 01:58:44,977 | Epoch: [19][160/254]	Time   0.29 (  0.38)	Data 0.0002 (0.0806)	Loss (L1) 6.205 (5.471)
2026-04-26 01:58:48,004 | Epoch: [19][170/254]	Time   0.31 (  0.38)	Data 0.0002 (0.0759)	Loss (L1) 5.179 (5.461)
2026-04-26 01:58:50,982 | Epoch: [19][180/254]	Time   0.29 (  0.37)	Data 0.0003 (0.0717)	Loss (L1) 5.027 (5.441)
2026-04-26 01:58:53,999 | Epoch: [19][190/254]	Time   0.30 (  0.37)	Data 0.0001 (0.0680)	Loss (L1) 4.981 (5.445)
2026-04-26 01:58:56,974 | Epoch: [19][200/254]	Time   0.29 (  0.37)	Data 0.0001 (0.0646)	Loss (L1) 5.829 (5.447)
2026-04-26 01:58:59,910 | Epoch: [19][210/254]	Time   0.30 (  0.36)	Data 0.0001 (0.0616)	Loss (L1) 5.228 (5.443)
2026-04-26 01:59:02,836 | Epoch: [19][220/254]	Time   0.29 (  0.36)	Data 0.0001 (0.0588)	Loss (L1) 5.853 (5.424)
2026-04-26 01:59:05,777 | Epoch: [19][230/254]	Time   0.30 (  0.36)	Data 0.0001 (0.0563)	Loss (L1) 5.282 (5.415)
2026-04-26 01:59:08,712 | Epoch: [19][240/254]	Time   0.29 (  0.35)	Data 0.0001 (0.0539)	Loss (L1) 6.348 (5.408)
2026-04-26 01:59:11,651 | Epoch: [19][250/254]	Time   0.29 (  0.35)	Data 0.0001 (0.0518)	Loss (L1) 5.472 (5.408)
2026-04-26 01:59:12,738 | Create Epoch [19] features of all training data...
2026-04-26 02:00:27,187 | Updated smoothed statistics on Epoch [19]!
2026-04-26 02:00:27,216 | Updated running statistics with Epoch [19] features!
2026-04-26 02:00:37,277 | Val: [ 0/25]	Time 10.058 (10.058)	Loss (MSE) 322.508 (322.508)	Loss (L1) 16.506 (16.506)
2026-04-26 02:00:38,354 | Val: [10/25]	Time  0.083 ( 1.012)	Loss (MSE) 106.055 (161.104)	Loss (L1) 8.580 (10.672)
2026-04-26 02:00:39,183 | Val: [20/25]	Time  0.083 ( 0.570)	Loss (MSE) 297.896 (162.423)	Loss (L1) 14.125 (10.396)
2026-04-26 02:00:39,754 |  * Overall: MSE 186.094	L1 11.175	G-Mean 7.652
2026-04-26 02:00:39,754 |  * Many: MSE 143.649	L1 9.650	G-Mean 6.392
2026-04-26 02:00:39,754 |  * Median: MSE 269.755	L1 14.067	G-Mean 10.615
2026-04-26 02:00:39,754 |  * Low: MSE 325.947	L1 16.619	G-Mean 15.306
2026-04-26 02:00:39,755 | Best L1 Loss: 10.880
2026-04-26 02:00:39,983 | Epoch #19: Train loss [5.4110]; Val loss: MSE [186.0940], L1 [11.1752], G-Mean [7.6523]
2026-04-26 02:00:51,254 | Epoch: [20][  0/254]	Time  11.27 ( 11.27)	Data 11.1229 (11.1229)	Loss (L1) 5.207 (5.207)
2026-04-26 02:00:54,519 | Epoch: [20][ 10/254]	Time   0.33 (  1.32)	Data 0.0002 (1.0460)	Loss (L1) 4.697 (5.341)
2026-04-26 02:00:57,660 | Epoch: [20][ 20/254]	Time   0.29 (  0.84)	Data 0.0002 (0.5480)	Loss (L1) 5.624 (5.294)
2026-04-26 02:01:00,956 | Epoch: [20][ 30/254]	Time   0.33 (  0.68)	Data 0.0117 (0.3724)	Loss (L1) 4.920 (5.279)
2026-04-26 02:01:04,130 | Epoch: [20][ 40/254]	Time   0.31 (  0.59)	Data 0.0002 (0.2816)	Loss (L1) 5.549 (5.332)
2026-04-26 02:01:07,412 | Epoch: [20][ 50/254]	Time   0.33 (  0.54)	Data 0.0002 (0.2264)	Loss (L1) 4.714 (5.332)
2026-04-26 02:01:10,731 | Epoch: [20][ 60/254]	Time   0.30 (  0.50)	Data 0.0002 (0.1893)	Loss (L1) 5.710 (5.352)
2026-04-26 02:01:13,790 | Epoch: [20][ 70/254]	Time   0.31 (  0.48)	Data 0.0003 (0.1627)	Loss (L1) 5.615 (5.343)
2026-04-26 02:01:16,838 | Epoch: [20][ 80/254]	Time   0.28 (  0.45)	Data 0.0017 (0.1427)	Loss (L1) 5.301 (5.361)
2026-04-26 02:01:19,932 | Epoch: [20][ 90/254]	Time   0.31 (  0.44)	Data 0.0002 (0.1270)	Loss (L1) 5.434 (5.344)
2026-04-26 02:01:23,104 | Epoch: [20][100/254]	Time   0.28 (  0.43)	Data 0.0002 (0.1145)	Loss (L1) 5.110 (5.330)
2026-04-26 02:01:26,136 | Epoch: [20][110/254]	Time   0.29 (  0.42)	Data 0.0002 (0.1042)	Loss (L1) 4.645 (5.345)
2026-04-26 02:01:29,199 | Epoch: [20][120/254]	Time   0.28 (  0.41)	Data 0.0002 (0.0956)	Loss (L1) 4.807 (5.317)
2026-04-26 02:01:32,207 | Epoch: [20][130/254]	Time   0.31 (  0.40)	Data 0.0002 (0.0883)	Loss (L1) 5.235 (5.315)
2026-04-26 02:01:35,240 | Epoch: [20][140/254]	Time   0.32 (  0.39)	Data 0.0002 (0.0821)	Loss (L1) 5.425 (5.320)
2026-04-26 02:01:38,280 | Epoch: [20][150/254]	Time   0.30 (  0.39)	Data 0.0003 (0.0767)	Loss (L1) 4.992 (5.310)
2026-04-26 02:01:41,334 | Epoch: [20][160/254]	Time   0.30 (  0.38)	Data 0.0002 (0.0720)	Loss (L1) 5.500 (5.312)
2026-04-26 02:01:44,364 | Epoch: [20][170/254]	Time   0.30 (  0.38)	Data 0.0002 (0.0678)	Loss (L1) 5.181 (5.301)
2026-04-26 02:01:47,474 | Epoch: [20][180/254]	Time   0.32 (  0.37)	Data 0.0002 (0.0640)	Loss (L1) 5.601 (5.316)
2026-04-26 02:01:50,574 | Epoch: [20][190/254]	Time   0.30 (  0.37)	Data 0.0001 (0.0608)	Loss (L1) 4.766 (5.307)
2026-04-26 02:01:53,561 | Epoch: [20][200/254]	Time   0.30 (  0.37)	Data 0.0001 (0.0578)	Loss (L1) 5.476 (5.315)
2026-04-26 02:01:56,502 | Epoch: [20][210/254]	Time   0.29 (  0.36)	Data 0.0001 (0.0550)	Loss (L1) 5.534 (5.331)
2026-04-26 02:01:59,437 | Epoch: [20][220/254]	Time   0.29 (  0.36)	Data 0.0001 (0.0525)	Loss (L1) 5.211 (5.332)
2026-04-26 02:02:02,375 | Epoch: [20][230/254]	Time   0.30 (  0.36)	Data 0.0001 (0.0503)	Loss (L1) 4.894 (5.341)
2026-04-26 02:02:05,318 | Epoch: [20][240/254]	Time   0.29 (  0.35)	Data 0.0001 (0.0482)	Loss (L1) 5.001 (5.340)
2026-04-26 02:02:08,254 | Epoch: [20][250/254]	Time   0.29 (  0.35)	Data 0.0001 (0.0463)	Loss (L1) 5.027 (5.338)
2026-04-26 02:02:09,383 | Create Epoch [20] features of all training data...
2026-04-26 02:03:25,216 | Updated smoothed statistics on Epoch [20]!
2026-04-26 02:03:25,246 | Updated running statistics with Epoch [20] features!
2026-04-26 02:03:36,123 | Val: [ 0/25]	Time 10.875 (10.875)	Loss (MSE) 236.204 (236.204)	Loss (L1) 14.093 (14.093)
2026-04-26 02:03:36,954 | Val: [10/25]	Time  0.083 ( 1.064)	Loss (MSE) 93.931 (121.824)	Loss (L1) 8.305 (9.109)
2026-04-26 02:03:37,782 | Val: [20/25]	Time  0.083 ( 0.597)	Loss (MSE) 279.755 (134.048)	Loss (L1) 14.049 (9.416)
2026-04-26 02:03:38,351 |  * Overall: MSE 164.062	L1 10.427	G-Mean 7.078
2026-04-26 02:03:38,351 |  * Many: MSE 122.256	L1 8.900	G-Mean 5.899
2026-04-26 02:03:38,351 |  * Median: MSE 228.384	L1 12.861	G-Mean 9.540
2026-04-26 02:03:38,351 |  * Low: MSE 367.403	L1 17.537	G-Mean 16.072
2026-04-26 02:03:38,352 | Best L1 Loss: 10.427
2026-04-26 02:03:38,580 | ===> Saving current best checkpoint...
2026-04-26 02:03:39,102 | Epoch #20: Train loss [5.3419]; Val loss: MSE [164.0624], L1 [10.4265], G-Mean [7.0776]
2026-04-26 02:03:49,690 | Epoch: [21][  0/254]	Time  10.59 ( 10.59)	Data 10.4442 (10.4442)	Loss (L1) 5.128 (5.128)
2026-04-26 02:03:54,276 | Epoch: [21][ 10/254]	Time   0.29 (  1.38)	Data 0.0002 (1.1107)	Loss (L1) 4.896 (5.335)
2026-04-26 02:03:57,301 | Epoch: [21][ 20/254]	Time   0.29 (  0.87)	Data 0.0002 (0.5819)	Loss (L1) 4.625 (5.424)
2026-04-26 02:04:00,428 | Epoch: [21][ 30/254]	Time   0.34 (  0.69)	Data 0.0002 (0.3943)	Loss (L1) 5.031 (5.396)
2026-04-26 02:04:03,534 | Epoch: [21][ 40/254]	Time   0.29 (  0.60)	Data 0.0002 (0.2982)	Loss (L1) 4.793 (5.391)
2026-04-26 02:04:06,564 | Epoch: [21][ 50/254]	Time   0.31 (  0.54)	Data 0.0002 (0.2397)	Loss (L1) 4.577 (5.343)
2026-04-26 02:04:09,643 | Epoch: [21][ 60/254]	Time   0.31 (  0.50)	Data 0.0002 (0.2005)	Loss (L1) 5.192 (5.335)
2026-04-26 02:04:12,677 | Epoch: [21][ 70/254]	Time   0.34 (  0.47)	Data 0.0002 (0.1723)	Loss (L1) 4.781 (5.340)
2026-04-26 02:04:15,748 | Epoch: [21][ 80/254]	Time   0.30 (  0.45)	Data 0.0002 (0.1511)	Loss (L1) 4.760 (5.305)
2026-04-26 02:04:18,896 | Epoch: [21][ 90/254]	Time   0.32 (  0.44)	Data 0.0002 (0.1345)	Loss (L1) 5.425 (5.302)
2026-04-26 02:04:21,916 | Epoch: [21][100/254]	Time   0.31 (  0.42)	Data 0.0002 (0.1212)	Loss (L1) 6.365 (5.377)
2026-04-26 02:04:25,022 | Epoch: [21][110/254]	Time   0.27 (  0.41)	Data 0.0002 (0.1103)	Loss (L1) 5.025 (5.356)
2026-04-26 02:04:28,148 | Epoch: [21][120/254]	Time   0.34 (  0.41)	Data 0.0002 (0.1012)	Loss (L1) 5.520 (5.347)
2026-04-26 02:04:31,136 | Epoch: [21][130/254]	Time   0.30 (  0.40)	Data 0.0002 (0.0935)	Loss (L1) 4.943 (5.330)
2026-04-26 02:04:34,192 | Epoch: [21][140/254]	Time   0.31 (  0.39)	Data 0.0002 (0.0869)	Loss (L1) 5.311 (5.325)
2026-04-26 02:04:37,336 | Epoch: [21][150/254]	Time   0.30 (  0.39)	Data 0.0002 (0.0812)	Loss (L1) 5.615 (5.327)
2026-04-26 02:04:40,402 | Epoch: [21][160/254]	Time   0.31 (  0.38)	Data 0.0002 (0.0762)	Loss (L1) 5.138 (5.315)
2026-04-26 02:04:43,469 | Epoch: [21][170/254]	Time   0.30 (  0.38)	Data 0.0003 (0.0717)	Loss (L1) 5.829 (5.323)
2026-04-26 02:04:46,472 | Epoch: [21][180/254]	Time   0.30 (  0.37)	Data 0.0002 (0.0678)	Loss (L1) 5.484 (5.318)
2026-04-26 02:04:49,581 | Epoch: [21][190/254]	Time   0.34 (  0.37)	Data 0.0001 (0.0645)	Loss (L1) 4.231 (5.307)
2026-04-26 02:04:52,561 | Epoch: [21][200/254]	Time   0.30 (  0.37)	Data 0.0001 (0.0613)	Loss (L1) 4.825 (5.305)
2026-04-26 02:04:55,507 | Epoch: [21][210/254]	Time   0.30 (  0.36)	Data 0.0001 (0.0584)	Loss (L1) 4.865 (5.301)
2026-04-26 02:04:58,453 | Epoch: [21][220/254]	Time   0.29 (  0.36)	Data 0.0001 (0.0558)	Loss (L1) 5.387 (5.299)
2026-04-26 02:05:01,391 | Epoch: [21][230/254]	Time   0.30 (  0.36)	Data 0.0001 (0.0533)	Loss (L1) 5.213 (5.293)
2026-04-26 02:05:04,332 | Epoch: [21][240/254]	Time   0.30 (  0.35)	Data 0.0001 (0.0511)	Loss (L1) 5.349 (5.283)
2026-04-26 02:05:07,282 | Epoch: [21][250/254]	Time   0.30 (  0.35)	Data 0.0001 (0.0491)	Loss (L1) 6.738 (5.288)
2026-04-26 02:05:08,377 | Create Epoch [21] features of all training data...
2026-04-26 02:06:24,088 | Updated smoothed statistics on Epoch [21]!
2026-04-26 02:06:24,116 | Updated running statistics with Epoch [21] features!
2026-04-26 02:06:38,132 | Val: [ 0/25]	Time 14.014 (14.014)	Loss (MSE) 260.731 (260.731)	Loss (L1) 14.832 (14.832)
2026-04-26 02:06:38,962 | Val: [10/25]	Time  0.083 ( 1.350)	Loss (MSE) 95.299 (131.394)	Loss (L1) 8.128 (9.570)
2026-04-26 02:06:39,793 | Val: [20/25]	Time  0.083 ( 0.746)	Loss (MSE) 289.186 (143.713)	Loss (L1) 14.782 (9.830)
2026-04-26 02:06:40,356 |  * Overall: MSE 178.900	L1 11.008	G-Mean 7.671
2026-04-26 02:06:40,356 |  * Many: MSE 129.845	L1 9.225	G-Mean 6.216
2026-04-26 02:06:40,356 |  * Median: MSE 251.006	L1 13.824	G-Mean 11.066
2026-04-26 02:06:40,356 |  * Low: MSE 429.714	L1 19.418	G-Mean 18.243
2026-04-26 02:06:40,357 | Best L1 Loss: 10.427
2026-04-26 02:06:40,590 | Epoch #21: Train loss [5.2882]; Val loss: MSE [178.9005], L1 [11.0084], G-Mean [7.6706]
2026-04-26 02:06:46,510 | Epoch: [22][  0/254]	Time   5.92 (  5.92)	Data 5.6248 (5.6248)	Loss (L1) 5.471 (5.471)
2026-04-26 02:06:56,347 | Epoch: [22][ 10/254]	Time   0.29 (  1.43)	Data 0.0002 (1.1286)	Loss (L1) 5.318 (5.360)
2026-04-26 02:06:59,390 | Epoch: [22][ 20/254]	Time   0.30 (  0.90)	Data 0.0002 (0.5913)	Loss (L1) 5.608 (5.222)
2026-04-26 02:07:02,620 | Epoch: [22][ 30/254]	Time   0.35 (  0.71)	Data 0.0137 (0.4015)	Loss (L1) 4.798 (5.209)
2026-04-26 02:07:05,860 | Epoch: [22][ 40/254]	Time   0.30 (  0.62)	Data 0.0002 (0.3040)	Loss (L1) 4.980 (5.131)
2026-04-26 02:07:08,942 | Epoch: [22][ 50/254]	Time   0.30 (  0.56)	Data 0.0003 (0.2444)	Loss (L1) 4.841 (5.096)
2026-04-26 02:07:11,899 | Epoch: [22][ 60/254]	Time   0.29 (  0.51)	Data 0.0002 (0.2044)	Loss (L1) 4.791 (5.118)
2026-04-26 02:07:17,855 | Epoch: [22][ 70/254]	Time   0.31 (  0.52)	Data 0.0002 (0.2195)	Loss (L1) 5.123 (5.129)
2026-04-26 02:07:20,858 | Epoch: [22][ 80/254]	Time   0.30 (  0.50)	Data 0.0002 (0.1924)	Loss (L1) 5.701 (5.165)
2026-04-26 02:07:24,071 | Epoch: [22][ 90/254]	Time   0.32 (  0.48)	Data 0.0002 (0.1713)	Loss (L1) 4.765 (5.168)
2026-04-26 02:07:27,204 | Epoch: [22][100/254]	Time   0.31 (  0.46)	Data 0.0002 (0.1546)	Loss (L1) 5.713 (5.178)
2026-04-26 02:07:30,314 | Epoch: [22][110/254]	Time   0.30 (  0.45)	Data 0.0002 (0.1407)	Loss (L1) 5.123 (5.168)
2026-04-26 02:07:33,721 | Epoch: [22][120/254]	Time   0.33 (  0.44)	Data 0.0005 (0.1291)	Loss (L1) 5.105 (5.164)
2026-04-26 02:07:36,778 | Epoch: [22][130/254]	Time   0.30 (  0.43)	Data 0.0002 (0.1193)	Loss (L1) 4.799 (5.164)
2026-04-26 02:07:39,950 | Epoch: [22][140/254]	Time   0.33 (  0.42)	Data 0.0054 (0.1109)	Loss (L1) 4.586 (5.154)
2026-04-26 02:07:43,193 | Epoch: [22][150/254]	Time   0.34 (  0.41)	Data 0.0003 (0.1037)	Loss (L1) 5.888 (5.193)
2026-04-26 02:07:46,208 | Epoch: [22][160/254]	Time   0.30 (  0.41)	Data 0.0002 (0.0972)	Loss (L1) 6.872 (5.222)
2026-04-26 02:07:49,268 | Epoch: [22][170/254]	Time   0.33 (  0.40)	Data 0.0002 (0.0916)	Loss (L1) 5.267 (5.241)
2026-04-26 02:07:52,232 | Epoch: [22][180/254]	Time   0.31 (  0.40)	Data 0.0003 (0.0865)	Loss (L1) 5.660 (5.243)
2026-04-26 02:07:55,325 | Epoch: [22][190/254]	Time   0.29 (  0.39)	Data 0.0001 (0.0822)	Loss (L1) 5.717 (5.258)
2026-04-26 02:07:58,598 | Epoch: [22][200/254]	Time   0.31 (  0.39)	Data 0.0001 (0.0781)	Loss (L1) 5.869 (5.255)
2026-04-26 02:08:01,676 | Epoch: [22][210/254]	Time   0.30 (  0.38)	Data 0.0001 (0.0744)	Loss (L1) 5.229 (5.262)
2026-04-26 02:08:04,638 | Epoch: [22][220/254]	Time   0.29 (  0.38)	Data 0.0001 (0.0711)	Loss (L1) 5.432 (5.271)
2026-04-26 02:08:07,582 | Epoch: [22][230/254]	Time   0.29 (  0.38)	Data 0.0001 (0.0680)	Loss (L1) 4.636 (5.273)
2026-04-26 02:08:10,515 | Epoch: [22][240/254]	Time   0.29 (  0.37)	Data 0.0001 (0.0652)	Loss (L1) 5.184 (5.273)
2026-04-26 02:08:13,457 | Epoch: [22][250/254]	Time   0.29 (  0.37)	Data 0.0001 (0.0626)	Loss (L1) 4.244 (5.260)
2026-04-26 02:08:14,570 | Create Epoch [22] features of all training data...
2026-04-26 02:09:35,265 | Updated smoothed statistics on Epoch [22]!
2026-04-26 02:09:35,294 | Updated running statistics with Epoch [22] features!
2026-04-26 02:09:43,834 | Val: [ 0/25]	Time  8.539 ( 8.539)	Loss (MSE) 173.792 (173.792)	Loss (L1) 11.744 (11.744)
2026-04-26 02:09:46,237 | Val: [10/25]	Time  0.083 ( 0.995)	Loss (MSE) 77.419 (96.073)	Loss (L1) 7.494 (8.128)
2026-04-26 02:09:47,067 | Val: [20/25]	Time  0.083 ( 0.561)	Loss (MSE) 265.071 (116.089)	Loss (L1) 14.203 (8.750)
2026-04-26 02:09:47,606 |  * Overall: MSE 149.738	L1 9.948	G-Mean 6.856
2026-04-26 02:09:47,606 |  * Many: MSE 108.925	L1 8.399	G-Mean 5.703
2026-04-26 02:09:47,606 |  * Median: MSE 207.147	L1 12.230	G-Mean 9.117
2026-04-26 02:09:47,606 |  * Low: MSE 367.775	L1 17.854	G-Mean 16.655
2026-04-26 02:09:47,607 | Best L1 Loss: 9.948
2026-04-26 02:09:47,833 | ===> Saving current best checkpoint...
2026-04-26 02:09:48,354 | Epoch #22: Train loss [5.2638]; Val loss: MSE [149.7382], L1 [9.9484], G-Mean [6.8556]
2026-04-26 02:10:00,554 | Epoch: [23][  0/254]	Time  12.20 ( 12.20)	Data 12.0041 (12.0041)	Loss (L1) 4.823 (4.823)
2026-04-26 02:10:03,894 | Epoch: [23][ 10/254]	Time   0.32 (  1.41)	Data 0.0002 (1.1283)	Loss (L1) 4.813 (5.068)
2026-04-26 02:10:07,017 | Epoch: [23][ 20/254]	Time   0.30 (  0.89)	Data 0.0002 (0.5911)	Loss (L1) 4.938 (5.128)
2026-04-26 02:10:10,279 | Epoch: [23][ 30/254]	Time   0.32 (  0.71)	Data 0.0002 (0.4010)	Loss (L1) 4.990 (5.206)
2026-04-26 02:10:13,320 | Epoch: [23][ 40/254]	Time   0.28 (  0.61)	Data 0.0002 (0.3032)	Loss (L1) 4.707 (5.175)
2026-04-26 02:10:16,427 | Epoch: [23][ 50/254]	Time   0.28 (  0.55)	Data 0.0002 (0.2438)	Loss (L1) 5.292 (5.172)
2026-04-26 02:10:19,536 | Epoch: [23][ 60/254]	Time   0.33 (  0.51)	Data 0.0002 (0.2039)	Loss (L1) 4.948 (5.177)
2026-04-26 02:10:22,570 | Epoch: [23][ 70/254]	Time   0.35 (  0.48)	Data 0.0002 (0.1752)	Loss (L1) 5.519 (5.169)
2026-04-26 02:10:25,599 | Epoch: [23][ 80/254]	Time   0.29 (  0.46)	Data 0.0002 (0.1536)	Loss (L1) 5.431 (5.157)
2026-04-26 02:10:28,744 | Epoch: [23][ 90/254]	Time   0.28 (  0.44)	Data 0.0002 (0.1368)	Loss (L1) 5.202 (5.161)
2026-04-26 02:10:31,816 | Epoch: [23][100/254]	Time   0.32 (  0.43)	Data 0.0002 (0.1233)	Loss (L1) 5.168 (5.142)
2026-04-26 02:10:34,938 | Epoch: [23][110/254]	Time   0.30 (  0.42)	Data 0.0002 (0.1122)	Loss (L1) 5.356 (5.150)
2026-04-26 02:10:37,981 | Epoch: [23][120/254]	Time   0.30 (  0.41)	Data 0.0002 (0.1029)	Loss (L1) 5.295 (5.148)
2026-04-26 02:10:41,045 | Epoch: [23][130/254]	Time   0.30 (  0.40)	Data 0.0002 (0.0951)	Loss (L1) 4.862 (5.161)
2026-04-26 02:10:44,089 | Epoch: [23][140/254]	Time   0.31 (  0.40)	Data 0.0002 (0.0888)	Loss (L1) 5.648 (5.176)
2026-04-26 02:10:47,121 | Epoch: [23][150/254]	Time   0.30 (  0.39)	Data 0.0002 (0.0829)	Loss (L1) 5.826 (5.184)
2026-04-26 02:10:50,099 | Epoch: [23][160/254]	Time   0.30 (  0.38)	Data 0.0002 (0.0778)	Loss (L1) 4.911 (5.177)
2026-04-26 02:10:53,062 | Epoch: [23][170/254]	Time   0.30 (  0.38)	Data 0.0002 (0.0733)	Loss (L1) 5.155 (5.153)
2026-04-26 02:10:56,066 | Epoch: [23][180/254]	Time   0.30 (  0.37)	Data 0.0002 (0.0693)	Loss (L1) 4.669 (5.142)
2026-04-26 02:10:59,066 | Epoch: [23][190/254]	Time   0.29 (  0.37)	Data 0.0001 (0.0659)	Loss (L1) 5.346 (5.158)
2026-04-26 02:11:02,037 | Epoch: [23][200/254]	Time   0.30 (  0.37)	Data 0.0001 (0.0626)	Loss (L1) 5.762 (5.156)
2026-04-26 02:11:04,980 | Epoch: [23][210/254]	Time   0.29 (  0.36)	Data 0.0001 (0.0596)	Loss (L1) 4.618 (5.143)
2026-04-26 02:11:07,921 | Epoch: [23][220/254]	Time   0.29 (  0.36)	Data 0.0001 (0.0569)	Loss (L1) 4.658 (5.136)
2026-04-26 02:11:10,856 | Epoch: [23][230/254]	Time   0.29 (  0.36)	Data 0.0001 (0.0545)	Loss (L1) 4.890 (5.123)
2026-04-26 02:11:13,794 | Epoch: [23][240/254]	Time   0.29 (  0.35)	Data 0.0001 (0.0522)	Loss (L1) 5.454 (5.111)
2026-04-26 02:11:16,733 | Epoch: [23][250/254]	Time   0.29 (  0.35)	Data 0.0001 (0.0501)	Loss (L1) 5.085 (5.104)
2026-04-26 02:11:17,836 | Create Epoch [23] features of all training data...
2026-04-26 02:12:32,146 | Updated smoothed statistics on Epoch [23]!
2026-04-26 02:12:32,177 | Updated running statistics with Epoch [23] features!
2026-04-26 02:12:39,110 | Val: [ 0/25]	Time  6.932 ( 6.932)	Loss (MSE) 224.067 (224.067)	Loss (L1) 13.631 (13.631)
2026-04-26 02:12:43,062 | Val: [10/25]	Time  0.083 ( 0.989)	Loss (MSE) 102.768 (123.447)	Loss (L1) 8.590 (9.159)
2026-04-26 02:12:43,891 | Val: [20/25]	Time  0.083 ( 0.558)	Loss (MSE) 248.078 (132.130)	Loss (L1) 13.647 (9.442)
2026-04-26 02:12:44,438 |  * Overall: MSE 162.355	L1 10.510	G-Mean 7.304
2026-04-26 02:12:44,438 |  * Many: MSE 123.264	L1 9.067	G-Mean 6.176
2026-04-26 02:12:44,438 |  * Median: MSE 217.117	L1 12.589	G-Mean 9.391
2026-04-26 02:12:44,438 |  * Low: MSE 372.004	L1 18.042	G-Mean 16.922
2026-04-26 02:12:44,439 | Best L1 Loss: 9.948
2026-04-26 02:12:44,663 | Epoch #23: Train loss [5.1053]; Val loss: MSE [162.3548], L1 [10.5102], G-Mean [7.3038]
2026-04-26 02:12:56,931 | Epoch: [24][  0/254]	Time  12.27 ( 12.27)	Data 12.0446 (12.0446)	Loss (L1) 4.685 (4.685)
2026-04-26 02:13:01,273 | Epoch: [24][ 10/254]	Time   0.31 (  1.51)	Data 0.0002 (1.2127)	Loss (L1) 5.455 (5.147)
2026-04-26 02:13:04,321 | Epoch: [24][ 20/254]	Time   0.33 (  0.94)	Data 0.0002 (0.6353)	Loss (L1) 5.619 (5.006)
2026-04-26 02:13:07,373 | Epoch: [24][ 30/254]	Time   0.30 (  0.73)	Data 0.0003 (0.4309)	Loss (L1) 4.802 (5.038)
2026-04-26 02:13:10,538 | Epoch: [24][ 40/254]	Time   0.35 (  0.63)	Data 0.0002 (0.3259)	Loss (L1) 4.674 (5.051)
2026-04-26 02:13:13,722 | Epoch: [24][ 50/254]	Time   0.31 (  0.57)	Data 0.0002 (0.2622)	Loss (L1) 5.553 (5.033)
2026-04-26 02:13:16,801 | Epoch: [24][ 60/254]	Time   0.30 (  0.53)	Data 0.0002 (0.2193)	Loss (L1) 4.719 (5.035)
2026-04-26 02:13:19,881 | Epoch: [24][ 70/254]	Time   0.30 (  0.50)	Data 0.0002 (0.1884)	Loss (L1) 5.413 (5.052)
2026-04-26 02:13:22,991 | Epoch: [24][ 80/254]	Time   0.31 (  0.47)	Data 0.0086 (0.1653)	Loss (L1) 4.638 (5.013)
2026-04-26 02:13:26,021 | Epoch: [24][ 90/254]	Time   0.31 (  0.45)	Data 0.0003 (0.1472)	Loss (L1) 5.241 (5.007)
2026-04-26 02:13:29,093 | Epoch: [24][100/254]	Time   0.29 (  0.44)	Data 0.0002 (0.1326)	Loss (L1) 4.726 (5.029)
2026-04-26 02:13:32,184 | Epoch: [24][110/254]	Time   0.31 (  0.43)	Data 0.0002 (0.1207)	Loss (L1) 5.861 (5.048)
2026-04-26 02:13:35,218 | Epoch: [24][120/254]	Time   0.30 (  0.42)	Data 0.0002 (0.1107)	Loss (L1) 5.365 (5.045)
2026-04-26 02:13:38,227 | Epoch: [24][130/254]	Time   0.31 (  0.41)	Data 0.0002 (0.1023)	Loss (L1) 4.717 (5.036)
2026-04-26 02:13:41,237 | Epoch: [24][140/254]	Time   0.30 (  0.40)	Data 0.0003 (0.0953)	Loss (L1) 4.653 (5.030)
2026-04-26 02:13:44,236 | Epoch: [24][150/254]	Time   0.30 (  0.39)	Data 0.0002 (0.0890)	Loss (L1) 5.888 (5.022)
2026-04-26 02:13:47,271 | Epoch: [24][160/254]	Time   0.31 (  0.39)	Data 0.0002 (0.0835)	Loss (L1) 5.605 (5.041)
2026-04-26 02:13:50,289 | Epoch: [24][170/254]	Time   0.31 (  0.38)	Data 0.0002 (0.0787)	Loss (L1) 5.075 (5.032)
2026-04-26 02:13:53,253 | Epoch: [24][180/254]	Time   0.30 (  0.38)	Data 0.0003 (0.0744)	Loss (L1) 4.740 (5.032)
2026-04-26 02:13:56,252 | Epoch: [24][190/254]	Time   0.32 (  0.37)	Data 0.0002 (0.0706)	Loss (L1) 4.763 (5.019)
2026-04-26 02:13:59,224 | Epoch: [24][200/254]	Time   0.29 (  0.37)	Data 0.0002 (0.0671)	Loss (L1) 4.648 (5.005)
2026-04-26 02:14:02,157 | Epoch: [24][210/254]	Time   0.29 (  0.37)	Data 0.0001 (0.0640)	Loss (L1) 5.081 (5.001)
2026-04-26 02:14:05,091 | Epoch: [24][220/254]	Time   0.29 (  0.36)	Data 0.0001 (0.0611)	Loss (L1) 7.522 (5.024)
2026-04-26 02:14:08,033 | Epoch: [24][230/254]	Time   0.30 (  0.36)	Data 0.0001 (0.0584)	Loss (L1) 5.129 (5.034)
2026-04-26 02:14:10,968 | Epoch: [24][240/254]	Time   0.30 (  0.36)	Data 0.0001 (0.0560)	Loss (L1) 5.323 (5.037)
2026-04-26 02:14:13,912 | Epoch: [24][250/254]	Time   0.29 (  0.36)	Data 0.0002 (0.0538)	Loss (L1) 5.421 (5.044)
2026-04-26 02:14:15,014 | Create Epoch [24] features of all training data...
2026-04-26 02:15:29,703 | Updated smoothed statistics on Epoch [24]!
2026-04-26 02:15:29,735 | Updated running statistics with Epoch [24] features!
2026-04-26 02:15:37,612 | Val: [ 0/25]	Time  7.875 ( 7.875)	Loss (MSE) 284.526 (284.526)	Loss (L1) 15.213 (15.213)
2026-04-26 02:15:41,299 | Val: [10/25]	Time  0.083 ( 1.051)	Loss (MSE) 96.645 (136.985)	Loss (L1) 8.243 (9.647)
2026-04-26 02:15:42,128 | Val: [20/25]	Time  0.083 ( 0.590)	Loss (MSE) 269.095 (143.622)	Loss (L1) 14.296 (9.774)
2026-04-26 02:15:42,674 |  * Overall: MSE 173.220	L1 10.827	G-Mean 7.526
2026-04-26 02:15:42,674 |  * Many: MSE 128.137	L1 9.174	G-Mean 6.272
2026-04-26 02:15:42,674 |  * Median: MSE 247.568	L1 13.562	G-Mean 10.148
2026-04-26 02:15:42,674 |  * Low: MSE 374.409	L1 18.168	G-Mean 17.053
2026-04-26 02:15:42,675 | Best L1 Loss: 9.948
2026-04-26 02:15:42,911 | Epoch #24: Train loss [5.0434]; Val loss: MSE [173.2201], L1 [10.8269], G-Mean [7.5255]
2026-04-26 02:15:55,407 | Epoch: [25][  0/254]	Time  12.50 ( 12.50)	Data 12.3360 (12.3360)	Loss (L1) 5.491 (5.491)
2026-04-26 02:15:58,500 | Epoch: [25][ 10/254]	Time   0.33 (  1.42)	Data 0.0002 (1.1238)	Loss (L1) 4.632 (5.184)
2026-04-26 02:16:01,568 | Epoch: [25][ 20/254]	Time   0.31 (  0.89)	Data 0.0002 (0.5888)	Loss (L1) 5.574 (5.194)
2026-04-26 02:16:04,644 | Epoch: [25][ 30/254]	Time   0.31 (  0.70)	Data 0.0002 (0.3989)	Loss (L1) 4.419 (5.050)
2026-04-26 02:16:07,820 | Epoch: [25][ 40/254]	Time   0.31 (  0.61)	Data 0.0002 (0.3028)	Loss (L1) 6.500 (5.082)
2026-04-26 02:16:11,066 | Epoch: [25][ 50/254]	Time   0.35 (  0.55)	Data 0.0002 (0.2435)	Loss (L1) 5.046 (5.213)
2026-04-26 02:16:14,055 | Epoch: [25][ 60/254]	Time   0.30 (  0.51)	Data 0.0002 (0.2036)	Loss (L1) 5.695 (5.205)
2026-04-26 02:16:17,086 | Epoch: [25][ 70/254]	Time   0.34 (  0.48)	Data 0.0003 (0.1750)	Loss (L1) 4.951 (5.238)
2026-04-26 02:16:20,121 | Epoch: [25][ 80/254]	Time   0.34 (  0.46)	Data 0.0002 (0.1535)	Loss (L1) 5.231 (5.291)
2026-04-26 02:16:23,161 | Epoch: [25][ 90/254]	Time   0.32 (  0.44)	Data 0.0002 (0.1366)	Loss (L1) 3.960 (5.252)
2026-04-26 02:16:26,324 | Epoch: [25][100/254]	Time   0.30 (  0.43)	Data 0.0002 (0.1231)	Loss (L1) 4.335 (5.198)
2026-04-26 02:16:29,474 | Epoch: [25][110/254]	Time   0.30 (  0.42)	Data 0.0002 (0.1120)	Loss (L1) 5.606 (5.168)
2026-04-26 02:16:32,512 | Epoch: [25][120/254]	Time   0.30 (  0.41)	Data 0.0003 (0.1028)	Loss (L1) 5.383 (5.159)
2026-04-26 02:16:35,593 | Epoch: [25][130/254]	Time   0.32 (  0.40)	Data 0.0002 (0.0950)	Loss (L1) 5.594 (5.154)
2026-04-26 02:16:38,665 | Epoch: [25][140/254]	Time   0.28 (  0.40)	Data 0.0002 (0.0883)	Loss (L1) 5.556 (5.155)
2026-04-26 02:16:41,697 | Epoch: [25][150/254]	Time   0.30 (  0.39)	Data 0.0002 (0.0825)	Loss (L1) 4.467 (5.127)
2026-04-26 02:16:44,645 | Epoch: [25][160/254]	Time   0.29 (  0.38)	Data 0.0002 (0.0774)	Loss (L1) 4.682 (5.103)
2026-04-26 02:16:47,588 | Epoch: [25][170/254]	Time   0.29 (  0.38)	Data 0.0002 (0.0729)	Loss (L1) 4.930 (5.090)
2026-04-26 02:16:50,544 | Epoch: [25][180/254]	Time   0.29 (  0.37)	Data 0.0003 (0.0689)	Loss (L1) 4.699 (5.092)
2026-04-26 02:16:53,657 | Epoch: [25][190/254]	Time   0.30 (  0.37)	Data 0.0001 (0.0654)	Loss (L1) 5.118 (5.088)
2026-04-26 02:16:56,672 | Epoch: [25][200/254]	Time   0.31 (  0.37)	Data 0.0001 (0.0622)	Loss (L1) 5.854 (5.096)
2026-04-26 02:16:59,892 | Epoch: [25][210/254]	Time   0.34 (  0.36)	Data 0.0001 (0.0592)	Loss (L1) 4.578 (5.085)
2026-04-26 02:17:02,924 | Epoch: [25][220/254]	Time   0.31 (  0.36)	Data 0.0001 (0.0566)	Loss (L1) 4.471 (5.077)
2026-04-26 02:17:05,887 | Epoch: [25][230/254]	Time   0.29 (  0.36)	Data 0.0001 (0.0541)	Loss (L1) 4.840 (5.076)
2026-04-26 02:17:08,826 | Epoch: [25][240/254]	Time   0.29 (  0.36)	Data 0.0001 (0.0519)	Loss (L1) 5.036 (5.075)
2026-04-26 02:17:11,763 | Epoch: [25][250/254]	Time   0.29 (  0.35)	Data 0.0001 (0.0498)	Loss (L1) 4.499 (5.073)
2026-04-26 02:17:12,867 | Create Epoch [25] features of all training data...
2026-04-26 02:18:27,337 | Updated smoothed statistics on Epoch [25]!
2026-04-26 02:18:27,365 | Updated running statistics with Epoch [25] features!
2026-04-26 02:18:36,966 | Val: [ 0/25]	Time  9.599 ( 9.599)	Loss (MSE) 269.768 (269.768)	Loss (L1) 15.038 (15.038)
2026-04-26 02:18:38,625 | Val: [10/25]	Time  0.083 ( 1.024)	Loss (MSE) 93.491 (136.792)	Loss (L1) 8.130 (9.829)
2026-04-26 02:18:39,454 | Val: [20/25]	Time  0.083 ( 0.576)	Loss (MSE) 229.835 (132.584)	Loss (L1) 13.305 (9.492)
2026-04-26 02:18:40,016 |  * Overall: MSE 165.057	L1 10.627	G-Mean 7.504
2026-04-26 02:18:40,016 |  * Many: MSE 116.534	L1 8.806	G-Mean 6.116
2026-04-26 02:18:40,017 |  * Median: MSE 233.673	L1 13.475	G-Mean 10.590
2026-04-26 02:18:40,017 |  * Low: MSE 422.970	L1 19.314	G-Mean 18.206
2026-04-26 02:18:40,017 | Best L1 Loss: 9.948
2026-04-26 02:18:40,248 | Epoch #25: Train loss [5.0759]; Val loss: MSE [165.0574], L1 [10.6265], G-Mean [7.5036]
2026-04-26 02:18:51,252 | Epoch: [26][  0/254]	Time  11.00 ( 11.00)	Data 10.7678 (10.7678)	Loss (L1) 5.342 (5.342)
2026-04-26 02:18:56,208 | Epoch: [26][ 10/254]	Time   0.30 (  1.45)	Data 0.0001 (1.1676)	Loss (L1) 5.484 (5.003)
2026-04-26 02:18:59,355 | Epoch: [26][ 20/254]	Time   0.35 (  0.91)	Data 0.0004 (0.6118)	Loss (L1) 5.505 (4.921)
2026-04-26 02:19:02,437 | Epoch: [26][ 30/254]	Time   0.31 (  0.72)	Data 0.0002 (0.4150)	Loss (L1) 4.173 (4.871)
2026-04-26 02:19:05,388 | Epoch: [26][ 40/254]	Time   0.30 (  0.61)	Data 0.0003 (0.3138)	Loss (L1) 5.057 (4.878)
2026-04-26 02:19:08,362 | Epoch: [26][ 50/254]	Time   0.29 (  0.55)	Data 0.0002 (0.2523)	Loss (L1) 5.278 (4.935)
2026-04-26 02:19:11,279 | Epoch: [26][ 60/254]	Time   0.29 (  0.51)	Data 0.0001 (0.2110)	Loss (L1) 5.009 (4.929)
2026-04-26 02:19:18,284 | Epoch: [26][ 70/254]	Time   0.32 (  0.54)	Data 0.0004 (0.2399)	Loss (L1) 4.770 (4.937)
2026-04-26 02:19:21,482 | Epoch: [26][ 80/254]	Time   0.31 (  0.51)	Data 0.0002 (0.2103)	Loss (L1) 4.626 (4.939)
2026-04-26 02:19:24,471 | Epoch: [26][ 90/254]	Time   0.31 (  0.49)	Data 0.0002 (0.1872)	Loss (L1) 5.109 (4.929)
2026-04-26 02:19:28,722 | Epoch: [26][100/254]	Time   0.29 (  0.48)	Data 0.0002 (0.1819)	Loss (L1) 3.792 (4.903)
2026-04-26 02:19:31,690 | Epoch: [26][110/254]	Time   0.29 (  0.46)	Data 0.0002 (0.1656)	Loss (L1) 4.201 (4.928)
2026-04-26 02:19:34,784 | Epoch: [26][120/254]	Time   0.31 (  0.45)	Data 0.0002 (0.1521)	Loss (L1) 4.360 (4.911)
2026-04-26 02:19:37,937 | Epoch: [26][130/254]	Time   0.29 (  0.44)	Data 0.0002 (0.1405)	Loss (L1) 4.223 (4.894)
2026-04-26 02:19:40,967 | Epoch: [26][140/254]	Time   0.31 (  0.43)	Data 0.0001 (0.1306)	Loss (L1) 5.373 (4.893)
2026-04-26 02:19:44,116 | Epoch: [26][150/254]	Time   0.32 (  0.42)	Data 0.0002 (0.1222)	Loss (L1) 5.904 (4.899)
2026-04-26 02:19:47,151 | Epoch: [26][160/254]	Time   0.30 (  0.42)	Data 0.0002 (0.1147)	Loss (L1) 4.766 (4.885)
2026-04-26 02:19:50,170 | Epoch: [26][170/254]	Time   0.28 (  0.41)	Data 0.0002 (0.1080)	Loss (L1) 5.434 (4.882)
2026-04-26 02:19:53,155 | Epoch: [26][180/254]	Time   0.30 (  0.40)	Data 0.0002 (0.1020)	Loss (L1) 4.997 (4.897)
2026-04-26 02:19:56,223 | Epoch: [26][190/254]	Time   0.34 (  0.40)	Data 0.0001 (0.0969)	Loss (L1) 4.758 (4.911)
2026-04-26 02:19:59,589 | Epoch: [26][200/254]	Time   0.31 (  0.39)	Data 0.0001 (0.0936)	Loss (L1) 4.883 (4.928)
2026-04-26 02:20:02,603 | Epoch: [26][210/254]	Time   0.29 (  0.39)	Data 0.0001 (0.0892)	Loss (L1) 6.669 (4.937)
2026-04-26 02:20:05,579 | Epoch: [26][220/254]	Time   0.29 (  0.39)	Data 0.0002 (0.0851)	Loss (L1) 4.661 (4.931)
2026-04-26 02:20:08,526 | Epoch: [26][230/254]	Time   0.29 (  0.38)	Data 0.0001 (0.0815)	Loss (L1) 5.040 (4.940)
2026-04-26 02:20:11,474 | Epoch: [26][240/254]	Time   0.29 (  0.38)	Data 0.0001 (0.0781)	Loss (L1) 4.418 (4.936)
2026-04-26 02:20:14,421 | Epoch: [26][250/254]	Time   0.30 (  0.38)	Data 0.0001 (0.0750)	Loss (L1) 4.815 (4.950)
2026-04-26 02:20:15,518 | Create Epoch [26] features of all training data...
2026-04-26 02:21:55,702 | Updated smoothed statistics on Epoch [26]!
2026-04-26 02:21:55,732 | Updated running statistics with Epoch [26] features!
2026-04-26 02:22:06,269 | Val: [ 0/25]	Time 10.536 (10.536)	Loss (MSE) 260.158 (260.158)	Loss (L1) 15.007 (15.007)
2026-04-26 02:22:07,098 | Val: [10/25]	Time  0.083 ( 1.033)	Loss (MSE) 81.819 (127.810)	Loss (L1) 7.639 (9.550)
2026-04-26 02:22:07,927 | Val: [20/25]	Time  0.083 ( 0.581)	Loss (MSE) 241.009 (127.047)	Loss (L1) 13.890 (9.346)
2026-04-26 02:22:08,489 |  * Overall: MSE 160.326	L1 10.559	G-Mean 7.531
2026-04-26 02:22:08,489 |  * Many: MSE 110.815	L1 8.598	G-Mean 5.943
2026-04-26 02:22:08,489 |  * Median: MSE 231.624	L1 13.722	G-Mean 11.578
2026-04-26 02:22:08,489 |  * Low: MSE 418.837	L1 19.575	G-Mean 18.751
2026-04-26 02:22:08,490 | Best L1 Loss: 9.948
2026-04-26 02:22:08,704 | Epoch #26: Train loss [4.9496]; Val loss: MSE [160.3264], L1 [10.5594], G-Mean [7.5307]
2026-04-26 02:22:20,738 | Epoch: [27][  0/254]	Time  12.03 ( 12.03)	Data 11.7511 (11.7511)	Loss (L1) 4.652 (4.652)
2026-04-26 02:22:25,103 | Epoch: [27][ 10/254]	Time   0.31 (  1.49)	Data 0.0002 (1.1942)	Loss (L1) 5.360 (4.792)
2026-04-26 02:22:28,155 | Epoch: [27][ 20/254]	Time   0.31 (  0.93)	Data 0.0002 (0.6256)	Loss (L1) 4.403 (4.930)
2026-04-26 02:22:31,393 | Epoch: [27][ 30/254]	Time   0.41 (  0.73)	Data 0.0003 (0.4239)	Loss (L1) 4.514 (4.932)
2026-04-26 02:22:34,526 | Epoch: [27][ 40/254]	Time   0.31 (  0.63)	Data 0.0002 (0.3206)	Loss (L1) 4.370 (4.859)
2026-04-26 02:22:37,585 | Epoch: [27][ 50/254]	Time   0.27 (  0.57)	Data 0.0003 (0.2578)	Loss (L1) 4.448 (4.834)
2026-04-26 02:22:40,618 | Epoch: [27][ 60/254]	Time   0.31 (  0.52)	Data 0.0002 (0.2156)	Loss (L1) 5.181 (4.772)
2026-04-26 02:22:43,725 | Epoch: [27][ 70/254]	Time   0.32 (  0.49)	Data 0.0002 (0.1856)	Loss (L1) 4.769 (4.789)
2026-04-26 02:22:46,957 | Epoch: [27][ 80/254]	Time   0.36 (  0.47)	Data 0.0002 (0.1627)	Loss (L1) 6.289 (4.823)
2026-04-26 02:22:49,980 | Epoch: [27][ 90/254]	Time   0.30 (  0.45)	Data 0.0003 (0.1448)	Loss (L1) 4.836 (4.826)
2026-04-26 02:22:53,023 | Epoch: [27][100/254]	Time   0.30 (  0.44)	Data 0.0002 (0.1305)	Loss (L1) 4.590 (4.817)
2026-04-26 02:22:56,072 | Epoch: [27][110/254]	Time   0.32 (  0.43)	Data 0.0002 (0.1188)	Loss (L1) 5.445 (4.833)
2026-04-26 02:22:59,009 | Epoch: [27][120/254]	Time   0.29 (  0.42)	Data 0.0002 (0.1090)	Loss (L1) 4.723 (4.802)
2026-04-26 02:23:01,985 | Epoch: [27][130/254]	Time   0.29 (  0.41)	Data 0.0002 (0.1007)	Loss (L1) 4.554 (4.808)
2026-04-26 02:23:05,109 | Epoch: [27][140/254]	Time   0.30 (  0.40)	Data 0.0002 (0.0936)	Loss (L1) 5.116 (4.808)
2026-04-26 02:23:08,103 | Epoch: [27][150/254]	Time   0.30 (  0.39)	Data 0.0002 (0.0874)	Loss (L1) 4.915 (4.826)
2026-04-26 02:23:11,185 | Epoch: [27][160/254]	Time   0.30 (  0.39)	Data 0.0002 (0.0820)	Loss (L1) 5.434 (4.821)
2026-04-26 02:23:14,225 | Epoch: [27][170/254]	Time   0.32 (  0.38)	Data 0.0003 (0.0772)	Loss (L1) 4.434 (4.818)
2026-04-26 02:23:17,314 | Epoch: [27][180/254]	Time   0.34 (  0.38)	Data 0.0003 (0.0729)	Loss (L1) 4.540 (4.829)
2026-04-26 02:23:20,310 | Epoch: [27][190/254]	Time   0.31 (  0.37)	Data 0.0001 (0.0693)	Loss (L1) 6.120 (4.829)
2026-04-26 02:23:23,298 | Epoch: [27][200/254]	Time   0.29 (  0.37)	Data 0.0001 (0.0658)	Loss (L1) 5.446 (4.843)
2026-04-26 02:23:26,233 | Epoch: [27][210/254]	Time   0.29 (  0.37)	Data 0.0001 (0.0627)	Loss (L1) 4.747 (4.844)
2026-04-26 02:23:29,175 | Epoch: [27][220/254]	Time   0.29 (  0.36)	Data 0.0001 (0.0599)	Loss (L1) 5.817 (4.839)
2026-04-26 02:23:32,108 | Epoch: [27][230/254]	Time   0.29 (  0.36)	Data 0.0001 (0.0573)	Loss (L1) 4.637 (4.843)
2026-04-26 02:23:35,041 | Epoch: [27][240/254]	Time   0.29 (  0.36)	Data 0.0001 (0.0549)	Loss (L1) 4.928 (4.851)
2026-04-26 02:23:37,979 | Epoch: [27][250/254]	Time   0.29 (  0.36)	Data 0.0001 (0.0527)	Loss (L1) 4.519 (4.855)
2026-04-26 02:23:39,096 | Create Epoch [27] features of all training data...
2026-04-26 02:25:03,027 | Updated smoothed statistics on Epoch [27]!
2026-04-26 02:25:03,056 | Updated running statistics with Epoch [27] features!
2026-04-26 02:25:13,344 | Val: [ 0/25]	Time 10.287 (10.287)	Loss (MSE) 275.595 (275.595)	Loss (L1) 15.485 (15.485)
2026-04-26 02:25:14,176 | Val: [10/25]	Time  0.083 ( 1.011)	Loss (MSE) 105.386 (134.900)	Loss (L1) 8.730 (9.665)
2026-04-26 02:25:15,004 | Val: [20/25]	Time  0.083 ( 0.569)	Loss (MSE) 256.180 (141.455)	Loss (L1) 13.515 (9.748)
2026-04-26 02:25:15,558 |  * Overall: MSE 168.447	L1 10.696	G-Mean 7.406
2026-04-26 02:25:15,558 |  * Many: MSE 128.872	L1 9.173	G-Mean 6.100
2026-04-26 02:25:15,558 |  * Median: MSE 229.731	L1 13.129	G-Mean 10.350
2026-04-26 02:25:15,558 |  * Low: MSE 359.498	L1 17.774	G-Mean 16.697
2026-04-26 02:25:15,559 | Best L1 Loss: 9.948
2026-04-26 02:25:15,792 | Epoch #27: Train loss [4.8543]; Val loss: MSE [168.4474], L1 [10.6957], G-Mean [7.4063]
2026-04-26 02:25:24,683 | Epoch: [28][  0/254]	Time   8.89 (  8.89)	Data 8.6863 (8.6863)	Loss (L1) 4.959 (4.959)
2026-04-26 02:25:29,984 | Epoch: [28][ 10/254]	Time   0.30 (  1.29)	Data 0.0002 (1.0229)	Loss (L1) 4.610 (4.988)
2026-04-26 02:25:32,954 | Epoch: [28][ 20/254]	Time   0.29 (  0.82)	Data 0.0003 (0.5359)	Loss (L1) 5.025 (5.010)
2026-04-26 02:25:35,883 | Epoch: [28][ 30/254]	Time   0.29 (  0.65)	Data 0.0001 (0.3631)	Loss (L1) 5.450 (4.936)
2026-04-26 02:25:43,409 | Epoch: [28][ 40/254]	Time   0.30 (  0.67)	Data 0.0002 (0.3926)	Loss (L1) 4.497 (4.838)
2026-04-26 02:25:46,440 | Epoch: [28][ 50/254]	Time   0.30 (  0.60)	Data 0.0002 (0.3157)	Loss (L1) 4.449 (4.843)
2026-04-26 02:25:49,554 | Epoch: [28][ 60/254]	Time   0.28 (  0.55)	Data 0.0002 (0.2640)	Loss (L1) 4.617 (4.858)
2026-04-26 02:25:52,647 | Epoch: [28][ 70/254]	Time   0.29 (  0.52)	Data 0.0003 (0.2271)	Loss (L1) 4.451 (4.834)
2026-04-26 02:25:55,722 | Epoch: [28][ 80/254]	Time   0.31 (  0.49)	Data 0.0002 (0.1991)	Loss (L1) 4.943 (4.813)
2026-04-26 02:25:58,960 | Epoch: [28][ 90/254]	Time   0.32 (  0.47)	Data 0.0002 (0.1774)	Loss (L1) 4.696 (4.845)
2026-04-26 02:26:01,961 | Epoch: [28][100/254]	Time   0.29 (  0.46)	Data 0.0002 (0.1598)	Loss (L1) 5.051 (4.870)
2026-04-26 02:26:05,026 | Epoch: [28][110/254]	Time   0.31 (  0.44)	Data 0.0002 (0.1454)	Loss (L1) 4.707 (4.859)
2026-04-26 02:26:08,087 | Epoch: [28][120/254]	Time   0.30 (  0.43)	Data 0.0002 (0.1334)	Loss (L1) 4.868 (4.841)
2026-04-26 02:26:11,022 | Epoch: [28][130/254]	Time   0.29 (  0.42)	Data 0.0003 (0.1233)	Loss (L1) 4.460 (4.831)
2026-04-26 02:26:13,969 | Epoch: [28][140/254]	Time   0.30 (  0.41)	Data 0.0003 (0.1145)	Loss (L1) 5.682 (4.839)
2026-04-26 02:26:21,302 | Epoch: [28][150/254]	Time   0.30 (  0.43)	Data 0.0002 (0.1368)	Loss (L1) 4.977 (4.855)
2026-04-26 02:26:28,018 | Epoch: [28][160/254]	Time   4.04 (  0.45)	Data 3.8311 (0.1521)	Loss (L1) 4.631 (4.855)
2026-04-26 02:26:31,541 | Epoch: [28][170/254]	Time   0.30 (  0.44)	Data 0.0002 (0.1470)	Loss (L1) 5.101 (4.864)
2026-04-26 02:26:34,806 | Epoch: [28][180/254]	Time   0.37 (  0.44)	Data 0.0002 (0.1389)	Loss (L1) 4.300 (4.860)
2026-04-26 02:26:37,887 | Epoch: [28][190/254]	Time   0.29 (  0.43)	Data 0.0002 (0.1318)	Loss (L1) 4.698 (4.863)
2026-04-26 02:26:40,886 | Epoch: [28][200/254]	Time   0.31 (  0.42)	Data 0.0001 (0.1252)	Loss (L1) 4.153 (4.855)
2026-04-26 02:26:43,909 | Epoch: [28][210/254]	Time   0.30 (  0.42)	Data 0.0001 (0.1193)	Loss (L1) 4.629 (4.869)
2026-04-26 02:26:46,855 | Epoch: [28][220/254]	Time   0.30 (  0.41)	Data 0.0001 (0.1139)	Loss (L1) 5.459 (4.881)
2026-04-26 02:26:49,788 | Epoch: [28][230/254]	Time   0.29 (  0.41)	Data 0.0001 (0.1090)	Loss (L1) 4.770 (4.884)
2026-04-26 02:26:52,725 | Epoch: [28][240/254]	Time   0.30 (  0.40)	Data 0.0001 (0.1044)	Loss (L1) 5.355 (4.882)
2026-04-26 02:26:55,659 | Epoch: [28][250/254]	Time   0.30 (  0.40)	Data 0.0001 (0.1003)	Loss (L1) 5.942 (4.877)
2026-04-26 02:26:56,766 | Create Epoch [28] features of all training data...
2026-04-26 02:28:11,914 | Updated smoothed statistics on Epoch [28]!
2026-04-26 02:28:11,944 | Updated running statistics with Epoch [28] features!
2026-04-26 02:28:22,026 | Val: [ 0/25]	Time 10.081 (10.081)	Loss (MSE) 320.922 (320.922)	Loss (L1) 16.562 (16.562)
2026-04-26 02:28:23,030 | Val: [10/25]	Time  0.083 ( 1.008)	Loss (MSE) 97.873 (152.768)	Loss (L1) 8.518 (10.424)
2026-04-26 02:28:23,859 | Val: [20/25]	Time  0.083 ( 0.567)	Loss (MSE) 227.777 (139.848)	Loss (L1) 12.908 (9.740)
2026-04-26 02:28:24,415 |  * Overall: MSE 165.230	L1 10.654	G-Mean 7.455
2026-04-26 02:28:24,415 |  * Many: MSE 119.463	L1 8.933	G-Mean 6.062
2026-04-26 02:28:24,415 |  * Median: MSE 239.661	L1 13.559	G-Mean 10.777
2026-04-26 02:28:24,415 |  * Low: MSE 373.265	L1 18.096	G-Mean 16.983
2026-04-26 02:28:24,416 | Best L1 Loss: 9.948
2026-04-26 02:28:24,635 | Epoch #28: Train loss [4.8708]; Val loss: MSE [165.2303], L1 [10.6542], G-Mean [7.4551]
2026-04-26 02:28:49,704 | Epoch: [29][  0/254]	Time  25.07 ( 25.07)	Data 24.9252 (24.9252)	Loss (L1) 5.025 (5.025)
2026-04-26 02:28:55,365 | Epoch: [29][ 10/254]	Time   0.30 (  2.79)	Data 0.0002 (2.5203)	Loss (L1) 5.175 (4.802)
2026-04-26 02:28:58,385 | Epoch: [29][ 20/254]	Time   0.29 (  1.61)	Data 0.0002 (1.3203)	Loss (L1) 5.340 (4.714)
2026-04-26 02:29:01,427 | Epoch: [29][ 30/254]	Time   0.33 (  1.19)	Data 0.0106 (0.8948)	Loss (L1) 4.638 (4.716)
2026-04-26 02:29:05,415 | Epoch: [29][ 40/254]	Time   0.32 (  0.99)	Data 0.0002 (0.6984)	Loss (L1) 4.523 (4.745)
2026-04-26 02:29:08,555 | Epoch: [29][ 50/254]	Time   0.32 (  0.86)	Data 0.0002 (0.5615)	Loss (L1) 5.430 (4.760)
2026-04-26 02:29:11,623 | Epoch: [29][ 60/254]	Time   0.31 (  0.77)	Data 0.0002 (0.4696)	Loss (L1) 5.442 (4.779)
2026-04-26 02:29:14,687 | Epoch: [29][ 70/254]	Time   0.30 (  0.70)	Data 0.0002 (0.4035)	Loss (L1) 5.004 (4.789)
2026-04-26 02:29:17,731 | Epoch: [29][ 80/254]	Time   0.31 (  0.66)	Data 0.0002 (0.3537)	Loss (L1) 4.518 (4.787)
2026-04-26 02:29:20,820 | Epoch: [29][ 90/254]	Time   0.31 (  0.62)	Data 0.0003 (0.3149)	Loss (L1) 4.429 (4.774)
2026-04-26 02:29:23,831 | Epoch: [29][100/254]	Time   0.30 (  0.59)	Data 0.0003 (0.2837)	Loss (L1) 5.059 (4.780)
2026-04-26 02:29:26,905 | Epoch: [29][110/254]	Time   0.30 (  0.56)	Data 0.0002 (0.2582)	Loss (L1) 4.222 (4.752)
2026-04-26 02:29:30,053 | Epoch: [29][120/254]	Time   0.29 (  0.54)	Data 0.0001 (0.2369)	Loss (L1) 4.091 (4.743)
2026-04-26 02:29:32,998 | Epoch: [29][130/254]	Time   0.29 (  0.52)	Data 0.0002 (0.2189)	Loss (L1) 4.832 (4.736)
2026-04-26 02:29:36,062 | Epoch: [29][140/254]	Time   0.29 (  0.51)	Data 0.0002 (0.2053)	Loss (L1) 4.822 (4.733)
2026-04-26 02:29:39,004 | Epoch: [29][150/254]	Time   0.30 (  0.49)	Data 0.0001 (0.1917)	Loss (L1) 4.573 (4.723)
2026-04-26 02:29:45,176 | Epoch: [29][160/254]	Time   3.44 (  0.50)	Data 3.2535 (0.2000)	Loss (L1) 4.632 (4.743)
2026-04-26 02:29:49,743 | Epoch: [29][170/254]	Time   0.29 (  0.50)	Data 0.0002 (0.1981)	Loss (L1) 5.004 (4.758)
2026-04-26 02:29:52,868 | Epoch: [29][180/254]	Time   0.33 (  0.49)	Data 0.0002 (0.1872)	Loss (L1) 4.325 (4.765)
2026-04-26 02:29:56,078 | Epoch: [29][190/254]	Time   0.34 (  0.48)	Data 0.0002 (0.1775)	Loss (L1) 4.974 (4.773)
2026-04-26 02:29:59,142 | Epoch: [29][200/254]	Time   0.33 (  0.47)	Data 0.0001 (0.1687)	Loss (L1) 4.365 (4.774)
2026-04-26 02:30:02,227 | Epoch: [29][210/254]	Time   0.30 (  0.46)	Data 0.0001 (0.1607)	Loss (L1) 4.555 (4.763)
2026-04-26 02:30:05,202 | Epoch: [29][220/254]	Time   0.29 (  0.46)	Data 0.0001 (0.1534)	Loss (L1) 4.395 (4.759)
2026-04-26 02:30:08,138 | Epoch: [29][230/254]	Time   0.30 (  0.45)	Data 0.0001 (0.1468)	Loss (L1) 5.369 (4.773)
2026-04-26 02:30:11,074 | Epoch: [29][240/254]	Time   0.29 (  0.44)	Data 0.0001 (0.1407)	Loss (L1) 4.918 (4.761)
2026-04-26 02:30:14,012 | Epoch: [29][250/254]	Time   0.29 (  0.44)	Data 0.0001 (0.1351)	Loss (L1) 4.394 (4.761)
2026-04-26 02:30:15,096 | Create Epoch [29] features of all training data...
2026-04-26 02:31:42,541 | Updated smoothed statistics on Epoch [29]!
2026-04-26 02:31:42,571 | Updated running statistics with Epoch [29] features!
2026-04-26 02:31:51,954 | Val: [ 0/25]	Time  9.381 ( 9.381)	Loss (MSE) 331.648 (331.648)	Loss (L1) 16.713 (16.713)
2026-04-26 02:31:52,887 | Val: [10/25]	Time  0.083 ( 0.938)	Loss (MSE) 69.850 (150.660)	Loss (L1) 7.008 (10.183)
2026-04-26 02:31:53,716 | Val: [20/25]	Time  0.083 ( 0.531)	Loss (MSE) 191.624 (127.107)	Loss (L1) 12.577 (9.218)
2026-04-26 02:31:54,278 |  * Overall: MSE 157.831	L1 10.381	G-Mean 7.187
2026-04-26 02:31:54,279 |  * Many: MSE 100.929	L1 8.178	G-Mean 5.562
2026-04-26 02:31:54,279 |  * Median: MSE 247.100	L1 14.138	G-Mean 11.515
2026-04-26 02:31:54,279 |  * Low: MSE 428.348	L1 19.766	G-Mean 18.919
2026-04-26 02:31:54,280 | Best L1 Loss: 9.948
2026-04-26 02:31:54,522 | Epoch #29: Train loss [4.7565]; Val loss: MSE [157.8312], L1 [10.3811], G-Mean [7.1873]
2026-04-26 02:32:05,137 | Epoch: [30][  0/254]	Time  10.61 ( 10.61)	Data 10.4516 (10.4516)	Loss (L1) 4.590 (4.590)
2026-04-26 02:32:10,309 | Epoch: [30][ 10/254]	Time   0.29 (  1.44)	Data 0.0002 (1.1558)	Loss (L1) 5.193 (4.806)
2026-04-26 02:32:13,250 | Epoch: [30][ 20/254]	Time   0.29 (  0.89)	Data 0.0002 (0.6056)	Loss (L1) 4.434 (4.851)
2026-04-26 02:32:16,174 | Epoch: [30][ 30/254]	Time   0.29 (  0.70)	Data 0.0001 (0.4103)	Loss (L1) 4.511 (4.720)
2026-04-26 02:32:29,223 | Epoch: [30][ 40/254]	Time   0.30 (  0.85)	Data 0.0002 (0.5602)	Loss (L1) 4.681 (4.716)
2026-04-26 02:32:32,269 | Epoch: [30][ 50/254]	Time   0.32 (  0.74)	Data 0.0002 (0.4504)	Loss (L1) 4.799 (4.726)
2026-04-26 02:32:35,478 | Epoch: [30][ 60/254]	Time   0.30 (  0.67)	Data 0.0002 (0.3766)	Loss (L1) 4.699 (4.714)
2026-04-26 02:32:38,482 | Epoch: [30][ 70/254]	Time   0.32 (  0.62)	Data 0.0002 (0.3236)	Loss (L1) 4.267 (4.708)
2026-04-26 02:32:41,693 | Epoch: [30][ 80/254]	Time   0.32 (  0.58)	Data 0.0002 (0.2837)	Loss (L1) 4.543 (4.676)
2026-04-26 02:32:44,746 | Epoch: [30][ 90/254]	Time   0.29 (  0.55)	Data 0.0002 (0.2525)	Loss (L1) 4.295 (4.670)
2026-04-26 02:32:47,779 | Epoch: [30][100/254]	Time   0.28 (  0.53)	Data 0.0003 (0.2276)	Loss (L1) 4.760 (4.671)
2026-04-26 02:32:50,907 | Epoch: [30][110/254]	Time   0.32 (  0.51)	Data 0.0002 (0.2071)	Loss (L1) 3.860 (4.663)
2026-04-26 02:32:54,010 | Epoch: [30][120/254]	Time   0.28 (  0.49)	Data 0.0002 (0.1900)	Loss (L1) 4.606 (4.669)
2026-04-26 02:32:56,957 | Epoch: [30][130/254]	Time   0.30 (  0.48)	Data 0.0002 (0.1755)	Loss (L1) 4.888 (4.662)
2026-04-26 02:32:59,909 | Epoch: [30][140/254]	Time   0.30 (  0.46)	Data 0.0002 (0.1631)	Loss (L1) 4.432 (4.676)
2026-04-26 02:33:03,049 | Epoch: [30][150/254]	Time   0.29 (  0.45)	Data 0.0002 (0.1523)	Loss (L1) 4.987 (4.681)
2026-04-26 02:33:06,213 | Epoch: [30][160/254]	Time   0.31 (  0.45)	Data 0.0002 (0.1429)	Loss (L1) 4.448 (4.685)
2026-04-26 02:33:09,418 | Epoch: [30][170/254]	Time   0.31 (  0.44)	Data 0.0002 (0.1345)	Loss (L1) 3.898 (4.692)
2026-04-26 02:33:12,476 | Epoch: [30][180/254]	Time   0.33 (  0.43)	Data 0.0002 (0.1271)	Loss (L1) 4.848 (4.695)
2026-04-26 02:33:15,531 | Epoch: [30][190/254]	Time   0.30 (  0.42)	Data 0.0001 (0.1206)	Loss (L1) 4.379 (4.687)
2026-04-26 02:33:18,547 | Epoch: [30][200/254]	Time   0.30 (  0.42)	Data 0.0001 (0.1146)	Loss (L1) 5.554 (4.696)
2026-04-26 02:33:21,618 | Epoch: [30][210/254]	Time   0.30 (  0.41)	Data 0.0001 (0.1092)	Loss (L1) 3.915 (4.698)
2026-04-26 02:33:24,573 | Epoch: [30][220/254]	Time   0.30 (  0.41)	Data 0.0001 (0.1043)	Loss (L1) 4.875 (4.698)
2026-04-26 02:33:27,512 | Epoch: [30][230/254]	Time   0.29 (  0.40)	Data 0.0001 (0.0998)	Loss (L1) 4.712 (4.690)
2026-04-26 02:33:30,456 | Epoch: [30][240/254]	Time   0.29 (  0.40)	Data 0.0001 (0.0956)	Loss (L1) 4.551 (4.694)
2026-04-26 02:33:33,399 | Epoch: [30][250/254]	Time   0.29 (  0.39)	Data 0.0001 (0.0918)	Loss (L1) 4.679 (4.692)
2026-04-26 02:33:34,523 | Create Epoch [30] features of all training data...
2026-04-26 02:35:13,420 | Updated smoothed statistics on Epoch [30]!
2026-04-26 02:35:13,450 | Updated running statistics with Epoch [30] features!
2026-04-26 02:35:23,451 | Val: [ 0/25]	Time  9.999 ( 9.999)	Loss (MSE) 296.581 (296.581)	Loss (L1) 15.630 (15.630)
2026-04-26 02:35:24,537 | Val: [10/25]	Time  0.083 ( 1.008)	Loss (MSE) 93.513 (146.540)	Loss (L1) 8.035 (10.091)
2026-04-26 02:35:25,364 | Val: [20/25]	Time  0.083 ( 0.567)	Loss (MSE) 235.181 (137.502)	Loss (L1) 13.702 (9.759)
2026-04-26 02:35:25,911 |  * Overall: MSE 165.028	L1 10.801	G-Mean 7.725
2026-04-26 02:35:25,911 |  * Many: MSE 118.986	L1 9.011	G-Mean 6.257
2026-04-26 02:35:25,911 |  * Median: MSE 239.362	L1 13.805	G-Mean 11.250
2026-04-26 02:35:25,911 |  * Low: MSE 376.286	L1 18.603	G-Mean 17.868
2026-04-26 02:35:25,912 | Best L1 Loss: 9.948
2026-04-26 02:35:26,141 | Epoch #30: Train loss [4.6923]; Val loss: MSE [165.0278], L1 [10.8010], G-Mean [7.7253]
2026-04-26 02:35:39,358 | Epoch: [31][  0/254]	Time  13.22 ( 13.22)	Data 13.0320 (13.0320)	Loss (L1) 4.373 (4.373)
2026-04-26 02:35:42,283 | Epoch: [31][ 10/254]	Time   0.29 (  1.47)	Data 0.0004 (1.1850)	Loss (L1) 4.969 (4.659)
2026-04-26 02:35:45,218 | Epoch: [31][ 20/254]	Time   0.30 (  0.91)	Data 0.0002 (0.6208)	Loss (L1) 5.002 (4.658)
2026-04-26 02:35:48,144 | Epoch: [31][ 30/254]	Time   0.29 (  0.71)	Data 0.0003 (0.4206)	Loss (L1) 4.004 (4.681)
2026-04-26 02:36:02,237 | Epoch: [31][ 40/254]	Time   0.29 (  0.88)	Data 0.0002 (0.5922)	Loss (L1) 4.347 (4.667)
2026-04-26 02:36:05,244 | Epoch: [31][ 50/254]	Time   0.31 (  0.77)	Data 0.0002 (0.4761)	Loss (L1) 4.373 (4.631)
2026-04-26 02:36:08,316 | Epoch: [31][ 60/254]	Time   0.31 (  0.69)	Data 0.0002 (0.3981)	Loss (L1) 4.594 (4.660)
2026-04-26 02:36:11,316 | Epoch: [31][ 70/254]	Time   0.29 (  0.64)	Data 0.0002 (0.3421)	Loss (L1) 4.207 (4.653)
2026-04-26 02:36:14,411 | Epoch: [31][ 80/254]	Time   0.29 (  0.60)	Data 0.0003 (0.2999)	Loss (L1) 4.369 (4.655)
2026-04-26 02:36:17,454 | Epoch: [31][ 90/254]	Time   0.32 (  0.56)	Data 0.0002 (0.2672)	Loss (L1) 4.355 (4.646)
2026-04-26 02:36:20,488 | Epoch: [31][100/254]	Time   0.29 (  0.54)	Data 0.0002 (0.2407)	Loss (L1) 4.276 (4.636)
2026-04-26 02:36:23,587 | Epoch: [31][110/254]	Time   0.32 (  0.52)	Data 0.0002 (0.2191)	Loss (L1) 4.447 (4.652)
2026-04-26 02:36:26,603 | Epoch: [31][120/254]	Time   0.29 (  0.50)	Data 0.0003 (0.2010)	Loss (L1) 3.891 (4.634)
2026-04-26 02:36:29,596 | Epoch: [31][130/254]	Time   0.29 (  0.48)	Data 0.0001 (0.1857)	Loss (L1) 4.888 (4.629)
2026-04-26 02:36:32,537 | Epoch: [31][140/254]	Time   0.29 (  0.47)	Data 0.0001 (0.1725)	Loss (L1) 4.513 (4.644)
2026-04-26 02:36:35,478 | Epoch: [31][150/254]	Time   0.29 (  0.46)	Data 0.0004 (0.1611)	Loss (L1) 4.378 (4.640)
2026-04-26 02:36:38,774 | Epoch: [31][160/254]	Time   0.32 (  0.45)	Data 0.0003 (0.1511)	Loss (L1) 4.161 (4.650)
2026-04-26 02:36:41,814 | Epoch: [31][170/254]	Time   0.30 (  0.44)	Data 0.0002 (0.1423)	Loss (L1) 4.816 (4.648)
2026-04-26 02:36:44,884 | Epoch: [31][180/254]	Time   0.30 (  0.44)	Data 0.0002 (0.1345)	Loss (L1) 4.876 (4.658)
2026-04-26 02:36:47,954 | Epoch: [31][190/254]	Time   0.30 (  0.43)	Data 0.0001 (0.1276)	Loss (L1) 4.191 (4.663)
2026-04-26 02:36:51,065 | Epoch: [31][200/254]	Time   0.30 (  0.42)	Data 0.0001 (0.1224)	Loss (L1) 4.917 (4.672)
2026-04-26 02:36:54,119 | Epoch: [31][210/254]	Time   0.32 (  0.42)	Data 0.0001 (0.1166)	Loss (L1) 4.089 (4.678)
2026-04-26 02:36:57,072 | Epoch: [31][220/254]	Time   0.29 (  0.41)	Data 0.0001 (0.1113)	Loss (L1) 4.448 (4.677)
2026-04-26 02:37:00,009 | Epoch: [31][230/254]	Time   0.29 (  0.41)	Data 0.0001 (0.1065)	Loss (L1) 5.160 (4.679)
2026-04-26 02:37:02,947 | Epoch: [31][240/254]	Time   0.29 (  0.40)	Data 0.0001 (0.1021)	Loss (L1) 4.258 (4.689)
2026-04-26 02:37:05,890 | Epoch: [31][250/254]	Time   0.30 (  0.40)	Data 0.0001 (0.0980)	Loss (L1) 4.841 (4.691)
2026-04-26 02:37:06,981 | Create Epoch [31] features of all training data...
2026-04-26 02:38:48,774 | Updated smoothed statistics on Epoch [31]!
2026-04-26 02:38:48,804 | Updated running statistics with Epoch [31] features!
2026-04-26 02:38:57,919 | Val: [ 0/25]	Time  9.114 ( 9.114)	Loss (MSE) 287.484 (287.484)	Loss (L1) 15.193 (15.193)
2026-04-26 02:38:59,938 | Val: [10/25]	Time  0.082 ( 1.012)	Loss (MSE) 96.506 (146.562)	Loss (L1) 8.221 (10.124)
2026-04-26 02:39:00,766 | Val: [20/25]	Time  0.082 ( 0.570)	Loss (MSE) 251.171 (143.689)	Loss (L1) 13.617 (9.808)
2026-04-26 02:39:01,304 |  * Overall: MSE 169.898	L1 10.769	G-Mean 7.525
2026-04-26 02:39:01,304 |  * Many: MSE 125.801	L1 9.061	G-Mean 6.087
2026-04-26 02:39:01,304 |  * Median: MSE 245.465	L1 13.755	G-Mean 11.114
2026-04-26 02:39:01,304 |  * Low: MSE 356.362	L1 17.766	G-Mean 16.771
2026-04-26 02:39:01,305 | Best L1 Loss: 9.948
2026-04-26 02:39:01,527 | Epoch #31: Train loss [4.7056]; Val loss: MSE [169.8976], L1 [10.7685], G-Mean [7.5252]
2026-04-26 02:39:14,879 | Epoch: [32][  0/254]	Time  13.35 ( 13.35)	Data 13.2080 (13.2080)	Loss (L1) 4.591 (4.591)
2026-04-26 02:39:17,840 | Epoch: [32][ 10/254]	Time   0.29 (  1.48)	Data 0.0055 (1.2017)	Loss (L1) 5.002 (4.722)
2026-04-26 02:39:20,783 | Epoch: [32][ 20/254]	Time   0.29 (  0.92)	Data 0.0002 (0.6296)	Loss (L1) 4.328 (4.719)
2026-04-26 02:39:23,746 | Epoch: [32][ 30/254]	Time   0.28 (  0.72)	Data 0.0002 (0.4266)	Loss (L1) 4.463 (4.705)
2026-04-26 02:39:29,961 | Epoch: [32][ 40/254]	Time   0.30 (  0.69)	Data 0.0002 (0.4023)	Loss (L1) 4.269 (4.680)
2026-04-26 02:39:32,932 | Epoch: [32][ 50/254]	Time   0.31 (  0.62)	Data 0.0002 (0.3236)	Loss (L1) 5.084 (4.672)
2026-04-26 02:39:35,943 | Epoch: [32][ 60/254]	Time   0.32 (  0.56)	Data 0.0002 (0.2706)	Loss (L1) 4.354 (4.633)
2026-04-26 02:39:39,012 | Epoch: [32][ 70/254]	Time   0.33 (  0.53)	Data 0.0002 (0.2325)	Loss (L1) 5.067 (4.650)
2026-04-26 02:39:41,960 | Epoch: [32][ 80/254]	Time   0.30 (  0.50)	Data 0.0002 (0.2039)	Loss (L1) 4.374 (4.645)
2026-04-26 02:39:44,906 | Epoch: [32][ 90/254]	Time   0.30 (  0.48)	Data 0.0002 (0.1815)	Loss (L1) 4.380 (4.665)
2026-04-26 02:39:58,623 | Epoch: [32][100/254]	Time   0.30 (  0.57)	Data 0.0002 (0.2730)	Loss (L1) 5.147 (4.689)
2026-04-26 02:40:01,557 | Epoch: [32][110/254]	Time   0.29 (  0.54)	Data 0.0002 (0.2484)	Loss (L1) 4.378 (4.699)
2026-04-26 02:40:04,555 | Epoch: [32][120/254]	Time   0.31 (  0.52)	Data 0.0002 (0.2279)	Loss (L1) 5.293 (4.691)
2026-04-26 02:40:11,677 | Epoch: [32][130/254]	Time   0.32 (  0.54)	Data 0.0002 (0.2421)	Loss (L1) 5.465 (4.683)
2026-04-26 02:40:14,686 | Epoch: [32][140/254]	Time   0.29 (  0.52)	Data 0.0006 (0.2250)	Loss (L1) 4.734 (4.682)
2026-04-26 02:40:17,627 | Epoch: [32][150/254]	Time   0.29 (  0.50)	Data 0.0001 (0.2101)	Loss (L1) 3.953 (4.682)
2026-04-26 02:40:41,344 | Epoch: [32][160/254]	Time  21.06 (  0.62)	Data 20.8277 (0.3264)	Loss (L1) 4.762 (4.694)
2026-04-26 02:40:45,144 | Epoch: [32][170/254]	Time   0.30 (  0.61)	Data 0.0003 (0.3130)	Loss (L1) 4.626 (4.686)
2026-04-26 02:40:48,339 | Epoch: [32][180/254]	Time   0.29 (  0.59)	Data 0.0002 (0.2976)	Loss (L1) 5.157 (4.677)
2026-04-26 02:40:51,273 | Epoch: [32][190/254]	Time   0.29 (  0.57)	Data 0.0001 (0.2820)	Loss (L1) 4.309 (4.657)
2026-04-26 02:41:11,911 | Epoch: [32][200/254]	Time   0.29 (  0.65)	Data 0.0001 (0.3582)	Loss (L1) 4.740 (4.659)
2026-04-26 02:41:14,865 | Epoch: [32][210/254]	Time   0.29 (  0.63)	Data 0.0001 (0.3412)	Loss (L1) 3.763 (4.643)
2026-04-26 02:41:17,793 | Epoch: [32][220/254]	Time   0.29 (  0.62)	Data 0.0001 (0.3258)	Loss (L1) 5.439 (4.632)
2026-04-26 02:41:20,706 | Epoch: [32][230/254]	Time   0.29 (  0.60)	Data 0.0001 (0.3117)	Loss (L1) 4.230 (4.629)
2026-04-26 02:41:23,631 | Epoch: [32][240/254]	Time   0.29 (  0.59)	Data 0.0001 (0.2987)	Loss (L1) 3.889 (4.631)
2026-04-26 02:41:26,565 | Epoch: [32][250/254]	Time   0.29 (  0.58)	Data 0.0001 (0.2868)	Loss (L1) 4.170 (4.632)
2026-04-26 02:41:27,692 | Create Epoch [32] features of all training data...
2026-04-26 02:42:43,945 | Updated smoothed statistics on Epoch [32]!
2026-04-26 02:42:43,975 | Updated running statistics with Epoch [32] features!
2026-04-26 02:42:49,608 | Val: [ 0/25]	Time  5.631 ( 5.631)	Loss (MSE) 288.321 (288.321)	Loss (L1) 15.680 (15.680)
2026-04-26 02:42:54,836 | Val: [10/25]	Time  0.083 ( 0.987)	Loss (MSE) 94.136 (139.359)	Loss (L1) 8.236 (9.979)
2026-04-26 02:42:55,665 | Val: [20/25]	Time  0.083 ( 0.557)	Loss (MSE) 257.457 (138.825)	Loss (L1) 13.685 (9.708)
2026-04-26 02:42:56,225 |  * Overall: MSE 167.579	L1 10.717	G-Mean 7.523
2026-04-26 02:42:56,226 |  * Many: MSE 121.579	L1 8.955	G-Mean 6.086
2026-04-26 02:42:56,226 |  * Median: MSE 239.118	L1 13.632	G-Mean 10.976
2026-04-26 02:42:56,226 |  * Low: MSE 388.545	L1 18.542	G-Mean 17.492
2026-04-26 02:42:56,226 | Best L1 Loss: 9.948
2026-04-26 02:42:56,451 | Epoch #32: Train loss [4.6292]; Val loss: MSE [167.5795], L1 [10.7167], G-Mean [7.5226]
2026-04-26 02:43:09,617 | Epoch: [33][  0/254]	Time  13.17 ( 13.17)	Data 12.9435 (12.9435)	Loss (L1) 4.673 (4.673)
2026-04-26 02:43:12,774 | Epoch: [33][ 10/254]	Time   0.32 (  1.48)	Data 0.0002 (1.1780)	Loss (L1) 5.046 (4.924)
2026-04-26 02:43:15,856 | Epoch: [33][ 20/254]	Time   0.36 (  0.92)	Data 0.0002 (0.6175)	Loss (L1) 4.072 (4.725)
2026-04-26 02:43:19,036 | Epoch: [33][ 30/254]	Time   0.35 (  0.73)	Data 0.0002 (0.4184)	Loss (L1) 4.265 (4.746)
2026-04-26 02:43:21,994 | Epoch: [33][ 40/254]	Time   0.30 (  0.62)	Data 0.0002 (0.3164)	Loss (L1) 4.686 (4.729)
2026-04-26 02:43:25,021 | Epoch: [33][ 50/254]	Time   0.30 (  0.56)	Data 0.0002 (0.2544)	Loss (L1) 4.466 (4.722)
2026-04-26 02:43:28,052 | Epoch: [33][ 60/254]	Time   0.32 (  0.52)	Data 0.0002 (0.2128)	Loss (L1) 4.800 (4.696)
2026-04-26 02:43:31,038 | Epoch: [33][ 70/254]	Time   0.30 (  0.49)	Data 0.0002 (0.1828)	Loss (L1) 4.553 (4.684)
2026-04-26 02:43:34,018 | Epoch: [33][ 80/254]	Time   0.30 (  0.46)	Data 0.0002 (0.1604)	Loss (L1) 4.493 (4.654)
2026-04-26 02:43:37,067 | Epoch: [33][ 90/254]	Time   0.30 (  0.45)	Data 0.0002 (0.1428)	Loss (L1) 4.701 (4.659)
2026-04-26 02:43:40,066 | Epoch: [33][100/254]	Time   0.29 (  0.43)	Data 0.0002 (0.1287)	Loss (L1) 4.291 (4.642)
2026-04-26 02:43:43,026 | Epoch: [33][110/254]	Time   0.30 (  0.42)	Data 0.0002 (0.1171)	Loss (L1) 4.474 (4.616)
2026-04-26 02:43:46,105 | Epoch: [33][120/254]	Time   0.30 (  0.41)	Data 0.0014 (0.1075)	Loss (L1) 4.856 (4.610)
2026-04-26 02:43:49,093 | Epoch: [33][130/254]	Time   0.30 (  0.40)	Data 0.0003 (0.0993)	Loss (L1) 4.336 (4.617)
2026-04-26 02:43:52,061 | Epoch: [33][140/254]	Time   0.30 (  0.39)	Data 0.0003 (0.0923)	Loss (L1) 4.872 (4.608)
2026-04-26 02:43:55,092 | Epoch: [33][150/254]	Time   0.30 (  0.39)	Data 0.0002 (0.0862)	Loss (L1) 4.745 (4.597)
2026-04-26 02:43:58,085 | Epoch: [33][160/254]	Time   0.31 (  0.38)	Data 0.0002 (0.0808)	Loss (L1) 4.884 (4.588)
2026-04-26 02:44:01,050 | Epoch: [33][170/254]	Time   0.30 (  0.38)	Data 0.0002 (0.0761)	Loss (L1) 4.424 (4.588)
2026-04-26 02:44:04,056 | Epoch: [33][180/254]	Time   0.29 (  0.37)	Data 0.0002 (0.0719)	Loss (L1) 4.638 (4.579)
2026-04-26 02:44:07,023 | Epoch: [33][190/254]	Time   0.30 (  0.37)	Data 0.0001 (0.0683)	Loss (L1) 4.481 (4.572)
2026-04-26 02:44:09,995 | Epoch: [33][200/254]	Time   0.30 (  0.37)	Data 0.0001 (0.0649)	Loss (L1) 4.642 (4.575)
2026-04-26 02:44:12,942 | Epoch: [33][210/254]	Time   0.29 (  0.36)	Data 0.0001 (0.0618)	Loss (L1) 4.350 (4.563)
2026-04-26 02:44:15,884 | Epoch: [33][220/254]	Time   0.29 (  0.36)	Data 0.0001 (0.0590)	Loss (L1) 4.962 (4.560)
2026-04-26 02:44:18,821 | Epoch: [33][230/254]	Time   0.29 (  0.36)	Data 0.0001 (0.0565)	Loss (L1) 4.639 (4.563)
2026-04-26 02:44:21,766 | Epoch: [33][240/254]	Time   0.29 (  0.35)	Data 0.0001 (0.0542)	Loss (L1) 4.766 (4.561)
2026-04-26 02:44:24,714 | Epoch: [33][250/254]	Time   0.29 (  0.35)	Data 0.0001 (0.0520)	Loss (L1) 4.712 (4.565)
2026-04-26 02:44:25,831 | Create Epoch [33] features of all training data...
2026-04-26 02:45:51,713 | Updated smoothed statistics on Epoch [33]!
2026-04-26 02:45:51,741 | Updated running statistics with Epoch [33] features!
2026-04-26 02:46:02,060 | Val: [ 0/25]	Time 10.317 (10.317)	Loss (MSE) 276.057 (276.057)	Loss (L1) 15.195 (15.195)
2026-04-26 02:46:02,891 | Val: [10/25]	Time  0.083 ( 1.013)	Loss (MSE) 76.736 (130.408)	Loss (L1) 7.208 (9.493)
2026-04-26 02:46:03,720 | Val: [20/25]	Time  0.083 ( 0.570)	Loss (MSE) 209.092 (122.677)	Loss (L1) 12.945 (9.105)
2026-04-26 02:46:04,277 |  * Overall: MSE 152.161	L1 10.225	G-Mean 7.116
2026-04-26 02:46:04,277 |  * Many: MSE 103.481	L1 8.258	G-Mean 5.547
2026-04-26 02:46:04,277 |  * Median: MSE 228.749	L1 13.549	G-Mean 11.298
2026-04-26 02:46:04,277 |  * Low: MSE 382.799	L1 18.707	G-Mean 17.922
2026-04-26 02:46:04,278 | Best L1 Loss: 9.948
2026-04-26 02:46:04,512 | Epoch #33: Train loss [4.5609]; Val loss: MSE [152.1609], L1 [10.2248], G-Mean [7.1157]
2026-04-26 02:46:16,159 | Epoch: [34][  0/254]	Time  11.65 ( 11.65)	Data 11.4946 (11.4946)	Loss (L1) 4.258 (4.258)
2026-04-26 02:46:20,509 | Epoch: [34][ 10/254]	Time   0.30 (  1.45)	Data 0.0002 (1.1722)	Loss (L1) 4.754 (4.445)
2026-04-26 02:46:23,577 | Epoch: [34][ 20/254]	Time   0.32 (  0.91)	Data 0.0002 (0.6141)	Loss (L1) 4.470 (4.685)
2026-04-26 02:46:26,672 | Epoch: [34][ 30/254]	Time   0.29 (  0.71)	Data 0.0002 (0.4164)	Loss (L1) 4.337 (4.658)
2026-04-26 02:46:29,619 | Epoch: [34][ 40/254]	Time   0.29 (  0.61)	Data 0.0010 (0.3149)	Loss (L1) 3.819 (4.616)
2026-04-26 02:46:32,745 | Epoch: [34][ 50/254]	Time   0.35 (  0.55)	Data 0.0002 (0.2533)	Loss (L1) 4.722 (4.628)
2026-04-26 02:46:36,086 | Epoch: [34][ 60/254]	Time   0.39 (  0.52)	Data 0.0002 (0.2124)	Loss (L1) 4.341 (4.622)
2026-04-26 02:46:40,538 | Epoch: [34][ 70/254]	Time   0.31 (  0.51)	Data 0.0002 (0.2029)	Loss (L1) 4.503 (4.602)
2026-04-26 02:46:43,746 | Epoch: [34][ 80/254]	Time   0.34 (  0.48)	Data 0.0003 (0.1779)	Loss (L1) 4.242 (4.634)
2026-04-26 02:46:46,868 | Epoch: [34][ 90/254]	Time   0.30 (  0.47)	Data 0.0003 (0.1584)	Loss (L1) 4.257 (4.646)
2026-04-26 02:46:49,923 | Epoch: [34][100/254]	Time   0.30 (  0.45)	Data 0.0002 (0.1428)	Loss (L1) 4.812 (4.646)
2026-04-26 02:46:53,051 | Epoch: [34][110/254]	Time   0.29 (  0.44)	Data 0.0002 (0.1300)	Loss (L1) 4.924 (4.656)
2026-04-26 02:46:56,114 | Epoch: [34][120/254]	Time   0.31 (  0.43)	Data 0.0002 (0.1193)	Loss (L1) 4.124 (4.643)
2026-04-26 02:46:59,214 | Epoch: [34][130/254]	Time   0.31 (  0.42)	Data 0.0003 (0.1102)	Loss (L1) 4.203 (4.644)
2026-04-26 02:47:02,232 | Epoch: [34][140/254]	Time   0.33 (  0.41)	Data 0.0002 (0.1024)	Loss (L1) 4.584 (4.644)
2026-04-26 02:47:05,366 | Epoch: [34][150/254]	Time   0.30 (  0.40)	Data 0.0002 (0.0956)	Loss (L1) 4.587 (4.629)
2026-04-26 02:47:08,353 | Epoch: [34][160/254]	Time   0.30 (  0.40)	Data 0.0002 (0.0897)	Loss (L1) 4.710 (4.624)
2026-04-26 02:47:11,460 | Epoch: [34][170/254]	Time   0.34 (  0.39)	Data 0.0002 (0.0845)	Loss (L1) 4.242 (4.618)
2026-04-26 02:47:14,594 | Epoch: [34][180/254]	Time   0.33 (  0.39)	Data 0.0002 (0.0798)	Loss (L1) 4.258 (4.611)
2026-04-26 02:47:17,672 | Epoch: [34][190/254]	Time   0.33 (  0.38)	Data 0.0001 (0.0759)	Loss (L1) 4.602 (4.614)
2026-04-26 02:47:20,734 | Epoch: [34][200/254]	Time   0.30 (  0.38)	Data 0.0001 (0.0721)	Loss (L1) 5.155 (4.604)
2026-04-26 02:47:23,668 | Epoch: [34][210/254]	Time   0.29 (  0.38)	Data 0.0001 (0.0687)	Loss (L1) 4.875 (4.607)
2026-04-26 02:47:26,605 | Epoch: [34][220/254]	Time   0.29 (  0.37)	Data 0.0001 (0.0656)	Loss (L1) 5.070 (4.599)
2026-04-26 02:47:29,540 | Epoch: [34][230/254]	Time   0.29 (  0.37)	Data 0.0001 (0.0627)	Loss (L1) 4.203 (4.593)
2026-04-26 02:47:32,484 | Epoch: [34][240/254]	Time   0.29 (  0.37)	Data 0.0001 (0.0601)	Loss (L1) 4.450 (4.595)
2026-04-26 02:47:35,430 | Epoch: [34][250/254]	Time   0.29 (  0.36)	Data 0.0001 (0.0578)	Loss (L1) 4.266 (4.594)
2026-04-26 02:47:36,546 | Create Epoch [34] features of all training data...
2026-04-26 02:49:05,356 | Updated smoothed statistics on Epoch [34]!
2026-04-26 02:49:05,386 | Updated running statistics with Epoch [34] features!
2026-04-26 02:49:15,620 | Val: [ 0/25]	Time 10.233 (10.233)	Loss (MSE) 254.117 (254.117)	Loss (L1) 14.417 (14.417)
2026-04-26 02:49:16,449 | Val: [10/25]	Time  0.083 ( 1.006)	Loss (MSE) 82.408 (129.523)	Loss (L1) 7.542 (9.492)
2026-04-26 02:49:17,276 | Val: [20/25]	Time  0.083 ( 0.566)	Loss (MSE) 215.705 (122.738)	Loss (L1) 12.914 (9.143)
2026-04-26 02:49:17,826 |  * Overall: MSE 152.429	L1 10.212	G-Mean 7.199
2026-04-26 02:49:17,826 |  * Many: MSE 106.231	L1 8.417	G-Mean 5.783
2026-04-26 02:49:17,826 |  * Median: MSE 218.954	L1 13.081	G-Mean 10.616
2026-04-26 02:49:17,826 |  * Low: MSE 393.640	L1 18.551	G-Mean 17.334
2026-04-26 02:49:17,827 | Best L1 Loss: 9.948
2026-04-26 02:49:18,054 | Epoch #34: Train loss [4.5929]; Val loss: MSE [152.4287], L1 [10.2121], G-Mean [7.1986]
2026-04-26 02:49:30,886 | Epoch: [35][  0/254]	Time  12.83 ( 12.83)	Data 12.6557 (12.6557)	Loss (L1) 3.928 (3.928)
2026-04-26 02:49:33,924 | Epoch: [35][ 10/254]	Time   0.30 (  1.44)	Data 0.0002 (1.1508)	Loss (L1) 4.013 (4.418)
2026-04-26 02:49:36,903 | Epoch: [35][ 20/254]	Time   0.31 (  0.90)	Data 0.0002 (0.6029)	Loss (L1) 4.364 (4.520)
2026-04-26 02:49:39,895 | Epoch: [35][ 30/254]	Time   0.29 (  0.70)	Data 0.0001 (0.4085)	Loss (L1) 4.700 (4.521)
2026-04-26 02:49:42,842 | Epoch: [35][ 40/254]	Time   0.30 (  0.60)	Data 0.0002 (0.3089)	Loss (L1) 4.845 (4.582)
2026-04-26 02:49:45,777 | Epoch: [35][ 50/254]	Time   0.29 (  0.54)	Data 0.0001 (0.2484)	Loss (L1) 4.174 (4.544)
2026-04-26 02:49:48,717 | Epoch: [35][ 60/254]	Time   0.29 (  0.50)	Data 0.0001 (0.2077)	Loss (L1) 4.423 (4.558)
2026-04-26 02:50:10,178 | Epoch: [35][ 70/254]	Time   0.30 (  0.73)	Data 0.0002 (0.4411)	Loss (L1) 4.313 (4.569)
2026-04-26 02:50:13,241 | Epoch: [35][ 80/254]	Time   0.31 (  0.68)	Data 0.0002 (0.3867)	Loss (L1) 3.874 (4.544)
2026-04-26 02:50:16,541 | Epoch: [35][ 90/254]	Time   0.30 (  0.64)	Data 0.0002 (0.3442)	Loss (L1) 5.086 (4.556)
2026-04-26 02:50:19,676 | Epoch: [35][100/254]	Time   0.31 (  0.61)	Data 0.0002 (0.3102)	Loss (L1) 4.291 (4.548)
2026-04-26 02:50:22,758 | Epoch: [35][110/254]	Time   0.30 (  0.58)	Data 0.0002 (0.2823)	Loss (L1) 7.735 (4.561)
2026-04-26 02:50:25,937 | Epoch: [35][120/254]	Time   0.30 (  0.56)	Data 0.0002 (0.2589)	Loss (L1) 4.821 (4.563)
2026-04-26 02:50:28,947 | Epoch: [35][130/254]	Time   0.30 (  0.54)	Data 0.0003 (0.2392)	Loss (L1) 4.231 (4.563)
2026-04-26 02:50:32,000 | Epoch: [35][140/254]	Time   0.31 (  0.52)	Data 0.0002 (0.2222)	Loss (L1) 4.559 (4.558)
2026-04-26 02:50:35,031 | Epoch: [35][150/254]	Time   0.30 (  0.51)	Data 0.0057 (0.2077)	Loss (L1) 4.393 (4.550)
2026-04-26 02:50:38,130 | Epoch: [35][160/254]	Time   0.29 (  0.50)	Data 0.0002 (0.1950)	Loss (L1) 4.856 (4.545)
2026-04-26 02:50:41,253 | Epoch: [35][170/254]	Time   0.28 (  0.49)	Data 0.0002 (0.1837)	Loss (L1) 4.422 (4.548)
2026-04-26 02:50:44,362 | Epoch: [35][180/254]	Time   0.33 (  0.48)	Data 0.0002 (0.1735)	Loss (L1) 4.137 (4.536)
2026-04-26 02:50:47,422 | Epoch: [35][190/254]	Time   0.30 (  0.47)	Data 0.0001 (0.1646)	Loss (L1) 4.446 (4.526)
2026-04-26 02:50:50,455 | Epoch: [35][200/254]	Time   0.30 (  0.46)	Data 0.0002 (0.1564)	Loss (L1) 4.631 (4.517)
2026-04-26 02:50:53,422 | Epoch: [35][210/254]	Time   0.29 (  0.45)	Data 0.0001 (0.1490)	Loss (L1) 4.266 (4.505)
2026-04-26 02:50:56,357 | Epoch: [35][220/254]	Time   0.29 (  0.44)	Data 0.0001 (0.1423)	Loss (L1) 3.921 (4.500)
2026-04-26 02:50:59,282 | Epoch: [35][230/254]	Time   0.29 (  0.44)	Data 0.0002 (0.1361)	Loss (L1) 4.472 (4.491)
2026-04-26 02:51:02,217 | Epoch: [35][240/254]	Time   0.29 (  0.43)	Data 0.0001 (0.1305)	Loss (L1) 4.438 (4.498)
2026-04-26 02:51:05,150 | Epoch: [35][250/254]	Time   0.30 (  0.43)	Data 0.0001 (0.1253)	Loss (L1) 5.144 (4.493)
2026-04-26 02:51:06,252 | Create Epoch [35] features of all training data...
2026-04-26 02:52:25,196 | Updated smoothed statistics on Epoch [35]!
2026-04-26 02:52:25,226 | Updated running statistics with Epoch [35] features!
2026-04-26 02:52:33,338 | Val: [ 0/25]	Time  8.111 ( 8.111)	Loss (MSE) 273.596 (273.596)	Loss (L1) 15.111 (15.111)
2026-04-26 02:52:36,178 | Val: [10/25]	Time  0.083 ( 0.995)	Loss (MSE) 95.272 (143.938)	Loss (L1) 8.473 (10.126)
2026-04-26 02:52:37,007 | Val: [20/25]	Time  0.083 ( 0.561)	Loss (MSE) 243.401 (137.171)	Loss (L1) 13.177 (9.675)
2026-04-26 02:52:37,549 |  * Overall: MSE 165.231	L1 10.673	G-Mean 7.471
2026-04-26 02:52:37,549 |  * Many: MSE 120.273	L1 8.991	G-Mean 6.106
2026-04-26 02:52:37,549 |  * Median: MSE 238.834	L1 13.463	G-Mean 10.621
2026-04-26 02:52:37,549 |  * Low: MSE 367.813	L1 18.114	G-Mean 17.153
2026-04-26 02:52:37,550 | Best L1 Loss: 9.948
2026-04-26 02:52:37,781 | Epoch #35: Train loss [4.4922]; Val loss: MSE [165.2311], L1 [10.6725], G-Mean [7.4709]
2026-04-26 02:52:49,980 | Epoch: [36][  0/254]	Time  12.20 ( 12.20)	Data 12.0184 (12.0184)	Loss (L1) 4.480 (4.480)
2026-04-26 02:52:53,600 | Epoch: [36][ 10/254]	Time   0.28 (  1.44)	Data 0.0002 (1.1466)	Loss (L1) 4.225 (4.315)
2026-04-26 02:52:56,632 | Epoch: [36][ 20/254]	Time   0.29 (  0.90)	Data 0.0002 (0.6007)	Loss (L1) 4.107 (4.258)
2026-04-26 02:52:59,789 | Epoch: [36][ 30/254]	Time   0.33 (  0.71)	Data 0.0002 (0.4070)	Loss (L1) 4.871 (4.264)
2026-04-26 02:53:02,918 | Epoch: [36][ 40/254]	Time   0.28 (  0.61)	Data 0.0004 (0.3080)	Loss (L1) 4.403 (4.332)
2026-04-26 02:53:06,033 | Epoch: [36][ 50/254]	Time   0.33 (  0.55)	Data 0.0002 (0.2478)	Loss (L1) 4.224 (4.364)
2026-04-26 02:53:09,162 | Epoch: [36][ 60/254]	Time   0.31 (  0.51)	Data 0.0002 (0.2072)	Loss (L1) 5.124 (4.384)
2026-04-26 02:53:12,141 | Epoch: [36][ 70/254]	Time   0.30 (  0.48)	Data 0.0002 (0.1781)	Loss (L1) 4.109 (4.372)
2026-04-26 02:53:15,181 | Epoch: [36][ 80/254]	Time   0.29 (  0.46)	Data 0.0002 (0.1561)	Loss (L1) 4.082 (4.375)
2026-04-26 02:53:18,178 | Epoch: [36][ 90/254]	Time   0.25 (  0.44)	Data 0.0002 (0.1390)	Loss (L1) 4.493 (4.402)
2026-04-26 02:53:21,255 | Epoch: [36][100/254]	Time   0.33 (  0.43)	Data 0.0002 (0.1253)	Loss (L1) 4.592 (4.408)
2026-04-26 02:53:24,331 | Epoch: [36][110/254]	Time   0.30 (  0.42)	Data 0.0002 (0.1140)	Loss (L1) 4.964 (4.423)
2026-04-26 02:53:27,344 | Epoch: [36][120/254]	Time   0.30 (  0.41)	Data 0.0003 (0.1046)	Loss (L1) 4.363 (4.427)
2026-04-26 02:53:30,405 | Epoch: [36][130/254]	Time   0.34 (  0.40)	Data 0.0002 (0.0966)	Loss (L1) 5.159 (4.460)
2026-04-26 02:53:33,480 | Epoch: [36][140/254]	Time   0.30 (  0.40)	Data 0.0002 (0.0898)	Loss (L1) 4.887 (4.468)
2026-04-26 02:53:36,507 | Epoch: [36][150/254]	Time   0.30 (  0.39)	Data 0.0206 (0.0840)	Loss (L1) 4.340 (4.476)
2026-04-26 02:53:39,566 | Epoch: [36][160/254]	Time   0.30 (  0.38)	Data 0.0011 (0.0791)	Loss (L1) 4.134 (4.487)
2026-04-26 02:53:42,593 | Epoch: [36][170/254]	Time   0.29 (  0.38)	Data 0.0002 (0.0745)	Loss (L1) 4.122 (4.487)
2026-04-26 02:53:45,594 | Epoch: [36][180/254]	Time   0.30 (  0.37)	Data 0.0002 (0.0704)	Loss (L1) 4.188 (4.491)
2026-04-26 02:53:48,598 | Epoch: [36][190/254]	Time   0.27 (  0.37)	Data 0.0001 (0.0668)	Loss (L1) 4.148 (4.492)
2026-04-26 02:53:51,561 | Epoch: [36][200/254]	Time   0.30 (  0.37)	Data 0.0001 (0.0634)	Loss (L1) 4.324 (4.493)
2026-04-26 02:53:54,500 | Epoch: [36][210/254]	Time   0.29 (  0.36)	Data 0.0001 (0.0604)	Loss (L1) 3.685 (4.483)
2026-04-26 02:53:57,433 | Epoch: [36][220/254]	Time   0.29 (  0.36)	Data 0.0001 (0.0577)	Loss (L1) 3.794 (4.474)
2026-04-26 02:54:00,365 | Epoch: [36][230/254]	Time   0.29 (  0.36)	Data 0.0001 (0.0552)	Loss (L1) 4.329 (4.465)
2026-04-26 02:54:03,305 | Epoch: [36][240/254]	Time   0.30 (  0.35)	Data 0.0001 (0.0529)	Loss (L1) 4.656 (4.472)
2026-04-26 02:54:06,251 | Epoch: [36][250/254]	Time   0.29 (  0.35)	Data 0.0001 (0.0508)	Loss (L1) 4.393 (4.473)
2026-04-26 02:54:07,344 | Create Epoch [36] features of all training data...
2026-04-26 02:55:21,098 | Updated smoothed statistics on Epoch [36]!
2026-04-26 02:55:21,128 | Updated running statistics with Epoch [36] features!
2026-04-26 02:55:26,732 | Val: [ 0/25]	Time  5.602 ( 5.602)	Loss (MSE) 269.203 (269.203)	Loss (L1) 15.188 (15.188)
2026-04-26 02:55:31,477 | Val: [10/25]	Time  0.083 ( 0.941)	Loss (MSE) 88.268 (134.040)	Loss (L1) 7.857 (9.742)
2026-04-26 02:55:32,308 | Val: [20/25]	Time  0.083 ( 0.532)	Loss (MSE) 172.616 (118.509)	Loss (L1) 11.222 (9.001)
2026-04-26 02:55:32,858 |  * Overall: MSE 140.256	L1 9.851	G-Mean 7.045
2026-04-26 02:55:32,858 |  * Many: MSE 102.539	L1 8.293	G-Mean 5.736
2026-04-26 02:55:32,858 |  * Median: MSE 196.142	L1 12.353	G-Mean 10.149
2026-04-26 02:55:32,858 |  * Low: MSE 331.475	L1 17.051	G-Mean 16.025
2026-04-26 02:55:32,859 | Best L1 Loss: 9.851
2026-04-26 02:55:33,089 | ===> Saving current best checkpoint...
2026-04-26 02:55:33,599 | Epoch #36: Train loss [4.4729]; Val loss: MSE [140.2558], L1 [9.8510], G-Mean [7.0449]
2026-04-26 02:55:55,883 | Epoch: [37][  0/254]	Time  22.28 ( 22.28)	Data 22.0761 (22.0761)	Loss (L1) 4.408 (4.408)
2026-04-26 02:55:59,823 | Epoch: [37][ 10/254]	Time   0.29 (  2.38)	Data 0.0002 (2.0981)	Loss (L1) 4.006 (4.598)
2026-04-26 02:56:02,933 | Epoch: [37][ 20/254]	Time   0.31 (  1.40)	Data 0.0002 (1.0991)	Loss (L1) 4.213 (4.555)
2026-04-26 02:56:06,048 | Epoch: [37][ 30/254]	Time   0.30 (  1.05)	Data 0.0002 (0.7446)	Loss (L1) 4.763 (4.455)
2026-04-26 02:56:09,165 | Epoch: [37][ 40/254]	Time   0.29 (  0.87)	Data 0.0002 (0.5631)	Loss (L1) 5.088 (4.486)
2026-04-26 02:56:12,290 | Epoch: [37][ 50/254]	Time   0.32 (  0.76)	Data 0.0002 (0.4527)	Loss (L1) 3.927 (4.499)
2026-04-26 02:56:15,365 | Epoch: [37][ 60/254]	Time   0.30 (  0.68)	Data 0.0002 (0.3785)	Loss (L1) 4.311 (4.471)
2026-04-26 02:56:18,381 | Epoch: [37][ 70/254]	Time   0.31 (  0.63)	Data 0.0002 (0.3253)	Loss (L1) 4.125 (4.466)
2026-04-26 02:56:21,566 | Epoch: [37][ 80/254]	Time   0.30 (  0.59)	Data 0.0002 (0.2852)	Loss (L1) 4.429 (4.470)
2026-04-26 02:56:24,678 | Epoch: [37][ 90/254]	Time   0.36 (  0.56)	Data 0.0002 (0.2539)	Loss (L1) 4.826 (4.469)
2026-04-26 02:56:27,715 | Epoch: [37][100/254]	Time   0.30 (  0.54)	Data 0.0002 (0.2288)	Loss (L1) 5.067 (4.499)
2026-04-26 02:56:30,647 | Epoch: [37][110/254]	Time   0.29 (  0.51)	Data 0.0002 (0.2082)	Loss (L1) 4.588 (4.489)
2026-04-26 02:56:33,631 | Epoch: [37][120/254]	Time   0.32 (  0.50)	Data 0.0002 (0.1910)	Loss (L1) 4.825 (4.505)
2026-04-26 02:56:36,682 | Epoch: [37][130/254]	Time   0.29 (  0.48)	Data 0.0002 (0.1764)	Loss (L1) 4.127 (4.511)
2026-04-26 02:56:39,777 | Epoch: [37][140/254]	Time   0.33 (  0.47)	Data 0.0002 (0.1639)	Loss (L1) 3.825 (4.511)
2026-04-26 02:56:43,062 | Epoch: [37][150/254]	Time   0.30 (  0.46)	Data 0.0002 (0.1531)	Loss (L1) 4.809 (4.513)
2026-04-26 02:56:46,259 | Epoch: [37][160/254]	Time   0.31 (  0.45)	Data 0.0003 (0.1439)	Loss (L1) 5.038 (4.507)
2026-04-26 02:56:49,284 | Epoch: [37][170/254]	Time   0.30 (  0.44)	Data 0.0002 (0.1355)	Loss (L1) 4.786 (4.500)
2026-04-26 02:56:52,438 | Epoch: [37][180/254]	Time   0.32 (  0.44)	Data 0.0002 (0.1281)	Loss (L1) 4.431 (4.493)
2026-04-26 02:56:55,470 | Epoch: [37][190/254]	Time   0.33 (  0.43)	Data 0.0001 (0.1216)	Loss (L1) 4.111 (4.480)
2026-04-26 02:56:58,564 | Epoch: [37][200/254]	Time   0.34 (  0.42)	Data 0.0002 (0.1155)	Loss (L1) 4.421 (4.481)
2026-04-26 02:57:01,599 | Epoch: [37][210/254]	Time   0.27 (  0.42)	Data 0.0001 (0.1101)	Loss (L1) 4.250 (4.481)
2026-04-26 02:57:04,542 | Epoch: [37][220/254]	Time   0.30 (  0.41)	Data 0.0001 (0.1051)	Loss (L1) 4.258 (4.475)
2026-04-26 02:57:07,483 | Epoch: [37][230/254]	Time   0.29 (  0.41)	Data 0.0001 (0.1005)	Loss (L1) 4.691 (4.472)
2026-04-26 02:57:10,425 | Epoch: [37][240/254]	Time   0.30 (  0.40)	Data 0.0001 (0.0964)	Loss (L1) 4.621 (4.465)
2026-04-26 02:57:13,374 | Epoch: [37][250/254]	Time   0.30 (  0.40)	Data 0.0001 (0.0925)	Loss (L1) 4.043 (4.466)
2026-04-26 02:57:14,486 | Create Epoch [37] features of all training data...
2026-04-26 02:58:29,347 | Updated smoothed statistics on Epoch [37]!
2026-04-26 02:58:29,375 | Updated running statistics with Epoch [37] features!
2026-04-26 02:58:35,714 | Val: [ 0/25]	Time  6.337 ( 6.337)	Loss (MSE) 276.522 (276.522)	Loss (L1) 15.436 (15.436)
2026-04-26 02:58:40,540 | Val: [10/25]	Time  0.083 ( 1.015)	Loss (MSE) 80.740 (132.060)	Loss (L1) 7.665 (9.668)
2026-04-26 02:58:41,369 | Val: [20/25]	Time  0.083 ( 0.571)	Loss (MSE) 248.932 (129.282)	Loss (L1) 13.758 (9.385)
2026-04-26 02:58:41,901 |  * Overall: MSE 159.862	L1 10.486	G-Mean 7.417
2026-04-26 02:58:41,901 |  * Many: MSE 111.468	L1 8.629	G-Mean 5.956
2026-04-26 02:58:41,901 |  * Median: MSE 237.431	L1 13.618	G-Mean 10.994
2026-04-26 02:58:41,901 |  * Low: MSE 383.954	L1 18.526	G-Mean 17.563
2026-04-26 02:58:41,902 | Best L1 Loss: 9.851
2026-04-26 02:58:42,111 | Epoch #37: Train loss [4.4638]; Val loss: MSE [159.8624], L1 [10.4865], G-Mean [7.4165]
2026-04-26 02:58:54,926 | Epoch: [38][  0/254]	Time  12.81 ( 12.81)	Data 12.6718 (12.6718)	Loss (L1) 4.622 (4.622)
2026-04-26 02:58:57,871 | Epoch: [38][ 10/254]	Time   0.30 (  1.43)	Data 0.0002 (1.1522)	Loss (L1) 4.478 (4.559)
2026-04-26 02:59:00,865 | Epoch: [38][ 20/254]	Time   0.31 (  0.89)	Data 0.0002 (0.6036)	Loss (L1) 5.272 (4.548)
2026-04-26 02:59:03,988 | Epoch: [38][ 30/254]	Time   0.30 (  0.71)	Data 0.0002 (0.4090)	Loss (L1) 4.279 (4.476)
2026-04-26 02:59:06,998 | Epoch: [38][ 40/254]	Time   0.29 (  0.61)	Data 0.0002 (0.3093)	Loss (L1) 4.261 (4.452)
2026-04-26 02:59:10,137 | Epoch: [38][ 50/254]	Time   0.30 (  0.55)	Data 0.0002 (0.2487)	Loss (L1) 4.729 (4.445)
2026-04-26 02:59:13,284 | Epoch: [38][ 60/254]	Time   0.32 (  0.51)	Data 0.0002 (0.2080)	Loss (L1) 4.485 (4.450)
2026-04-26 02:59:16,373 | Epoch: [38][ 70/254]	Time   0.29 (  0.48)	Data 0.0002 (0.1787)	Loss (L1) 4.569 (4.444)
2026-04-26 02:59:19,445 | Epoch: [38][ 80/254]	Time   0.31 (  0.46)	Data 0.0002 (0.1567)	Loss (L1) 4.367 (4.414)
2026-04-26 02:59:22,504 | Epoch: [38][ 90/254]	Time   0.30 (  0.44)	Data 0.0002 (0.1398)	Loss (L1) 5.050 (4.412)
2026-04-26 02:59:25,650 | Epoch: [38][100/254]	Time   0.31 (  0.43)	Data 0.0002 (0.1260)	Loss (L1) 4.384 (4.421)
2026-04-26 02:59:28,696 | Epoch: [38][110/254]	Time   0.30 (  0.42)	Data 0.0003 (0.1146)	Loss (L1) 4.982 (4.427)
2026-04-26 02:59:31,835 | Epoch: [38][120/254]	Time   0.29 (  0.41)	Data 0.0002 (0.1052)	Loss (L1) 4.295 (4.436)
2026-04-26 02:59:34,843 | Epoch: [38][130/254]	Time   0.32 (  0.40)	Data 0.0002 (0.0972)	Loss (L1) 4.136 (4.429)
2026-04-26 02:59:37,978 | Epoch: [38][140/254]	Time   0.30 (  0.40)	Data 0.0002 (0.0903)	Loss (L1) 3.674 (4.418)
2026-04-26 02:59:41,020 | Epoch: [38][150/254]	Time   0.28 (  0.39)	Data 0.0003 (0.0843)	Loss (L1) 3.810 (4.410)
2026-04-26 02:59:44,078 | Epoch: [38][160/254]	Time   0.29 (  0.38)	Data 0.0002 (0.0791)	Loss (L1) 4.151 (4.402)
2026-04-26 02:59:47,243 | Epoch: [38][170/254]	Time   0.29 (  0.38)	Data 0.0003 (0.0745)	Loss (L1) 4.121 (4.405)
2026-04-26 02:59:50,301 | Epoch: [38][180/254]	Time   0.29 (  0.38)	Data 0.0002 (0.0705)	Loss (L1) 4.411 (4.404)
2026-04-26 02:59:53,344 | Epoch: [38][190/254]	Time   0.32 (  0.37)	Data 0.0001 (0.0669)	Loss (L1) 4.281 (4.402)
2026-04-26 02:59:56,297 | Epoch: [38][200/254]	Time   0.29 (  0.37)	Data 0.0004 (0.0636)	Loss (L1) 4.678 (4.403)
2026-04-26 02:59:59,262 | Epoch: [38][210/254]	Time   0.29 (  0.37)	Data 0.0001 (0.0606)	Loss (L1) 4.245 (4.417)
2026-04-26 03:00:02,195 | Epoch: [38][220/254]	Time   0.29 (  0.36)	Data 0.0002 (0.0579)	Loss (L1) 4.554 (4.417)
2026-04-26 03:00:05,121 | Epoch: [38][230/254]	Time   0.29 (  0.36)	Data 0.0001 (0.0554)	Loss (L1) 4.541 (4.416)
2026-04-26 03:00:08,049 | Epoch: [38][240/254]	Time   0.29 (  0.36)	Data 0.0001 (0.0531)	Loss (L1) 4.423 (4.427)
2026-04-26 03:00:10,968 | Epoch: [38][250/254]	Time   0.29 (  0.35)	Data 0.0001 (0.0510)	Loss (L1) 5.098 (4.437)
2026-04-26 03:00:12,074 | Create Epoch [38] features of all training data...
2026-04-26 03:01:32,282 | Updated smoothed statistics on Epoch [38]!
2026-04-26 03:01:32,312 | Updated running statistics with Epoch [38] features!
2026-04-26 03:01:38,217 | Val: [ 0/25]	Time  5.904 ( 5.904)	Loss (MSE) 232.141 (232.141)	Loss (L1) 13.678 (13.678)
2026-04-26 03:01:43,560 | Val: [10/25]	Time  0.083 ( 1.022)	Loss (MSE) 80.228 (111.348)	Loss (L1) 7.542 (8.836)
2026-04-26 03:01:44,388 | Val: [20/25]	Time  0.083 ( 0.575)	Loss (MSE) 360.071 (144.783)	Loss (L1) 16.202 (9.609)
2026-04-26 03:01:44,926 |  * Overall: MSE 185.362	L1 10.944	G-Mean 7.401
2026-04-26 03:01:44,926 |  * Many: MSE 133.758	L1 9.084	G-Mean 5.983
2026-04-26 03:01:44,926 |  * Median: MSE 269.651	L1 13.979	G-Mean 10.636
2026-04-26 03:01:44,926 |  * Low: MSE 418.611	L1 19.367	G-Mean 18.285
2026-04-26 03:01:44,927 | Best L1 Loss: 9.851
2026-04-26 03:01:45,138 | Epoch #38: Train loss [4.4395]; Val loss: MSE [185.3624], L1 [10.9444], G-Mean [7.4006]
2026-04-26 03:01:58,545 | Epoch: [39][  0/254]	Time  13.41 ( 13.41)	Data 13.2111 (13.2111)	Loss (L1) 3.718 (3.718)
2026-04-26 03:02:01,543 | Epoch: [39][ 10/254]	Time   0.30 (  1.49)	Data 0.0003 (1.2013)	Loss (L1) 4.855 (4.654)
2026-04-26 03:02:04,583 | Epoch: [39][ 20/254]	Time   0.30 (  0.93)	Data 0.0002 (0.6294)	Loss (L1) 4.188 (4.646)
2026-04-26 03:02:07,684 | Epoch: [39][ 30/254]	Time   0.36 (  0.73)	Data 0.0016 (0.4274)	Loss (L1) 3.825 (4.583)
2026-04-26 03:02:10,915 | Epoch: [39][ 40/254]	Time   0.31 (  0.63)	Data 0.0003 (0.3235)	Loss (L1) 3.997 (4.534)
2026-04-26 03:02:14,335 | Epoch: [39][ 50/254]	Time   0.28 (  0.57)	Data 0.0003 (0.2601)	Loss (L1) 4.337 (4.513)
2026-04-26 03:02:17,417 | Epoch: [39][ 60/254]	Time   0.32 (  0.53)	Data 0.0002 (0.2176)	Loss (L1) 3.887 (4.467)
2026-04-26 03:02:20,559 | Epoch: [39][ 70/254]	Time   0.32 (  0.50)	Data 0.0003 (0.1870)	Loss (L1) 4.662 (4.459)
2026-04-26 03:02:23,684 | Epoch: [39][ 80/254]	Time   0.30 (  0.48)	Data 0.0002 (0.1640)	Loss (L1) 5.632 (4.429)
2026-04-26 03:02:26,875 | Epoch: [39][ 90/254]	Time   0.30 (  0.46)	Data 0.0003 (0.1460)	Loss (L1) 4.552 (4.426)
2026-04-26 03:02:29,903 | Epoch: [39][100/254]	Time   0.30 (  0.44)	Data 0.0003 (0.1317)	Loss (L1) 3.633 (4.408)
2026-04-26 03:02:32,889 | Epoch: [39][110/254]	Time   0.31 (  0.43)	Data 0.0002 (0.1198)	Loss (L1) 4.379 (4.408)
2026-04-26 03:02:35,887 | Epoch: [39][120/254]	Time   0.29 (  0.42)	Data 0.0003 (0.1099)	Loss (L1) 4.547 (4.394)
2026-04-26 03:02:38,917 | Epoch: [39][130/254]	Time   0.30 (  0.41)	Data 0.0002 (0.1016)	Loss (L1) 4.254 (4.379)
2026-04-26 03:02:41,937 | Epoch: [39][140/254]	Time   0.30 (  0.40)	Data 0.0005 (0.0944)	Loss (L1) 4.100 (4.364)
2026-04-26 03:02:44,982 | Epoch: [39][150/254]	Time   0.29 (  0.40)	Data 0.0002 (0.0882)	Loss (L1) 4.146 (4.348)
2026-04-26 03:02:47,987 | Epoch: [39][160/254]	Time   0.31 (  0.39)	Data 0.0002 (0.0827)	Loss (L1) 4.292 (4.342)
2026-04-26 03:02:51,029 | Epoch: [39][170/254]	Time   0.30 (  0.39)	Data 0.0002 (0.0779)	Loss (L1) 4.824 (4.354)
2026-04-26 03:02:54,073 | Epoch: [39][180/254]	Time   0.32 (  0.38)	Data 0.0002 (0.0736)	Loss (L1) 3.996 (4.359)
2026-04-26 03:02:57,052 | Epoch: [39][190/254]	Time   0.29 (  0.38)	Data 0.0001 (0.0699)	Loss (L1) 3.761 (4.358)
2026-04-26 03:03:00,030 | Epoch: [39][200/254]	Time   0.29 (  0.37)	Data 0.0001 (0.0665)	Loss (L1) 4.032 (4.362)
2026-04-26 03:03:02,969 | Epoch: [39][210/254]	Time   0.30 (  0.37)	Data 0.0001 (0.0633)	Loss (L1) 4.580 (4.361)
2026-04-26 03:03:05,899 | Epoch: [39][220/254]	Time   0.29 (  0.37)	Data 0.0001 (0.0605)	Loss (L1) 4.039 (4.362)
2026-04-26 03:03:08,835 | Epoch: [39][230/254]	Time   0.29 (  0.36)	Data 0.0001 (0.0578)	Loss (L1) 4.039 (4.361)
2026-04-26 03:03:11,762 | Epoch: [39][240/254]	Time   0.29 (  0.36)	Data 0.0001 (0.0555)	Loss (L1) 4.523 (4.354)
2026-04-26 03:03:14,705 | Epoch: [39][250/254]	Time   0.29 (  0.36)	Data 0.0001 (0.0532)	Loss (L1) 4.618 (4.366)
2026-04-26 03:03:15,793 | Create Epoch [39] features of all training data...
2026-04-26 03:04:30,577 | Updated smoothed statistics on Epoch [39]!
2026-04-26 03:04:30,607 | Updated running statistics with Epoch [39] features!
2026-04-26 03:04:36,600 | Val: [ 0/25]	Time  5.992 ( 5.992)	Loss (MSE) 245.343 (245.343)	Loss (L1) 13.883 (13.883)
2026-04-26 03:04:41,810 | Val: [10/25]	Time  0.083 ( 1.018)	Loss (MSE) 88.462 (129.605)	Loss (L1) 8.265 (9.591)
2026-04-26 03:04:42,638 | Val: [20/25]	Time  0.083 ( 0.573)	Loss (MSE) 294.547 (143.629)	Loss (L1) 14.487 (9.752)
2026-04-26 03:04:43,191 |  * Overall: MSE 173.427	L1 10.748	G-Mean 7.463
2026-04-26 03:04:43,192 |  * Many: MSE 131.775	L1 9.287	G-Mean 6.353
2026-04-26 03:04:43,192 |  * Median: MSE 241.949	L1 13.130	G-Mean 9.624
2026-04-26 03:04:43,192 |  * Low: MSE 359.911	L1 17.364	G-Mean 15.953
2026-04-26 03:04:43,192 | Best L1 Loss: 9.851
2026-04-26 03:04:43,421 | Epoch #39: Train loss [4.3660]; Val loss: MSE [173.4268], L1 [10.7478], G-Mean [7.4635]
2026-04-26 03:04:55,644 | Epoch: [40][  0/254]	Time  12.22 ( 12.22)	Data 11.9860 (11.9860)	Loss (L1) 4.174 (4.174)
2026-04-26 03:04:59,334 | Epoch: [40][ 10/254]	Time   0.32 (  1.45)	Data 0.0002 (1.1753)	Loss (L1) 4.156 (4.432)
2026-04-26 03:05:02,439 | Epoch: [40][ 20/254]	Time   0.32 (  0.91)	Data 0.0002 (0.6170)	Loss (L1) 4.419 (4.542)
2026-04-26 03:05:05,541 | Epoch: [40][ 30/254]	Time   0.30 (  0.71)	Data 0.0006 (0.4181)	Loss (L1) 4.211 (4.506)
2026-04-26 03:05:08,553 | Epoch: [40][ 40/254]	Time   0.31 (  0.61)	Data 0.0002 (0.3162)	Loss (L1) 4.095 (4.485)
2026-04-26 03:05:11,783 | Epoch: [40][ 50/254]	Time   0.38 (  0.56)	Data 0.0002 (0.2542)	Loss (L1) 4.604 (4.480)
2026-04-26 03:05:14,889 | Epoch: [40][ 60/254]	Time   0.28 (  0.52)	Data 0.0002 (0.2127)	Loss (L1) 4.928 (4.510)
2026-04-26 03:05:17,976 | Epoch: [40][ 70/254]	Time   0.32 (  0.49)	Data 0.0002 (0.1829)	Loss (L1) 4.052 (4.474)
2026-04-26 03:05:21,135 | Epoch: [40][ 80/254]	Time   0.30 (  0.47)	Data 0.0063 (0.1604)	Loss (L1) 4.361 (4.476)
2026-04-26 03:05:24,208 | Epoch: [40][ 90/254]	Time   0.29 (  0.45)	Data 0.0002 (0.1428)	Loss (L1) 4.125 (4.467)
2026-04-26 03:05:27,262 | Epoch: [40][100/254]	Time   0.30 (  0.43)	Data 0.0002 (0.1287)	Loss (L1) 3.915 (4.446)
2026-04-26 03:05:30,347 | Epoch: [40][110/254]	Time   0.31 (  0.42)	Data 0.0002 (0.1171)	Loss (L1) 4.449 (4.427)
2026-04-26 03:05:33,347 | Epoch: [40][120/254]	Time   0.30 (  0.41)	Data 0.0002 (0.1074)	Loss (L1) 3.833 (4.405)
2026-04-26 03:05:36,438 | Epoch: [40][130/254]	Time   0.30 (  0.40)	Data 0.0002 (0.0993)	Loss (L1) 4.649 (4.413)
2026-04-26 03:05:39,450 | Epoch: [40][140/254]	Time   0.31 (  0.40)	Data 0.0002 (0.0922)	Loss (L1) 4.134 (4.423)
2026-04-26 03:05:42,462 | Epoch: [40][150/254]	Time   0.30 (  0.39)	Data 0.0002 (0.0861)	Loss (L1) 4.162 (4.424)
2026-04-26 03:05:45,439 | Epoch: [40][160/254]	Time   0.31 (  0.39)	Data 0.0002 (0.0808)	Loss (L1) 4.420 (4.414)
2026-04-26 03:05:48,455 | Epoch: [40][170/254]	Time   0.28 (  0.38)	Data 0.0002 (0.0761)	Loss (L1) 5.170 (4.415)
2026-04-26 03:05:51,451 | Epoch: [40][180/254]	Time   0.29 (  0.38)	Data 0.0002 (0.0719)	Loss (L1) 4.558 (4.424)
2026-04-26 03:05:54,472 | Epoch: [40][190/254]	Time   0.30 (  0.37)	Data 0.0001 (0.0683)	Loss (L1) 4.319 (4.411)
2026-04-26 03:05:57,434 | Epoch: [40][200/254]	Time   0.29 (  0.37)	Data 0.0001 (0.0649)	Loss (L1) 3.685 (4.403)
2026-04-26 03:06:00,366 | Epoch: [40][210/254]	Time   0.29 (  0.36)	Data 0.0001 (0.0619)	Loss (L1) 4.375 (4.393)
2026-04-26 03:06:03,298 | Epoch: [40][220/254]	Time   0.29 (  0.36)	Data 0.0001 (0.0591)	Loss (L1) 3.992 (4.386)
2026-04-26 03:06:06,234 | Epoch: [40][230/254]	Time   0.29 (  0.36)	Data 0.0001 (0.0565)	Loss (L1) 4.271 (4.382)
2026-04-26 03:06:09,168 | Epoch: [40][240/254]	Time   0.29 (  0.36)	Data 0.0001 (0.0542)	Loss (L1) 3.723 (4.374)
2026-04-26 03:06:12,100 | Epoch: [40][250/254]	Time   0.29 (  0.35)	Data 0.0001 (0.0520)	Loss (L1) 3.978 (4.372)
2026-04-26 03:06:13,194 | Create Epoch [40] features of all training data...
2026-04-26 03:07:27,404 | Updated smoothed statistics on Epoch [40]!
2026-04-26 03:07:27,432 | Updated running statistics with Epoch [40] features!
2026-04-26 03:07:36,934 | Val: [ 0/25]	Time  9.500 ( 9.500)	Loss (MSE) 251.495 (251.495)	Loss (L1) 14.469 (14.469)
2026-04-26 03:07:38,416 | Val: [10/25]	Time  0.083 ( 0.998)	Loss (MSE) 91.590 (126.410)	Loss (L1) 8.186 (9.430)
2026-04-26 03:07:39,245 | Val: [20/25]	Time  0.083 ( 0.562)	Loss (MSE) 180.356 (119.209)	Loss (L1) 11.599 (9.089)
2026-04-26 03:07:39,776 |  * Overall: MSE 143.441	L1 10.006	G-Mean 7.107
2026-04-26 03:07:39,776 |  * Many: MSE 106.054	L1 8.477	G-Mean 5.831
2026-04-26 03:07:39,776 |  * Median: MSE 192.968	L1 12.288	G-Mean 9.938
2026-04-26 03:07:39,776 |  * Low: MSE 354.284	L1 17.689	G-Mean 16.615
2026-04-26 03:07:39,777 | Best L1 Loss: 9.851
2026-04-26 03:07:39,987 | Epoch #40: Train loss [4.3712]; Val loss: MSE [143.4409], L1 [10.0056], G-Mean [7.1065]
2026-04-26 03:07:47,849 | Epoch: [41][  0/254]	Time   7.86 (  7.86)	Data 7.6967 (7.6967)	Loss (L1) 3.964 (3.964)
2026-04-26 03:07:54,235 | Epoch: [41][ 10/254]	Time   0.30 (  1.30)	Data 0.0002 (1.0340)	Loss (L1) 4.332 (4.118)
2026-04-26 03:07:57,165 | Epoch: [41][ 20/254]	Time   0.29 (  0.82)	Data 0.0002 (0.5418)	Loss (L1) 3.539 (4.157)
2026-04-26 03:08:00,089 | Epoch: [41][ 30/254]	Time   0.29 (  0.65)	Data 0.0001 (0.3671)	Loss (L1) 3.591 (4.146)
2026-04-26 03:08:11,559 | Epoch: [41][ 40/254]	Time   0.33 (  0.77)	Data 0.0002 (0.4828)	Loss (L1) 3.806 (4.177)
2026-04-26 03:08:14,633 | Epoch: [41][ 50/254]	Time   0.28 (  0.68)	Data 0.0002 (0.3882)	Loss (L1) 4.903 (4.228)
2026-04-26 03:08:17,945 | Epoch: [41][ 60/254]	Time   0.34 (  0.62)	Data 0.0002 (0.3246)	Loss (L1) 6.773 (4.276)
2026-04-26 03:08:21,414 | Epoch: [41][ 70/254]	Time   0.34 (  0.58)	Data 0.0002 (0.2790)	Loss (L1) 4.365 (4.260)
2026-04-26 03:08:24,523 | Epoch: [41][ 80/254]	Time   0.31 (  0.55)	Data 0.0002 (0.2446)	Loss (L1) 4.026 (4.282)
2026-04-26 03:08:27,583 | Epoch: [41][ 90/254]	Time   0.29 (  0.52)	Data 0.0003 (0.2178)	Loss (L1) 4.323 (4.277)
2026-04-26 03:08:30,655 | Epoch: [41][100/254]	Time   0.29 (  0.50)	Data 0.0002 (0.1963)	Loss (L1) 4.312 (4.293)
2026-04-26 03:08:33,752 | Epoch: [41][110/254]	Time   0.30 (  0.48)	Data 0.0002 (0.1786)	Loss (L1) 4.431 (4.304)
2026-04-26 03:08:36,916 | Epoch: [41][120/254]	Time   0.29 (  0.47)	Data 0.0002 (0.1638)	Loss (L1) 4.648 (4.322)
2026-04-26 03:08:39,908 | Epoch: [41][130/254]	Time   0.30 (  0.46)	Data 0.0004 (0.1514)	Loss (L1) 4.590 (4.331)
2026-04-26 03:08:42,869 | Epoch: [41][140/254]	Time   0.30 (  0.45)	Data 0.0002 (0.1407)	Loss (L1) 4.295 (4.329)
2026-04-26 03:08:45,995 | Epoch: [41][150/254]	Time   0.35 (  0.44)	Data 0.0002 (0.1314)	Loss (L1) 4.360 (4.331)
2026-04-26 03:08:49,131 | Epoch: [41][160/254]	Time   0.37 (  0.43)	Data 0.0002 (0.1233)	Loss (L1) 4.346 (4.333)
2026-04-26 03:08:52,967 | Epoch: [41][170/254]	Time   0.34 (  0.43)	Data 0.0002 (0.1223)	Loss (L1) 3.419 (4.323)
2026-04-26 03:08:55,997 | Epoch: [41][180/254]	Time   0.29 (  0.42)	Data 0.0001 (0.1156)	Loss (L1) 3.695 (4.314)
2026-04-26 03:08:59,020 | Epoch: [41][190/254]	Time   0.30 (  0.41)	Data 0.0001 (0.1096)	Loss (L1) 3.463 (4.309)
2026-04-26 03:09:02,483 | Epoch: [41][200/254]	Time   0.30 (  0.41)	Data 0.0001 (0.1069)	Loss (L1) 4.080 (4.311)
2026-04-26 03:09:05,471 | Epoch: [41][210/254]	Time   0.31 (  0.41)	Data 0.0002 (0.1018)	Loss (L1) 4.016 (4.298)
2026-04-26 03:09:08,422 | Epoch: [41][220/254]	Time   0.30 (  0.40)	Data 0.0001 (0.0973)	Loss (L1) 4.384 (4.307)
2026-04-26 03:09:11,368 | Epoch: [41][230/254]	Time   0.30 (  0.40)	Data 0.0001 (0.0930)	Loss (L1) 4.400 (4.301)
2026-04-26 03:09:14,312 | Epoch: [41][240/254]	Time   0.30 (  0.39)	Data 0.0001 (0.0892)	Loss (L1) 4.461 (4.296)
2026-04-26 03:09:17,251 | Epoch: [41][250/254]	Time   0.29 (  0.39)	Data 0.0001 (0.0856)	Loss (L1) 4.416 (4.294)
2026-04-26 03:09:18,350 | Create Epoch [41] features of all training data...
2026-04-26 03:10:42,873 | Updated smoothed statistics on Epoch [41]!
2026-04-26 03:10:42,902 | Updated running statistics with Epoch [41] features!
2026-04-26 03:10:52,868 | Val: [ 0/25]	Time  9.965 ( 9.965)	Loss (MSE) 262.305 (262.305)	Loss (L1) 15.059 (15.059)
2026-04-26 03:10:54,074 | Val: [10/25]	Time  0.083 ( 1.015)	Loss (MSE) 75.853 (122.521)	Loss (L1) 7.331 (9.241)
2026-04-26 03:10:54,901 | Val: [20/25]	Time  0.083 ( 0.571)	Loss (MSE) 253.714 (125.052)	Loss (L1) 14.086 (9.248)
2026-04-26 03:10:55,448 |  * Overall: MSE 160.146	L1 10.506	G-Mean 7.361
2026-04-26 03:10:55,449 |  * Many: MSE 108.590	L1 8.497	G-Mean 5.792
2026-04-26 03:10:55,449 |  * Median: MSE 235.958	L1 13.714	G-Mean 11.285
2026-04-26 03:10:55,449 |  * Low: MSE 423.639	L1 19.854	G-Mean 19.110
2026-04-26 03:10:55,450 | Best L1 Loss: 9.851
2026-04-26 03:10:55,660 | Epoch #41: Train loss [4.2901]; Val loss: MSE [160.1462], L1 [10.5063], G-Mean [7.3608]
2026-04-26 03:11:12,535 | Epoch: [42][  0/254]	Time  16.87 ( 16.87)	Data 16.7308 (16.7308)	Loss (L1) 5.220 (5.220)
2026-04-26 03:11:16,002 | Epoch: [42][ 10/254]	Time   0.31 (  1.85)	Data 0.0003 (1.5711)	Loss (L1) 4.158 (4.295)
2026-04-26 03:11:19,036 | Epoch: [42][ 20/254]	Time   0.31 (  1.11)	Data 0.0002 (0.8231)	Loss (L1) 4.500 (4.294)
2026-04-26 03:11:22,212 | Epoch: [42][ 30/254]	Time   0.31 (  0.86)	Data 0.0055 (0.5578)	Loss (L1) 4.260 (4.274)
2026-04-26 03:11:25,527 | Epoch: [42][ 40/254]	Time   0.30 (  0.73)	Data 0.0002 (0.4230)	Loss (L1) 4.228 (4.290)
2026-04-26 03:11:28,673 | Epoch: [42][ 50/254]	Time   0.31 (  0.65)	Data 0.0002 (0.3402)	Loss (L1) 4.184 (4.296)
2026-04-26 03:11:31,926 | Epoch: [42][ 60/254]	Time   0.37 (  0.59)	Data 0.0002 (0.2846)	Loss (L1) 3.687 (4.281)
2026-04-26 03:11:35,030 | Epoch: [42][ 70/254]	Time   0.31 (  0.55)	Data 0.0002 (0.2446)	Loss (L1) 3.969 (4.268)
2026-04-26 03:11:38,130 | Epoch: [42][ 80/254]	Time   0.34 (  0.52)	Data 0.0004 (0.2146)	Loss (L1) 4.420 (4.277)
2026-04-26 03:11:41,473 | Epoch: [42][ 90/254]	Time   0.39 (  0.50)	Data 0.0002 (0.1913)	Loss (L1) 4.279 (4.300)
2026-04-26 03:11:44,605 | Epoch: [42][100/254]	Time   0.31 (  0.48)	Data 0.0002 (0.1724)	Loss (L1) 3.916 (4.315)
2026-04-26 03:11:47,620 | Epoch: [42][110/254]	Time   0.29 (  0.47)	Data 0.0001 (0.1569)	Loss (L1) 4.225 (4.297)
2026-04-26 03:11:50,566 | Epoch: [42][120/254]	Time   0.29 (  0.45)	Data 0.0003 (0.1440)	Loss (L1) 3.999 (4.286)
2026-04-26 03:11:57,961 | Epoch: [42][130/254]	Time   0.29 (  0.48)	Data 0.0002 (0.1680)	Loss (L1) 4.081 (4.293)
2026-04-26 03:12:01,020 | Epoch: [42][140/254]	Time   0.30 (  0.46)	Data 0.0002 (0.1561)	Loss (L1) 4.536 (4.299)
2026-04-26 03:12:04,080 | Epoch: [42][150/254]	Time   0.30 (  0.45)	Data 0.0003 (0.1458)	Loss (L1) 3.904 (4.285)
2026-04-26 03:12:07,180 | Epoch: [42][160/254]	Time   0.29 (  0.44)	Data 0.0002 (0.1368)	Loss (L1) 4.067 (4.278)
2026-04-26 03:12:10,260 | Epoch: [42][170/254]	Time   0.29 (  0.44)	Data 0.0003 (0.1288)	Loss (L1) 4.412 (4.284)
2026-04-26 03:12:13,364 | Epoch: [42][180/254]	Time   0.31 (  0.43)	Data 0.0002 (0.1217)	Loss (L1) 4.179 (4.280)
2026-04-26 03:12:16,407 | Epoch: [42][190/254]	Time   0.30 (  0.42)	Data 0.0002 (0.1155)	Loss (L1) 3.789 (4.274)
2026-04-26 03:12:19,407 | Epoch: [42][200/254]	Time   0.31 (  0.42)	Data 0.0001 (0.1098)	Loss (L1) 3.934 (4.271)
2026-04-26 03:12:22,365 | Epoch: [42][210/254]	Time   0.30 (  0.41)	Data 0.0001 (0.1046)	Loss (L1) 4.441 (4.272)
2026-04-26 03:12:25,315 | Epoch: [42][220/254]	Time   0.29 (  0.41)	Data 0.0001 (0.0998)	Loss (L1) 4.281 (4.276)
2026-04-26 03:12:28,248 | Epoch: [42][230/254]	Time   0.29 (  0.40)	Data 0.0001 (0.0955)	Loss (L1) 4.052 (4.265)
2026-04-26 03:12:31,188 | Epoch: [42][240/254]	Time   0.29 (  0.40)	Data 0.0001 (0.0916)	Loss (L1) 4.366 (4.264)
2026-04-26 03:12:34,129 | Epoch: [42][250/254]	Time   0.29 (  0.39)	Data 0.0001 (0.0879)	Loss (L1) 4.243 (4.267)
2026-04-26 03:12:35,211 | Create Epoch [42] features of all training data...
2026-04-26 03:13:55,629 | Updated smoothed statistics on Epoch [42]!
2026-04-26 03:13:55,658 | Updated running statistics with Epoch [42] features!
2026-04-26 03:14:06,303 | Val: [ 0/25]	Time 10.644 (10.644)	Loss (MSE) 216.856 (216.856)	Loss (L1) 12.944 (12.944)
2026-04-26 03:14:07,133 | Val: [10/25]	Time  0.083 ( 1.043)	Loss (MSE) 79.272 (119.274)	Loss (L1) 7.384 (9.144)
2026-04-26 03:14:07,962 | Val: [20/25]	Time  0.083 ( 0.586)	Loss (MSE) 227.824 (118.441)	Loss (L1) 13.094 (8.933)
2026-04-26 03:14:08,506 |  * Overall: MSE 150.883	L1 10.103	G-Mean 7.044
2026-04-26 03:14:08,506 |  * Many: MSE 105.840	L1 8.360	G-Mean 5.704
2026-04-26 03:14:08,506 |  * Median: MSE 210.450	L1 12.682	G-Mean 10.018
2026-04-26 03:14:08,506 |  * Low: MSE 405.274	L1 18.953	G-Mean 17.783
2026-04-26 03:14:08,507 | Best L1 Loss: 9.851
2026-04-26 03:14:08,737 | Epoch #42: Train loss [4.2622]; Val loss: MSE [150.8829], L1 [10.1031], G-Mean [7.0441]
2026-04-26 03:14:15,316 | Epoch: [43][  0/254]	Time   6.58 (  6.58)	Data 6.4212 (6.4212)	Loss (L1) 4.382 (4.382)
2026-04-26 03:14:24,294 | Epoch: [43][ 10/254]	Time   0.29 (  1.41)	Data 0.0002 (1.1523)	Loss (L1) 3.840 (4.368)
2026-04-26 03:14:27,327 | Epoch: [43][ 20/254]	Time   0.30 (  0.89)	Data 0.0002 (0.6037)	Loss (L1) 3.978 (4.229)
2026-04-26 03:14:30,410 | Epoch: [43][ 30/254]	Time   0.32 (  0.70)	Data 0.0002 (0.4090)	Loss (L1) 4.409 (4.281)
2026-04-26 03:14:33,446 | Epoch: [43][ 40/254]	Time   0.30 (  0.60)	Data 0.0002 (0.3093)	Loss (L1) 4.146 (4.338)
2026-04-26 03:14:36,465 | Epoch: [43][ 50/254]	Time   0.30 (  0.54)	Data 0.0002 (0.2488)	Loss (L1) 3.561 (4.328)
2026-04-26 03:14:39,503 | Epoch: [43][ 60/254]	Time   0.31 (  0.50)	Data 0.0002 (0.2080)	Loss (L1) 4.309 (4.323)
2026-04-26 03:14:42,555 | Epoch: [43][ 70/254]	Time   0.30 (  0.48)	Data 0.0002 (0.1789)	Loss (L1) 4.126 (4.320)
2026-04-26 03:14:45,618 | Epoch: [43][ 80/254]	Time   0.28 (  0.46)	Data 0.0003 (0.1568)	Loss (L1) 4.345 (4.304)
2026-04-26 03:14:48,638 | Epoch: [43][ 90/254]	Time   0.30 (  0.44)	Data 0.0002 (0.1396)	Loss (L1) 3.662 (4.293)
2026-04-26 03:14:51,616 | Epoch: [43][100/254]	Time   0.30 (  0.42)	Data 0.0002 (0.1258)	Loss (L1) 4.428 (4.291)
2026-04-26 03:14:54,657 | Epoch: [43][110/254]	Time   0.31 (  0.41)	Data 0.0002 (0.1145)	Loss (L1) 4.343 (4.292)
2026-04-26 03:14:57,674 | Epoch: [43][120/254]	Time   0.30 (  0.40)	Data 0.0002 (0.1051)	Loss (L1) 3.593 (4.271)
2026-04-26 03:15:00,761 | Epoch: [43][130/254]	Time   0.28 (  0.40)	Data 0.0002 (0.0971)	Loss (L1) 4.273 (4.272)
2026-04-26 03:15:03,777 | Epoch: [43][140/254]	Time   0.28 (  0.39)	Data 0.0002 (0.0902)	Loss (L1) 4.355 (4.287)
2026-04-26 03:15:06,820 | Epoch: [43][150/254]	Time   0.32 (  0.38)	Data 0.0002 (0.0842)	Loss (L1) 4.210 (4.283)
2026-04-26 03:15:09,890 | Epoch: [43][160/254]	Time   0.34 (  0.38)	Data 0.0002 (0.0790)	Loss (L1) 4.782 (4.304)
2026-04-26 03:15:12,917 | Epoch: [43][170/254]	Time   0.28 (  0.38)	Data 0.0002 (0.0744)	Loss (L1) 4.263 (4.312)
2026-04-26 03:15:15,920 | Epoch: [43][180/254]	Time   0.30 (  0.37)	Data 0.0002 (0.0703)	Loss (L1) 4.471 (4.305)
2026-04-26 03:15:18,901 | Epoch: [43][190/254]	Time   0.29 (  0.37)	Data 0.0001 (0.0668)	Loss (L1) 4.011 (4.302)
2026-04-26 03:15:21,927 | Epoch: [43][200/254]	Time   0.30 (  0.36)	Data 0.0001 (0.0635)	Loss (L1) 4.629 (4.308)
2026-04-26 03:15:24,922 | Epoch: [43][210/254]	Time   0.30 (  0.36)	Data 0.0001 (0.0605)	Loss (L1) 4.503 (4.310)
2026-04-26 03:15:27,850 | Epoch: [43][220/254]	Time   0.29 (  0.36)	Data 0.0001 (0.0577)	Loss (L1) 4.000 (4.307)
2026-04-26 03:15:30,778 | Epoch: [43][230/254]	Time   0.29 (  0.36)	Data 0.0001 (0.0552)	Loss (L1) 3.945 (4.311)
2026-04-26 03:15:33,722 | Epoch: [43][240/254]	Time   0.29 (  0.35)	Data 0.0001 (0.0529)	Loss (L1) 3.863 (4.310)
2026-04-26 03:15:36,651 | Epoch: [43][250/254]	Time   0.29 (  0.35)	Data 0.0001 (0.0508)	Loss (L1) 3.810 (4.297)
2026-04-26 03:15:37,751 | Create Epoch [43] features of all training data...
2026-04-26 03:16:51,974 | Updated smoothed statistics on Epoch [43]!
2026-04-26 03:16:52,003 | Updated running statistics with Epoch [43] features!
2026-04-26 03:17:02,470 | Val: [ 0/25]	Time 10.465 (10.465)	Loss (MSE) 267.300 (267.300)	Loss (L1) 14.920 (14.920)
2026-04-26 03:17:03,304 | Val: [10/25]	Time  0.083 ( 1.027)	Loss (MSE) 88.929 (133.204)	Loss (L1) 8.112 (9.718)
2026-04-26 03:17:04,134 | Val: [20/25]	Time  0.083 ( 0.578)	Loss (MSE) 222.380 (128.566)	Loss (L1) 12.944 (9.431)
2026-04-26 03:17:04,700 |  * Overall: MSE 157.678	L1 10.492	G-Mean 7.443
2026-04-26 03:17:04,700 |  * Many: MSE 113.028	L1 8.732	G-Mean 6.002
2026-04-26 03:17:04,701 |  * Median: MSE 222.857	L1 13.298	G-Mean 10.883
2026-04-26 03:17:04,701 |  * Low: MSE 387.610	L1 18.697	G-Mean 17.761
2026-04-26 03:17:04,701 | Best L1 Loss: 9.851
2026-04-26 03:17:04,917 | Epoch #43: Train loss [4.3001]; Val loss: MSE [157.6783], L1 [10.4925], G-Mean [7.4428]
2026-04-26 03:17:11,248 | Epoch: [44][  0/254]	Time   6.33 (  6.33)	Data 6.1132 (6.1132)	Loss (L1) 4.225 (4.225)
2026-04-26 03:17:20,601 | Epoch: [44][ 10/254]	Time   0.31 (  1.43)	Data 0.0003 (1.1544)	Loss (L1) 3.841 (4.068)
2026-04-26 03:17:23,625 | Epoch: [44][ 20/254]	Time   0.32 (  0.89)	Data 0.0003 (0.6049)	Loss (L1) 3.857 (4.134)
2026-04-26 03:17:26,786 | Epoch: [44][ 30/254]	Time   0.32 (  0.71)	Data 0.0002 (0.4099)	Loss (L1) 4.551 (4.146)
2026-04-26 03:17:29,901 | Epoch: [44][ 40/254]	Time   0.30 (  0.61)	Data 0.0002 (0.3149)	Loss (L1) 4.535 (4.168)
2026-04-26 03:17:32,881 | Epoch: [44][ 50/254]	Time   0.31 (  0.55)	Data 0.0003 (0.2532)	Loss (L1) 4.379 (4.229)
2026-04-26 03:17:35,857 | Epoch: [44][ 60/254]	Time   0.30 (  0.51)	Data 0.0003 (0.2117)	Loss (L1) 3.868 (4.224)
2026-04-26 03:17:38,856 | Epoch: [44][ 70/254]	Time   0.30 (  0.48)	Data 0.0003 (0.1820)	Loss (L1) 3.989 (4.240)
2026-04-26 03:17:41,907 | Epoch: [44][ 80/254]	Time   0.30 (  0.46)	Data 0.0003 (0.1595)	Loss (L1) 3.449 (4.250)
2026-04-26 03:17:44,935 | Epoch: [44][ 90/254]	Time   0.32 (  0.44)	Data 0.0003 (0.1420)	Loss (L1) 4.252 (4.224)
2026-04-26 03:17:47,991 | Epoch: [44][100/254]	Time   0.34 (  0.43)	Data 0.0003 (0.1280)	Loss (L1) 4.321 (4.215)
2026-04-26 03:17:51,046 | Epoch: [44][110/254]	Time   0.34 (  0.42)	Data 0.0003 (0.1165)	Loss (L1) 4.185 (4.212)
2026-04-26 03:17:54,307 | Epoch: [44][120/254]	Time   0.30 (  0.41)	Data 0.0003 (0.1069)	Loss (L1) 3.519 (4.242)
2026-04-26 03:17:57,310 | Epoch: [44][130/254]	Time   0.30 (  0.40)	Data 0.0003 (0.0988)	Loss (L1) 3.896 (4.238)
2026-04-26 03:18:00,292 | Epoch: [44][140/254]	Time   0.30 (  0.39)	Data 0.0003 (0.0918)	Loss (L1) 4.111 (4.238)
2026-04-26 03:18:03,355 | Epoch: [44][150/254]	Time   0.30 (  0.39)	Data 0.0003 (0.0858)	Loss (L1) 4.731 (4.239)
2026-04-26 03:18:06,365 | Epoch: [44][160/254]	Time   0.29 (  0.38)	Data 0.0002 (0.0805)	Loss (L1) 4.279 (4.246)
2026-04-26 03:18:09,491 | Epoch: [44][170/254]	Time   0.28 (  0.38)	Data 0.0002 (0.0758)	Loss (L1) 4.148 (4.251)
2026-04-26 03:18:12,503 | Epoch: [44][180/254]	Time   0.29 (  0.37)	Data 0.0009 (0.0717)	Loss (L1) 4.665 (4.255)
2026-04-26 03:18:15,549 | Epoch: [44][190/254]	Time   0.37 (  0.37)	Data 0.0002 (0.0680)	Loss (L1) 3.779 (4.254)
2026-04-26 03:18:18,577 | Epoch: [44][200/254]	Time   0.30 (  0.37)	Data 0.0002 (0.0647)	Loss (L1) 4.077 (4.247)
2026-04-26 03:18:21,560 | Epoch: [44][210/254]	Time   0.29 (  0.36)	Data 0.0001 (0.0616)	Loss (L1) 4.380 (4.247)
2026-04-26 03:18:24,505 | Epoch: [44][220/254]	Time   0.30 (  0.36)	Data 0.0001 (0.0588)	Loss (L1) 4.426 (4.248)
2026-04-26 03:18:27,445 | Epoch: [44][230/254]	Time   0.30 (  0.36)	Data 0.0001 (0.0563)	Loss (L1) 4.597 (4.252)
2026-04-26 03:18:30,378 | Epoch: [44][240/254]	Time   0.29 (  0.35)	Data 0.0001 (0.0540)	Loss (L1) 3.663 (4.241)
2026-04-26 03:18:33,305 | Epoch: [44][250/254]	Time   0.29 (  0.35)	Data 0.0001 (0.0518)	Loss (L1) 3.938 (4.230)
2026-04-26 03:18:34,396 | Create Epoch [44] features of all training data...
2026-04-26 03:19:57,964 | Updated smoothed statistics on Epoch [44]!
2026-04-26 03:19:57,994 | Updated running statistics with Epoch [44] features!
2026-04-26 03:20:16,267 | Val: [ 0/25]	Time 18.272 (18.272)	Loss (MSE) 236.415 (236.415)	Loss (L1) 14.083 (14.083)
2026-04-26 03:20:17,096 | Val: [10/25]	Time  0.083 ( 1.736)	Loss (MSE) 60.516 (106.104)	Loss (L1) 6.433 (8.482)
2026-04-26 03:20:17,922 | Val: [20/25]	Time  0.083 ( 0.949)	Loss (MSE) 240.695 (110.627)	Loss (L1) 13.575 (8.562)
2026-04-26 03:20:18,484 |  * Overall: MSE 144.240	L1 9.795	G-Mean 6.672
2026-04-26 03:20:18,484 |  * Many: MSE 96.052	L1 7.875	G-Mean 5.211
2026-04-26 03:20:18,484 |  * Median: MSE 214.086	L1 12.830	G-Mean 10.362
2026-04-26 03:20:18,484 |  * Low: MSE 394.188	L1 18.843	G-Mean 17.840
2026-04-26 03:20:18,485 | Best L1 Loss: 9.795
2026-04-26 03:20:18,715 | ===> Saving current best checkpoint...
2026-04-26 03:20:19,227 | Epoch #44: Train loss [4.2306]; Val loss: MSE [144.2399], L1 [9.7954], G-Mean [6.6717]
2026-04-26 03:20:26,686 | Epoch: [45][  0/254]	Time   7.46 (  7.46)	Data 7.3059 (7.3059)	Loss (L1) 4.261 (4.261)
2026-04-26 03:20:34,914 | Epoch: [45][ 10/254]	Time   0.30 (  1.43)	Data 0.0003 (1.1629)	Loss (L1) 4.293 (4.015)
2026-04-26 03:20:38,026 | Epoch: [45][ 20/254]	Time   0.39 (  0.90)	Data 0.0002 (0.6093)	Loss (L1) 4.732 (4.113)
2026-04-26 03:20:41,112 | Epoch: [45][ 30/254]	Time   0.30 (  0.71)	Data 0.0002 (0.4128)	Loss (L1) 5.045 (4.190)
2026-04-26 03:20:44,107 | Epoch: [45][ 40/254]	Time   0.29 (  0.61)	Data 0.0003 (0.3122)	Loss (L1) 4.188 (4.175)
2026-04-26 03:20:47,277 | Epoch: [45][ 50/254]	Time   0.35 (  0.55)	Data 0.0002 (0.2510)	Loss (L1) 4.108 (4.187)
2026-04-26 03:20:50,410 | Epoch: [45][ 60/254]	Time   0.33 (  0.51)	Data 0.0002 (0.2099)	Loss (L1) 4.529 (4.167)
2026-04-26 03:20:53,536 | Epoch: [45][ 70/254]	Time   0.32 (  0.48)	Data 0.0002 (0.1804)	Loss (L1) 4.288 (4.222)
2026-04-26 03:20:56,731 | Epoch: [45][ 80/254]	Time   0.32 (  0.46)	Data 0.0002 (0.1583)	Loss (L1) 3.997 (4.230)
2026-04-26 03:20:59,862 | Epoch: [45][ 90/254]	Time   0.30 (  0.45)	Data 0.0002 (0.1410)	Loss (L1) 3.978 (4.222)
2026-04-26 03:21:02,890 | Epoch: [45][100/254]	Time   0.30 (  0.43)	Data 0.0002 (0.1270)	Loss (L1) 3.958 (4.203)
2026-04-26 03:21:05,885 | Epoch: [45][110/254]	Time   0.30 (  0.42)	Data 0.0002 (0.1156)	Loss (L1) 4.559 (4.203)
2026-04-26 03:21:08,945 | Epoch: [45][120/254]	Time   0.30 (  0.41)	Data 0.0002 (0.1061)	Loss (L1) 3.700 (4.194)
2026-04-26 03:21:12,069 | Epoch: [45][130/254]	Time   0.32 (  0.40)	Data 0.0002 (0.0980)	Loss (L1) 4.287 (4.208)
2026-04-26 03:21:15,128 | Epoch: [45][140/254]	Time   0.33 (  0.40)	Data 0.0002 (0.0911)	Loss (L1) 4.228 (4.219)
2026-04-26 03:21:18,246 | Epoch: [45][150/254]	Time   0.33 (  0.39)	Data 0.0002 (0.0850)	Loss (L1) 4.929 (4.217)
2026-04-26 03:21:21,224 | Epoch: [45][160/254]	Time   0.30 (  0.39)	Data 0.0002 (0.0799)	Loss (L1) 4.317 (4.206)
2026-04-26 03:21:24,354 | Epoch: [45][170/254]	Time   0.36 (  0.38)	Data 0.0002 (0.0752)	Loss (L1) 4.232 (4.199)
2026-04-26 03:21:27,457 | Epoch: [45][180/254]	Time   0.31 (  0.38)	Data 0.0002 (0.0711)	Loss (L1) 3.647 (4.206)
2026-04-26 03:21:30,486 | Epoch: [45][190/254]	Time   0.30 (  0.37)	Data 0.0001 (0.0676)	Loss (L1) 4.180 (4.198)
2026-04-26 03:21:33,458 | Epoch: [45][200/254]	Time   0.30 (  0.37)	Data 0.0001 (0.0642)	Loss (L1) 5.813 (4.203)
2026-04-26 03:21:36,400 | Epoch: [45][210/254]	Time   0.29 (  0.37)	Data 0.0001 (0.0612)	Loss (L1) 3.863 (4.212)
2026-04-26 03:21:39,339 | Epoch: [45][220/254]	Time   0.29 (  0.36)	Data 0.0001 (0.0584)	Loss (L1) 4.202 (4.210)
2026-04-26 03:21:42,278 | Epoch: [45][230/254]	Time   0.30 (  0.36)	Data 0.0001 (0.0559)	Loss (L1) 4.615 (4.218)
2026-04-26 03:21:45,209 | Epoch: [45][240/254]	Time   0.29 (  0.36)	Data 0.0001 (0.0536)	Loss (L1) 3.787 (4.215)
2026-04-26 03:21:48,142 | Epoch: [45][250/254]	Time   0.29 (  0.35)	Data 0.0001 (0.0515)	Loss (L1) 4.446 (4.213)
2026-04-26 03:21:49,240 | Create Epoch [45] features of all training data...
2026-04-26 03:23:04,544 | Updated smoothed statistics on Epoch [45]!
2026-04-26 03:23:04,573 | Updated running statistics with Epoch [45] features!
2026-04-26 03:23:12,517 | Val: [ 0/25]	Time  7.943 ( 7.943)	Loss (MSE) 251.569 (251.569)	Loss (L1) 14.297 (14.297)
2026-04-26 03:23:15,633 | Val: [10/25]	Time  0.083 ( 1.005)	Loss (MSE) 60.527 (114.614)	Loss (L1) 6.544 (8.904)
2026-04-26 03:23:16,463 | Val: [20/25]	Time  0.083 ( 0.566)	Loss (MSE) 233.970 (116.638)	Loss (L1) 12.970 (8.691)
2026-04-26 03:23:16,998 |  * Overall: MSE 145.578	L1 9.759	G-Mean 6.549
2026-04-26 03:23:16,998 |  * Many: MSE 98.682	L1 7.873	G-Mean 5.138
2026-04-26 03:23:16,998 |  * Median: MSE 221.720	L1 12.973	G-Mean 10.176
2026-04-26 03:23:16,998 |  * Low: MSE 359.192	L1 17.792	G-Mean 16.680
2026-04-26 03:23:16,999 | Best L1 Loss: 9.759
2026-04-26 03:23:17,208 | ===> Saving current best checkpoint...
2026-04-26 03:23:17,683 | Epoch #45: Train loss [4.2128]; Val loss: MSE [145.5778], L1 [9.7587], G-Mean [6.5490]
2026-04-26 03:23:27,048 | Epoch: [46][  0/254]	Time   9.36 (  9.36)	Data 9.1688 (9.1688)	Loss (L1) 5.333 (5.333)
2026-04-26 03:23:32,884 | Epoch: [46][ 10/254]	Time   0.29 (  1.38)	Data 0.0002 (1.1152)	Loss (L1) 4.197 (4.444)
2026-04-26 03:23:35,953 | Epoch: [46][ 20/254]	Time   0.33 (  0.87)	Data 0.0002 (0.5843)	Loss (L1) 4.627 (4.287)
2026-04-26 03:23:39,250 | Epoch: [46][ 30/254]	Time   0.37 (  0.70)	Data 0.0002 (0.3959)	Loss (L1) 4.017 (4.280)
2026-04-26 03:23:42,309 | Epoch: [46][ 40/254]	Time   0.30 (  0.60)	Data 0.0002 (0.2994)	Loss (L1) 4.144 (4.295)
2026-04-26 03:23:45,321 | Epoch: [46][ 50/254]	Time   0.33 (  0.54)	Data 0.0002 (0.2410)	Loss (L1) 4.282 (4.268)
2026-04-26 03:23:48,453 | Epoch: [46][ 60/254]	Time   0.28 (  0.50)	Data 0.0002 (0.2017)	Loss (L1) 3.646 (4.258)
2026-04-26 03:23:51,455 | Epoch: [46][ 70/254]	Time   0.30 (  0.48)	Data 0.0002 (0.1733)	Loss (L1) 4.070 (4.222)
2026-04-26 03:23:54,576 | Epoch: [46][ 80/254]	Time   0.35 (  0.46)	Data 0.0002 (0.1519)	Loss (L1) 3.831 (4.207)
2026-04-26 03:23:57,705 | Epoch: [46][ 90/254]	Time   0.29 (  0.44)	Data 0.0002 (0.1355)	Loss (L1) 4.533 (4.211)
2026-04-26 03:24:00,905 | Epoch: [46][100/254]	Time   0.28 (  0.43)	Data 0.0002 (0.1221)	Loss (L1) 4.878 (4.221)
2026-04-26 03:24:03,905 | Epoch: [46][110/254]	Time   0.30 (  0.42)	Data 0.0002 (0.1111)	Loss (L1) 3.874 (4.203)
2026-04-26 03:24:07,048 | Epoch: [46][120/254]	Time   0.38 (  0.41)	Data 0.0002 (0.1020)	Loss (L1) 4.204 (4.234)
2026-04-26 03:24:10,025 | Epoch: [46][130/254]	Time   0.29 (  0.40)	Data 0.0003 (0.0943)	Loss (L1) 4.944 (4.252)
2026-04-26 03:24:12,989 | Epoch: [46][140/254]	Time   0.30 (  0.39)	Data 0.0002 (0.0876)	Loss (L1) 4.794 (4.255)
2026-04-26 03:24:15,977 | Epoch: [46][150/254]	Time   0.29 (  0.39)	Data 0.0002 (0.0818)	Loss (L1) 4.102 (4.268)
2026-04-26 03:24:19,118 | Epoch: [46][160/254]	Time   0.35 (  0.38)	Data 0.1091 (0.0774)	Loss (L1) 3.952 (4.258)
2026-04-26 03:24:25,021 | Epoch: [46][170/254]	Time   0.31 (  0.39)	Data 0.0002 (0.0906)	Loss (L1) 4.392 (4.257)
2026-04-26 03:24:28,051 | Epoch: [46][180/254]	Time   0.29 (  0.39)	Data 0.0002 (0.0856)	Loss (L1) 4.152 (4.250)
2026-04-26 03:24:31,081 | Epoch: [46][190/254]	Time   0.29 (  0.38)	Data 0.0001 (0.0814)	Loss (L1) 3.660 (4.249)
2026-04-26 03:24:34,231 | Epoch: [46][200/254]	Time   0.30 (  0.38)	Data 0.0001 (0.0773)	Loss (L1) 4.957 (4.249)
2026-04-26 03:24:37,224 | Epoch: [46][210/254]	Time   0.29 (  0.38)	Data 0.0003 (0.0737)	Loss (L1) 3.842 (4.254)
2026-04-26 03:24:40,175 | Epoch: [46][220/254]	Time   0.30 (  0.37)	Data 0.0002 (0.0703)	Loss (L1) 4.318 (4.252)
2026-04-26 03:24:43,118 | Epoch: [46][230/254]	Time   0.30 (  0.37)	Data 0.0001 (0.0673)	Loss (L1) 4.258 (4.238)
2026-04-26 03:24:46,054 | Epoch: [46][240/254]	Time   0.29 (  0.37)	Data 0.0001 (0.0645)	Loss (L1) 4.521 (4.229)
2026-04-26 03:24:49,004 | Epoch: [46][250/254]	Time   0.30 (  0.36)	Data 0.0001 (0.0619)	Loss (L1) 4.373 (4.227)
2026-04-26 03:24:50,129 | Create Epoch [46] features of all training data...
2026-04-26 03:26:04,802 | Updated smoothed statistics on Epoch [46]!
2026-04-26 03:26:04,832 | Updated running statistics with Epoch [46] features!
2026-04-26 03:26:14,548 | Val: [ 0/25]	Time  9.715 ( 9.715)	Loss (MSE) 266.500 (266.500)	Loss (L1) 14.808 (14.808)
2026-04-26 03:26:15,703 | Val: [10/25]	Time  0.083 ( 0.988)	Loss (MSE) 59.774 (109.351)	Loss (L1) 6.639 (8.652)
2026-04-26 03:26:16,533 | Val: [20/25]	Time  0.084 ( 0.557)	Loss (MSE) 223.662 (108.681)	Loss (L1) 13.040 (8.438)
2026-04-26 03:26:17,097 |  * Overall: MSE 137.436	L1 9.557	G-Mean 6.525
2026-04-26 03:26:17,098 |  * Many: MSE 91.169	L1 7.660	G-Mean 5.107
2026-04-26 03:26:17,098 |  * Median: MSE 208.850	L1 12.676	G-Mean 10.124
2026-04-26 03:26:17,098 |  * Low: MSE 361.633	L1 18.047	G-Mean 17.148
2026-04-26 03:26:17,099 | Best L1 Loss: 9.557
2026-04-26 03:26:17,308 | ===> Saving current best checkpoint...
2026-04-26 03:26:17,786 | Epoch #46: Train loss [4.2255]; Val loss: MSE [137.4362], L1 [9.5566], G-Mean [6.5253]
2026-04-26 03:26:23,741 | Epoch: [47][  0/254]	Time   5.95 (  5.95)	Data 5.7306 (5.7306)	Loss (L1) 3.721 (3.721)
2026-04-26 03:26:31,587 | Epoch: [47][ 10/254]	Time   0.29 (  1.25)	Data 0.0002 (0.9440)	Loss (L1) 4.159 (4.058)
2026-04-26 03:26:34,624 | Epoch: [47][ 20/254]	Time   0.30 (  0.80)	Data 0.0002 (0.4946)	Loss (L1) 4.141 (4.200)
2026-04-26 03:26:37,685 | Epoch: [47][ 30/254]	Time   0.31 (  0.64)	Data 0.0002 (0.3351)	Loss (L1) 4.518 (4.184)
2026-04-26 03:26:40,836 | Epoch: [47][ 40/254]	Time   0.29 (  0.56)	Data 0.0003 (0.2534)	Loss (L1) 3.785 (4.219)
2026-04-26 03:26:43,872 | Epoch: [47][ 50/254]	Time   0.28 (  0.51)	Data 0.0003 (0.2038)	Loss (L1) 3.691 (4.169)
2026-04-26 03:26:46,901 | Epoch: [47][ 60/254]	Time   0.32 (  0.48)	Data 0.0002 (0.1704)	Loss (L1) 4.523 (4.165)
2026-04-26 03:26:50,032 | Epoch: [47][ 70/254]	Time   0.32 (  0.45)	Data 0.0002 (0.1464)	Loss (L1) 3.908 (4.138)
2026-04-26 03:26:53,170 | Epoch: [47][ 80/254]	Time   0.34 (  0.44)	Data 0.0002 (0.1284)	Loss (L1) 3.551 (4.179)
2026-04-26 03:26:56,255 | Epoch: [47][ 90/254]	Time   0.32 (  0.42)	Data 0.0002 (0.1144)	Loss (L1) 4.163 (4.172)
2026-04-26 03:26:59,338 | Epoch: [47][100/254]	Time   0.30 (  0.41)	Data 0.0002 (0.1031)	Loss (L1) 4.355 (4.162)
2026-04-26 03:27:02,824 | Epoch: [47][110/254]	Time   0.31 (  0.41)	Data 0.0002 (0.0977)	Loss (L1) 4.493 (4.157)
2026-04-26 03:27:05,843 | Epoch: [47][120/254]	Time   0.30 (  0.40)	Data 0.0004 (0.0897)	Loss (L1) 4.900 (4.171)
2026-04-26 03:27:08,987 | Epoch: [47][130/254]	Time   0.31 (  0.39)	Data 0.0002 (0.0829)	Loss (L1) 3.892 (4.160)
2026-04-26 03:27:12,819 | Epoch: [47][140/254]	Time   0.33 (  0.39)	Data 0.0002 (0.0820)	Loss (L1) 4.488 (4.161)
2026-04-26 03:27:15,868 | Epoch: [47][150/254]	Time   0.30 (  0.38)	Data 0.0002 (0.0766)	Loss (L1) 5.289 (4.169)
2026-04-26 03:27:19,063 | Epoch: [47][160/254]	Time   0.31 (  0.38)	Data 0.0003 (0.0719)	Loss (L1) 3.635 (4.163)
2026-04-26 03:27:22,168 | Epoch: [47][170/254]	Time   0.32 (  0.38)	Data 0.0002 (0.0677)	Loss (L1) 4.822 (4.168)
2026-04-26 03:27:25,246 | Epoch: [47][180/254]	Time   0.33 (  0.37)	Data 0.0002 (0.0640)	Loss (L1) 4.500 (4.179)
2026-04-26 03:27:28,322 | Epoch: [47][190/254]	Time   0.30 (  0.37)	Data 0.0001 (0.0609)	Loss (L1) 3.942 (4.174)
2026-04-26 03:27:31,356 | Epoch: [47][200/254]	Time   0.30 (  0.37)	Data 0.0001 (0.0578)	Loss (L1) 3.855 (4.188)
2026-04-26 03:27:34,317 | Epoch: [47][210/254]	Time   0.29 (  0.36)	Data 0.0002 (0.0551)	Loss (L1) 3.944 (4.187)
2026-04-26 03:27:37,263 | Epoch: [47][220/254]	Time   0.30 (  0.36)	Data 0.0001 (0.0526)	Loss (L1) 3.820 (4.183)
2026-04-26 03:27:40,204 | Epoch: [47][230/254]	Time   0.29 (  0.36)	Data 0.0002 (0.0504)	Loss (L1) 3.623 (4.180)
2026-04-26 03:27:43,141 | Epoch: [47][240/254]	Time   0.29 (  0.35)	Data 0.0001 (0.0483)	Loss (L1) 3.748 (4.174)
2026-04-26 03:27:46,084 | Epoch: [47][250/254]	Time   0.29 (  0.35)	Data 0.0001 (0.0464)	Loss (L1) 4.404 (4.177)
2026-04-26 03:27:47,198 | Create Epoch [47] features of all training data...
2026-04-26 03:29:01,660 | Updated smoothed statistics on Epoch [47]!
2026-04-26 03:29:01,688 | Updated running statistics with Epoch [47] features!
2026-04-26 03:29:11,362 | Val: [ 0/25]	Time  9.672 ( 9.672)	Loss (MSE) 282.785 (282.785)	Loss (L1) 15.510 (15.510)
2026-04-26 03:29:12,443 | Val: [10/25]	Time  0.083 ( 0.978)	Loss (MSE) 70.271 (119.847)	Loss (L1) 6.935 (9.075)
2026-04-26 03:29:13,272 | Val: [20/25]	Time  0.083 ( 0.552)	Loss (MSE) 213.721 (113.701)	Loss (L1) 12.807 (8.758)
2026-04-26 03:29:13,814 |  * Overall: MSE 141.308	L1 9.842	G-Mean 6.850
2026-04-26 03:29:13,814 |  * Many: MSE 95.154	L1 7.932	G-Mean 5.360
2026-04-26 03:29:13,814 |  * Median: MSE 212.963	L1 13.005	G-Mean 10.697
2026-04-26 03:29:13,815 |  * Low: MSE 363.450	L1 18.330	G-Mean 17.615
2026-04-26 03:29:13,815 | Best L1 Loss: 9.557
2026-04-26 03:29:14,190 | Epoch #47: Train loss [4.1732]; Val loss: MSE [141.3078], L1 [9.8425], G-Mean [6.8499]
2026-04-26 03:29:27,212 | Epoch: [48][  0/254]	Time  13.02 ( 13.02)	Data 12.8288 (12.8288)	Loss (L1) 3.754 (3.754)
2026-04-26 03:29:31,887 | Epoch: [48][ 10/254]	Time   0.30 (  1.61)	Data 0.0002 (1.3218)	Loss (L1) 4.143 (4.140)
2026-04-26 03:29:34,979 | Epoch: [48][ 20/254]	Time   0.29 (  0.99)	Data 0.0002 (0.6925)	Loss (L1) 4.269 (4.184)
2026-04-26 03:29:38,040 | Epoch: [48][ 30/254]	Time   0.30 (  0.77)	Data 0.0004 (0.4695)	Loss (L1) 3.697 (4.191)
2026-04-26 03:29:41,116 | Epoch: [48][ 40/254]	Time   0.29 (  0.66)	Data 0.0002 (0.3552)	Loss (L1) 4.625 (4.209)
2026-04-26 03:29:44,310 | Epoch: [48][ 50/254]	Time   0.29 (  0.59)	Data 0.0002 (0.2856)	Loss (L1) 4.065 (4.188)
2026-04-26 03:29:47,427 | Epoch: [48][ 60/254]	Time   0.31 (  0.54)	Data 0.0002 (0.2391)	Loss (L1) 3.764 (4.203)
2026-04-26 03:29:50,567 | Epoch: [48][ 70/254]	Time   0.30 (  0.51)	Data 0.0002 (0.2054)	Loss (L1) 3.682 (4.161)
2026-04-26 03:29:53,831 | Epoch: [48][ 80/254]	Time   0.31 (  0.49)	Data 0.0002 (0.1803)	Loss (L1) 3.737 (4.159)
2026-04-26 03:29:56,918 | Epoch: [48][ 90/254]	Time   0.31 (  0.47)	Data 0.0002 (0.1605)	Loss (L1) 3.781 (4.147)
2026-04-26 03:29:59,995 | Epoch: [48][100/254]	Time   0.31 (  0.45)	Data 0.0003 (0.1448)	Loss (L1) 4.061 (4.141)
2026-04-26 03:30:03,143 | Epoch: [48][110/254]	Time   0.33 (  0.44)	Data 0.0002 (0.1317)	Loss (L1) 3.846 (4.141)
2026-04-26 03:30:06,198 | Epoch: [48][120/254]	Time   0.31 (  0.43)	Data 0.0003 (0.1209)	Loss (L1) 4.438 (4.136)
2026-04-26 03:30:09,247 | Epoch: [48][130/254]	Time   0.32 (  0.42)	Data 0.0002 (0.1117)	Loss (L1) 4.840 (4.138)
2026-04-26 03:30:12,298 | Epoch: [48][140/254]	Time   0.33 (  0.41)	Data 0.0002 (0.1038)	Loss (L1) 3.827 (4.138)
2026-04-26 03:30:15,371 | Epoch: [48][150/254]	Time   0.31 (  0.41)	Data 0.0002 (0.0969)	Loss (L1) 3.727 (4.116)
2026-04-26 03:30:18,359 | Epoch: [48][160/254]	Time   0.28 (  0.40)	Data 0.0002 (0.0909)	Loss (L1) 3.439 (4.114)
2026-04-26 03:30:21,357 | Epoch: [48][170/254]	Time   0.30 (  0.39)	Data 0.0002 (0.0857)	Loss (L1) 4.575 (4.111)
2026-04-26 03:30:24,386 | Epoch: [48][180/254]	Time   0.30 (  0.39)	Data 0.0002 (0.0810)	Loss (L1) 4.199 (4.106)
2026-04-26 03:30:27,413 | Epoch: [48][190/254]	Time   0.29 (  0.38)	Data 0.0001 (0.0770)	Loss (L1) 3.850 (4.106)
2026-04-26 03:30:30,397 | Epoch: [48][200/254]	Time   0.29 (  0.38)	Data 0.0001 (0.0732)	Loss (L1) 4.229 (4.100)
2026-04-26 03:30:33,341 | Epoch: [48][210/254]	Time   0.30 (  0.38)	Data 0.0001 (0.0697)	Loss (L1) 3.991 (4.101)
2026-04-26 03:30:36,278 | Epoch: [48][220/254]	Time   0.29 (  0.37)	Data 0.0001 (0.0665)	Loss (L1) 4.346 (4.102)
2026-04-26 03:30:39,211 | Epoch: [48][230/254]	Time   0.29 (  0.37)	Data 0.0001 (0.0637)	Loss (L1) 3.902 (4.093)
2026-04-26 03:30:42,141 | Epoch: [48][240/254]	Time   0.29 (  0.36)	Data 0.0001 (0.0610)	Loss (L1) 4.247 (4.087)
2026-04-26 03:30:45,084 | Epoch: [48][250/254]	Time   0.30 (  0.36)	Data 0.0001 (0.0586)	Loss (L1) 4.112 (4.087)
2026-04-26 03:30:46,195 | Create Epoch [48] features of all training data...
2026-04-26 03:32:08,112 | Updated smoothed statistics on Epoch [48]!
2026-04-26 03:32:08,142 | Updated running statistics with Epoch [48] features!
2026-04-26 03:32:14,416 | Val: [ 0/25]	Time  6.271 ( 6.271)	Loss (MSE) 272.912 (272.912)	Loss (L1) 15.269 (15.269)
2026-04-26 03:32:19,320 | Val: [10/25]	Time  0.083 ( 1.016)	Loss (MSE) 73.939 (124.365)	Loss (L1) 7.064 (9.226)
2026-04-26 03:32:20,149 | Val: [20/25]	Time  0.083 ( 0.572)	Loss (MSE) 194.492 (115.976)	Loss (L1) 12.084 (8.814)
2026-04-26 03:32:20,708 |  * Overall: MSE 142.116	L1 9.840	G-Mean 6.873
2026-04-26 03:32:20,708 |  * Many: MSE 98.341	L1 8.018	G-Mean 5.411
2026-04-26 03:32:20,708 |  * Median: MSE 206.143	L1 12.770	G-Mean 10.596
2026-04-26 03:32:20,708 |  * Low: MSE 367.079	L1 18.242	G-Mean 17.395
2026-04-26 03:32:20,709 | Best L1 Loss: 9.557
2026-04-26 03:32:20,922 | Epoch #48: Train loss [4.0858]; Val loss: MSE [142.1156], L1 [9.8403], G-Mean [6.8731]
2026-04-26 03:32:33,329 | Epoch: [49][  0/254]	Time  12.41 ( 12.41)	Data 12.2039 (12.2039)	Loss (L1) 3.992 (3.992)
2026-04-26 03:32:36,706 | Epoch: [49][ 10/254]	Time   0.32 (  1.43)	Data 0.0003 (1.1115)	Loss (L1) 4.336 (3.948)
2026-04-26 03:32:39,784 | Epoch: [49][ 20/254]	Time   0.28 (  0.90)	Data 0.0002 (0.5838)	Loss (L1) 3.891 (3.990)
2026-04-26 03:32:43,004 | Epoch: [49][ 30/254]	Time   0.32 (  0.71)	Data 0.0002 (0.3956)	Loss (L1) 4.075 (4.017)
2026-04-26 03:32:46,201 | Epoch: [49][ 40/254]	Time   0.30 (  0.62)	Data 0.0002 (0.2992)	Loss (L1) 3.947 (4.003)
2026-04-26 03:32:49,435 | Epoch: [49][ 50/254]	Time   0.34 (  0.56)	Data 0.0002 (0.2405)	Loss (L1) 3.638 (3.997)
2026-04-26 03:32:52,543 | Epoch: [49][ 60/254]	Time   0.29 (  0.52)	Data 0.0002 (0.2011)	Loss (L1) 4.070 (4.025)
2026-04-26 03:32:55,696 | Epoch: [49][ 70/254]	Time   0.30 (  0.49)	Data 0.0003 (0.1729)	Loss (L1) 4.423 (4.096)
2026-04-26 03:32:58,869 | Epoch: [49][ 80/254]	Time   0.31 (  0.47)	Data 0.0004 (0.1515)	Loss (L1) 4.000 (4.108)
2026-04-26 03:33:02,013 | Epoch: [49][ 90/254]	Time   0.28 (  0.45)	Data 0.0002 (0.1349)	Loss (L1) 3.764 (4.124)
2026-04-26 03:33:05,162 | Epoch: [49][100/254]	Time   0.34 (  0.44)	Data 0.0002 (0.1216)	Loss (L1) 4.443 (4.133)
2026-04-26 03:33:08,185 | Epoch: [49][110/254]	Time   0.31 (  0.43)	Data 0.0003 (0.1107)	Loss (L1) 3.685 (4.119)
2026-04-26 03:33:11,423 | Epoch: [49][120/254]	Time   0.30 (  0.42)	Data 0.0145 (0.1016)	Loss (L1) 3.857 (4.117)
2026-04-26 03:33:14,468 | Epoch: [49][130/254]	Time   0.30 (  0.41)	Data 0.0002 (0.0940)	Loss (L1) 4.256 (4.116)
2026-04-26 03:33:17,523 | Epoch: [49][140/254]	Time   0.30 (  0.40)	Data 0.0002 (0.0873)	Loss (L1) 3.911 (4.107)
2026-04-26 03:33:20,672 | Epoch: [49][150/254]	Time   0.30 (  0.40)	Data 0.0020 (0.0816)	Loss (L1) 4.118 (4.108)
2026-04-26 03:33:23,708 | Epoch: [49][160/254]	Time   0.32 (  0.39)	Data 0.0002 (0.0766)	Loss (L1) 3.658 (4.106)
2026-04-26 03:33:26,786 | Epoch: [49][170/254]	Time   0.30 (  0.39)	Data 0.0002 (0.0721)	Loss (L1) 3.982 (4.106)
2026-04-26 03:33:29,795 | Epoch: [49][180/254]	Time   0.30 (  0.38)	Data 0.0002 (0.0681)	Loss (L1) 4.394 (4.116)
2026-04-26 03:33:32,826 | Epoch: [49][190/254]	Time   0.30 (  0.38)	Data 0.0001 (0.0647)	Loss (L1) 3.612 (4.111)
2026-04-26 03:33:35,826 | Epoch: [49][200/254]	Time   0.29 (  0.37)	Data 0.0001 (0.0615)	Loss (L1) 3.545 (4.096)
2026-04-26 03:33:38,748 | Epoch: [49][210/254]	Time   0.29 (  0.37)	Data 0.0001 (0.0586)	Loss (L1) 4.165 (4.097)
2026-04-26 03:33:41,683 | Epoch: [49][220/254]	Time   0.29 (  0.37)	Data 0.0002 (0.0559)	Loss (L1) 3.922 (4.098)
2026-04-26 03:33:44,615 | Epoch: [49][230/254]	Time   0.29 (  0.36)	Data 0.0001 (0.0535)	Loss (L1) 4.436 (4.103)
2026-04-26 03:33:47,561 | Epoch: [49][240/254]	Time   0.30 (  0.36)	Data 0.0001 (0.0513)	Loss (L1) 4.403 (4.109)
2026-04-26 03:33:50,491 | Epoch: [49][250/254]	Time   0.30 (  0.36)	Data 0.0001 (0.0493)	Loss (L1) 4.240 (4.108)
2026-04-26 03:33:51,589 | Create Epoch [49] features of all training data...
2026-04-26 03:35:06,845 | Updated smoothed statistics on Epoch [49]!
2026-04-26 03:35:06,875 | Updated running statistics with Epoch [49] features!
2026-04-26 03:35:14,036 | Val: [ 0/25]	Time  7.160 ( 7.160)	Loss (MSE) 255.419 (255.419)	Loss (L1) 14.584 (14.584)
2026-04-26 03:35:17,467 | Val: [10/25]	Time  0.083 ( 0.963)	Loss (MSE) 60.625 (118.793)	Loss (L1) 6.396 (9.043)
2026-04-26 03:35:18,297 | Val: [20/25]	Time  0.083 ( 0.544)	Loss (MSE) 170.588 (105.138)	Loss (L1) 11.699 (8.398)
2026-04-26 03:35:18,855 |  * Overall: MSE 131.020	L1 9.454	G-Mean 6.512
2026-04-26 03:35:18,855 |  * Many: MSE 87.686	L1 7.582	G-Mean 5.072
2026-04-26 03:35:18,855 |  * Median: MSE 191.690	L1 12.422	G-Mean 10.195
2026-04-26 03:35:18,855 |  * Low: MSE 363.555	L1 18.240	G-Mean 17.439
2026-04-26 03:35:18,856 | Best L1 Loss: 9.454
2026-04-26 03:35:19,091 | ===> Saving current best checkpoint...
2026-04-26 03:35:19,600 | Epoch #49: Train loss [4.1030]; Val loss: MSE [131.0201], L1 [9.4540], G-Mean [6.5124]
2026-04-26 03:35:31,478 | Epoch: [50][  0/254]	Time  11.88 ( 11.88)	Data 11.6275 (11.6275)	Loss (L1) 4.686 (4.686)
2026-04-26 03:35:34,645 | Epoch: [50][ 10/254]	Time   0.31 (  1.37)	Data 0.0005 (1.0609)	Loss (L1) 3.878 (4.280)
2026-04-26 03:35:37,842 | Epoch: [50][ 20/254]	Time   0.29 (  0.87)	Data 0.0002 (0.5577)	Loss (L1) 3.842 (4.257)
2026-04-26 03:35:41,056 | Epoch: [50][ 30/254]	Time   0.28 (  0.69)	Data 0.0002 (0.3782)	Loss (L1) 4.010 (4.137)
2026-04-26 03:35:44,071 | Epoch: [50][ 40/254]	Time   0.30 (  0.60)	Data 0.0002 (0.2860)	Loss (L1) 4.151 (4.092)
2026-04-26 03:35:47,290 | Epoch: [50][ 50/254]	Time   0.31 (  0.54)	Data 0.0002 (0.2301)	Loss (L1) 3.729 (4.044)
2026-04-26 03:35:50,428 | Epoch: [50][ 60/254]	Time   0.29 (  0.51)	Data 0.0002 (0.1926)	Loss (L1) 3.606 (4.048)
2026-04-26 03:35:53,507 | Epoch: [50][ 70/254]	Time   0.28 (  0.48)	Data 0.0003 (0.1655)	Loss (L1) 3.900 (4.036)
2026-04-26 03:35:56,760 | Epoch: [50][ 80/254]	Time   0.30 (  0.46)	Data 0.0002 (0.1451)	Loss (L1) 3.937 (4.025)
2026-04-26 03:35:59,794 | Epoch: [50][ 90/254]	Time   0.31 (  0.44)	Data 0.0002 (0.1292)	Loss (L1) 4.035 (4.022)
2026-04-26 03:36:02,876 | Epoch: [50][100/254]	Time   0.35 (  0.43)	Data 0.0002 (0.1164)	Loss (L1) 4.104 (4.009)
2026-04-26 03:36:06,087 | Epoch: [50][110/254]	Time   0.31 (  0.42)	Data 0.0003 (0.1060)	Loss (L1) 4.560 (4.024)
2026-04-26 03:36:09,166 | Epoch: [50][120/254]	Time   0.29 (  0.41)	Data 0.0002 (0.0973)	Loss (L1) 4.379 (4.030)
2026-04-26 03:36:12,189 | Epoch: [50][130/254]	Time   0.30 (  0.40)	Data 0.0002 (0.0899)	Loss (L1) 4.402 (4.027)
2026-04-26 03:36:15,296 | Epoch: [50][140/254]	Time   0.30 (  0.39)	Data 0.0002 (0.0836)	Loss (L1) 3.835 (4.026)
2026-04-26 03:36:18,263 | Epoch: [50][150/254]	Time   0.29 (  0.39)	Data 0.0002 (0.0780)	Loss (L1) 3.710 (4.018)
2026-04-26 03:36:21,287 | Epoch: [50][160/254]	Time   0.33 (  0.38)	Data 0.0002 (0.0732)	Loss (L1) 4.324 (4.033)
2026-04-26 03:36:24,362 | Epoch: [50][170/254]	Time   0.30 (  0.38)	Data 0.0003 (0.0690)	Loss (L1) 4.148 (4.041)
2026-04-26 03:36:27,509 | Epoch: [50][180/254]	Time   0.35 (  0.38)	Data 0.0002 (0.0652)	Loss (L1) 3.968 (4.039)
2026-04-26 03:36:30,600 | Epoch: [50][190/254]	Time   0.29 (  0.37)	Data 0.0002 (0.0619)	Loss (L1) 3.936 (4.042)
2026-04-26 03:36:33,594 | Epoch: [50][200/254]	Time   0.31 (  0.37)	Data 0.0001 (0.0588)	Loss (L1) 4.076 (4.043)
2026-04-26 03:36:36,589 | Epoch: [50][210/254]	Time   0.29 (  0.36)	Data 0.0001 (0.0561)	Loss (L1) 4.187 (4.034)
2026-04-26 03:36:39,537 | Epoch: [50][220/254]	Time   0.29 (  0.36)	Data 0.0001 (0.0535)	Loss (L1) 4.482 (4.032)
2026-04-26 03:36:42,476 | Epoch: [50][230/254]	Time   0.29 (  0.36)	Data 0.0001 (0.0512)	Loss (L1) 4.021 (4.022)
2026-04-26 03:36:45,410 | Epoch: [50][240/254]	Time   0.29 (  0.36)	Data 0.0001 (0.0491)	Loss (L1) 3.860 (4.020)
2026-04-26 03:36:48,357 | Epoch: [50][250/254]	Time   0.29 (  0.35)	Data 0.0001 (0.0471)	Loss (L1) 4.013 (4.028)
2026-04-26 03:36:49,454 | Create Epoch [50] features of all training data...
2026-04-26 03:38:03,710 | Updated smoothed statistics on Epoch [50]!
2026-04-26 03:38:03,738 | Updated running statistics with Epoch [50] features!
2026-04-26 03:38:10,178 | Val: [ 0/25]	Time  6.439 ( 6.439)	Loss (MSE) 228.775 (228.775)	Loss (L1) 13.514 (13.514)
2026-04-26 03:38:15,019 | Val: [10/25]	Time  0.083 ( 1.025)	Loss (MSE) 58.333 (105.284)	Loss (L1) 6.372 (8.479)
2026-04-26 03:38:15,849 | Val: [20/25]	Time  0.083 ( 0.577)	Loss (MSE) 248.126 (110.474)	Loss (L1) 13.955 (8.499)
2026-04-26 03:38:16,400 |  * Overall: MSE 146.900	L1 9.833	G-Mean 6.701
2026-04-26 03:38:16,400 |  * Many: MSE 94.389	L1 7.774	G-Mean 5.244
2026-04-26 03:38:16,400 |  * Median: MSE 222.980	L1 13.109	G-Mean 10.272
2026-04-26 03:38:16,400 |  * Low: MSE 419.387	L1 19.445	G-Mean 18.416
2026-04-26 03:38:16,401 | Best L1 Loss: 9.454
2026-04-26 03:38:16,630 | Epoch #50: Train loss [4.0290]; Val loss: MSE [146.9001], L1 [9.8326], G-Mean [6.7006]
2026-04-26 03:38:27,696 | Epoch: [51][  0/254]	Time  11.06 ( 11.06)	Data 10.8830 (10.8830)	Loss (L1) 3.680 (3.680)
2026-04-26 03:38:31,370 | Epoch: [51][ 10/254]	Time   0.30 (  1.34)	Data 0.0002 (1.0426)	Loss (L1) 3.771 (3.732)
2026-04-26 03:38:34,472 | Epoch: [51][ 20/254]	Time   0.29 (  0.85)	Data 0.0003 (0.5463)	Loss (L1) 4.086 (3.937)
2026-04-26 03:38:37,498 | Epoch: [51][ 30/254]	Time   0.32 (  0.67)	Data 0.0003 (0.3701)	Loss (L1) 4.000 (3.919)
2026-04-26 03:38:40,831 | Epoch: [51][ 40/254]	Time   0.36 (  0.59)	Data 0.0052 (0.2820)	Loss (L1) 3.693 (3.918)
2026-04-26 03:38:44,187 | Epoch: [51][ 50/254]	Time   0.36 (  0.54)	Data 0.0002 (0.2269)	Loss (L1) 4.174 (3.972)
2026-04-26 03:38:47,242 | Epoch: [51][ 60/254]	Time   0.30 (  0.50)	Data 0.0002 (0.1897)	Loss (L1) 4.678 (3.997)
2026-04-26 03:38:50,442 | Epoch: [51][ 70/254]	Time   0.30 (  0.48)	Data 0.0002 (0.1630)	Loss (L1) 4.103 (4.035)
2026-04-26 03:38:53,434 | Epoch: [51][ 80/254]	Time   0.32 (  0.45)	Data 0.0002 (0.1429)	Loss (L1) 3.410 (4.025)
2026-04-26 03:38:56,459 | Epoch: [51][ 90/254]	Time   0.29 (  0.44)	Data 0.0002 (0.1272)	Loss (L1) 3.633 (4.008)
2026-04-26 03:38:59,547 | Epoch: [51][100/254]	Time   0.33 (  0.42)	Data 0.0002 (0.1147)	Loss (L1) 3.609 (4.003)
2026-04-26 03:39:02,713 | Epoch: [51][110/254]	Time   0.33 (  0.42)	Data 0.0002 (0.1045)	Loss (L1) 3.767 (3.997)
2026-04-26 03:39:05,761 | Epoch: [51][120/254]	Time   0.30 (  0.41)	Data 0.0002 (0.0959)	Loss (L1) 4.058 (4.002)
2026-04-26 03:39:08,983 | Epoch: [51][130/254]	Time   0.31 (  0.40)	Data 0.0002 (0.0886)	Loss (L1) 3.627 (4.013)
2026-04-26 03:39:11,930 | Epoch: [51][140/254]	Time   0.30 (  0.39)	Data 0.0002 (0.0823)	Loss (L1) 3.720 (4.013)
2026-04-26 03:39:14,904 | Epoch: [51][150/254]	Time   0.29 (  0.39)	Data 0.0001 (0.0769)	Loss (L1) 3.674 (4.013)
2026-04-26 03:39:21,061 | Epoch: [51][160/254]	Time   3.53 (  0.40)	Data 3.3583 (0.0930)	Loss (L1) 4.534 (4.027)
2026-04-26 03:39:25,857 | Epoch: [51][170/254]	Time   0.32 (  0.40)	Data 0.0002 (0.0994)	Loss (L1) 3.944 (4.016)
2026-04-26 03:39:29,089 | Epoch: [51][180/254]	Time   0.33 (  0.40)	Data 0.0002 (0.0940)	Loss (L1) 3.628 (4.023)
2026-04-26 03:39:32,247 | Epoch: [51][190/254]	Time   0.31 (  0.40)	Data 0.0001 (0.0893)	Loss (L1) 4.220 (4.031)
2026-04-26 03:39:35,291 | Epoch: [51][200/254]	Time   0.30 (  0.39)	Data 0.0002 (0.0849)	Loss (L1) 3.969 (4.023)
2026-04-26 03:39:38,262 | Epoch: [51][210/254]	Time   0.30 (  0.39)	Data 0.0001 (0.0809)	Loss (L1) 3.557 (4.022)
2026-04-26 03:39:41,220 | Epoch: [51][220/254]	Time   0.29 (  0.38)	Data 0.0001 (0.0772)	Loss (L1) 4.153 (4.028)
2026-04-26 03:39:44,175 | Epoch: [51][230/254]	Time   0.30 (  0.38)	Data 0.0001 (0.0739)	Loss (L1) 4.258 (4.034)
2026-04-26 03:39:47,125 | Epoch: [51][240/254]	Time   0.29 (  0.38)	Data 0.0002 (0.0708)	Loss (L1) 4.250 (4.036)
2026-04-26 03:39:50,068 | Epoch: [51][250/254]	Time   0.29 (  0.37)	Data 0.0001 (0.0680)	Loss (L1) 3.830 (4.039)
2026-04-26 03:39:51,175 | Create Epoch [51] features of all training data...
2026-04-26 03:41:09,666 | Updated smoothed statistics on Epoch [51]!
2026-04-26 03:41:09,696 | Updated running statistics with Epoch [51] features!
2026-04-26 03:41:20,150 | Val: [ 0/25]	Time 10.452 (10.452)	Loss (MSE) 252.727 (252.727)	Loss (L1) 14.486 (14.486)
2026-04-26 03:41:20,980 | Val: [10/25]	Time  0.083 ( 1.026)	Loss (MSE) 73.686 (110.797)	Loss (L1) 7.132 (8.744)
2026-04-26 03:41:21,808 | Val: [20/25]	Time  0.083 ( 0.577)	Loss (MSE) 271.772 (123.247)	Loss (L1) 14.935 (9.132)
2026-04-26 03:41:22,373 |  * Overall: MSE 160.625	L1 10.493	G-Mean 7.341
2026-04-26 03:41:22,373 |  * Many: MSE 108.923	L1 8.470	G-Mean 5.773
2026-04-26 03:41:22,374 |  * Median: MSE 229.606	L1 13.540	G-Mean 11.132
2026-04-26 03:41:22,374 |  * Low: MSE 450.422	L1 20.562	G-Mean 19.908
2026-04-26 03:41:22,374 | Best L1 Loss: 9.454
2026-04-26 03:41:22,605 | Epoch #51: Train loss [4.0364]; Val loss: MSE [160.6253], L1 [10.4927], G-Mean [7.3405]
2026-04-26 03:41:35,534 | Epoch: [52][  0/254]	Time  12.93 ( 12.93)	Data 12.7305 (12.7305)	Loss (L1) 3.443 (3.443)
2026-04-26 03:41:38,503 | Epoch: [52][ 10/254]	Time   0.29 (  1.45)	Data 0.0002 (1.1575)	Loss (L1) 4.257 (3.996)
2026-04-26 03:41:41,484 | Epoch: [52][ 20/254]	Time   0.33 (  0.90)	Data 0.0002 (0.6064)	Loss (L1) 4.445 (3.994)
2026-04-26 03:41:44,478 | Epoch: [52][ 30/254]	Time   0.30 (  0.71)	Data 0.0002 (0.4109)	Loss (L1) 4.023 (3.983)
2026-04-26 03:41:47,477 | Epoch: [52][ 40/254]	Time   0.30 (  0.61)	Data 0.0002 (0.3107)	Loss (L1) 4.762 (4.036)
2026-04-26 03:41:50,463 | Epoch: [52][ 50/254]	Time   0.29 (  0.55)	Data 0.0002 (0.2499)	Loss (L1) 3.446 (4.012)
2026-04-26 03:41:53,542 | Epoch: [52][ 60/254]	Time   0.30 (  0.51)	Data 0.0002 (0.2089)	Loss (L1) 3.350 (3.978)
2026-04-26 03:41:56,531 | Epoch: [52][ 70/254]	Time   0.31 (  0.48)	Data 0.0002 (0.1796)	Loss (L1) 3.693 (3.967)
2026-04-26 03:41:59,547 | Epoch: [52][ 80/254]	Time   0.30 (  0.46)	Data 0.0003 (0.1574)	Loss (L1) 3.409 (3.980)
2026-04-26 03:42:02,558 | Epoch: [52][ 90/254]	Time   0.29 (  0.44)	Data 0.0002 (0.1401)	Loss (L1) 3.813 (3.961)
2026-04-26 03:42:05,618 | Epoch: [52][100/254]	Time   0.29 (  0.43)	Data 0.0002 (0.1263)	Loss (L1) 3.623 (3.962)
2026-04-26 03:42:08,670 | Epoch: [52][110/254]	Time   0.29 (  0.41)	Data 0.0002 (0.1149)	Loss (L1) 4.088 (3.966)
2026-04-26 03:42:11,701 | Epoch: [52][120/254]	Time   0.32 (  0.41)	Data 0.0002 (0.1055)	Loss (L1) 3.993 (3.965)
2026-04-26 03:42:14,694 | Epoch: [52][130/254]	Time   0.29 (  0.40)	Data 0.0002 (0.0974)	Loss (L1) 3.825 (3.951)
2026-04-26 03:42:17,695 | Epoch: [52][140/254]	Time   0.32 (  0.39)	Data 0.0002 (0.0906)	Loss (L1) 5.377 (3.962)
2026-04-26 03:42:20,727 | Epoch: [52][150/254]	Time   0.30 (  0.38)	Data 0.0002 (0.0846)	Loss (L1) 3.782 (3.975)
2026-04-26 03:42:23,754 | Epoch: [52][160/254]	Time   0.32 (  0.38)	Data 0.0002 (0.0794)	Loss (L1) 3.984 (3.988)
2026-04-26 03:42:26,760 | Epoch: [52][170/254]	Time   0.30 (  0.38)	Data 0.0002 (0.0747)	Loss (L1) 4.458 (3.997)
2026-04-26 03:42:29,832 | Epoch: [52][180/254]	Time   0.31 (  0.37)	Data 0.0008 (0.0707)	Loss (L1) 4.044 (3.998)
2026-04-26 03:42:32,860 | Epoch: [52][190/254]	Time   0.28 (  0.37)	Data 0.0002 (0.0671)	Loss (L1) 4.370 (4.002)
2026-04-26 03:42:35,848 | Epoch: [52][200/254]	Time   0.30 (  0.36)	Data 0.0001 (0.0638)	Loss (L1) 3.467 (3.993)
2026-04-26 03:42:38,793 | Epoch: [52][210/254]	Time   0.30 (  0.36)	Data 0.0001 (0.0608)	Loss (L1) 4.343 (3.996)
2026-04-26 03:42:41,730 | Epoch: [52][220/254]	Time   0.29 (  0.36)	Data 0.0001 (0.0580)	Loss (L1) 3.567 (3.994)
2026-04-26 03:42:44,679 | Epoch: [52][230/254]	Time   0.30 (  0.36)	Data 0.0001 (0.0555)	Loss (L1) 4.893 (4.001)
2026-04-26 03:42:47,623 | Epoch: [52][240/254]	Time   0.29 (  0.35)	Data 0.0001 (0.0532)	Loss (L1) 4.060 (4.008)
2026-04-26 03:42:50,561 | Epoch: [52][250/254]	Time   0.30 (  0.35)	Data 0.0001 (0.0511)	Loss (L1) 4.205 (4.007)
2026-04-26 03:42:51,651 | Create Epoch [52] features of all training data...
2026-04-26 03:44:05,826 | Updated smoothed statistics on Epoch [52]!
2026-04-26 03:44:05,858 | Updated running statistics with Epoch [52] features!
2026-04-26 03:44:14,511 | Val: [ 0/25]	Time  8.651 ( 8.651)	Loss (MSE) 204.583 (204.583)	Loss (L1) 12.749 (12.749)
2026-04-26 03:44:16,456 | Val: [10/25]	Time  0.083 ( 0.963)	Loss (MSE) 77.020 (99.434)	Loss (L1) 7.309 (8.187)
2026-04-26 03:44:17,285 | Val: [20/25]	Time  0.083 ( 0.544)	Loss (MSE) 247.284 (114.058)	Loss (L1) 14.032 (8.710)
2026-04-26 03:44:17,851 |  * Overall: MSE 149.027	L1 10.023	G-Mean 6.893
2026-04-26 03:44:17,851 |  * Many: MSE 104.908	L1 8.243	G-Mean 5.525
2026-04-26 03:44:17,851 |  * Median: MSE 204.197	L1 12.524	G-Mean 9.874
2026-04-26 03:44:17,851 |  * Low: MSE 409.705	L1 19.545	G-Mean 18.856
2026-04-26 03:44:17,852 | Best L1 Loss: 9.454
2026-04-26 03:44:18,063 | Epoch #52: Train loss [4.0107]; Val loss: MSE [149.0265], L1 [10.0228], G-Mean [6.8929]
2026-04-26 03:44:43,922 | Epoch: [53][  0/254]	Time  25.86 ( 25.86)	Data 25.7120 (25.7120)	Loss (L1) 4.243 (4.243)
2026-04-26 03:44:47,188 | Epoch: [53][ 10/254]	Time   0.30 (  2.65)	Data 0.0002 (2.3815)	Loss (L1) 3.862 (3.886)
2026-04-26 03:44:50,146 | Epoch: [53][ 20/254]	Time   0.30 (  1.53)	Data 0.0002 (1.2475)	Loss (L1) 4.444 (4.044)
2026-04-26 03:44:53,130 | Epoch: [53][ 30/254]	Time   0.30 (  1.13)	Data 0.0002 (0.8452)	Loss (L1) 3.557 (4.014)
2026-04-26 03:44:56,743 | Epoch: [53][ 40/254]	Time   0.29 (  0.94)	Data 0.0002 (0.6587)	Loss (L1) 3.494 (4.037)
2026-04-26 03:44:59,707 | Epoch: [53][ 50/254]	Time   0.30 (  0.82)	Data 0.0002 (0.5296)	Loss (L1) 3.175 (4.012)
2026-04-26 03:45:02,695 | Epoch: [53][ 60/254]	Time   0.29 (  0.73)	Data 0.0003 (0.4428)	Loss (L1) 3.472 (4.010)
2026-04-26 03:45:05,744 | Epoch: [53][ 70/254]	Time   0.30 (  0.67)	Data 0.0001 (0.3839)	Loss (L1) 3.749 (4.032)
2026-04-26 03:45:08,708 | Epoch: [53][ 80/254]	Time   0.30 (  0.63)	Data 0.0002 (0.3366)	Loss (L1) 3.985 (4.026)
2026-04-26 03:45:11,684 | Epoch: [53][ 90/254]	Time   0.30 (  0.59)	Data 0.0002 (0.2996)	Loss (L1) 3.803 (4.026)
2026-04-26 03:45:14,639 | Epoch: [53][100/254]	Time   0.29 (  0.56)	Data 0.0002 (0.2700)	Loss (L1) 3.430 (4.023)
2026-04-26 03:45:17,607 | Epoch: [53][110/254]	Time   0.29 (  0.54)	Data 0.0002 (0.2461)	Loss (L1) 4.327 (4.024)
2026-04-26 03:45:20,607 | Epoch: [53][120/254]	Time   0.29 (  0.52)	Data 0.0003 (0.2258)	Loss (L1) 4.165 (4.030)
2026-04-26 03:45:24,989 | Epoch: [53][130/254]	Time   0.30 (  0.51)	Data 0.0002 (0.2205)	Loss (L1) 3.821 (4.038)
2026-04-26 03:45:27,937 | Epoch: [53][140/254]	Time   0.29 (  0.50)	Data 0.0002 (0.2049)	Loss (L1) 3.920 (4.023)
2026-04-26 03:45:30,984 | Epoch: [53][150/254]	Time   0.30 (  0.48)	Data 0.0002 (0.1913)	Loss (L1) 5.626 (4.029)
2026-04-26 03:45:33,959 | Epoch: [53][160/254]	Time   0.29 (  0.47)	Data 0.0004 (0.1795)	Loss (L1) 3.835 (4.045)
2026-04-26 03:45:36,937 | Epoch: [53][170/254]	Time   0.29 (  0.46)	Data 0.0002 (0.1690)	Loss (L1) 3.651 (4.043)
2026-04-26 03:45:39,902 | Epoch: [53][180/254]	Time   0.30 (  0.45)	Data 0.0005 (0.1597)	Loss (L1) 4.026 (4.038)
2026-04-26 03:45:42,868 | Epoch: [53][190/254]	Time   0.30 (  0.44)	Data 0.0001 (0.1515)	Loss (L1) 4.065 (4.024)
2026-04-26 03:45:45,824 | Epoch: [53][200/254]	Time   0.30 (  0.44)	Data 0.0001 (0.1439)	Loss (L1) 4.368 (4.014)
2026-04-26 03:45:48,772 | Epoch: [53][210/254]	Time   0.29 (  0.43)	Data 0.0001 (0.1371)	Loss (L1) 3.643 (4.003)
2026-04-26 03:45:51,707 | Epoch: [53][220/254]	Time   0.29 (  0.42)	Data 0.0001 (0.1309)	Loss (L1) 3.675 (3.996)
2026-04-26 03:45:54,647 | Epoch: [53][230/254]	Time   0.30 (  0.42)	Data 0.0001 (0.1253)	Loss (L1) 4.471 (3.995)
2026-04-26 03:45:57,583 | Epoch: [53][240/254]	Time   0.29 (  0.41)	Data 0.0001 (0.1201)	Loss (L1) 4.109 (4.002)
2026-04-26 03:46:00,513 | Epoch: [53][250/254]	Time   0.29 (  0.41)	Data 0.0001 (0.1153)	Loss (L1) 3.695 (3.996)
2026-04-26 03:46:01,606 | Create Epoch [53] features of all training data...
2026-04-26 03:47:19,937 | Updated smoothed statistics on Epoch [53]!
2026-04-26 03:47:19,966 | Updated running statistics with Epoch [53] features!
2026-04-26 03:47:29,738 | Val: [ 0/25]	Time  9.770 ( 9.770)	Loss (MSE) 245.661 (245.661)	Loss (L1) 14.398 (14.398)
2026-04-26 03:47:30,712 | Val: [10/25]	Time  0.083 ( 0.977)	Loss (MSE) 62.943 (115.283)	Loss (L1) 6.785 (8.966)
2026-04-26 03:47:31,540 | Val: [20/25]	Time  0.083 ( 0.551)	Loss (MSE) 212.367 (109.193)	Loss (L1) 12.885 (8.576)
2026-04-26 03:47:32,107 |  * Overall: MSE 141.845	L1 9.806	G-Mean 6.828
2026-04-26 03:47:32,107 |  * Many: MSE 92.408	L1 7.811	G-Mean 5.326
2026-04-26 03:47:32,107 |  * Median: MSE 208.699	L1 12.869	G-Mean 10.577
2026-04-26 03:47:32,107 |  * Low: MSE 415.699	L1 19.534	G-Mean 18.713
2026-04-26 03:47:32,108 | Best L1 Loss: 9.454
2026-04-26 03:47:32,338 | Epoch #53: Train loss [3.9940]; Val loss: MSE [141.8452], L1 [9.8058], G-Mean [6.8285]
2026-04-26 03:47:44,411 | Epoch: [54][  0/254]	Time  12.07 ( 12.07)	Data 11.9105 (11.9105)	Loss (L1) 4.336 (4.336)
2026-04-26 03:47:48,582 | Epoch: [54][ 10/254]	Time   0.34 (  1.48)	Data 0.0002 (1.1921)	Loss (L1) 3.230 (3.804)
2026-04-26 03:47:51,596 | Epoch: [54][ 20/254]	Time   0.34 (  0.92)	Data 0.0002 (0.6248)	Loss (L1) 3.812 (3.825)
2026-04-26 03:47:54,649 | Epoch: [54][ 30/254]	Time   0.30 (  0.72)	Data 0.0003 (0.4235)	Loss (L1) 4.193 (3.786)
2026-04-26 03:47:57,806 | Epoch: [54][ 40/254]	Time   0.29 (  0.62)	Data 0.0002 (0.3208)	Loss (L1) 4.099 (3.785)
2026-04-26 03:48:00,971 | Epoch: [54][ 50/254]	Time   0.32 (  0.56)	Data 0.0002 (0.2580)	Loss (L1) 4.173 (3.793)
2026-04-26 03:48:04,198 | Epoch: [54][ 60/254]	Time   0.30 (  0.52)	Data 0.0004 (0.2167)	Loss (L1) 4.446 (3.820)
2026-04-26 03:48:07,331 | Epoch: [54][ 70/254]	Time   0.31 (  0.49)	Data 0.0002 (0.1862)	Loss (L1) 4.453 (3.839)
2026-04-26 03:48:10,349 | Epoch: [54][ 80/254]	Time   0.31 (  0.47)	Data 0.0002 (0.1633)	Loss (L1) 4.002 (3.853)
2026-04-26 03:48:13,408 | Epoch: [54][ 90/254]	Time   0.33 (  0.45)	Data 0.0004 (0.1454)	Loss (L1) 3.866 (3.865)
2026-04-26 03:48:16,722 | Epoch: [54][100/254]	Time   0.33 (  0.44)	Data 0.0002 (0.1311)	Loss (L1) 3.734 (3.881)
2026-04-26 03:48:19,934 | Epoch: [54][110/254]	Time   0.32 (  0.43)	Data 0.0002 (0.1196)	Loss (L1) 3.606 (3.899)
2026-04-26 03:48:22,990 | Epoch: [54][120/254]	Time   0.32 (  0.42)	Data 0.0002 (0.1097)	Loss (L1) 3.700 (3.942)
2026-04-26 03:48:26,025 | Epoch: [54][130/254]	Time   0.30 (  0.41)	Data 0.0002 (0.1014)	Loss (L1) 3.902 (3.971)
2026-04-26 03:48:29,083 | Epoch: [54][140/254]	Time   0.29 (  0.40)	Data 0.0002 (0.0942)	Loss (L1) 4.391 (3.977)
2026-04-26 03:48:32,139 | Epoch: [54][150/254]	Time   0.33 (  0.40)	Data 0.0002 (0.0880)	Loss (L1) 3.869 (3.976)
2026-04-26 03:48:35,179 | Epoch: [54][160/254]	Time   0.32 (  0.39)	Data 0.0002 (0.0826)	Loss (L1) 3.915 (3.979)
2026-04-26 03:48:38,279 | Epoch: [54][170/254]	Time   0.30 (  0.39)	Data 0.0002 (0.0777)	Loss (L1) 3.714 (3.981)
2026-04-26 03:48:41,361 | Epoch: [54][180/254]	Time   0.31 (  0.38)	Data 0.0002 (0.0735)	Loss (L1) 4.697 (3.994)
2026-04-26 03:48:44,389 | Epoch: [54][190/254]	Time   0.30 (  0.38)	Data 0.0001 (0.0699)	Loss (L1) 4.068 (4.002)
2026-04-26 03:48:47,401 | Epoch: [54][200/254]	Time   0.30 (  0.37)	Data 0.0001 (0.0664)	Loss (L1) 3.764 (4.006)
2026-04-26 03:48:50,339 | Epoch: [54][210/254]	Time   0.29 (  0.37)	Data 0.0001 (0.0632)	Loss (L1) 3.849 (4.005)
2026-04-26 03:48:53,269 | Epoch: [54][220/254]	Time   0.29 (  0.37)	Data 0.0001 (0.0604)	Loss (L1) 3.766 (4.005)
2026-04-26 03:48:56,207 | Epoch: [54][230/254]	Time   0.29 (  0.36)	Data 0.0001 (0.0578)	Loss (L1) 3.937 (4.003)
2026-04-26 03:48:59,146 | Epoch: [54][240/254]	Time   0.29 (  0.36)	Data 0.0001 (0.0554)	Loss (L1) 3.290 (3.993)
2026-04-26 03:49:02,086 | Epoch: [54][250/254]	Time   0.29 (  0.36)	Data 0.0002 (0.0532)	Loss (L1) 3.917 (3.999)
2026-04-26 03:49:03,228 | Create Epoch [54] features of all training data...
2026-04-26 03:50:23,158 | Updated smoothed statistics on Epoch [54]!
2026-04-26 03:50:23,187 | Updated running statistics with Epoch [54] features!
2026-04-26 03:50:32,713 | Val: [ 0/25]	Time  9.525 ( 9.525)	Loss (MSE) 273.594 (273.594)	Loss (L1) 14.984 (14.984)
2026-04-26 03:50:33,997 | Val: [10/25]	Time  0.083 ( 0.983)	Loss (MSE) 57.295 (112.690)	Loss (L1) 6.299 (8.737)
2026-04-26 03:50:34,828 | Val: [20/25]	Time  0.083 ( 0.554)	Loss (MSE) 283.138 (120.845)	Loss (L1) 15.083 (8.914)
2026-04-26 03:50:35,383 |  * Overall: MSE 161.496	L1 10.361	G-Mean 7.014
2026-04-26 03:50:35,383 |  * Many: MSE 102.004	L1 8.096	G-Mean 5.394
2026-04-26 03:50:35,383 |  * Median: MSE 248.234	L1 13.982	G-Mean 11.171
2026-04-26 03:50:35,383 |  * Low: MSE 468.245	L1 20.887	G-Mean 20.134
2026-04-26 03:50:35,384 | Best L1 Loss: 9.454
2026-04-26 03:50:35,593 | Epoch #54: Train loss [3.9968]; Val loss: MSE [161.4964], L1 [10.3610], G-Mean [7.0139]
2026-04-26 03:50:47,364 | Epoch: [55][  0/254]	Time  11.77 ( 11.77)	Data 11.5510 (11.5510)	Loss (L1) 3.935 (3.935)
2026-04-26 03:50:51,337 | Epoch: [55][ 10/254]	Time   0.29 (  1.43)	Data 0.0002 (1.1434)	Loss (L1) 3.435 (3.927)
2026-04-26 03:50:54,394 | Epoch: [55][ 20/254]	Time   0.29 (  0.90)	Data 0.0002 (0.5990)	Loss (L1) 3.792 (4.006)
2026-04-26 03:50:57,628 | Epoch: [55][ 30/254]	Time   0.29 (  0.71)	Data 0.0002 (0.4072)	Loss (L1) 4.288 (4.078)
2026-04-26 03:51:00,576 | Epoch: [55][ 40/254]	Time   0.29 (  0.61)	Data 0.0002 (0.3079)	Loss (L1) 4.351 (4.060)
2026-04-26 03:51:03,627 | Epoch: [55][ 50/254]	Time   0.29 (  0.55)	Data 0.0002 (0.2476)	Loss (L1) 4.164 (4.022)
2026-04-26 03:51:06,776 | Epoch: [55][ 60/254]	Time   0.29 (  0.51)	Data 0.0003 (0.2071)	Loss (L1) 3.689 (4.026)
2026-04-26 03:51:09,790 | Epoch: [55][ 70/254]	Time   0.32 (  0.48)	Data 0.0001 (0.1779)	Loss (L1) 3.729 (3.990)
2026-04-26 03:51:12,835 | Epoch: [55][ 80/254]	Time   0.33 (  0.46)	Data 0.0002 (0.1560)	Loss (L1) 4.414 (3.989)
2026-04-26 03:51:15,840 | Epoch: [55][ 90/254]	Time   0.28 (  0.44)	Data 0.0320 (0.1392)	Loss (L1) 3.672 (3.982)
2026-04-26 03:51:18,861 | Epoch: [55][100/254]	Time   0.29 (  0.43)	Data 0.0002 (0.1255)	Loss (L1) 3.846 (4.000)
2026-04-26 03:51:21,922 | Epoch: [55][110/254]	Time   0.31 (  0.42)	Data 0.0002 (0.1142)	Loss (L1) 4.310 (3.988)
2026-04-26 03:51:24,971 | Epoch: [55][120/254]	Time   0.31 (  0.41)	Data 0.0002 (0.1048)	Loss (L1) 3.424 (3.965)
2026-04-26 03:51:28,090 | Epoch: [55][130/254]	Time   0.29 (  0.40)	Data 0.0002 (0.0968)	Loss (L1) 3.646 (3.962)
2026-04-26 03:51:31,166 | Epoch: [55][140/254]	Time   0.32 (  0.39)	Data 0.0002 (0.0899)	Loss (L1) 3.455 (3.946)
2026-04-26 03:51:34,257 | Epoch: [55][150/254]	Time   0.28 (  0.39)	Data 0.0002 (0.0840)	Loss (L1) 4.326 (3.943)
2026-04-26 03:51:37,394 | Epoch: [55][160/254]	Time   0.34 (  0.38)	Data 0.0003 (0.0788)	Loss (L1) 3.625 (3.932)
2026-04-26 03:51:40,376 | Epoch: [55][170/254]	Time   0.31 (  0.38)	Data 0.0002 (0.0744)	Loss (L1) 4.268 (3.935)
2026-04-26 03:51:43,395 | Epoch: [55][180/254]	Time   0.31 (  0.37)	Data 0.0002 (0.0703)	Loss (L1) 4.302 (3.936)
2026-04-26 03:51:46,459 | Epoch: [55][190/254]	Time   0.30 (  0.37)	Data 0.0002 (0.0668)	Loss (L1) 3.580 (3.934)
2026-04-26 03:51:49,471 | Epoch: [55][200/254]	Time   0.30 (  0.37)	Data 0.0001 (0.0635)	Loss (L1) 3.962 (3.937)
2026-04-26 03:51:52,451 | Epoch: [55][210/254]	Time   0.30 (  0.36)	Data 0.0002 (0.0605)	Loss (L1) 4.160 (3.938)
2026-04-26 03:51:55,392 | Epoch: [55][220/254]	Time   0.29 (  0.36)	Data 0.0002 (0.0577)	Loss (L1) 4.253 (3.944)
2026-04-26 03:51:58,331 | Epoch: [55][230/254]	Time   0.29 (  0.36)	Data 0.0001 (0.0552)	Loss (L1) 3.685 (3.944)
2026-04-26 03:52:01,273 | Epoch: [55][240/254]	Time   0.30 (  0.36)	Data 0.0001 (0.0530)	Loss (L1) 3.286 (3.944)
2026-04-26 03:52:04,221 | Epoch: [55][250/254]	Time   0.30 (  0.35)	Data 0.0001 (0.0509)	Loss (L1) 4.689 (3.946)
2026-04-26 03:52:05,338 | Create Epoch [55] features of all training data...
2026-04-26 03:53:24,355 | Updated smoothed statistics on Epoch [55]!
2026-04-26 03:53:24,385 | Updated running statistics with Epoch [55] features!
2026-04-26 03:53:34,628 | Val: [ 0/25]	Time 10.242 (10.242)	Loss (MSE) 227.541 (227.541)	Loss (L1) 13.332 (13.332)
2026-04-26 03:53:35,459 | Val: [10/25]	Time  0.083 ( 1.007)	Loss (MSE) 81.594 (112.105)	Loss (L1) 7.521 (8.781)
2026-04-26 03:53:36,289 | Val: [20/25]	Time  0.083 ( 0.567)	Loss (MSE) 305.443 (133.188)	Loss (L1) 15.164 (9.306)
2026-04-26 03:53:36,850 |  * Overall: MSE 168.209	L1 10.533	G-Mean 7.117
2026-04-26 03:53:36,850 |  * Many: MSE 120.728	L1 8.708	G-Mean 5.654
2026-04-26 03:53:36,850 |  * Median: MSE 239.741	L1 13.454	G-Mean 10.703
2026-04-26 03:53:36,850 |  * Low: MSE 404.648	L1 18.989	G-Mean 17.925
2026-04-26 03:53:36,851 | Best L1 Loss: 9.454
2026-04-26 03:53:37,080 | Epoch #55: Train loss [3.9475]; Val loss: MSE [168.2085], L1 [10.5327], G-Mean [7.1173]
2026-04-26 03:53:41,920 | Epoch: [56][  0/254]	Time   4.84 (  4.84)	Data 4.6823 (4.6823)	Loss (L1) 3.991 (3.991)
2026-04-26 03:53:53,213 | Epoch: [56][ 10/254]	Time   0.29 (  1.47)	Data 0.0002 (1.1936)	Loss (L1) 3.432 (4.038)
2026-04-26 03:53:56,257 | Epoch: [56][ 20/254]	Time   0.32 (  0.91)	Data 0.0003 (0.6253)	Loss (L1) 3.707 (3.913)
2026-04-26 03:53:59,383 | Epoch: [56][ 30/254]	Time   0.31 (  0.72)	Data 0.0002 (0.4237)	Loss (L1) 3.782 (3.931)
2026-04-26 03:54:02,443 | Epoch: [56][ 40/254]	Time   0.31 (  0.62)	Data 0.0002 (0.3206)	Loss (L1) 4.307 (3.895)
2026-04-26 03:54:05,515 | Epoch: [56][ 50/254]	Time   0.29 (  0.56)	Data 0.0004 (0.2578)	Loss (L1) 4.302 (3.896)
2026-04-26 03:54:08,638 | Epoch: [56][ 60/254]	Time   0.31 (  0.52)	Data 0.0002 (0.2156)	Loss (L1) 4.537 (3.896)
2026-04-26 03:54:11,653 | Epoch: [56][ 70/254]	Time   0.31 (  0.49)	Data 0.0002 (0.1853)	Loss (L1) 3.742 (3.897)
2026-04-26 03:54:14,796 | Epoch: [56][ 80/254]	Time   0.34 (  0.47)	Data 0.0002 (0.1625)	Loss (L1) 3.728 (3.888)
2026-04-26 03:54:17,840 | Epoch: [56][ 90/254]	Time   0.29 (  0.45)	Data 0.0002 (0.1446)	Loss (L1) 3.445 (3.877)
2026-04-26 03:54:20,862 | Epoch: [56][100/254]	Time   0.29 (  0.43)	Data 0.0002 (0.1305)	Loss (L1) 4.233 (3.879)
2026-04-26 03:54:24,086 | Epoch: [56][110/254]	Time   0.36 (  0.42)	Data 0.0002 (0.1188)	Loss (L1) 3.856 (3.890)
2026-04-26 03:54:27,085 | Epoch: [56][120/254]	Time   0.29 (  0.41)	Data 0.0002 (0.1090)	Loss (L1) 4.102 (3.894)
2026-04-26 03:54:30,071 | Epoch: [56][130/254]	Time   0.30 (  0.40)	Data 0.0002 (0.1007)	Loss (L1) 4.159 (3.888)
2026-04-26 03:54:33,297 | Epoch: [56][140/254]	Time   0.30 (  0.40)	Data 0.0003 (0.0935)	Loss (L1) 3.724 (3.892)
2026-04-26 03:54:36,280 | Epoch: [56][150/254]	Time   0.30 (  0.39)	Data 0.0057 (0.0874)	Loss (L1) 3.926 (3.892)
2026-04-26 03:54:39,323 | Epoch: [56][160/254]	Time   0.30 (  0.39)	Data 0.0002 (0.0820)	Loss (L1) 3.928 (3.890)
2026-04-26 03:54:42,469 | Epoch: [56][170/254]	Time   0.31 (  0.38)	Data 0.0002 (0.0773)	Loss (L1) 3.894 (3.899)
2026-04-26 03:54:45,465 | Epoch: [56][180/254]	Time   0.30 (  0.38)	Data 0.0002 (0.0730)	Loss (L1) 4.096 (3.922)
2026-04-26 03:54:48,450 | Epoch: [56][190/254]	Time   0.30 (  0.37)	Data 0.0001 (0.0694)	Loss (L1) 4.067 (3.918)
2026-04-26 03:54:51,458 | Epoch: [56][200/254]	Time   0.30 (  0.37)	Data 0.0001 (0.0659)	Loss (L1) 3.611 (3.918)
2026-04-26 03:54:54,400 | Epoch: [56][210/254]	Time   0.30 (  0.37)	Data 0.0001 (0.0628)	Loss (L1) 4.277 (3.932)
2026-04-26 03:54:57,347 | Epoch: [56][220/254]	Time   0.30 (  0.36)	Data 0.0001 (0.0600)	Loss (L1) 3.303 (3.928)
2026-04-26 03:55:00,287 | Epoch: [56][230/254]	Time   0.30 (  0.36)	Data 0.0001 (0.0574)	Loss (L1) 3.735 (3.926)
2026-04-26 03:55:03,236 | Epoch: [56][240/254]	Time   0.30 (  0.36)	Data 0.0001 (0.0550)	Loss (L1) 3.905 (3.928)
2026-04-26 03:55:06,178 | Epoch: [56][250/254]	Time   0.29 (  0.35)	Data 0.0001 (0.0528)	Loss (L1) 3.669 (3.917)
2026-04-26 03:55:07,270 | Create Epoch [56] features of all training data...
2026-04-26 03:56:23,114 | Updated smoothed statistics on Epoch [56]!
2026-04-26 03:56:23,144 | Updated running statistics with Epoch [56] features!
2026-04-26 03:56:33,655 | Val: [ 0/25]	Time 10.510 (10.510)	Loss (MSE) 233.576 (233.576)	Loss (L1) 13.579 (13.579)
2026-04-26 03:56:34,484 | Val: [10/25]	Time  0.083 ( 1.031)	Loss (MSE) 63.432 (111.540)	Loss (L1) 6.513 (8.744)
2026-04-26 03:56:35,313 | Val: [20/25]	Time  0.083 ( 0.579)	Loss (MSE) 235.527 (110.429)	Loss (L1) 13.994 (8.635)
2026-04-26 03:56:35,850 |  * Overall: MSE 148.656	L1 10.046	G-Mean 6.941
2026-04-26 03:56:35,850 |  * Many: MSE 93.375	L1 7.861	G-Mean 5.368
2026-04-26 03:56:35,850 |  * Median: MSE 221.875	L1 13.390	G-Mean 10.876
2026-04-26 03:56:35,850 |  * Low: MSE 460.466	L1 20.734	G-Mean 19.960
2026-04-26 03:56:35,851 | Best L1 Loss: 9.454
2026-04-26 03:56:36,062 | Epoch #56: Train loss [3.9155]; Val loss: MSE [148.6565], L1 [10.0457], G-Mean [6.9412]
2026-04-26 03:56:41,793 | Epoch: [57][  0/254]	Time   5.73 (  5.73)	Data 5.5815 (5.5815)	Loss (L1) 3.649 (3.649)
2026-04-26 03:56:51,437 | Epoch: [57][ 10/254]	Time   0.30 (  1.40)	Data 0.0002 (1.1287)	Loss (L1) 3.783 (3.741)
2026-04-26 03:56:54,427 | Epoch: [57][ 20/254]	Time   0.33 (  0.87)	Data 0.0002 (0.5918)	Loss (L1) 3.831 (3.766)
2026-04-26 03:56:57,401 | Epoch: [57][ 30/254]	Time   0.30 (  0.69)	Data 0.0002 (0.4010)	Loss (L1) 3.478 (3.812)
2026-04-26 03:57:00,399 | Epoch: [57][ 40/254]	Time   0.29 (  0.59)	Data 0.0052 (0.3034)	Loss (L1) 4.141 (3.816)
2026-04-26 03:57:03,381 | Epoch: [57][ 50/254]	Time   0.29 (  0.54)	Data 0.0002 (0.2439)	Loss (L1) 3.815 (3.823)
2026-04-26 03:57:06,384 | Epoch: [57][ 60/254]	Time   0.30 (  0.50)	Data 0.0002 (0.2040)	Loss (L1) 3.623 (3.805)
2026-04-26 03:57:09,357 | Epoch: [57][ 70/254]	Time   0.31 (  0.47)	Data 0.0003 (0.1753)	Loss (L1) 3.545 (3.775)
2026-04-26 03:57:12,346 | Epoch: [57][ 80/254]	Time   0.31 (  0.45)	Data 0.0003 (0.1537)	Loss (L1) 4.424 (3.778)
2026-04-26 03:57:15,321 | Epoch: [57][ 90/254]	Time   0.30 (  0.43)	Data 0.0002 (0.1368)	Loss (L1) 3.469 (3.794)
2026-04-26 03:57:18,308 | Epoch: [57][100/254]	Time   0.31 (  0.42)	Data 0.0002 (0.1233)	Loss (L1) 4.130 (3.829)
2026-04-26 03:57:21,283 | Epoch: [57][110/254]	Time   0.29 (  0.41)	Data 0.0002 (0.1122)	Loss (L1) 3.389 (3.832)
2026-04-26 03:57:24,267 | Epoch: [57][120/254]	Time   0.31 (  0.40)	Data 0.0002 (0.1030)	Loss (L1) 3.645 (3.852)
2026-04-26 03:57:27,347 | Epoch: [57][130/254]	Time   0.30 (  0.39)	Data 0.0002 (0.0951)	Loss (L1) 3.977 (3.841)
2026-04-26 03:57:30,365 | Epoch: [57][140/254]	Time   0.30 (  0.39)	Data 0.0002 (0.0884)	Loss (L1) 3.963 (3.862)
2026-04-26 03:57:33,378 | Epoch: [57][150/254]	Time   0.33 (  0.38)	Data 0.0003 (0.0826)	Loss (L1) 3.878 (3.866)
2026-04-26 03:57:36,427 | Epoch: [57][160/254]	Time   0.30 (  0.37)	Data 0.0002 (0.0774)	Loss (L1) 3.971 (3.867)
2026-04-26 03:57:39,438 | Epoch: [57][170/254]	Time   0.30 (  0.37)	Data 0.0051 (0.0730)	Loss (L1) 3.968 (3.860)
2026-04-26 03:57:42,475 | Epoch: [57][180/254]	Time   0.31 (  0.37)	Data 0.0002 (0.0690)	Loss (L1) 4.055 (3.856)
2026-04-26 03:57:45,564 | Epoch: [57][190/254]	Time   0.30 (  0.36)	Data 0.0001 (0.0657)	Loss (L1) 3.992 (3.865)
2026-04-26 03:57:48,541 | Epoch: [57][200/254]	Time   0.30 (  0.36)	Data 0.0001 (0.0624)	Loss (L1) 3.766 (3.864)
2026-04-26 03:57:51,524 | Epoch: [57][210/254]	Time   0.29 (  0.36)	Data 0.0001 (0.0595)	Loss (L1) 3.874 (3.861)
2026-04-26 03:57:54,464 | Epoch: [57][220/254]	Time   0.29 (  0.35)	Data 0.0001 (0.0568)	Loss (L1) 3.531 (3.862)
2026-04-26 03:57:57,414 | Epoch: [57][230/254]	Time   0.29 (  0.35)	Data 0.0001 (0.0543)	Loss (L1) 3.585 (3.864)
2026-04-26 03:58:00,356 | Epoch: [57][240/254]	Time   0.29 (  0.35)	Data 0.0001 (0.0521)	Loss (L1) 3.449 (3.861)
2026-04-26 03:58:03,298 | Epoch: [57][250/254]	Time   0.29 (  0.35)	Data 0.0001 (0.0500)	Loss (L1) 3.548 (3.868)
2026-04-26 03:58:04,392 | Create Epoch [57] features of all training data...
2026-04-26 03:59:18,919 | Updated smoothed statistics on Epoch [57]!
2026-04-26 03:59:18,947 | Updated running statistics with Epoch [57] features!
2026-04-26 03:59:28,989 | Val: [ 0/25]	Time 10.041 (10.041)	Loss (MSE) 254.457 (254.457)	Loss (L1) 14.478 (14.478)
2026-04-26 03:59:30,081 | Val: [10/25]	Time  0.083 ( 1.012)	Loss (MSE) 69.730 (113.874)	Loss (L1) 6.999 (8.817)
2026-04-26 03:59:30,910 | Val: [20/25]	Time  0.083 ( 0.570)	Loss (MSE) 236.472 (115.939)	Loss (L1) 13.810 (8.823)
2026-04-26 03:59:31,456 |  * Overall: MSE 153.980	L1 10.195	G-Mean 7.005
2026-04-26 03:59:31,456 |  * Many: MSE 99.780	L1 8.070	G-Mean 5.432
2026-04-26 03:59:31,456 |  * Median: MSE 223.201	L1 13.376	G-Mean 10.901
2026-04-26 03:59:31,456 |  * Low: MSE 468.984	L1 20.846	G-Mean 20.061
2026-04-26 03:59:31,457 | Best L1 Loss: 9.454
2026-04-26 03:59:31,663 | Epoch #57: Train loss [3.8702]; Val loss: MSE [153.9796], L1 [10.1950], G-Mean [7.0048]
2026-04-26 03:59:56,820 | Epoch: [58][  0/254]	Time  25.16 ( 25.16)	Data 24.8535 (24.8535)	Loss (L1) 3.494 (3.494)
2026-04-26 04:00:01,517 | Epoch: [58][ 10/254]	Time   0.30 (  2.71)	Data 0.0002 (2.4300)	Loss (L1) 3.930 (3.940)
2026-04-26 04:00:04,783 | Epoch: [58][ 20/254]	Time   0.30 (  1.58)	Data 0.0002 (1.2730)	Loss (L1) 3.904 (3.965)
2026-04-26 04:00:07,889 | Epoch: [58][ 30/254]	Time   0.28 (  1.17)	Data 0.0002 (0.8624)	Loss (L1) 3.527 (3.836)
2026-04-26 04:00:11,526 | Epoch: [58][ 40/254]	Time   0.30 (  0.97)	Data 0.0003 (0.6716)	Loss (L1) 3.861 (3.834)
2026-04-26 04:00:14,699 | Epoch: [58][ 50/254]	Time   0.39 (  0.84)	Data 0.0002 (0.5405)	Loss (L1) 4.091 (3.828)
2026-04-26 04:00:17,930 | Epoch: [58][ 60/254]	Time   0.33 (  0.76)	Data 0.0002 (0.4522)	Loss (L1) 3.431 (3.833)
2026-04-26 04:00:20,900 | Epoch: [58][ 70/254]	Time   0.30 (  0.69)	Data 0.0003 (0.3886)	Loss (L1) 4.317 (3.833)
2026-04-26 04:00:23,882 | Epoch: [58][ 80/254]	Time   0.30 (  0.64)	Data 0.0004 (0.3407)	Loss (L1) 3.968 (3.864)
2026-04-26 04:00:26,971 | Epoch: [58][ 90/254]	Time   0.31 (  0.61)	Data 0.0003 (0.3033)	Loss (L1) 3.732 (3.860)
2026-04-26 04:00:30,008 | Epoch: [58][100/254]	Time   0.30 (  0.58)	Data 0.0003 (0.2733)	Loss (L1) 3.839 (3.856)
2026-04-26 04:00:33,005 | Epoch: [58][110/254]	Time   0.30 (  0.55)	Data 0.0003 (0.2487)	Loss (L1) 3.916 (3.845)
2026-04-26 04:00:36,013 | Epoch: [58][120/254]	Time   0.28 (  0.53)	Data 0.0003 (0.2282)	Loss (L1) 3.949 (3.848)
2026-04-26 04:00:39,067 | Epoch: [58][130/254]	Time   0.28 (  0.51)	Data 0.0004 (0.2108)	Loss (L1) 4.053 (3.861)
2026-04-26 04:00:42,032 | Epoch: [58][140/254]	Time   0.30 (  0.50)	Data 0.0003 (0.1959)	Loss (L1) 3.648 (3.843)
2026-04-26 04:00:45,156 | Epoch: [58][150/254]	Time   0.30 (  0.49)	Data 0.0003 (0.1829)	Loss (L1) 4.433 (3.861)
2026-04-26 04:00:48,231 | Epoch: [58][160/254]	Time   0.30 (  0.48)	Data 0.0004 (0.1716)	Loss (L1) 4.093 (3.866)
2026-04-26 04:00:51,229 | Epoch: [58][170/254]	Time   0.30 (  0.47)	Data 0.0003 (0.1616)	Loss (L1) 4.564 (3.876)
2026-04-26 04:00:54,298 | Epoch: [58][180/254]	Time   0.31 (  0.46)	Data 0.0003 (0.1527)	Loss (L1) 3.903 (3.883)
2026-04-26 04:00:57,297 | Epoch: [58][190/254]	Time   0.29 (  0.45)	Data 0.0003 (0.1449)	Loss (L1) 3.900 (3.893)
2026-04-26 04:01:00,299 | Epoch: [58][200/254]	Time   0.30 (  0.44)	Data 0.0001 (0.1377)	Loss (L1) 3.695 (3.892)
2026-04-26 04:01:03,238 | Epoch: [58][210/254]	Time   0.29 (  0.43)	Data 0.0001 (0.1312)	Loss (L1) 3.724 (3.888)
2026-04-26 04:01:06,168 | Epoch: [58][220/254]	Time   0.29 (  0.43)	Data 0.0001 (0.1252)	Loss (L1) 3.564 (3.884)
2026-04-26 04:01:09,101 | Epoch: [58][230/254]	Time   0.29 (  0.42)	Data 0.0001 (0.1198)	Loss (L1) 3.745 (3.883)
2026-04-26 04:01:12,036 | Epoch: [58][240/254]	Time   0.29 (  0.42)	Data 0.0001 (0.1149)	Loss (L1) 3.491 (3.878)
2026-04-26 04:01:14,970 | Epoch: [58][250/254]	Time   0.29 (  0.41)	Data 0.0001 (0.1103)	Loss (L1) 3.271 (3.873)
2026-04-26 04:01:16,069 | Create Epoch [58] features of all training data...
2026-04-26 04:03:16,620 | Updated smoothed statistics on Epoch [58]!
2026-04-26 04:03:16,648 | Updated running statistics with Epoch [58] features!
2026-04-26 04:03:26,778 | Val: [ 0/25]	Time 10.128 (10.128)	Loss (MSE) 262.152 (262.152)	Loss (L1) 14.467 (14.467)
2026-04-26 04:03:27,607 | Val: [10/25]	Time  0.083 ( 0.996)	Loss (MSE) 90.268 (133.985)	Loss (L1) 7.616 (9.566)
2026-04-26 04:03:28,434 | Val: [20/25]	Time  0.083 ( 0.561)	Loss (MSE) 226.921 (134.264)	Loss (L1) 13.283 (9.498)
2026-04-26 04:03:28,989 |  * Overall: MSE 164.365	L1 10.609	G-Mean 7.344
2026-04-26 04:03:28,989 |  * Many: MSE 119.337	L1 8.810	G-Mean 5.873
2026-04-26 04:03:28,989 |  * Median: MSE 226.260	L1 13.392	G-Mean 10.867
2026-04-26 04:03:28,989 |  * Low: MSE 410.153	L1 19.297	G-Mean 18.333
2026-04-26 04:03:28,990 | Best L1 Loss: 9.454
2026-04-26 04:03:29,219 | Epoch #58: Train loss [3.8821]; Val loss: MSE [164.3650], L1 [10.6087], G-Mean [7.3445]
2026-04-26 04:03:42,157 | Epoch: [59][  0/254]	Time  12.94 ( 12.94)	Data 12.7896 (12.7896)	Loss (L1) 4.123 (4.123)
2026-04-26 04:03:50,634 | Epoch: [59][ 10/254]	Time   0.31 (  1.95)	Data 0.0002 (1.6992)	Loss (L1) 3.286 (3.707)
2026-04-26 04:03:53,739 | Epoch: [59][ 20/254]	Time   0.30 (  1.17)	Data 0.0003 (0.8902)	Loss (L1) 3.725 (3.685)
2026-04-26 04:03:56,835 | Epoch: [59][ 30/254]	Time   0.30 (  0.89)	Data 0.0002 (0.6031)	Loss (L1) 4.388 (3.724)
2026-04-26 04:03:59,820 | Epoch: [59][ 40/254]	Time   0.30 (  0.75)	Data 0.0003 (0.4561)	Loss (L1) 4.265 (3.787)
2026-04-26 04:04:02,844 | Epoch: [59][ 50/254]	Time   0.31 (  0.66)	Data 0.0002 (0.3667)	Loss (L1) 3.361 (3.790)
2026-04-26 04:04:05,898 | Epoch: [59][ 60/254]	Time   0.32 (  0.60)	Data 0.0002 (0.3066)	Loss (L1) 3.976 (3.834)
2026-04-26 04:04:08,951 | Epoch: [59][ 70/254]	Time   0.32 (  0.56)	Data 0.0002 (0.2635)	Loss (L1) 3.912 (3.829)
2026-04-26 04:04:12,121 | Epoch: [59][ 80/254]	Time   0.30 (  0.53)	Data 0.0002 (0.2310)	Loss (L1) 3.447 (3.823)
2026-04-26 04:04:15,172 | Epoch: [59][ 90/254]	Time   0.34 (  0.50)	Data 0.0002 (0.2056)	Loss (L1) 3.551 (3.800)
2026-04-26 04:04:18,254 | Epoch: [59][100/254]	Time   0.30 (  0.49)	Data 0.0002 (0.1853)	Loss (L1) 3.487 (3.804)
2026-04-26 04:04:21,300 | Epoch: [59][110/254]	Time   0.31 (  0.47)	Data 0.0014 (0.1686)	Loss (L1) 4.169 (3.816)
2026-04-26 04:04:24,332 | Epoch: [59][120/254]	Time   0.33 (  0.46)	Data 0.0002 (0.1547)	Loss (L1) 3.904 (3.826)
2026-04-26 04:04:27,391 | Epoch: [59][130/254]	Time   0.29 (  0.44)	Data 0.0002 (0.1429)	Loss (L1) 3.308 (3.823)
2026-04-26 04:04:30,363 | Epoch: [59][140/254]	Time   0.30 (  0.43)	Data 0.0002 (0.1328)	Loss (L1) 3.976 (3.831)
2026-04-26 04:04:33,437 | Epoch: [59][150/254]	Time   0.31 (  0.43)	Data 0.0002 (0.1240)	Loss (L1) 3.705 (3.841)
2026-04-26 04:04:36,511 | Epoch: [59][160/254]	Time   0.31 (  0.42)	Data 0.0002 (0.1163)	Loss (L1) 4.185 (3.852)
2026-04-26 04:04:39,456 | Epoch: [59][170/254]	Time   0.30 (  0.41)	Data 0.0002 (0.1096)	Loss (L1) 3.994 (3.864)
2026-04-26 04:04:42,459 | Epoch: [59][180/254]	Time   0.30 (  0.40)	Data 0.0003 (0.1036)	Loss (L1) 4.265 (3.861)
2026-04-26 04:04:45,494 | Epoch: [59][190/254]	Time   0.34 (  0.40)	Data 0.0001 (0.0985)	Loss (L1) 3.790 (3.857)
2026-04-26 04:04:48,460 | Epoch: [59][200/254]	Time   0.31 (  0.39)	Data 0.0001 (0.0936)	Loss (L1) 3.838 (3.849)
2026-04-26 04:04:51,401 | Epoch: [59][210/254]	Time   0.30 (  0.39)	Data 0.0001 (0.0891)	Loss (L1) 5.002 (3.854)
2026-04-26 04:04:54,344 | Epoch: [59][220/254]	Time   0.29 (  0.39)	Data 0.0001 (0.0851)	Loss (L1) 4.430 (3.868)
2026-04-26 04:04:57,284 | Epoch: [59][230/254]	Time   0.29 (  0.38)	Data 0.0001 (0.0814)	Loss (L1) 3.859 (3.873)
2026-04-26 04:05:00,224 | Epoch: [59][240/254]	Time   0.29 (  0.38)	Data 0.0001 (0.0781)	Loss (L1) 5.303 (3.888)
2026-04-26 04:05:03,157 | Epoch: [59][250/254]	Time   0.29 (  0.37)	Data 0.0001 (0.0750)	Loss (L1) 3.644 (3.895)
2026-04-26 04:05:04,235 | Create Epoch [59] features of all training data...
2026-04-26 04:06:23,835 | Updated smoothed statistics on Epoch [59]!
2026-04-26 04:06:23,866 | Updated running statistics with Epoch [59] features!
2026-04-26 04:06:34,392 | Val: [ 0/25]	Time 10.525 (10.525)	Loss (MSE) 246.275 (246.275)	Loss (L1) 14.423 (14.423)
2026-04-26 04:06:35,222 | Val: [10/25]	Time  0.083 ( 1.032)	Loss (MSE) 57.511 (101.432)	Loss (L1) 6.087 (8.183)
2026-04-26 04:06:36,051 | Val: [20/25]	Time  0.083 ( 0.580)	Loss (MSE) 232.664 (105.814)	Loss (L1) 13.568 (8.337)
2026-04-26 04:06:36,582 |  * Overall: MSE 136.898	L1 9.549	G-Mean 6.490
2026-04-26 04:06:36,582 |  * Many: MSE 89.321	L1 7.557	G-Mean 5.023
2026-04-26 04:06:36,582 |  * Median: MSE 205.828	L1 12.738	G-Mean 10.246
2026-04-26 04:06:36,582 |  * Low: MSE 383.792	L1 18.775	G-Mean 17.962
2026-04-26 04:06:36,583 | Best L1 Loss: 9.454
2026-04-26 04:06:36,792 | Epoch #59: Train loss [3.8932]; Val loss: MSE [136.8980], L1 [9.5485], G-Mean [6.4895]
2026-04-26 04:06:44,638 | Epoch: [60][  0/254]	Time   7.85 (  7.85)	Data 7.6681 (7.6681)	Loss (L1) 4.235 (4.235)
2026-04-26 04:06:51,985 | Epoch: [60][ 10/254]	Time   0.30 (  1.38)	Data 0.0003 (1.1033)	Loss (L1) 4.050 (3.937)
2026-04-26 04:06:55,023 | Epoch: [60][ 20/254]	Time   0.30 (  0.87)	Data 0.0002 (0.5780)	Loss (L1) 3.483 (3.808)
2026-04-26 04:06:58,171 | Epoch: [60][ 30/254]	Time   0.30 (  0.69)	Data 0.0003 (0.3920)	Loss (L1) 4.058 (3.781)
2026-04-26 04:07:01,129 | Epoch: [60][ 40/254]	Time   0.30 (  0.59)	Data 0.0002 (0.2964)	Loss (L1) 3.347 (3.743)
2026-04-26 04:07:04,247 | Epoch: [60][ 50/254]	Time   0.31 (  0.54)	Data 0.0003 (0.2384)	Loss (L1) 3.738 (3.698)
2026-04-26 04:07:07,368 | Epoch: [60][ 60/254]	Time   0.34 (  0.50)	Data 0.0013 (0.1993)	Loss (L1) 3.315 (3.675)
2026-04-26 04:07:10,367 | Epoch: [60][ 70/254]	Time   0.30 (  0.47)	Data 0.0002 (0.1713)	Loss (L1) 3.331 (3.652)
2026-04-26 04:07:13,525 | Epoch: [60][ 80/254]	Time   0.29 (  0.45)	Data 0.0001 (0.1502)	Loss (L1) 3.506 (3.677)
2026-04-26 04:07:16,557 | Epoch: [60][ 90/254]	Time   0.29 (  0.44)	Data 0.0002 (0.1337)	Loss (L1) 3.860 (3.677)
2026-04-26 04:07:19,850 | Epoch: [60][100/254]	Time   0.30 (  0.43)	Data 0.0002 (0.1241)	Loss (L1) 3.767 (3.671)
2026-04-26 04:07:22,896 | Epoch: [60][110/254]	Time   0.29 (  0.42)	Data 0.0002 (0.1130)	Loss (L1) 3.586 (3.660)
2026-04-26 04:07:25,935 | Epoch: [60][120/254]	Time   0.32 (  0.41)	Data 0.0002 (0.1036)	Loss (L1) 3.618 (3.652)
2026-04-26 04:07:28,960 | Epoch: [60][130/254]	Time   0.30 (  0.40)	Data 0.0002 (0.0958)	Loss (L1) 3.247 (3.635)
2026-04-26 04:07:32,125 | Epoch: [60][140/254]	Time   0.29 (  0.39)	Data 0.0002 (0.0890)	Loss (L1) 3.356 (3.624)
2026-04-26 04:07:35,140 | Epoch: [60][150/254]	Time   0.30 (  0.39)	Data 0.0003 (0.0831)	Loss (L1) 3.170 (3.604)
2026-04-26 04:07:38,125 | Epoch: [60][160/254]	Time   0.31 (  0.38)	Data 0.0002 (0.0780)	Loss (L1) 3.487 (3.593)
2026-04-26 04:07:41,105 | Epoch: [60][170/254]	Time   0.30 (  0.38)	Data 0.0003 (0.0735)	Loss (L1) 3.002 (3.586)
2026-04-26 04:07:44,058 | Epoch: [60][180/254]	Time   0.30 (  0.37)	Data 0.0002 (0.0694)	Loss (L1) 3.787 (3.583)
2026-04-26 04:07:47,018 | Epoch: [60][190/254]	Time   0.29 (  0.37)	Data 0.0001 (0.0658)	Loss (L1) 3.289 (3.571)
2026-04-26 04:08:02,113 | Epoch: [60][200/254]	Time   0.29 (  0.42)	Data 0.0002 (0.1228)	Loss (L1) 3.394 (3.563)
2026-04-26 04:08:05,191 | Epoch: [60][210/254]	Time   0.29 (  0.42)	Data 0.0001 (0.1170)	Loss (L1) 3.480 (3.553)
2026-04-26 04:08:08,125 | Epoch: [60][220/254]	Time   0.29 (  0.41)	Data 0.0002 (0.1117)	Loss (L1) 4.218 (3.550)
2026-04-26 04:08:11,054 | Epoch: [60][230/254]	Time   0.29 (  0.41)	Data 0.0002 (0.1069)	Loss (L1) 3.333 (3.548)
2026-04-26 04:08:13,993 | Epoch: [60][240/254]	Time   0.29 (  0.40)	Data 0.0001 (0.1025)	Loss (L1) 3.659 (3.546)
2026-04-26 04:08:16,927 | Epoch: [60][250/254]	Time   0.29 (  0.40)	Data 0.0001 (0.0984)	Loss (L1) 3.880 (3.548)
2026-04-26 04:08:18,030 | Create Epoch [60] features of all training data...
2026-04-26 04:09:32,664 | Updated smoothed statistics on Epoch [60]!
2026-04-26 04:09:32,694 | Updated running statistics with Epoch [60] features!
2026-04-26 04:09:46,252 | Val: [ 0/25]	Time 13.556 (13.556)	Loss (MSE) 258.547 (258.547)	Loss (L1) 14.927 (14.927)
2026-04-26 04:09:48,016 | Val: [10/25]	Time  0.083 ( 1.393)	Loss (MSE) 66.281 (111.359)	Loss (L1) 6.730 (8.645)
2026-04-26 04:09:48,845 | Val: [20/25]	Time  0.083 ( 0.769)	Loss (MSE) 245.604 (115.305)	Loss (L1) 13.956 (8.774)
2026-04-26 04:09:49,388 |  * Overall: MSE 148.889	L1 10.029	G-Mean 6.881
2026-04-26 04:09:49,388 |  * Many: MSE 98.925	L1 8.011	G-Mean 5.332
2026-04-26 04:09:49,388 |  * Median: MSE 219.383	L1 13.212	G-Mean 10.879
2026-04-26 04:09:49,388 |  * Low: MSE 415.033	L1 19.567	G-Mean 18.763
2026-04-26 04:09:49,389 | Best L1 Loss: 9.454
2026-04-26 04:09:49,604 | Epoch #60: Train loss [3.5499]; Val loss: MSE [148.8886], L1 [10.0295], G-Mean [6.8814]
2026-04-26 04:10:01,961 | Epoch: [61][  0/254]	Time  12.36 ( 12.36)	Data 12.1682 (12.1682)	Loss (L1) 3.445 (3.445)
2026-04-26 04:10:04,973 | Epoch: [61][ 10/254]	Time   0.29 (  1.40)	Data 0.0002 (1.1212)	Loss (L1) 3.786 (3.425)
2026-04-26 04:10:07,954 | Epoch: [61][ 20/254]	Time   0.31 (  0.87)	Data 0.0002 (0.5874)	Loss (L1) 3.416 (3.392)
2026-04-26 04:10:10,929 | Epoch: [61][ 30/254]	Time   0.30 (  0.69)	Data 0.0002 (0.3980)	Loss (L1) 3.673 (3.413)
2026-04-26 04:10:13,972 | Epoch: [61][ 40/254]	Time   0.30 (  0.59)	Data 0.0002 (0.3020)	Loss (L1) 3.172 (3.412)
2026-04-26 04:10:16,942 | Epoch: [61][ 50/254]	Time   0.30 (  0.54)	Data 0.0003 (0.2428)	Loss (L1) 3.492 (3.415)
2026-04-26 04:10:19,950 | Epoch: [61][ 60/254]	Time   0.29 (  0.50)	Data 0.0002 (0.2030)	Loss (L1) 3.096 (3.406)
2026-04-26 04:10:24,815 | Epoch: [61][ 70/254]	Time   0.31 (  0.50)	Data 0.0002 (0.2019)	Loss (L1) 3.431 (3.410)
2026-04-26 04:10:27,793 | Epoch: [61][ 80/254]	Time   0.29 (  0.47)	Data 0.0002 (0.1770)	Loss (L1) 3.746 (3.410)
2026-04-26 04:10:30,786 | Epoch: [61][ 90/254]	Time   0.31 (  0.45)	Data 0.0002 (0.1575)	Loss (L1) 3.118 (3.417)
2026-04-26 04:10:33,757 | Epoch: [61][100/254]	Time   0.31 (  0.44)	Data 0.0002 (0.1420)	Loss (L1) 3.622 (3.415)
2026-04-26 04:10:36,716 | Epoch: [61][110/254]	Time   0.30 (  0.42)	Data 0.0002 (0.1292)	Loss (L1) 3.517 (3.406)
2026-04-26 04:10:39,741 | Epoch: [61][120/254]	Time   0.29 (  0.41)	Data 0.0002 (0.1186)	Loss (L1) 3.025 (3.414)
2026-04-26 04:10:42,780 | Epoch: [61][130/254]	Time   0.29 (  0.41)	Data 0.0002 (0.1095)	Loss (L1) 3.819 (3.413)
2026-04-26 04:10:45,808 | Epoch: [61][140/254]	Time   0.32 (  0.40)	Data 0.0002 (0.1018)	Loss (L1) 4.323 (3.416)
2026-04-26 04:10:48,765 | Epoch: [61][150/254]	Time   0.30 (  0.39)	Data 0.0002 (0.0951)	Loss (L1) 3.322 (3.423)
2026-04-26 04:10:51,732 | Epoch: [61][160/254]	Time   0.30 (  0.39)	Data 0.0003 (0.0892)	Loss (L1) 3.757 (3.429)
2026-04-26 04:11:00,198 | Epoch: [61][170/254]	Time   0.29 (  0.41)	Data 0.0002 (0.1170)	Loss (L1) 3.383 (3.440)
2026-04-26 04:11:03,145 | Epoch: [61][180/254]	Time   0.30 (  0.41)	Data 0.0002 (0.1106)	Loss (L1) 3.757 (3.443)
2026-04-26 04:11:06,150 | Epoch: [61][190/254]	Time   0.31 (  0.40)	Data 0.0001 (0.1050)	Loss (L1) 3.350 (3.447)
2026-04-26 04:11:14,017 | Epoch: [61][200/254]	Time   0.30 (  0.42)	Data 0.0001 (0.1249)	Loss (L1) 3.866 (3.446)
2026-04-26 04:11:16,989 | Epoch: [61][210/254]	Time   0.31 (  0.41)	Data 0.0001 (0.1190)	Loss (L1) 3.931 (3.453)
2026-04-26 04:11:19,927 | Epoch: [61][220/254]	Time   0.29 (  0.41)	Data 0.0001 (0.1136)	Loss (L1) 3.426 (3.462)
2026-04-26 04:11:22,859 | Epoch: [61][230/254]	Time   0.29 (  0.40)	Data 0.0001 (0.1087)	Loss (L1) 3.231 (3.459)
2026-04-26 04:11:25,798 | Epoch: [61][240/254]	Time   0.29 (  0.40)	Data 0.0002 (0.1042)	Loss (L1) 3.201 (3.464)
2026-04-26 04:11:28,733 | Epoch: [61][250/254]	Time   0.29 (  0.39)	Data 0.0001 (0.1001)	Loss (L1) 3.273 (3.468)
2026-04-26 04:11:29,819 | Create Epoch [61] features of all training data...
2026-04-26 04:12:44,311 | Updated smoothed statistics on Epoch [61]!
2026-04-26 04:12:44,339 | Updated running statistics with Epoch [61] features!
2026-04-26 04:12:54,210 | Val: [ 0/25]	Time  9.870 ( 9.870)	Loss (MSE) 271.155 (271.155)	Loss (L1) 15.244 (15.244)
2026-04-26 04:12:55,040 | Val: [10/25]	Time  0.083 ( 0.973)	Loss (MSE) 65.075 (113.930)	Loss (L1) 6.599 (8.736)
2026-04-26 04:12:55,867 | Val: [20/25]	Time  0.083 ( 0.549)	Loss (MSE) 232.108 (114.537)	Loss (L1) 13.586 (8.754)
2026-04-26 04:12:56,407 |  * Overall: MSE 146.510	L1 9.972	G-Mean 6.856
2026-04-26 04:12:56,407 |  * Many: MSE 96.686	L1 7.937	G-Mean 5.287
2026-04-26 04:12:56,407 |  * Median: MSE 218.266	L1 13.234	G-Mean 11.001
2026-04-26 04:12:56,407 |  * Low: MSE 406.616	L1 19.405	G-Mean 18.643
2026-04-26 04:12:56,408 | Best L1 Loss: 9.454
2026-04-26 04:12:56,649 | Epoch #61: Train loss [3.4657]; Val loss: MSE [146.5095], L1 [9.9723], G-Mean [6.8564]
2026-04-26 04:13:03,742 | Epoch: [62][  0/254]	Time   7.09 (  7.09)	Data 6.8036 (6.8036)	Loss (L1) 3.425 (3.425)
2026-04-26 04:13:12,035 | Epoch: [62][ 10/254]	Time   0.34 (  1.40)	Data 0.0002 (1.0936)	Loss (L1) 2.945 (3.371)
2026-04-26 04:13:15,018 | Epoch: [62][ 20/254]	Time   0.29 (  0.87)	Data 0.0002 (0.5735)	Loss (L1) 3.516 (3.347)
2026-04-26 04:13:18,158 | Epoch: [62][ 30/254]	Time   0.29 (  0.69)	Data 0.0055 (0.3890)	Loss (L1) 3.441 (3.338)
2026-04-26 04:13:21,613 | Epoch: [62][ 40/254]	Time   0.34 (  0.61)	Data 0.0002 (0.2945)	Loss (L1) 3.121 (3.338)
2026-04-26 04:13:24,748 | Epoch: [62][ 50/254]	Time   0.29 (  0.55)	Data 0.0002 (0.2373)	Loss (L1) 3.354 (3.327)
2026-04-26 04:13:27,809 | Epoch: [62][ 60/254]	Time   0.31 (  0.51)	Data 0.0003 (0.1984)	Loss (L1) 3.337 (3.334)
2026-04-26 04:13:31,019 | Epoch: [62][ 70/254]	Time   0.31 (  0.48)	Data 0.0004 (0.1705)	Loss (L1) 3.733 (3.353)
2026-04-26 04:13:33,993 | Epoch: [62][ 80/254]	Time   0.30 (  0.46)	Data 0.0003 (0.1495)	Loss (L1) 3.506 (3.357)
2026-04-26 04:13:36,955 | Epoch: [62][ 90/254]	Time   0.30 (  0.44)	Data 0.0005 (0.1331)	Loss (L1) 3.433 (3.358)
2026-04-26 04:13:39,927 | Epoch: [62][100/254]	Time   0.29 (  0.43)	Data 0.0003 (0.1200)	Loss (L1) 3.109 (3.379)
2026-04-26 04:13:43,032 | Epoch: [62][110/254]	Time   0.30 (  0.42)	Data 0.0003 (0.1093)	Loss (L1) 3.265 (3.376)
2026-04-26 04:13:46,076 | Epoch: [62][120/254]	Time   0.30 (  0.41)	Data 0.0003 (0.1003)	Loss (L1) 4.403 (3.386)
2026-04-26 04:13:49,118 | Epoch: [62][130/254]	Time   0.34 (  0.40)	Data 0.0002 (0.0926)	Loss (L1) 3.373 (3.394)
2026-04-26 04:13:52,147 | Epoch: [62][140/254]	Time   0.30 (  0.39)	Data 0.0002 (0.0861)	Loss (L1) 3.196 (3.402)
2026-04-26 04:13:55,299 | Epoch: [62][150/254]	Time   0.31 (  0.39)	Data 0.0002 (0.0804)	Loss (L1) 3.064 (3.402)
2026-04-26 04:13:58,511 | Epoch: [62][160/254]	Time   0.31 (  0.38)	Data 0.0003 (0.0754)	Loss (L1) 3.100 (3.411)
2026-04-26 04:14:01,568 | Epoch: [62][170/254]	Time   0.30 (  0.38)	Data 0.0002 (0.0710)	Loss (L1) 3.624 (3.414)
2026-04-26 04:14:04,612 | Epoch: [62][180/254]	Time   0.32 (  0.38)	Data 0.0002 (0.0671)	Loss (L1) 3.088 (3.411)
2026-04-26 04:14:07,604 | Epoch: [62][190/254]	Time   0.31 (  0.37)	Data 0.0002 (0.0639)	Loss (L1) 3.620 (3.409)
2026-04-26 04:14:10,632 | Epoch: [62][200/254]	Time   0.30 (  0.37)	Data 0.0001 (0.0607)	Loss (L1) 3.703 (3.406)
2026-04-26 04:14:13,579 | Epoch: [62][210/254]	Time   0.29 (  0.36)	Data 0.0001 (0.0578)	Loss (L1) 3.586 (3.408)
2026-04-26 04:14:16,512 | Epoch: [62][220/254]	Time   0.29 (  0.36)	Data 0.0001 (0.0552)	Loss (L1) 3.542 (3.405)
2026-04-26 04:14:19,439 | Epoch: [62][230/254]	Time   0.29 (  0.36)	Data 0.0001 (0.0528)	Loss (L1) 3.377 (3.403)
2026-04-26 04:14:22,371 | Epoch: [62][240/254]	Time   0.29 (  0.36)	Data 0.0001 (0.0507)	Loss (L1) 3.705 (3.405)
2026-04-26 04:14:25,301 | Epoch: [62][250/254]	Time   0.29 (  0.35)	Data 0.0001 (0.0486)	Loss (L1) 3.523 (3.411)
2026-04-26 04:14:26,379 | Create Epoch [62] features of all training data...
2026-04-26 04:15:42,200 | Updated smoothed statistics on Epoch [62]!
2026-04-26 04:15:42,229 | Updated running statistics with Epoch [62] features!
2026-04-26 04:15:52,011 | Val: [ 0/25]	Time  9.781 ( 9.781)	Loss (MSE) 268.325 (268.325)	Loss (L1) 15.169 (15.169)
2026-04-26 04:15:53,464 | Val: [10/25]	Time  0.083 ( 1.021)	Loss (MSE) 63.636 (114.278)	Loss (L1) 6.476 (8.766)
2026-04-26 04:15:54,292 | Val: [20/25]	Time  0.082 ( 0.574)	Loss (MSE) 213.678 (111.354)	Loss (L1) 13.056 (8.633)
2026-04-26 04:15:54,822 |  * Overall: MSE 142.872	L1 9.840	G-Mean 6.757
2026-04-26 04:15:54,822 |  * Many: MSE 93.577	L1 7.802	G-Mean 5.178
2026-04-26 04:15:54,822 |  * Median: MSE 211.302	L1 13.065	G-Mean 10.997
2026-04-26 04:15:54,822 |  * Low: MSE 409.518	L1 19.435	G-Mean 18.620
2026-04-26 04:15:54,823 | Best L1 Loss: 9.454
2026-04-26 04:15:55,049 | Epoch #62: Train loss [3.4112]; Val loss: MSE [142.8720], L1 [9.8405], G-Mean [6.7573]
2026-04-26 04:16:06,582 | Epoch: [63][  0/254]	Time  11.53 ( 11.53)	Data 11.3911 (11.3911)	Loss (L1) 3.037 (3.037)
2026-04-26 04:16:10,434 | Epoch: [63][ 10/254]	Time   0.29 (  1.40)	Data 0.0002 (1.1447)	Loss (L1) 3.021 (3.406)
2026-04-26 04:16:13,395 | Epoch: [63][ 20/254]	Time   0.29 (  0.87)	Data 0.0002 (0.5997)	Loss (L1) 3.398 (3.397)
2026-04-26 04:16:16,378 | Epoch: [63][ 30/254]	Time   0.29 (  0.69)	Data 0.0002 (0.4063)	Loss (L1) 3.955 (3.432)
2026-04-26 04:16:19,435 | Epoch: [63][ 40/254]	Time   0.29 (  0.59)	Data 0.0002 (0.3075)	Loss (L1) 2.939 (3.408)
2026-04-26 04:16:22,446 | Epoch: [63][ 50/254]	Time   0.29 (  0.54)	Data 0.0002 (0.2473)	Loss (L1) 3.006 (3.382)
2026-04-26 04:16:25,415 | Epoch: [63][ 60/254]	Time   0.30 (  0.50)	Data 0.0002 (0.2068)	Loss (L1) 3.364 (3.362)
2026-04-26 04:16:28,427 | Epoch: [63][ 70/254]	Time   0.29 (  0.47)	Data 0.0002 (0.1777)	Loss (L1) 3.288 (3.354)
2026-04-26 04:16:31,417 | Epoch: [63][ 80/254]	Time   0.29 (  0.45)	Data 0.0002 (0.1558)	Loss (L1) 3.164 (3.344)
2026-04-26 04:16:34,442 | Epoch: [63][ 90/254]	Time   0.30 (  0.43)	Data 0.0002 (0.1387)	Loss (L1) 5.059 (3.376)
2026-04-26 04:16:37,529 | Epoch: [63][100/254]	Time   0.32 (  0.42)	Data 0.0002 (0.1250)	Loss (L1) 3.387 (3.369)
2026-04-26 04:16:40,484 | Epoch: [63][110/254]	Time   0.29 (  0.41)	Data 0.0001 (0.1137)	Loss (L1) 3.721 (3.374)
2026-04-26 04:16:43,436 | Epoch: [63][120/254]	Time   0.30 (  0.40)	Data 0.0002 (0.1044)	Loss (L1) 4.536 (3.382)
2026-04-26 04:16:48,598 | Epoch: [63][130/254]	Time   0.30 (  0.41)	Data 0.0002 (0.1152)	Loss (L1) 3.460 (3.370)
2026-04-26 04:16:52,846 | Epoch: [63][140/254]	Time   0.30 (  0.41)	Data 0.0003 (0.1167)	Loss (L1) 2.872 (3.374)
2026-04-26 04:16:55,835 | Epoch: [63][150/254]	Time   0.30 (  0.40)	Data 0.0002 (0.1090)	Loss (L1) 3.282 (3.380)
2026-04-26 04:16:58,822 | Epoch: [63][160/254]	Time   0.30 (  0.40)	Data 0.0003 (0.1023)	Loss (L1) 3.132 (3.379)
2026-04-26 04:17:01,806 | Epoch: [63][170/254]	Time   0.29 (  0.39)	Data 0.0002 (0.0963)	Loss (L1) 3.782 (3.378)
2026-04-26 04:17:04,807 | Epoch: [63][180/254]	Time   0.30 (  0.39)	Data 0.0002 (0.0910)	Loss (L1) 3.532 (3.374)
2026-04-26 04:17:07,789 | Epoch: [63][190/254]	Time   0.30 (  0.38)	Data 0.0001 (0.0863)	Loss (L1) 3.561 (3.377)
2026-04-26 04:17:10,823 | Epoch: [63][200/254]	Time   0.29 (  0.38)	Data 0.0002 (0.0820)	Loss (L1) 3.283 (3.378)
2026-04-26 04:17:13,941 | Epoch: [63][210/254]	Time   0.30 (  0.37)	Data 0.0001 (0.0781)	Loss (L1) 4.868 (3.383)
2026-04-26 04:17:16,875 | Epoch: [63][220/254]	Time   0.29 (  0.37)	Data 0.0001 (0.0746)	Loss (L1) 3.093 (3.381)
2026-04-26 04:17:19,802 | Epoch: [63][230/254]	Time   0.29 (  0.37)	Data 0.0001 (0.0714)	Loss (L1) 3.273 (3.377)
2026-04-26 04:17:22,725 | Epoch: [63][240/254]	Time   0.29 (  0.36)	Data 0.0001 (0.0684)	Loss (L1) 3.069 (3.374)
2026-04-26 04:17:25,655 | Epoch: [63][250/254]	Time   0.29 (  0.36)	Data 0.0001 (0.0657)	Loss (L1) 3.563 (3.377)
2026-04-26 04:17:26,788 | Create Epoch [63] features of all training data...
2026-04-26 04:18:41,897 | Updated smoothed statistics on Epoch [63]!
2026-04-26 04:18:41,926 | Updated running statistics with Epoch [63] features!
2026-04-26 04:18:52,788 | Val: [ 0/25]	Time 10.861 (10.861)	Loss (MSE) 256.611 (256.611)	Loss (L1) 14.916 (14.916)
2026-04-26 04:18:53,617 | Val: [10/25]	Time  0.083 ( 1.063)	Loss (MSE) 57.748 (108.528)	Loss (L1) 6.134 (8.546)
2026-04-26 04:18:54,446 | Val: [20/25]	Time  0.083 ( 0.596)	Loss (MSE) 205.287 (104.585)	Loss (L1) 12.843 (8.352)
2026-04-26 04:18:54,990 |  * Overall: MSE 137.317	L1 9.622	G-Mean 6.553
2026-04-26 04:18:54,990 |  * Many: MSE 87.057	L1 7.506	G-Mean 4.961
2026-04-26 04:18:54,990 |  * Median: MSE 205.084	L1 12.928	G-Mean 10.889
2026-04-26 04:18:54,990 |  * Low: MSE 416.454	L1 19.726	G-Mean 19.023
2026-04-26 04:18:54,991 | Best L1 Loss: 9.454
2026-04-26 04:18:55,198 | Epoch #63: Train loss [3.3776]; Val loss: MSE [137.3173], L1 [9.6220], G-Mean [6.5531]
2026-04-26 04:19:01,150 | Epoch: [64][  0/254]	Time   5.95 (  5.95)	Data 5.7386 (5.7386)	Loss (L1) 3.311 (3.311)
2026-04-26 04:19:09,853 | Epoch: [64][ 10/254]	Time   0.33 (  1.33)	Data 0.0003 (1.0565)	Loss (L1) 2.876 (3.430)
2026-04-26 04:19:12,915 | Epoch: [64][ 20/254]	Time   0.27 (  0.84)	Data 0.0002 (0.5535)	Loss (L1) 3.459 (3.462)
2026-04-26 04:19:16,031 | Epoch: [64][ 30/254]	Time   0.29 (  0.67)	Data 0.0004 (0.3751)	Loss (L1) 3.307 (3.370)
2026-04-26 04:19:19,332 | Epoch: [64][ 40/254]	Time   0.30 (  0.59)	Data 0.0004 (0.2837)	Loss (L1) 3.235 (3.322)
2026-04-26 04:19:23,009 | Epoch: [64][ 50/254]	Time   0.30 (  0.55)	Data 0.0002 (0.2434)	Loss (L1) 2.893 (3.336)
2026-04-26 04:19:25,984 | Epoch: [64][ 60/254]	Time   0.30 (  0.50)	Data 0.0003 (0.2035)	Loss (L1) 3.214 (3.319)
2026-04-26 04:19:28,966 | Epoch: [64][ 70/254]	Time   0.29 (  0.48)	Data 0.0005 (0.1749)	Loss (L1) 3.589 (3.318)
2026-04-26 04:19:31,969 | Epoch: [64][ 80/254]	Time   0.30 (  0.45)	Data 0.0002 (0.1534)	Loss (L1) 3.073 (3.316)
2026-04-26 04:19:34,937 | Epoch: [64][ 90/254]	Time   0.29 (  0.44)	Data 0.0002 (0.1366)	Loss (L1) 3.313 (3.327)
2026-04-26 04:19:37,929 | Epoch: [64][100/254]	Time   0.29 (  0.42)	Data 0.0002 (0.1231)	Loss (L1) 3.070 (3.338)
2026-04-26 04:19:40,903 | Epoch: [64][110/254]	Time   0.31 (  0.41)	Data 0.0002 (0.1120)	Loss (L1) 3.229 (3.356)
2026-04-26 04:19:43,873 | Epoch: [64][120/254]	Time   0.29 (  0.40)	Data 0.0004 (0.1028)	Loss (L1) 2.883 (3.348)
2026-04-26 04:19:46,864 | Epoch: [64][130/254]	Time   0.29 (  0.39)	Data 0.0002 (0.0949)	Loss (L1) 3.428 (3.355)
2026-04-26 04:19:49,864 | Epoch: [64][140/254]	Time   0.30 (  0.39)	Data 0.0002 (0.0882)	Loss (L1) 3.344 (3.356)
2026-04-26 04:19:52,841 | Epoch: [64][150/254]	Time   0.31 (  0.38)	Data 0.0002 (0.0824)	Loss (L1) 3.162 (3.357)
2026-04-26 04:19:55,888 | Epoch: [64][160/254]	Time   0.30 (  0.38)	Data 0.0002 (0.0773)	Loss (L1) 3.554 (3.360)
2026-04-26 04:19:58,886 | Epoch: [64][170/254]	Time   0.30 (  0.37)	Data 0.0002 (0.0728)	Loss (L1) 3.883 (3.368)
2026-04-26 04:20:01,892 | Epoch: [64][180/254]	Time   0.30 (  0.37)	Data 0.0003 (0.0689)	Loss (L1) 3.622 (3.375)
2026-04-26 04:20:04,862 | Epoch: [64][190/254]	Time   0.30 (  0.36)	Data 0.0001 (0.0655)	Loss (L1) 3.436 (3.374)
2026-04-26 04:20:07,870 | Epoch: [64][200/254]	Time   0.31 (  0.36)	Data 0.0001 (0.0622)	Loss (L1) 3.620 (3.376)
2026-04-26 04:20:10,839 | Epoch: [64][210/254]	Time   0.29 (  0.36)	Data 0.0001 (0.0593)	Loss (L1) 3.304 (3.375)
2026-04-26 04:20:13,778 | Epoch: [64][220/254]	Time   0.29 (  0.36)	Data 0.0001 (0.0566)	Loss (L1) 3.204 (3.369)
2026-04-26 04:20:16,724 | Epoch: [64][230/254]	Time   0.30 (  0.35)	Data 0.0001 (0.0542)	Loss (L1) 3.603 (3.375)
2026-04-26 04:20:19,653 | Epoch: [64][240/254]	Time   0.29 (  0.35)	Data 0.0001 (0.0519)	Loss (L1) 2.970 (3.369)
2026-04-26 04:20:22,585 | Epoch: [64][250/254]	Time   0.29 (  0.35)	Data 0.0001 (0.0498)	Loss (L1) 3.355 (3.364)
2026-04-26 04:20:23,675 | Create Epoch [64] features of all training data...
2026-04-26 04:21:37,524 | Updated smoothed statistics on Epoch [64]!
2026-04-26 04:21:37,553 | Updated running statistics with Epoch [64] features!
2026-04-26 04:21:47,684 | Val: [ 0/25]	Time 10.130 (10.130)	Loss (MSE) 248.568 (248.568)	Loss (L1) 14.533 (14.533)
2026-04-26 04:21:48,514 | Val: [10/25]	Time  0.083 ( 0.996)	Loss (MSE) 58.137 (107.771)	Loss (L1) 6.214 (8.540)
2026-04-26 04:21:49,342 | Val: [20/25]	Time  0.083 ( 0.561)	Loss (MSE) 224.509 (107.652)	Loss (L1) 13.473 (8.480)
2026-04-26 04:21:49,893 |  * Overall: MSE 142.836	L1 9.808	G-Mean 6.697
2026-04-26 04:21:49,893 |  * Many: MSE 90.707	L1 7.671	G-Mean 5.100
2026-04-26 04:21:49,893 |  * Median: MSE 213.415	L1 13.137	G-Mean 10.953
2026-04-26 04:21:49,893 |  * Low: MSE 431.281	L1 20.057	G-Mean 19.315
2026-04-26 04:21:49,894 | Best L1 Loss: 9.454
2026-04-26 04:21:50,110 | Epoch #64: Train loss [3.3652]; Val loss: MSE [142.8357], L1 [9.8079], G-Mean [6.6968]
2026-04-26 04:21:58,091 | Epoch: [65][  0/254]	Time   7.98 (  7.98)	Data 7.7994 (7.7994)	Loss (L1) 3.490 (3.490)
2026-04-26 04:22:03,567 | Epoch: [65][ 10/254]	Time   0.29 (  1.22)	Data 0.0002 (0.9725)	Loss (L1) 3.133 (3.291)
2026-04-26 04:22:06,562 | Epoch: [65][ 20/254]	Time   0.29 (  0.78)	Data 0.0002 (0.5101)	Loss (L1) 3.084 (3.305)
2026-04-26 04:22:09,605 | Epoch: [65][ 30/254]	Time   0.36 (  0.63)	Data 0.0002 (0.3456)	Loss (L1) 3.424 (3.270)
2026-04-26 04:22:12,621 | Epoch: [65][ 40/254]	Time   0.29 (  0.55)	Data 0.0002 (0.2618)	Loss (L1) 3.334 (3.249)
2026-04-26 04:22:15,681 | Epoch: [65][ 50/254]	Time   0.30 (  0.50)	Data 0.0003 (0.2105)	Loss (L1) 3.341 (3.306)
2026-04-26 04:22:18,877 | Epoch: [65][ 60/254]	Time   0.38 (  0.47)	Data 0.0002 (0.1761)	Loss (L1) 3.482 (3.316)
2026-04-26 04:22:22,020 | Epoch: [65][ 70/254]	Time   0.32 (  0.45)	Data 0.0002 (0.1516)	Loss (L1) 3.559 (3.301)
2026-04-26 04:22:25,150 | Epoch: [65][ 80/254]	Time   0.32 (  0.43)	Data 0.0002 (0.1329)	Loss (L1) 3.129 (3.316)
2026-04-26 04:22:28,412 | Epoch: [65][ 90/254]	Time   0.32 (  0.42)	Data 0.0002 (0.1187)	Loss (L1) 3.450 (3.323)
2026-04-26 04:22:31,574 | Epoch: [65][100/254]	Time   0.37 (  0.41)	Data 0.0003 (0.1070)	Loss (L1) 3.635 (3.322)
2026-04-26 04:22:34,623 | Epoch: [65][110/254]	Time   0.29 (  0.40)	Data 0.0002 (0.0974)	Loss (L1) 3.200 (3.324)
2026-04-26 04:22:37,642 | Epoch: [65][120/254]	Time   0.29 (  0.39)	Data 0.0002 (0.0893)	Loss (L1) 3.249 (3.317)
2026-04-26 04:22:40,763 | Epoch: [65][130/254]	Time   0.30 (  0.39)	Data 0.0002 (0.0825)	Loss (L1) 2.958 (3.305)
2026-04-26 04:22:43,833 | Epoch: [65][140/254]	Time   0.30 (  0.38)	Data 0.0002 (0.0767)	Loss (L1) 3.408 (3.309)
2026-04-26 04:22:46,851 | Epoch: [65][150/254]	Time   0.31 (  0.38)	Data 0.0002 (0.0717)	Loss (L1) 3.333 (3.311)
2026-04-26 04:22:49,871 | Epoch: [65][160/254]	Time   0.30 (  0.37)	Data 0.0002 (0.0672)	Loss (L1) 3.254 (3.313)
2026-04-26 04:22:52,858 | Epoch: [65][170/254]	Time   0.30 (  0.37)	Data 0.0002 (0.0633)	Loss (L1) 3.380 (3.313)
2026-04-26 04:22:55,823 | Epoch: [65][180/254]	Time   0.30 (  0.36)	Data 0.0002 (0.0598)	Loss (L1) 3.744 (3.319)
2026-04-26 04:22:58,827 | Epoch: [65][190/254]	Time   0.30 (  0.36)	Data 0.0001 (0.0569)	Loss (L1) 3.052 (3.324)
2026-04-26 04:23:01,800 | Epoch: [65][200/254]	Time   0.30 (  0.36)	Data 0.0001 (0.0541)	Loss (L1) 3.478 (3.325)
2026-04-26 04:23:04,771 | Epoch: [65][210/254]	Time   0.30 (  0.35)	Data 0.0001 (0.0515)	Loss (L1) 3.591 (3.322)
2026-04-26 04:23:07,716 | Epoch: [65][220/254]	Time   0.29 (  0.35)	Data 0.0001 (0.0492)	Loss (L1) 3.214 (3.327)
2026-04-26 04:23:10,676 | Epoch: [65][230/254]	Time   0.30 (  0.35)	Data 0.0001 (0.0471)	Loss (L1) 3.398 (3.331)
2026-04-26 04:23:13,638 | Epoch: [65][240/254]	Time   0.30 (  0.35)	Data 0.0001 (0.0451)	Loss (L1) 3.878 (3.341)
2026-04-26 04:23:16,599 | Epoch: [65][250/254]	Time   0.30 (  0.34)	Data 0.0001 (0.0433)	Loss (L1) 3.526 (3.344)
2026-04-26 04:23:17,708 | Create Epoch [65] features of all training data...
2026-04-26 04:24:36,030 | Updated smoothed statistics on Epoch [65]!
2026-04-26 04:24:36,058 | Updated running statistics with Epoch [65] features!
2026-04-26 04:24:42,940 | Val: [ 0/25]	Time  6.880 ( 6.880)	Loss (MSE) 258.000 (258.000)	Loss (L1) 14.786 (14.786)
2026-04-26 04:24:47,628 | Val: [10/25]	Time  0.083 ( 1.052)	Loss (MSE) 60.726 (111.033)	Loss (L1) 6.304 (8.631)
2026-04-26 04:24:48,455 | Val: [20/25]	Time  0.083 ( 0.590)	Loss (MSE) 221.546 (109.564)	Loss (L1) 13.275 (8.533)
2026-04-26 04:24:48,999 |  * Overall: MSE 142.727	L1 9.793	G-Mean 6.661
2026-04-26 04:24:48,999 |  * Many: MSE 92.075	L1 7.708	G-Mean 5.081
2026-04-26 04:24:48,999 |  * Median: MSE 212.646	L1 13.075	G-Mean 10.901
2026-04-26 04:24:48,999 |  * Low: MSE 418.147	L1 19.674	G-Mean 18.877
2026-04-26 04:24:49,000 | Best L1 Loss: 9.454
2026-04-26 04:24:49,208 | Epoch #65: Train loss [3.3433]; Val loss: MSE [142.7266], L1 [9.7933], G-Mean [6.6612]
2026-04-26 04:24:59,769 | Epoch: [66][  0/254]	Time  10.56 ( 10.56)	Data 10.1788 (10.1788)	Loss (L1) 3.279 (3.279)
2026-04-26 04:25:06,001 | Epoch: [66][ 10/254]	Time   0.29 (  1.53)	Data 0.0005 (1.2278)	Loss (L1) 3.074 (3.190)
2026-04-26 04:25:09,263 | Epoch: [66][ 20/254]	Time   0.31 (  0.95)	Data 0.0002 (0.6452)	Loss (L1) 3.394 (3.222)
2026-04-26 04:25:12,478 | Epoch: [66][ 30/254]	Time   0.30 (  0.75)	Data 0.0003 (0.4389)	Loss (L1) 3.294 (3.235)
2026-04-26 04:25:15,515 | Epoch: [66][ 40/254]	Time   0.30 (  0.64)	Data 0.0002 (0.3319)	Loss (L1) 3.233 (3.252)
2026-04-26 04:25:18,749 | Epoch: [66][ 50/254]	Time   0.30 (  0.58)	Data 0.0002 (0.2669)	Loss (L1) 3.761 (3.332)
2026-04-26 04:25:22,217 | Epoch: [66][ 60/254]	Time   0.38 (  0.54)	Data 0.0002 (0.2232)	Loss (L1) 3.352 (3.369)
2026-04-26 04:25:25,466 | Epoch: [66][ 70/254]	Time   0.33 (  0.51)	Data 0.0002 (0.1918)	Loss (L1) 3.888 (3.385)
2026-04-26 04:25:28,606 | Epoch: [66][ 80/254]	Time   0.36 (  0.49)	Data 0.0002 (0.1682)	Loss (L1) 3.670 (3.391)
2026-04-26 04:25:31,927 | Epoch: [66][ 90/254]	Time   0.37 (  0.47)	Data 0.0001 (0.1498)	Loss (L1) 3.576 (3.380)
2026-04-26 04:25:35,120 | Epoch: [66][100/254]	Time   0.30 (  0.45)	Data 0.0002 (0.1350)	Loss (L1) 3.279 (3.370)
2026-04-26 04:25:38,380 | Epoch: [66][110/254]	Time   0.35 (  0.44)	Data 0.0002 (0.1229)	Loss (L1) 3.057 (3.363)
2026-04-26 04:25:41,521 | Epoch: [66][120/254]	Time   0.31 (  0.43)	Data 0.0002 (0.1127)	Loss (L1) 2.818 (3.347)
2026-04-26 04:25:44,705 | Epoch: [66][130/254]	Time   0.31 (  0.42)	Data 0.0002 (0.1042)	Loss (L1) 3.109 (3.339)
2026-04-26 04:25:47,876 | Epoch: [66][140/254]	Time   0.33 (  0.42)	Data 0.0002 (0.0968)	Loss (L1) 3.325 (3.341)
2026-04-26 04:25:51,045 | Epoch: [66][150/254]	Time   0.30 (  0.41)	Data 0.0002 (0.0904)	Loss (L1) 3.054 (3.334)
2026-04-26 04:25:54,120 | Epoch: [66][160/254]	Time   0.29 (  0.40)	Data 0.0124 (0.0849)	Loss (L1) 3.440 (3.338)
2026-04-26 04:25:57,328 | Epoch: [66][170/254]	Time   0.30 (  0.40)	Data 0.0002 (0.0800)	Loss (L1) 3.029 (3.337)
2026-04-26 04:26:00,444 | Epoch: [66][180/254]	Time   0.31 (  0.39)	Data 0.0002 (0.0756)	Loss (L1) 3.267 (3.339)
2026-04-26 04:26:03,513 | Epoch: [66][190/254]	Time   0.30 (  0.39)	Data 0.0001 (0.0717)	Loss (L1) 2.729 (3.339)
2026-04-26 04:26:06,566 | Epoch: [66][200/254]	Time   0.30 (  0.38)	Data 0.0001 (0.0682)	Loss (L1) 3.291 (3.344)
2026-04-26 04:26:09,492 | Epoch: [66][210/254]	Time   0.29 (  0.38)	Data 0.0001 (0.0650)	Loss (L1) 3.122 (3.344)
2026-04-26 04:26:12,421 | Epoch: [66][220/254]	Time   0.29 (  0.38)	Data 0.0001 (0.0620)	Loss (L1) 3.180 (3.345)
2026-04-26 04:26:15,344 | Epoch: [66][230/254]	Time   0.29 (  0.37)	Data 0.0001 (0.0593)	Loss (L1) 4.161 (3.339)
2026-04-26 04:26:18,266 | Epoch: [66][240/254]	Time   0.29 (  0.37)	Data 0.0001 (0.0569)	Loss (L1) 3.252 (3.335)
2026-04-26 04:26:21,196 | Epoch: [66][250/254]	Time   0.29 (  0.37)	Data 0.0002 (0.0546)	Loss (L1) 3.522 (3.340)
2026-04-26 04:26:22,314 | Create Epoch [66] features of all training data...
2026-04-26 04:27:43,497 | Updated smoothed statistics on Epoch [66]!
2026-04-26 04:27:43,527 | Updated running statistics with Epoch [66] features!
2026-04-26 04:27:49,740 | Val: [ 0/25]	Time  6.212 ( 6.212)	Loss (MSE) 249.630 (249.630)	Loss (L1) 14.592 (14.592)
2026-04-26 04:27:54,764 | Val: [10/25]	Time  0.083 ( 1.021)	Loss (MSE) 57.002 (104.228)	Loss (L1) 6.048 (8.370)
2026-04-26 04:27:55,594 | Val: [20/25]	Time  0.083 ( 0.575)	Loss (MSE) 235.162 (108.801)	Loss (L1) 13.916 (8.531)
2026-04-26 04:27:56,159 |  * Overall: MSE 147.024	L1 9.943	G-Mean 6.771
2026-04-26 04:27:56,159 |  * Many: MSE 92.330	L1 7.732	G-Mean 5.147
2026-04-26 04:27:56,159 |  * Median: MSE 218.207	L1 13.323	G-Mean 11.053
2026-04-26 04:27:56,159 |  * Low: MSE 460.070	L1 20.765	G-Mean 20.059
2026-04-26 04:27:56,160 | Best L1 Loss: 9.454
2026-04-26 04:27:56,375 | Epoch #66: Train loss [3.3412]; Val loss: MSE [147.0238], L1 [9.9427], G-Mean [6.7711]
2026-04-26 04:28:04,098 | Epoch: [67][  0/254]	Time   7.72 (  7.72)	Data 7.5518 (7.5518)	Loss (L1) 3.653 (3.653)
2026-04-26 04:28:11,856 | Epoch: [67][ 10/254]	Time   0.30 (  1.41)	Data 0.0003 (1.1446)	Loss (L1) 3.363 (3.622)
2026-04-26 04:28:14,839 | Epoch: [67][ 20/254]	Time   0.30 (  0.88)	Data 0.0004 (0.5997)	Loss (L1) 3.675 (3.497)
2026-04-26 04:28:17,800 | Epoch: [67][ 30/254]	Time   0.29 (  0.69)	Data 0.0003 (0.4064)	Loss (L1) 3.465 (3.499)
2026-04-26 04:28:22,078 | Epoch: [67][ 40/254]	Time   0.30 (  0.63)	Data 0.0003 (0.3425)	Loss (L1) 3.163 (3.419)
2026-04-26 04:28:25,024 | Epoch: [67][ 50/254]	Time   0.29 (  0.56)	Data 0.0004 (0.2754)	Loss (L1) 2.995 (3.428)
2026-04-26 04:28:28,026 | Epoch: [67][ 60/254]	Time   0.29 (  0.52)	Data 0.0004 (0.2303)	Loss (L1) 3.305 (3.382)
2026-04-26 04:28:31,019 | Epoch: [67][ 70/254]	Time   0.31 (  0.49)	Data 0.0286 (0.1983)	Loss (L1) 3.389 (3.364)
2026-04-26 04:28:33,990 | Epoch: [67][ 80/254]	Time   0.29 (  0.46)	Data 0.0004 (0.1740)	Loss (L1) 3.186 (3.339)
2026-04-26 04:28:36,961 | Epoch: [67][ 90/254]	Time   0.30 (  0.45)	Data 0.0002 (0.1549)	Loss (L1) 3.339 (3.339)
2026-04-26 04:28:39,930 | Epoch: [67][100/254]	Time   0.30 (  0.43)	Data 0.0003 (0.1396)	Loss (L1) 3.625 (3.347)
2026-04-26 04:28:42,968 | Epoch: [67][110/254]	Time   0.29 (  0.42)	Data 0.0003 (0.1271)	Loss (L1) 3.440 (3.355)
2026-04-26 04:28:45,978 | Epoch: [67][120/254]	Time   0.30 (  0.41)	Data 0.0004 (0.1166)	Loss (L1) 3.572 (3.362)
2026-04-26 04:28:48,946 | Epoch: [67][130/254]	Time   0.30 (  0.40)	Data 0.0002 (0.1077)	Loss (L1) 3.349 (3.350)
2026-04-26 04:28:52,352 | Epoch: [67][140/254]	Time   0.30 (  0.40)	Data 0.0035 (0.1060)	Loss (L1) 3.413 (3.338)
2026-04-26 04:28:55,319 | Epoch: [67][150/254]	Time   0.30 (  0.39)	Data 0.0002 (0.0990)	Loss (L1) 3.249 (3.334)
2026-04-26 04:28:58,294 | Epoch: [67][160/254]	Time   0.30 (  0.38)	Data 0.0002 (0.0929)	Loss (L1) 3.309 (3.328)
2026-04-26 04:29:02,279 | Epoch: [67][170/254]	Time   0.30 (  0.39)	Data 0.0002 (0.0952)	Loss (L1) 3.240 (3.323)
2026-04-26 04:29:05,247 | Epoch: [67][180/254]	Time   0.30 (  0.38)	Data 0.0002 (0.0900)	Loss (L1) 3.664 (3.319)
2026-04-26 04:29:08,238 | Epoch: [67][190/254]	Time   0.31 (  0.38)	Data 0.0002 (0.0854)	Loss (L1) 3.237 (3.324)
2026-04-26 04:29:11,204 | Epoch: [67][200/254]	Time   0.29 (  0.37)	Data 0.0001 (0.0812)	Loss (L1) 2.949 (3.319)
2026-04-26 04:29:14,170 | Epoch: [67][210/254]	Time   0.29 (  0.37)	Data 0.0001 (0.0774)	Loss (L1) 3.897 (3.319)
2026-04-26 04:29:17,134 | Epoch: [67][220/254]	Time   0.29 (  0.37)	Data 0.0001 (0.0739)	Loss (L1) 3.203 (3.318)
2026-04-26 04:29:20,093 | Epoch: [67][230/254]	Time   0.29 (  0.36)	Data 0.0001 (0.0707)	Loss (L1) 2.980 (3.312)
2026-04-26 04:29:23,045 | Epoch: [67][240/254]	Time   0.29 (  0.36)	Data 0.0001 (0.0677)	Loss (L1) 3.151 (3.312)
2026-04-26 04:29:25,999 | Epoch: [67][250/254]	Time   0.30 (  0.36)	Data 0.0001 (0.0650)	Loss (L1) 3.598 (3.313)
2026-04-26 04:29:27,132 | Create Epoch [67] features of all training data...
2026-04-26 04:30:46,522 | Updated smoothed statistics on Epoch [67]!
2026-04-26 04:30:46,551 | Updated running statistics with Epoch [67] features!
2026-04-26 04:30:57,572 | Val: [ 0/25]	Time 11.020 (11.020)	Loss (MSE) 246.929 (246.929)	Loss (L1) 14.512 (14.512)
2026-04-26 04:30:58,406 | Val: [10/25]	Time  0.083 ( 1.078)	Loss (MSE) 56.807 (103.187)	Loss (L1) 6.051 (8.303)
2026-04-26 04:30:59,234 | Val: [20/25]	Time  0.083 ( 0.604)	Loss (MSE) 229.517 (106.812)	Loss (L1) 13.700 (8.439)
2026-04-26 04:30:59,800 |  * Overall: MSE 143.534	L1 9.815	G-Mean 6.678
2026-04-26 04:30:59,800 |  * Many: MSE 90.382	L1 7.642	G-Mean 5.073
2026-04-26 04:30:59,800 |  * Median: MSE 214.248	L1 13.172	G-Mean 10.948
2026-04-26 04:30:59,800 |  * Low: MSE 442.186	L1 20.334	G-Mean 19.613
2026-04-26 04:30:59,801 | Best L1 Loss: 9.454
2026-04-26 04:31:00,009 | Epoch #67: Train loss [3.3133]; Val loss: MSE [143.5341], L1 [9.8148], G-Mean [6.6777]
2026-04-26 04:31:12,856 | Epoch: [68][  0/254]	Time  12.85 ( 12.85)	Data 12.6704 (12.6704)	Loss (L1) 3.703 (3.703)
2026-04-26 04:31:15,987 | Epoch: [68][ 10/254]	Time   0.30 (  1.45)	Data 0.0002 (1.1788)	Loss (L1) 3.416 (3.418)
2026-04-26 04:31:19,078 | Epoch: [68][ 20/254]	Time   0.30 (  0.91)	Data 0.0002 (0.6176)	Loss (L1) 3.571 (3.386)
2026-04-26 04:31:22,042 | Epoch: [68][ 30/254]	Time   0.30 (  0.71)	Data 0.0002 (0.4185)	Loss (L1) 4.189 (3.364)
2026-04-26 04:31:25,799 | Epoch: [68][ 40/254]	Time   0.32 (  0.63)	Data 0.0002 (0.3322)	Loss (L1) 3.114 (3.337)
2026-04-26 04:31:29,341 | Epoch: [68][ 50/254]	Time   0.30 (  0.58)	Data 0.0003 (0.2673)	Loss (L1) 3.407 (3.300)
2026-04-26 04:31:32,781 | Epoch: [68][ 60/254]	Time   0.27 (  0.54)	Data 0.0002 (0.2235)	Loss (L1) 3.132 (3.310)
2026-04-26 04:31:36,065 | Epoch: [68][ 70/254]	Time   0.32 (  0.51)	Data 0.0002 (0.1921)	Loss (L1) 3.361 (3.315)
2026-04-26 04:31:39,253 | Epoch: [68][ 80/254]	Time   0.35 (  0.48)	Data 0.0002 (0.1684)	Loss (L1) 2.762 (3.294)
2026-04-26 04:31:42,290 | Epoch: [68][ 90/254]	Time   0.29 (  0.46)	Data 0.0003 (0.1500)	Loss (L1) 3.075 (3.295)
2026-04-26 04:31:47,246 | Epoch: [68][100/254]	Time   0.32 (  0.47)	Data 0.0002 (0.1558)	Loss (L1) 3.340 (3.279)
2026-04-26 04:31:50,222 | Epoch: [68][110/254]	Time   0.30 (  0.45)	Data 0.0002 (0.1421)	Loss (L1) 3.284 (3.277)
2026-04-26 04:31:53,338 | Epoch: [68][120/254]	Time   0.30 (  0.44)	Data 0.0002 (0.1304)	Loss (L1) 3.689 (3.290)
2026-04-26 04:31:57,046 | Epoch: [68][130/254]	Time   0.30 (  0.44)	Data 0.0002 (0.1255)	Loss (L1) 3.214 (3.299)
2026-04-26 04:32:00,100 | Epoch: [68][140/254]	Time   0.31 (  0.43)	Data 0.0002 (0.1166)	Loss (L1) 3.098 (3.293)
2026-04-26 04:32:03,292 | Epoch: [68][150/254]	Time   0.27 (  0.42)	Data 0.0002 (0.1089)	Loss (L1) 3.459 (3.301)
2026-04-26 04:32:06,448 | Epoch: [68][160/254]	Time   0.30 (  0.41)	Data 0.0314 (0.1023)	Loss (L1) 3.586 (3.299)
2026-04-26 04:32:09,526 | Epoch: [68][170/254]	Time   0.29 (  0.41)	Data 0.0002 (0.0964)	Loss (L1) 3.050 (3.298)
2026-04-26 04:32:12,517 | Epoch: [68][180/254]	Time   0.30 (  0.40)	Data 0.0002 (0.0911)	Loss (L1) 3.189 (3.304)
2026-04-26 04:32:15,749 | Epoch: [68][190/254]	Time   0.32 (  0.40)	Data 0.0001 (0.0864)	Loss (L1) 3.249 (3.303)
2026-04-26 04:32:19,382 | Epoch: [68][200/254]	Time   0.31 (  0.39)	Data 0.0001 (0.0856)	Loss (L1) 3.497 (3.301)
2026-04-26 04:32:22,334 | Epoch: [68][210/254]	Time   0.29 (  0.39)	Data 0.0001 (0.0815)	Loss (L1) 3.424 (3.297)
2026-04-26 04:32:25,256 | Epoch: [68][220/254]	Time   0.29 (  0.39)	Data 0.0001 (0.0778)	Loss (L1) 2.922 (3.290)
2026-04-26 04:32:28,183 | Epoch: [68][230/254]	Time   0.29 (  0.38)	Data 0.0001 (0.0745)	Loss (L1) 3.029 (3.292)
2026-04-26 04:32:31,108 | Epoch: [68][240/254]	Time   0.29 (  0.38)	Data 0.0001 (0.0714)	Loss (L1) 3.672 (3.294)
2026-04-26 04:32:34,031 | Epoch: [68][250/254]	Time   0.29 (  0.37)	Data 0.0001 (0.0686)	Loss (L1) 3.435 (3.303)
2026-04-26 04:32:35,145 | Create Epoch [68] features of all training data...
2026-04-26 04:33:57,488 | Updated smoothed statistics on Epoch [68]!
2026-04-26 04:33:57,517 | Updated running statistics with Epoch [68] features!
2026-04-26 04:34:07,920 | Val: [ 0/25]	Time 10.401 (10.401)	Loss (MSE) 262.997 (262.997)	Loss (L1) 15.021 (15.021)
2026-04-26 04:34:09,140 | Val: [10/25]	Time  0.083 ( 1.057)	Loss (MSE) 63.752 (112.765)	Loss (L1) 6.537 (8.743)
2026-04-26 04:34:09,970 | Val: [20/25]	Time  0.083 ( 0.593)	Loss (MSE) 227.895 (112.829)	Loss (L1) 13.491 (8.713)
2026-04-26 04:34:10,532 |  * Overall: MSE 147.379	L1 10.004	G-Mean 6.906
2026-04-26 04:34:10,532 |  * Many: MSE 95.359	L1 7.894	G-Mean 5.303
2026-04-26 04:34:10,532 |  * Median: MSE 217.801	L1 13.286	G-Mean 11.119
2026-04-26 04:34:10,532 |  * Low: MSE 435.258	L1 20.141	G-Mean 19.382
2026-04-26 04:34:10,533 | Best L1 Loss: 9.454
2026-04-26 04:34:10,747 | Epoch #68: Train loss [3.3051]; Val loss: MSE [147.3789], L1 [10.0043], G-Mean [6.9063]
2026-04-26 04:34:23,288 | Epoch: [69][  0/254]	Time  12.54 ( 12.54)	Data 12.3958 (12.3958)	Loss (L1) 3.059 (3.059)
2026-04-26 04:34:26,688 | Epoch: [69][ 10/254]	Time   0.30 (  1.45)	Data 0.0002 (1.1821)	Loss (L1) 3.453 (3.346)
2026-04-26 04:34:29,676 | Epoch: [69][ 20/254]	Time   0.31 (  0.90)	Data 0.0002 (0.6193)	Loss (L1) 3.019 (3.308)
2026-04-26 04:34:32,639 | Epoch: [69][ 30/254]	Time   0.29 (  0.71)	Data 0.0002 (0.4196)	Loss (L1) 3.231 (3.276)
2026-04-26 04:34:36,447 | Epoch: [69][ 40/254]	Time   0.31 (  0.63)	Data 0.0004 (0.3409)	Loss (L1) 3.108 (3.285)
2026-04-26 04:34:39,414 | Epoch: [69][ 50/254]	Time   0.31 (  0.56)	Data 0.0003 (0.2741)	Loss (L1) 3.205 (3.271)
2026-04-26 04:34:42,392 | Epoch: [69][ 60/254]	Time   0.30 (  0.52)	Data 0.0003 (0.2292)	Loss (L1) 3.600 (3.255)
2026-04-26 04:34:46,569 | Epoch: [69][ 70/254]	Time   0.30 (  0.50)	Data 0.0002 (0.2161)	Loss (L1) 3.212 (3.262)
2026-04-26 04:34:49,534 | Epoch: [69][ 80/254]	Time   0.30 (  0.48)	Data 0.0003 (0.1895)	Loss (L1) 3.664 (3.269)
2026-04-26 04:34:52,556 | Epoch: [69][ 90/254]	Time   0.29 (  0.46)	Data 0.0002 (0.1687)	Loss (L1) 3.008 (3.288)
2026-04-26 04:34:55,935 | Epoch: [69][100/254]	Time   0.30 (  0.45)	Data 0.0003 (0.1573)	Loss (L1) 3.157 (3.271)
2026-04-26 04:34:58,910 | Epoch: [69][110/254]	Time   0.30 (  0.43)	Data 0.0002 (0.1432)	Loss (L1) 3.238 (3.271)
2026-04-26 04:35:01,886 | Epoch: [69][120/254]	Time   0.28 (  0.42)	Data 0.0002 (0.1313)	Loss (L1) 3.248 (3.266)
2026-04-26 04:35:04,847 | Epoch: [69][130/254]	Time   0.29 (  0.41)	Data 0.0002 (0.1213)	Loss (L1) 3.121 (3.263)
2026-04-26 04:35:07,921 | Epoch: [69][140/254]	Time   0.30 (  0.41)	Data 0.0003 (0.1145)	Loss (L1) 3.319 (3.267)
2026-04-26 04:35:10,886 | Epoch: [69][150/254]	Time   0.30 (  0.40)	Data 0.0002 (0.1070)	Loss (L1) 3.426 (3.263)
2026-04-26 04:35:13,902 | Epoch: [69][160/254]	Time   0.30 (  0.39)	Data 0.0002 (0.1004)	Loss (L1) 3.073 (3.266)
2026-04-26 04:35:18,315 | Epoch: [69][170/254]	Time   0.31 (  0.40)	Data 0.0003 (0.1038)	Loss (L1) 3.635 (3.274)
2026-04-26 04:35:21,307 | Epoch: [69][180/254]	Time   0.29 (  0.39)	Data 0.0002 (0.0982)	Loss (L1) 3.911 (3.282)
2026-04-26 04:35:24,282 | Epoch: [69][190/254]	Time   0.30 (  0.38)	Data 0.0001 (0.0932)	Loss (L1) 3.366 (3.289)
2026-04-26 04:35:27,285 | Epoch: [69][200/254]	Time   0.30 (  0.38)	Data 0.0001 (0.0885)	Loss (L1) 3.900 (3.294)
2026-04-26 04:35:30,257 | Epoch: [69][210/254]	Time   0.30 (  0.38)	Data 0.0001 (0.0844)	Loss (L1) 2.689 (3.289)
2026-04-26 04:35:33,223 | Epoch: [69][220/254]	Time   0.30 (  0.37)	Data 0.0001 (0.0805)	Loss (L1) 3.734 (3.292)
2026-04-26 04:35:36,176 | Epoch: [69][230/254]	Time   0.30 (  0.37)	Data 0.0001 (0.0771)	Loss (L1) 3.553 (3.295)
2026-04-26 04:35:39,125 | Epoch: [69][240/254]	Time   0.30 (  0.37)	Data 0.0001 (0.0739)	Loss (L1) 3.558 (3.292)
2026-04-26 04:35:42,080 | Epoch: [69][250/254]	Time   0.30 (  0.36)	Data 0.0001 (0.0709)	Loss (L1) 3.009 (3.293)
2026-04-26 04:35:43,194 | Create Epoch [69] features of all training data...
2026-04-26 04:37:04,018 | Updated smoothed statistics on Epoch [69]!
2026-04-26 04:37:04,046 | Updated running statistics with Epoch [69] features!
2026-04-26 04:37:11,401 | Val: [ 0/25]	Time  7.353 ( 7.353)	Loss (MSE) 250.752 (250.752)	Loss (L1) 14.638 (14.638)
2026-04-26 04:37:16,350 | Val: [10/25]	Time  0.083 ( 1.118)	Loss (MSE) 57.520 (106.295)	Loss (L1) 6.219 (8.479)
2026-04-26 04:37:17,178 | Val: [20/25]	Time  0.083 ( 0.625)	Loss (MSE) 232.465 (109.344)	Loss (L1) 13.761 (8.554)
2026-04-26 04:37:17,753 |  * Overall: MSE 145.864	L1 9.914	G-Mean 6.789
2026-04-26 04:37:17,753 |  * Many: MSE 92.759	L1 7.758	G-Mean 5.185
2026-04-26 04:37:17,753 |  * Median: MSE 217.279	L1 13.260	G-Mean 11.024
2026-04-26 04:37:17,753 |  * Low: MSE 441.473	L1 20.289	G-Mean 19.551
2026-04-26 04:37:17,754 | Best L1 Loss: 9.454
2026-04-26 04:37:18,089 | Epoch #69: Train loss [3.2922]; Val loss: MSE [145.8636], L1 [9.9137], G-Mean [6.7894]
2026-04-26 04:37:32,708 | Epoch: [70][  0/254]	Time  14.62 ( 14.62)	Data 14.4099 (14.4099)	Loss (L1) 3.010 (3.010)
2026-04-26 04:37:35,899 | Epoch: [70][ 10/254]	Time   0.38 (  1.62)	Data 0.0002 (1.3135)	Loss (L1) 3.110 (3.212)
2026-04-26 04:37:39,044 | Epoch: [70][ 20/254]	Time   0.30 (  1.00)	Data 0.0218 (0.6906)	Loss (L1) 3.016 (3.236)
2026-04-26 04:37:42,120 | Epoch: [70][ 30/254]	Time   0.28 (  0.78)	Data 0.0002 (0.4694)	Loss (L1) 3.071 (3.271)
2026-04-26 04:37:45,315 | Epoch: [70][ 40/254]	Time   0.31 (  0.66)	Data 0.0003 (0.3552)	Loss (L1) 3.168 (3.245)
2026-04-26 04:37:48,567 | Epoch: [70][ 50/254]	Time   0.31 (  0.60)	Data 0.0003 (0.2857)	Loss (L1) 2.905 (3.252)
2026-04-26 04:37:51,681 | Epoch: [70][ 60/254]	Time   0.30 (  0.55)	Data 0.0004 (0.2391)	Loss (L1) 3.138 (3.237)
2026-04-26 04:37:54,809 | Epoch: [70][ 70/254]	Time   0.33 (  0.52)	Data 0.0002 (0.2055)	Loss (L1) 3.127 (3.230)
2026-04-26 04:37:57,936 | Epoch: [70][ 80/254]	Time   0.33 (  0.49)	Data 0.0002 (0.1804)	Loss (L1) 3.296 (3.208)
2026-04-26 04:38:01,120 | Epoch: [70][ 90/254]	Time   0.32 (  0.47)	Data 0.0003 (0.1606)	Loss (L1) 3.773 (3.209)
2026-04-26 04:38:04,305 | Epoch: [70][100/254]	Time   0.31 (  0.46)	Data 0.0002 (0.1448)	Loss (L1) 3.199 (3.245)
2026-04-26 04:38:07,554 | Epoch: [70][110/254]	Time   0.34 (  0.45)	Data 0.0002 (0.1317)	Loss (L1) 3.309 (3.249)
2026-04-26 04:38:10,625 | Epoch: [70][120/254]	Time   0.31 (  0.43)	Data 0.0003 (0.1209)	Loss (L1) 3.490 (3.247)
2026-04-26 04:38:13,747 | Epoch: [70][130/254]	Time   0.32 (  0.42)	Data 0.0002 (0.1117)	Loss (L1) 3.378 (3.248)
2026-04-26 04:38:16,791 | Epoch: [70][140/254]	Time   0.32 (  0.42)	Data 0.0002 (0.1038)	Loss (L1) 3.295 (3.253)
2026-04-26 04:38:19,984 | Epoch: [70][150/254]	Time   0.29 (  0.41)	Data 0.0002 (0.0969)	Loss (L1) 3.128 (3.252)
2026-04-26 04:38:23,056 | Epoch: [70][160/254]	Time   0.31 (  0.40)	Data 0.0003 (0.0910)	Loss (L1) 3.329 (3.252)
2026-04-26 04:38:26,235 | Epoch: [70][170/254]	Time   0.32 (  0.40)	Data 0.0003 (0.0857)	Loss (L1) 3.701 (3.256)
2026-04-26 04:38:29,472 | Epoch: [70][180/254]	Time   0.37 (  0.39)	Data 0.0002 (0.0810)	Loss (L1) 3.266 (3.267)
2026-04-26 04:38:32,590 | Epoch: [70][190/254]	Time   0.32 (  0.39)	Data 0.0001 (0.0769)	Loss (L1) 3.302 (3.266)
2026-04-26 04:38:35,667 | Epoch: [70][200/254]	Time   0.29 (  0.39)	Data 0.0001 (0.0731)	Loss (L1) 3.309 (3.272)
2026-04-26 04:38:38,593 | Epoch: [70][210/254]	Time   0.29 (  0.38)	Data 0.0001 (0.0696)	Loss (L1) 3.848 (3.278)
2026-04-26 04:38:41,510 | Epoch: [70][220/254]	Time   0.29 (  0.38)	Data 0.0001 (0.0665)	Loss (L1) 3.393 (3.281)
2026-04-26 04:38:44,431 | Epoch: [70][230/254]	Time   0.29 (  0.37)	Data 0.0001 (0.0636)	Loss (L1) 3.076 (3.273)
2026-04-26 04:38:47,348 | Epoch: [70][240/254]	Time   0.29 (  0.37)	Data 0.0001 (0.0610)	Loss (L1) 3.294 (3.274)
2026-04-26 04:38:50,286 | Epoch: [70][250/254]	Time   0.30 (  0.37)	Data 0.0001 (0.0586)	Loss (L1) 3.440 (3.272)
2026-04-26 04:38:51,400 | Create Epoch [70] features of all training data...
2026-04-26 04:40:11,992 | Updated smoothed statistics on Epoch [70]!
2026-04-26 04:40:12,021 | Updated running statistics with Epoch [70] features!
2026-04-26 04:40:21,517 | Val: [ 0/25]	Time  9.495 ( 9.495)	Loss (MSE) 244.465 (244.465)	Loss (L1) 14.448 (14.448)
2026-04-26 04:40:23,627 | Val: [10/25]	Time  0.083 ( 1.055)	Loss (MSE) 59.833 (103.556)	Loss (L1) 6.254 (8.327)
2026-04-26 04:40:24,457 | Val: [20/25]	Time  0.083 ( 0.592)	Loss (MSE) 248.097 (111.635)	Loss (L1) 14.293 (8.644)
2026-04-26 04:40:25,025 |  * Overall: MSE 151.543	L1 10.093	G-Mean 6.827
2026-04-26 04:40:25,026 |  * Many: MSE 96.214	L1 7.908	G-Mean 5.231
2026-04-26 04:40:25,026 |  * Median: MSE 222.354	L1 13.362	G-Mean 10.878
2026-04-26 04:40:25,026 |  * Low: MSE 472.582	L1 21.064	G-Mean 20.356
2026-04-26 04:40:25,027 | Best L1 Loss: 9.454
2026-04-26 04:40:25,257 | Epoch #70: Train loss [3.2734]; Val loss: MSE [151.5432], L1 [10.0932], G-Mean [6.8273]
2026-04-26 04:40:39,504 | Epoch: [71][  0/254]	Time  14.25 ( 14.25)	Data 14.1026 (14.1026)	Loss (L1) 2.956 (2.956)
2026-04-26 04:40:42,551 | Epoch: [71][ 10/254]	Time   0.29 (  1.57)	Data 0.0002 (1.3048)	Loss (L1) 3.663 (3.351)
2026-04-26 04:40:45,511 | Epoch: [71][ 20/254]	Time   0.29 (  0.96)	Data 0.0002 (0.6836)	Loss (L1) 2.996 (3.262)
2026-04-26 04:40:48,559 | Epoch: [71][ 30/254]	Time   0.31 (  0.75)	Data 0.0003 (0.4632)	Loss (L1) 3.301 (3.246)
2026-04-26 04:40:52,302 | Epoch: [71][ 40/254]	Time   0.29 (  0.66)	Data 0.0006 (0.3768)	Loss (L1) 3.620 (3.283)
2026-04-26 04:40:55,282 | Epoch: [71][ 50/254]	Time   0.29 (  0.59)	Data 0.0003 (0.3030)	Loss (L1) 3.111 (3.266)
2026-04-26 04:40:58,273 | Epoch: [71][ 60/254]	Time   0.32 (  0.54)	Data 0.0002 (0.2534)	Loss (L1) 3.814 (3.256)
2026-04-26 04:41:01,379 | Epoch: [71][ 70/254]	Time   0.30 (  0.51)	Data 0.0002 (0.2217)	Loss (L1) 3.125 (3.254)
2026-04-26 04:41:04,338 | Epoch: [71][ 80/254]	Time   0.29 (  0.48)	Data 0.0002 (0.1944)	Loss (L1) 3.016 (3.254)
2026-04-26 04:41:07,339 | Epoch: [71][ 90/254]	Time   0.30 (  0.46)	Data 0.0003 (0.1731)	Loss (L1) 2.917 (3.241)
2026-04-26 04:41:10,832 | Epoch: [71][100/254]	Time   0.29 (  0.45)	Data 0.0003 (0.1627)	Loss (L1) 3.277 (3.236)
2026-04-26 04:41:13,792 | Epoch: [71][110/254]	Time   0.29 (  0.44)	Data 0.0003 (0.1481)	Loss (L1) 3.192 (3.236)
2026-04-26 04:41:16,756 | Epoch: [71][120/254]	Time   0.29 (  0.43)	Data 0.0002 (0.1358)	Loss (L1) 3.407 (3.240)
2026-04-26 04:41:20,062 | Epoch: [71][130/254]	Time   0.30 (  0.42)	Data 0.0003 (0.1293)	Loss (L1) 4.119 (3.239)
2026-04-26 04:41:23,025 | Epoch: [71][140/254]	Time   0.29 (  0.41)	Data 0.0002 (0.1202)	Loss (L1) 3.118 (3.242)
2026-04-26 04:41:26,002 | Epoch: [71][150/254]	Time   0.29 (  0.40)	Data 0.0002 (0.1122)	Loss (L1) 3.393 (3.249)
2026-04-26 04:41:29,687 | Epoch: [71][160/254]	Time   1.00 (  0.40)	Data 0.8538 (0.1106)	Loss (L1) 3.656 (3.251)
2026-04-26 04:41:32,644 | Epoch: [71][170/254]	Time   0.29 (  0.39)	Data 0.0002 (0.1041)	Loss (L1) 3.011 (3.254)
2026-04-26 04:41:35,601 | Epoch: [71][180/254]	Time   0.30 (  0.39)	Data 0.0003 (0.0984)	Loss (L1) 3.484 (3.252)
2026-04-26 04:41:38,584 | Epoch: [71][190/254]	Time   0.30 (  0.38)	Data 0.0001 (0.0935)	Loss (L1) 2.982 (3.251)
2026-04-26 04:41:41,888 | Epoch: [71][200/254]	Time   0.30 (  0.38)	Data 0.0001 (0.0912)	Loss (L1) 3.302 (3.253)
2026-04-26 04:41:44,847 | Epoch: [71][210/254]	Time   0.30 (  0.38)	Data 0.0001 (0.0869)	Loss (L1) 3.187 (3.252)
2026-04-26 04:41:47,796 | Epoch: [71][220/254]	Time   0.30 (  0.37)	Data 0.0001 (0.0830)	Loss (L1) 3.722 (3.259)
2026-04-26 04:41:50,735 | Epoch: [71][230/254]	Time   0.29 (  0.37)	Data 0.0001 (0.0794)	Loss (L1) 3.067 (3.258)
2026-04-26 04:41:53,686 | Epoch: [71][240/254]	Time   0.30 (  0.37)	Data 0.0001 (0.0761)	Loss (L1) 3.022 (3.253)
2026-04-26 04:41:56,640 | Epoch: [71][250/254]	Time   0.30 (  0.36)	Data 0.0001 (0.0731)	Loss (L1) 3.493 (3.257)
2026-04-26 04:41:57,765 | Create Epoch [71] features of all training data...
2026-04-26 04:43:17,986 | Updated smoothed statistics on Epoch [71]!
2026-04-26 04:43:18,015 | Updated running statistics with Epoch [71] features!
2026-04-26 04:43:27,912 | Val: [ 0/25]	Time  9.896 ( 9.896)	Loss (MSE) 255.623 (255.623)	Loss (L1) 14.775 (14.775)
2026-04-26 04:43:29,573 | Val: [10/25]	Time  0.083 ( 1.051)	Loss (MSE) 58.617 (107.804)	Loss (L1) 6.249 (8.523)
2026-04-26 04:43:30,404 | Val: [20/25]	Time  0.083 ( 0.590)	Loss (MSE) 228.123 (109.827)	Loss (L1) 13.452 (8.554)
2026-04-26 04:43:30,981 |  * Overall: MSE 144.502	L1 9.856	G-Mean 6.727
2026-04-26 04:43:30,982 |  * Many: MSE 92.814	L1 7.742	G-Mean 5.142
2026-04-26 04:43:30,982 |  * Median: MSE 215.518	L1 13.174	G-Mean 10.935
2026-04-26 04:43:30,982 |  * Low: MSE 426.761	L1 19.896	G-Mean 19.112
2026-04-26 04:43:30,983 | Best L1 Loss: 9.454
2026-04-26 04:43:31,218 | Epoch #71: Train loss [3.2575]; Val loss: MSE [144.5019], L1 [9.8555], G-Mean [6.7274]
2026-04-26 04:43:44,670 | Epoch: [72][  0/254]	Time  13.45 ( 13.45)	Data 13.2995 (13.2995)	Loss (L1) 3.565 (3.565)
2026-04-26 04:43:47,620 | Epoch: [72][ 10/254]	Time   0.29 (  1.49)	Data 0.0003 (1.2094)	Loss (L1) 3.271 (3.215)
2026-04-26 04:43:50,583 | Epoch: [72][ 20/254]	Time   0.30 (  0.92)	Data 0.0003 (0.6336)	Loss (L1) 3.340 (3.269)
2026-04-26 04:43:53,554 | Epoch: [72][ 30/254]	Time   0.30 (  0.72)	Data 0.0003 (0.4297)	Loss (L1) 3.148 (3.245)
2026-04-26 04:43:56,816 | Epoch: [72][ 40/254]	Time   0.29 (  0.62)	Data 0.0002 (0.3349)	Loss (L1) 3.396 (3.246)
2026-04-26 04:43:59,779 | Epoch: [72][ 50/254]	Time   0.30 (  0.56)	Data 0.0002 (0.2693)	Loss (L1) 3.159 (3.246)
2026-04-26 04:44:02,773 | Epoch: [72][ 60/254]	Time   0.30 (  0.52)	Data 0.0003 (0.2252)	Loss (L1) 3.413 (3.248)
2026-04-26 04:44:06,437 | Epoch: [72][ 70/254]	Time   0.29 (  0.50)	Data 0.0002 (0.2086)	Loss (L1) 3.182 (3.235)
2026-04-26 04:44:09,413 | Epoch: [72][ 80/254]	Time   0.31 (  0.47)	Data 0.0004 (0.1828)	Loss (L1) 3.060 (3.219)
2026-04-26 04:44:12,380 | Epoch: [72][ 90/254]	Time   0.30 (  0.45)	Data 0.0002 (0.1628)	Loss (L1) 3.305 (3.215)
2026-04-26 04:44:16,046 | Epoch: [72][100/254]	Time   0.30 (  0.44)	Data 0.0003 (0.1551)	Loss (L1) 3.413 (3.208)
2026-04-26 04:44:19,009 | Epoch: [72][110/254]	Time   0.30 (  0.43)	Data 0.0002 (0.1412)	Loss (L1) 2.926 (3.209)
2026-04-26 04:44:22,006 | Epoch: [72][120/254]	Time   0.30 (  0.42)	Data 0.0002 (0.1295)	Loss (L1) 3.048 (3.205)
2026-04-26 04:44:24,995 | Epoch: [72][130/254]	Time   0.30 (  0.41)	Data 0.0003 (0.1197)	Loss (L1) 2.995 (3.205)
2026-04-26 04:44:28,754 | Epoch: [72][140/254]	Time   0.30 (  0.41)	Data 0.0002 (0.1178)	Loss (L1) 3.489 (3.220)
2026-04-26 04:44:31,708 | Epoch: [72][150/254]	Time   0.30 (  0.40)	Data 0.0002 (0.1100)	Loss (L1) 3.332 (3.216)
2026-04-26 04:44:34,710 | Epoch: [72][160/254]	Time   0.29 (  0.39)	Data 0.0003 (0.1032)	Loss (L1) 3.488 (3.223)
2026-04-26 04:44:37,707 | Epoch: [72][170/254]	Time   0.30 (  0.39)	Data 0.0002 (0.0972)	Loss (L1) 3.518 (3.221)
2026-04-26 04:44:40,673 | Epoch: [72][180/254]	Time   0.30 (  0.38)	Data 0.0003 (0.0918)	Loss (L1) 3.032 (3.219)
2026-04-26 04:44:43,643 | Epoch: [72][190/254]	Time   0.30 (  0.38)	Data 0.0001 (0.0872)	Loss (L1) 3.117 (3.222)
2026-04-26 04:44:47,050 | Epoch: [72][200/254]	Time   0.30 (  0.38)	Data 0.0001 (0.0858)	Loss (L1) 3.176 (3.222)
2026-04-26 04:44:50,020 | Epoch: [72][210/254]	Time   0.30 (  0.37)	Data 0.0001 (0.0817)	Loss (L1) 2.965 (3.226)
2026-04-26 04:44:52,969 | Epoch: [72][220/254]	Time   0.29 (  0.37)	Data 0.0001 (0.0781)	Loss (L1) 3.143 (3.223)
2026-04-26 04:44:55,930 | Epoch: [72][230/254]	Time   0.30 (  0.37)	Data 0.0001 (0.0747)	Loss (L1) 3.627 (3.230)
2026-04-26 04:44:58,892 | Epoch: [72][240/254]	Time   0.29 (  0.36)	Data 0.0001 (0.0716)	Loss (L1) 3.026 (3.229)
2026-04-26 04:45:01,844 | Epoch: [72][250/254]	Time   0.29 (  0.36)	Data 0.0001 (0.0687)	Loss (L1) 3.053 (3.241)
2026-04-26 04:45:02,958 | Create Epoch [72] features of all training data...
2026-04-26 04:46:21,111 | Updated smoothed statistics on Epoch [72]!
2026-04-26 04:46:21,139 | Updated running statistics with Epoch [72] features!
2026-04-26 04:46:30,632 | Val: [ 0/25]	Time  9.491 ( 9.491)	Loss (MSE) 259.671 (259.671)	Loss (L1) 14.727 (14.727)
2026-04-26 04:46:32,337 | Val: [10/25]	Time  0.083 ( 1.018)	Loss (MSE) 59.671 (109.320)	Loss (L1) 6.277 (8.574)
2026-04-26 04:46:33,167 | Val: [20/25]	Time  0.083 ( 0.573)	Loss (MSE) 233.849 (111.621)	Loss (L1) 13.723 (8.630)
2026-04-26 04:46:33,731 |  * Overall: MSE 147.385	L1 9.960	G-Mean 6.796
2026-04-26 04:46:33,731 |  * Many: MSE 93.995	L1 7.803	G-Mean 5.180
2026-04-26 04:46:33,732 |  * Median: MSE 220.656	L1 13.355	G-Mean 11.130
2026-04-26 04:46:33,732 |  * Low: MSE 439.253	L1 20.173	G-Mean 19.354
2026-04-26 04:46:33,733 | Best L1 Loss: 9.454
2026-04-26 04:46:33,944 | Epoch #72: Train loss [3.2419]; Val loss: MSE [147.3854], L1 [9.9595], G-Mean [6.7957]
2026-04-26 04:46:47,625 | Epoch: [73][  0/254]	Time  13.68 ( 13.68)	Data 13.5243 (13.5243)	Loss (L1) 3.349 (3.349)
2026-04-26 04:46:50,598 | Epoch: [73][ 10/254]	Time   0.30 (  1.51)	Data 0.0003 (1.2298)	Loss (L1) 2.909 (3.254)
2026-04-26 04:46:53,556 | Epoch: [73][ 20/254]	Time   0.30 (  0.93)	Data 0.0004 (0.6443)	Loss (L1) 3.318 (3.208)
2026-04-26 04:46:56,646 | Epoch: [73][ 30/254]	Time   0.33 (  0.73)	Data 0.0011 (0.4366)	Loss (L1) 3.382 (3.233)
2026-04-26 04:46:59,635 | Epoch: [73][ 40/254]	Time   0.32 (  0.63)	Data 0.0002 (0.3302)	Loss (L1) 2.868 (3.222)
2026-04-26 04:47:02,649 | Epoch: [73][ 50/254]	Time   0.29 (  0.56)	Data 0.0003 (0.2655)	Loss (L1) 3.163 (3.247)
2026-04-26 04:47:05,614 | Epoch: [73][ 60/254]	Time   0.30 (  0.52)	Data 0.0003 (0.2221)	Loss (L1) 3.076 (3.224)
2026-04-26 04:47:09,086 | Epoch: [73][ 70/254]	Time   0.30 (  0.49)	Data 0.0003 (0.2001)	Loss (L1) 3.216 (3.227)
2026-04-26 04:47:12,059 | Epoch: [73][ 80/254]	Time   0.29 (  0.47)	Data 0.0003 (0.1755)	Loss (L1) 2.903 (3.233)
2026-04-26 04:47:15,031 | Epoch: [73][ 90/254]	Time   0.30 (  0.45)	Data 0.0003 (0.1562)	Loss (L1) 3.016 (3.220)
2026-04-26 04:47:19,095 | Epoch: [73][100/254]	Time   0.30 (  0.45)	Data 0.0002 (0.1531)	Loss (L1) 3.383 (3.230)
2026-04-26 04:47:22,060 | Epoch: [73][110/254]	Time   0.29 (  0.43)	Data 0.0004 (0.1393)	Loss (L1) 2.865 (3.231)
2026-04-26 04:47:25,059 | Epoch: [73][120/254]	Time   0.30 (  0.42)	Data 0.0003 (0.1278)	Loss (L1) 3.249 (3.242)
2026-04-26 04:47:28,029 | Epoch: [73][130/254]	Time   0.30 (  0.41)	Data 0.0002 (0.1181)	Loss (L1) 2.921 (3.239)
2026-04-26 04:47:30,999 | Epoch: [73][140/254]	Time   0.30 (  0.40)	Data 0.0003 (0.1098)	Loss (L1) 2.698 (3.236)
2026-04-26 04:47:34,013 | Epoch: [73][150/254]	Time   0.30 (  0.40)	Data 0.0002 (0.1026)	Loss (L1) 3.271 (3.247)
2026-04-26 04:47:36,998 | Epoch: [73][160/254]	Time   0.30 (  0.39)	Data 0.0003 (0.0962)	Loss (L1) 3.438 (3.245)
2026-04-26 04:47:39,985 | Epoch: [73][170/254]	Time   0.29 (  0.39)	Data 0.0002 (0.0906)	Loss (L1) 3.352 (3.251)
2026-04-26 04:47:42,975 | Epoch: [73][180/254]	Time   0.30 (  0.38)	Data 0.0002 (0.0856)	Loss (L1) 3.148 (3.253)
2026-04-26 04:47:45,978 | Epoch: [73][190/254]	Time   0.32 (  0.38)	Data 0.0001 (0.0813)	Loss (L1) 3.377 (3.250)
2026-04-26 04:47:49,096 | Epoch: [73][200/254]	Time   0.30 (  0.37)	Data 0.0001 (0.0788)	Loss (L1) 3.798 (3.250)
2026-04-26 04:47:52,077 | Epoch: [73][210/254]	Time   0.30 (  0.37)	Data 0.0001 (0.0751)	Loss (L1) 3.771 (3.247)
2026-04-26 04:47:55,024 | Epoch: [73][220/254]	Time   0.29 (  0.37)	Data 0.0001 (0.0717)	Loss (L1) 2.965 (3.249)
2026-04-26 04:47:57,978 | Epoch: [73][230/254]	Time   0.30 (  0.36)	Data 0.0001 (0.0686)	Loss (L1) 3.040 (3.247)
2026-04-26 04:48:00,937 | Epoch: [73][240/254]	Time   0.29 (  0.36)	Data 0.0001 (0.0657)	Loss (L1) 3.113 (3.252)
2026-04-26 04:48:03,893 | Epoch: [73][250/254]	Time   0.30 (  0.36)	Data 0.0001 (0.0631)	Loss (L1) 3.308 (3.251)
2026-04-26 04:48:05,014 | Create Epoch [73] features of all training data...
2026-04-26 04:49:24,254 | Updated smoothed statistics on Epoch [73]!
2026-04-26 04:49:24,283 | Updated running statistics with Epoch [73] features!
2026-04-26 04:49:34,500 | Val: [ 0/25]	Time 10.216 (10.216)	Loss (MSE) 259.908 (259.908)	Loss (L1) 14.768 (14.768)
2026-04-26 04:49:35,899 | Val: [10/25]	Time  0.083 ( 1.056)	Loss (MSE) 57.712 (109.068)	Loss (L1) 6.154 (8.550)
2026-04-26 04:49:36,730 | Val: [20/25]	Time  0.083 ( 0.593)	Loss (MSE) 221.710 (108.656)	Loss (L1) 13.393 (8.510)
2026-04-26 04:49:37,316 |  * Overall: MSE 143.127	L1 9.819	G-Mean 6.728
2026-04-26 04:49:37,316 |  * Many: MSE 90.610	L1 7.671	G-Mean 5.136
2026-04-26 04:49:37,316 |  * Median: MSE 214.864	L1 13.188	G-Mean 10.952
2026-04-26 04:49:37,316 |  * Low: MSE 431.432	L1 20.028	G-Mean 19.252
2026-04-26 04:49:37,317 | Best L1 Loss: 9.454
2026-04-26 04:49:37,530 | Epoch #73: Train loss [3.2494]; Val loss: MSE [143.1273], L1 [9.8187], G-Mean [6.7278]
2026-04-26 04:49:51,056 | Epoch: [74][  0/254]	Time  13.52 ( 13.52)	Data 13.3768 (13.3768)	Loss (L1) 2.786 (2.786)
2026-04-26 04:49:54,022 | Epoch: [74][ 10/254]	Time   0.30 (  1.50)	Data 0.0002 (1.2165)	Loss (L1) 3.983 (3.305)
2026-04-26 04:49:56,979 | Epoch: [74][ 20/254]	Time   0.30 (  0.93)	Data 0.0004 (0.6375)	Loss (L1) 2.971 (3.236)
2026-04-26 04:49:59,937 | Epoch: [74][ 30/254]	Time   0.30 (  0.72)	Data 0.0003 (0.4323)	Loss (L1) 3.331 (3.204)
2026-04-26 04:50:03,672 | Epoch: [74][ 40/254]	Time   0.30 (  0.64)	Data 0.0002 (0.3490)	Loss (L1) 3.843 (3.252)
2026-04-26 04:50:06,645 | Epoch: [74][ 50/254]	Time   0.30 (  0.57)	Data 0.0003 (0.2806)	Loss (L1) 3.180 (3.264)
2026-04-26 04:50:09,629 | Epoch: [74][ 60/254]	Time   0.30 (  0.53)	Data 0.0003 (0.2347)	Loss (L1) 2.911 (3.238)
2026-04-26 04:50:12,906 | Epoch: [74][ 70/254]	Time   0.34 (  0.50)	Data 0.0002 (0.2073)	Loss (L1) 3.902 (3.245)
2026-04-26 04:50:15,885 | Epoch: [74][ 80/254]	Time   0.30 (  0.47)	Data 0.0005 (0.1818)	Loss (L1) 3.242 (3.250)
2026-04-26 04:50:18,859 | Epoch: [74][ 90/254]	Time   0.31 (  0.45)	Data 0.0003 (0.1618)	Loss (L1) 3.348 (3.262)
2026-04-26 04:50:22,784 | Epoch: [74][100/254]	Time   0.30 (  0.45)	Data 0.0003 (0.1566)	Loss (L1) 3.817 (3.287)
2026-04-26 04:50:25,761 | Epoch: [74][110/254]	Time   0.30 (  0.43)	Data 0.0002 (0.1425)	Loss (L1) 3.135 (3.275)
2026-04-26 04:50:28,774 | Epoch: [74][120/254]	Time   0.29 (  0.42)	Data 0.0003 (0.1307)	Loss (L1) 3.418 (3.274)
2026-04-26 04:50:31,891 | Epoch: [74][130/254]	Time   0.30 (  0.41)	Data 0.0003 (0.1231)	Loss (L1) 3.554 (3.270)
2026-04-26 04:50:34,877 | Epoch: [74][140/254]	Time   0.30 (  0.41)	Data 0.0003 (0.1144)	Loss (L1) 2.959 (3.264)
2026-04-26 04:50:37,840 | Epoch: [74][150/254]	Time   0.30 (  0.40)	Data 0.0003 (0.1069)	Loss (L1) 3.204 (3.264)
2026-04-26 04:50:41,207 | Epoch: [74][160/254]	Time   0.66 (  0.40)	Data 0.4693 (0.1032)	Loss (L1) 3.136 (3.261)
2026-04-26 04:50:44,201 | Epoch: [74][170/254]	Time   0.30 (  0.39)	Data 0.0002 (0.0971)	Loss (L1) 3.508 (3.261)
2026-04-26 04:50:47,194 | Epoch: [74][180/254]	Time   0.29 (  0.38)	Data 0.0006 (0.0918)	Loss (L1) 2.901 (3.260)
2026-04-26 04:50:50,169 | Epoch: [74][190/254]	Time   0.30 (  0.38)	Data 0.0001 (0.0872)	Loss (L1) 3.148 (3.254)
2026-04-26 04:50:53,624 | Epoch: [74][200/254]	Time   0.29 (  0.38)	Data 0.0001 (0.0861)	Loss (L1) 2.909 (3.241)
2026-04-26 04:50:56,607 | Epoch: [74][210/254]	Time   0.30 (  0.37)	Data 0.0001 (0.0820)	Loss (L1) 3.252 (3.246)
2026-04-26 04:50:59,554 | Epoch: [74][220/254]	Time   0.29 (  0.37)	Data 0.0001 (0.0783)	Loss (L1) 2.706 (3.236)
2026-04-26 04:51:02,512 | Epoch: [74][230/254]	Time   0.29 (  0.37)	Data 0.0001 (0.0749)	Loss (L1) 3.063 (3.236)
2026-04-26 04:51:05,474 | Epoch: [74][240/254]	Time   0.30 (  0.36)	Data 0.0001 (0.0718)	Loss (L1) 2.757 (3.235)
2026-04-26 04:51:08,430 | Epoch: [74][250/254]	Time   0.30 (  0.36)	Data 0.0001 (0.0690)	Loss (L1) 3.115 (3.237)
2026-04-26 04:51:09,544 | Create Epoch [74] features of all training data...
2026-04-26 04:52:27,119 | Updated smoothed statistics on Epoch [74]!
2026-04-26 04:52:27,148 | Updated running statistics with Epoch [74] features!
2026-04-26 04:52:35,954 | Val: [ 0/25]	Time  8.805 ( 8.805)	Loss (MSE) 255.415 (255.415)	Loss (L1) 14.681 (14.681)
2026-04-26 04:52:39,227 | Val: [10/25]	Time  0.083 ( 1.098)	Loss (MSE) 56.847 (108.778)	Loss (L1) 6.123 (8.551)
2026-04-26 04:52:40,055 | Val: [20/25]	Time  0.083 ( 0.615)	Loss (MSE) 240.736 (111.970)	Loss (L1) 14.012 (8.636)
2026-04-26 04:52:40,617 |  * Overall: MSE 150.947	L1 10.051	G-Mean 6.787
2026-04-26 04:52:40,618 |  * Many: MSE 94.137	L1 7.800	G-Mean 5.134
2026-04-26 04:52:40,618 |  * Median: MSE 227.381	L1 13.561	G-Mean 11.254
2026-04-26 04:52:40,618 |  * Low: MSE 467.058	L1 20.836	G-Mean 20.011
2026-04-26 04:52:40,619 | Best L1 Loss: 9.454
2026-04-26 04:52:40,830 | Epoch #74: Train loss [3.2404]; Val loss: MSE [150.9470], L1 [10.0514], G-Mean [6.7869]
2026-04-26 04:52:53,340 | Epoch: [75][  0/254]	Time  12.51 ( 12.51)	Data 12.2162 (12.2162)	Loss (L1) 3.189 (3.189)
2026-04-26 04:52:57,178 | Epoch: [75][ 10/254]	Time   0.29 (  1.49)	Data 0.0004 (1.2013)	Loss (L1) 2.751 (3.216)
2026-04-26 04:53:00,162 | Epoch: [75][ 20/254]	Time   0.29 (  0.92)	Data 0.0013 (0.6294)	Loss (L1) 3.449 (3.171)
2026-04-26 04:53:03,266 | Epoch: [75][ 30/254]	Time   0.36 (  0.72)	Data 0.0003 (0.4265)	Loss (L1) 3.234 (3.177)
2026-04-26 04:53:06,667 | Epoch: [75][ 40/254]	Time   0.30 (  0.63)	Data 0.0003 (0.3327)	Loss (L1) 2.977 (3.161)
2026-04-26 04:53:09,736 | Epoch: [75][ 50/254]	Time   0.31 (  0.57)	Data 0.0002 (0.2676)	Loss (L1) 2.916 (3.190)
2026-04-26 04:53:12,719 | Epoch: [75][ 60/254]	Time   0.30 (  0.52)	Data 0.0002 (0.2238)	Loss (L1) 3.025 (3.195)
2026-04-26 04:53:16,276 | Epoch: [75][ 70/254]	Time   0.30 (  0.50)	Data 0.0003 (0.2008)	Loss (L1) 3.041 (3.177)
2026-04-26 04:53:19,253 | Epoch: [75][ 80/254]	Time   0.30 (  0.47)	Data 0.0003 (0.1760)	Loss (L1) 3.148 (3.187)
2026-04-26 04:53:22,241 | Epoch: [75][ 90/254]	Time   0.31 (  0.46)	Data 0.0003 (0.1567)	Loss (L1) 3.446 (3.192)
2026-04-26 04:53:25,198 | Epoch: [75][100/254]	Time   0.30 (  0.44)	Data 0.0004 (0.1425)	Loss (L1) 3.261 (3.191)
2026-04-26 04:53:28,169 | Epoch: [75][110/254]	Time   0.30 (  0.43)	Data 0.0003 (0.1297)	Loss (L1) 3.623 (3.196)
2026-04-26 04:53:31,138 | Epoch: [75][120/254]	Time   0.30 (  0.42)	Data 0.0003 (0.1190)	Loss (L1) 3.095 (3.192)
2026-04-26 04:53:34,886 | Epoch: [75][130/254]	Time   0.29 (  0.41)	Data 0.0004 (0.1180)	Loss (L1) 2.925 (3.188)
2026-04-26 04:53:37,870 | Epoch: [75][140/254]	Time   0.29 (  0.40)	Data 0.0003 (0.1097)	Loss (L1) 2.967 (3.193)
2026-04-26 04:53:40,860 | Epoch: [75][150/254]	Time   0.29 (  0.40)	Data 0.0003 (0.1025)	Loss (L1) 3.490 (3.209)
2026-04-26 04:53:43,842 | Epoch: [75][160/254]	Time   0.30 (  0.39)	Data 0.0004 (0.0961)	Loss (L1) 3.051 (3.206)
2026-04-26 04:53:47,297 | Epoch: [75][170/254]	Time   0.30 (  0.39)	Data 0.0003 (0.0942)	Loss (L1) 2.885 (3.204)
2026-04-26 04:53:50,265 | Epoch: [75][180/254]	Time   0.30 (  0.38)	Data 0.0003 (0.0890)	Loss (L1) 3.175 (3.204)
2026-04-26 04:53:53,262 | Epoch: [75][190/254]	Time   0.31 (  0.38)	Data 0.0001 (0.0844)	Loss (L1) 3.893 (3.208)
2026-04-26 04:53:56,272 | Epoch: [75][200/254]	Time   0.29 (  0.38)	Data 0.0001 (0.0810)	Loss (L1) 3.130 (3.208)
2026-04-26 04:53:59,248 | Epoch: [75][210/254]	Time   0.29 (  0.37)	Data 0.0001 (0.0772)	Loss (L1) 3.296 (3.208)
2026-04-26 04:54:02,202 | Epoch: [75][220/254]	Time   0.30 (  0.37)	Data 0.0001 (0.0737)	Loss (L1) 3.401 (3.216)
2026-04-26 04:54:05,154 | Epoch: [75][230/254]	Time   0.30 (  0.37)	Data 0.0001 (0.0705)	Loss (L1) 3.050 (3.213)
2026-04-26 04:54:08,114 | Epoch: [75][240/254]	Time   0.29 (  0.36)	Data 0.0001 (0.0676)	Loss (L1) 3.083 (3.218)
2026-04-26 04:54:11,073 | Epoch: [75][250/254]	Time   0.29 (  0.36)	Data 0.0001 (0.0649)	Loss (L1) 3.109 (3.219)
2026-04-26 04:54:12,187 | Create Epoch [75] features of all training data...
2026-04-26 04:55:31,279 | Updated smoothed statistics on Epoch [75]!
2026-04-26 04:55:31,309 | Updated running statistics with Epoch [75] features!
2026-04-26 04:55:40,878 | Val: [ 0/25]	Time  9.568 ( 9.568)	Loss (MSE) 277.891 (277.891)	Loss (L1) 15.405 (15.405)
2026-04-26 04:55:42,883 | Val: [10/25]	Time  0.083 ( 1.052)	Loss (MSE) 59.258 (117.289)	Loss (L1) 6.402 (8.929)
2026-04-26 04:55:43,713 | Val: [20/25]	Time  0.083 ( 0.591)	Loss (MSE) 232.643 (114.767)	Loss (L1) 13.578 (8.769)
2026-04-26 04:55:44,306 |  * Overall: MSE 149.058	L1 10.041	G-Mean 6.910
2026-04-26 04:55:44,307 |  * Many: MSE 94.796	L1 7.861	G-Mean 5.270
2026-04-26 04:55:44,307 |  * Median: MSE 228.196	L1 13.606	G-Mean 11.401
2026-04-26 04:55:44,307 |  * Low: MSE 428.755	L1 19.882	G-Mean 19.028
2026-04-26 04:55:44,308 | Best L1 Loss: 9.454
2026-04-26 04:55:44,538 | Epoch #75: Train loss [3.2165]; Val loss: MSE [149.0585], L1 [10.0413], G-Mean [6.9101]
2026-04-26 04:55:58,649 | Epoch: [76][  0/254]	Time  14.11 ( 14.11)	Data 13.9594 (13.9594)	Loss (L1) 3.349 (3.349)
2026-04-26 04:56:01,606 | Epoch: [76][ 10/254]	Time   0.30 (  1.55)	Data 0.0003 (1.2693)	Loss (L1) 3.909 (3.249)
2026-04-26 04:56:04,570 | Epoch: [76][ 20/254]	Time   0.29 (  0.95)	Data 0.0002 (0.6650)	Loss (L1) 3.297 (3.281)
2026-04-26 04:56:07,583 | Epoch: [76][ 30/254]	Time   0.29 (  0.74)	Data 0.0002 (0.4510)	Loss (L1) 3.193 (3.328)
2026-04-26 04:56:10,623 | Epoch: [76][ 40/254]	Time   0.29 (  0.64)	Data 0.0002 (0.3410)	Loss (L1) 3.094 (3.290)
2026-04-26 04:56:13,604 | Epoch: [76][ 50/254]	Time   0.29 (  0.57)	Data 0.0002 (0.2744)	Loss (L1) 3.028 (3.286)
2026-04-26 04:56:16,579 | Epoch: [76][ 60/254]	Time   0.29 (  0.53)	Data 0.0002 (0.2295)	Loss (L1) 3.234 (3.275)
2026-04-26 04:56:19,549 | Epoch: [76][ 70/254]	Time   0.29 (  0.49)	Data 0.0002 (0.1972)	Loss (L1) 2.903 (3.262)
2026-04-26 04:56:22,508 | Epoch: [76][ 80/254]	Time   0.29 (  0.47)	Data 0.0002 (0.1729)	Loss (L1) 3.108 (3.246)
2026-04-26 04:56:25,468 | Epoch: [76][ 90/254]	Time   0.30 (  0.45)	Data 0.0002 (0.1540)	Loss (L1) 2.789 (3.243)
2026-04-26 04:56:28,859 | Epoch: [76][100/254]	Time   0.30 (  0.44)	Data 0.0002 (0.1443)	Loss (L1) 3.244 (3.237)
2026-04-26 04:56:31,837 | Epoch: [76][110/254]	Time   0.30 (  0.43)	Data 0.0002 (0.1313)	Loss (L1) 2.904 (3.232)
2026-04-26 04:56:34,797 | Epoch: [76][120/254]	Time   0.30 (  0.42)	Data 0.0002 (0.1205)	Loss (L1) 3.377 (3.234)
2026-04-26 04:56:37,825 | Epoch: [76][130/254]	Time   0.30 (  0.41)	Data 0.0002 (0.1130)	Loss (L1) 2.985 (3.229)
2026-04-26 04:56:40,792 | Epoch: [76][140/254]	Time   0.30 (  0.40)	Data 0.0002 (0.1050)	Loss (L1) 3.105 (3.220)
2026-04-26 04:56:43,747 | Epoch: [76][150/254]	Time   0.30 (  0.39)	Data 0.0003 (0.0981)	Loss (L1) 3.141 (3.214)
2026-04-26 04:56:47,721 | Epoch: [76][160/254]	Time   1.29 (  0.39)	Data 1.1547 (0.0992)	Loss (L1) 3.024 (3.211)
2026-04-26 04:56:50,683 | Epoch: [76][170/254]	Time   0.29 (  0.39)	Data 0.0002 (0.0934)	Loss (L1) 3.528 (3.212)
2026-04-26 04:56:53,672 | Epoch: [76][180/254]	Time   0.30 (  0.38)	Data 0.0002 (0.0883)	Loss (L1) 3.372 (3.214)
2026-04-26 04:56:56,645 | Epoch: [76][190/254]	Time   0.30 (  0.38)	Data 0.0001 (0.0838)	Loss (L1) 3.016 (3.214)
2026-04-26 04:56:59,620 | Epoch: [76][200/254]	Time   0.29 (  0.37)	Data 0.0001 (0.0797)	Loss (L1) 3.069 (3.216)
2026-04-26 04:57:02,586 | Epoch: [76][210/254]	Time   0.30 (  0.37)	Data 0.0001 (0.0759)	Loss (L1) 3.069 (3.218)
2026-04-26 04:57:05,534 | Epoch: [76][220/254]	Time   0.30 (  0.37)	Data 0.0001 (0.0725)	Loss (L1) 3.641 (3.213)
2026-04-26 04:57:08,491 | Epoch: [76][230/254]	Time   0.30 (  0.36)	Data 0.0001 (0.0693)	Loss (L1) 3.231 (3.219)
2026-04-26 04:57:11,430 | Epoch: [76][240/254]	Time   0.30 (  0.36)	Data 0.0001 (0.0665)	Loss (L1) 3.055 (3.213)
2026-04-26 04:57:14,374 | Epoch: [76][250/254]	Time   0.29 (  0.36)	Data 0.0001 (0.0638)	Loss (L1) 3.402 (3.213)
2026-04-26 04:57:15,499 | Create Epoch [76] features of all training data...
2026-04-26 04:58:34,212 | Updated smoothed statistics on Epoch [76]!
2026-04-26 04:58:34,241 | Updated running statistics with Epoch [76] features!
2026-04-26 04:58:44,783 | Val: [ 0/25]	Time 10.540 (10.540)	Loss (MSE) 271.261 (271.261)	Loss (L1) 15.192 (15.192)
2026-04-26 04:58:45,617 | Val: [10/25]	Time  0.083 ( 1.034)	Loss (MSE) 59.980 (114.884)	Loss (L1) 6.296 (8.802)
2026-04-26 04:58:46,445 | Val: [20/25]	Time  0.083 ( 0.581)	Loss (MSE) 211.532 (110.260)	Loss (L1) 12.980 (8.580)
2026-04-26 04:58:47,011 |  * Overall: MSE 142.196	L1 9.808	G-Mean 6.724
2026-04-26 04:58:47,012 |  * Many: MSE 91.200	L1 7.698	G-Mean 5.126
2026-04-26 04:58:47,012 |  * Median: MSE 214.239	L1 13.194	G-Mean 11.067
2026-04-26 04:58:47,012 |  * Low: MSE 413.517	L1 19.561	G-Mean 18.772
2026-04-26 04:58:47,013 | Best L1 Loss: 9.454
2026-04-26 04:58:47,251 | Epoch #76: Train loss [3.2146]; Val loss: MSE [142.1964], L1 [9.8075], G-Mean [6.7240]
2026-04-26 04:59:00,899 | Epoch: [77][  0/254]	Time  13.65 ( 13.65)	Data 13.4812 (13.4812)	Loss (L1) 3.039 (3.039)
2026-04-26 04:59:03,859 | Epoch: [77][ 10/254]	Time   0.30 (  1.51)	Data 0.0002 (1.2260)	Loss (L1) 3.132 (3.224)
2026-04-26 04:59:06,862 | Epoch: [77][ 20/254]	Time   0.29 (  0.93)	Data 0.0002 (0.6423)	Loss (L1) 3.034 (3.216)
2026-04-26 04:59:09,831 | Epoch: [77][ 30/254]	Time   0.30 (  0.73)	Data 0.0002 (0.4352)	Loss (L1) 2.779 (3.178)
2026-04-26 04:59:13,967 | Epoch: [77][ 40/254]	Time   0.30 (  0.65)	Data 0.0003 (0.3601)	Loss (L1) 3.523 (3.192)
2026-04-26 04:59:16,944 | Epoch: [77][ 50/254]	Time   0.30 (  0.58)	Data 0.0002 (0.2895)	Loss (L1) 3.202 (3.201)
2026-04-26 04:59:19,977 | Epoch: [77][ 60/254]	Time   0.30 (  0.54)	Data 0.0002 (0.2421)	Loss (L1) 3.201 (3.192)
2026-04-26 04:59:23,000 | Epoch: [77][ 70/254]	Time   0.29 (  0.50)	Data 0.0002 (0.2110)	Loss (L1) 3.169 (3.195)
2026-04-26 04:59:25,965 | Epoch: [77][ 80/254]	Time   0.30 (  0.48)	Data 0.0002 (0.1850)	Loss (L1) 3.075 (3.181)
2026-04-26 04:59:28,933 | Epoch: [77][ 90/254]	Time   0.30 (  0.46)	Data 0.0002 (0.1647)	Loss (L1) 2.901 (3.178)
2026-04-26 04:59:32,216 | Epoch: [77][100/254]	Time   0.30 (  0.45)	Data 0.0003 (0.1531)	Loss (L1) 2.924 (3.174)
2026-04-26 04:59:35,193 | Epoch: [77][110/254]	Time   0.30 (  0.43)	Data 0.0002 (0.1394)	Loss (L1) 3.180 (3.170)
2026-04-26 04:59:38,328 | Epoch: [77][120/254]	Time   0.43 (  0.42)	Data 0.0002 (0.1279)	Loss (L1) 3.339 (3.176)
2026-04-26 04:59:41,482 | Epoch: [77][130/254]	Time   0.30 (  0.41)	Data 0.0002 (0.1203)	Loss (L1) 3.043 (3.166)
2026-04-26 04:59:44,450 | Epoch: [77][140/254]	Time   0.30 (  0.41)	Data 0.0002 (0.1118)	Loss (L1) 2.944 (3.170)
2026-04-26 04:59:47,421 | Epoch: [77][150/254]	Time   0.30 (  0.40)	Data 0.0002 (0.1045)	Loss (L1) 3.149 (3.170)
2026-04-26 04:59:51,018 | Epoch: [77][160/254]	Time   0.88 (  0.40)	Data 0.7416 (0.1026)	Loss (L1) 2.999 (3.173)
2026-04-26 04:59:53,987 | Epoch: [77][170/254]	Time   0.31 (  0.39)	Data 0.0005 (0.0966)	Loss (L1) 3.504 (3.181)
2026-04-26 04:59:57,001 | Epoch: [77][180/254]	Time   0.32 (  0.39)	Data 0.0002 (0.0913)	Loss (L1) 3.261 (3.182)
2026-04-26 04:59:59,967 | Epoch: [77][190/254]	Time   0.30 (  0.38)	Data 0.0001 (0.0867)	Loss (L1) 3.007 (3.179)
2026-04-26 05:00:03,029 | Epoch: [77][200/254]	Time   0.30 (  0.38)	Data 0.0001 (0.0837)	Loss (L1) 2.992 (3.184)
2026-04-26 05:00:05,996 | Epoch: [77][210/254]	Time   0.30 (  0.37)	Data 0.0001 (0.0797)	Loss (L1) 3.096 (3.186)
2026-04-26 05:00:08,958 | Epoch: [77][220/254]	Time   0.29 (  0.37)	Data 0.0001 (0.0761)	Loss (L1) 3.289 (3.195)
2026-04-26 05:00:11,906 | Epoch: [77][230/254]	Time   0.30 (  0.37)	Data 0.0001 (0.0728)	Loss (L1) 3.401 (3.193)
2026-04-26 05:00:14,858 | Epoch: [77][240/254]	Time   0.30 (  0.36)	Data 0.0001 (0.0698)	Loss (L1) 3.355 (3.193)
2026-04-26 05:00:17,813 | Epoch: [77][250/254]	Time   0.30 (  0.36)	Data 0.0002 (0.0670)	Loss (L1) 3.024 (3.194)
2026-04-26 05:00:18,934 | Create Epoch [77] features of all training data...
2026-04-26 05:01:38,563 | Updated smoothed statistics on Epoch [77]!
2026-04-26 05:01:38,593 | Updated running statistics with Epoch [77] features!
2026-04-26 05:01:49,614 | Val: [ 0/25]	Time 11.020 (11.020)	Loss (MSE) 266.561 (266.561)	Loss (L1) 15.047 (15.047)
2026-04-26 05:01:50,445 | Val: [10/25]	Time  0.083 ( 1.077)	Loss (MSE) 53.503 (109.073)	Loss (L1) 5.878 (8.559)
2026-04-26 05:01:51,276 | Val: [20/25]	Time  0.083 ( 0.604)	Loss (MSE) 221.852 (107.742)	Loss (L1) 13.595 (8.494)
2026-04-26 05:01:51,830 |  * Overall: MSE 146.010	L1 9.914	G-Mean 6.763
2026-04-26 05:01:51,830 |  * Many: MSE 88.697	L1 7.599	G-Mean 5.071
2026-04-26 05:01:51,830 |  * Median: MSE 221.845	L1 13.524	G-Mean 11.449
2026-04-26 05:01:51,830 |  * Low: MSE 469.540	L1 20.999	G-Mean 20.291
2026-04-26 05:01:51,831 | Best L1 Loss: 9.454
2026-04-26 05:01:52,046 | Epoch #77: Train loss [3.1944]; Val loss: MSE [146.0100], L1 [9.9142], G-Mean [6.7632]
2026-04-26 05:02:05,071 | Epoch: [78][  0/254]	Time  13.02 ( 13.02)	Data 12.8604 (12.8604)	Loss (L1) 3.036 (3.036)
2026-04-26 05:02:08,189 | Epoch: [78][ 10/254]	Time   0.29 (  1.47)	Data 0.0003 (1.1972)	Loss (L1) 3.211 (3.230)
2026-04-26 05:02:11,159 | Epoch: [78][ 20/254]	Time   0.29 (  0.91)	Data 0.0003 (0.6273)	Loss (L1) 4.555 (3.285)
2026-04-26 05:02:14,171 | Epoch: [78][ 30/254]	Time   0.30 (  0.71)	Data 0.0003 (0.4252)	Loss (L1) 3.237 (3.222)
2026-04-26 05:02:17,573 | Epoch: [78][ 40/254]	Time   0.30 (  0.62)	Data 0.0003 (0.3353)	Loss (L1) 2.792 (3.179)
2026-04-26 05:02:20,547 | Epoch: [78][ 50/254]	Time   0.29 (  0.56)	Data 0.0003 (0.2696)	Loss (L1) 3.183 (3.211)
2026-04-26 05:02:23,525 | Epoch: [78][ 60/254]	Time   0.30 (  0.52)	Data 0.0003 (0.2255)	Loss (L1) 3.475 (3.200)
2026-04-26 05:02:28,056 | Epoch: [78][ 70/254]	Time   0.29 (  0.51)	Data 0.0003 (0.2178)	Loss (L1) 3.068 (3.188)
2026-04-26 05:02:31,021 | Epoch: [78][ 80/254]	Time   0.29 (  0.48)	Data 0.0005 (0.1910)	Loss (L1) 3.507 (3.190)
2026-04-26 05:02:34,048 | Epoch: [78][ 90/254]	Time   0.31 (  0.46)	Data 0.0004 (0.1700)	Loss (L1) 3.235 (3.196)
2026-04-26 05:02:37,014 | Epoch: [78][100/254]	Time   0.30 (  0.45)	Data 0.0003 (0.1532)	Loss (L1) 3.345 (3.209)
2026-04-26 05:02:39,978 | Epoch: [78][110/254]	Time   0.29 (  0.43)	Data 0.0003 (0.1395)	Loss (L1) 3.014 (3.196)
2026-04-26 05:02:42,972 | Epoch: [78][120/254]	Time   0.30 (  0.42)	Data 0.0004 (0.1281)	Loss (L1) 3.140 (3.188)
2026-04-26 05:02:46,645 | Epoch: [78][130/254]	Time   0.30 (  0.42)	Data 0.0004 (0.1249)	Loss (L1) 3.130 (3.178)
2026-04-26 05:02:49,622 | Epoch: [78][140/254]	Time   0.30 (  0.41)	Data 0.0004 (0.1160)	Loss (L1) 3.105 (3.180)
2026-04-26 05:02:52,601 | Epoch: [78][150/254]	Time   0.30 (  0.40)	Data 0.0003 (0.1084)	Loss (L1) 3.378 (3.186)
2026-04-26 05:02:55,603 | Epoch: [78][160/254]	Time   0.30 (  0.39)	Data 0.1330 (0.1025)	Loss (L1) 3.732 (3.189)
2026-04-26 05:02:58,989 | Epoch: [78][170/254]	Time   0.30 (  0.39)	Data 0.0003 (0.0998)	Loss (L1) 3.152 (3.187)
2026-04-26 05:03:01,970 | Epoch: [78][180/254]	Time   0.30 (  0.39)	Data 0.0003 (0.0943)	Loss (L1) 2.733 (3.184)
2026-04-26 05:03:04,988 | Epoch: [78][190/254]	Time   0.32 (  0.38)	Data 0.0001 (0.0897)	Loss (L1) 3.232 (3.184)
2026-04-26 05:03:08,427 | Epoch: [78][200/254]	Time   0.30 (  0.38)	Data 0.0001 (0.0882)	Loss (L1) 2.937 (3.184)
2026-04-26 05:03:11,388 | Epoch: [78][210/254]	Time   0.30 (  0.38)	Data 0.0001 (0.0840)	Loss (L1) 2.805 (3.181)
2026-04-26 05:03:14,340 | Epoch: [78][220/254]	Time   0.29 (  0.37)	Data 0.0001 (0.0802)	Loss (L1) 3.008 (3.180)
2026-04-26 05:03:17,293 | Epoch: [78][230/254]	Time   0.29 (  0.37)	Data 0.0001 (0.0768)	Loss (L1) 3.052 (3.177)
2026-04-26 05:03:20,245 | Epoch: [78][240/254]	Time   0.30 (  0.37)	Data 0.0001 (0.0736)	Loss (L1) 2.824 (3.174)
2026-04-26 05:03:23,194 | Epoch: [78][250/254]	Time   0.29 (  0.36)	Data 0.0001 (0.0707)	Loss (L1) 3.150 (3.181)
2026-04-26 05:03:24,307 | Create Epoch [78] features of all training data...
2026-04-26 05:04:35,361 | Updated smoothed statistics on Epoch [78]!
2026-04-26 05:04:35,390 | Updated running statistics with Epoch [78] features!
2026-04-26 05:04:45,169 | Val: [ 0/25]	Time  9.778 ( 9.778)	Loss (MSE) 260.524 (260.524)	Loss (L1) 14.846 (14.846)
2026-04-26 05:04:46,079 | Val: [10/25]	Time  0.083 ( 0.972)	Loss (MSE) 52.366 (106.481)	Loss (L1) 5.864 (8.447)
2026-04-26 05:04:46,907 | Val: [20/25]	Time  0.083 ( 0.548)	Loss (MSE) 233.610 (108.682)	Loss (L1) 13.889 (8.512)
2026-04-26 05:04:47,456 |  * Overall: MSE 148.773	L1 9.970	G-Mean 6.811
2026-04-26 05:04:47,456 |  * Many: MSE 90.275	L1 7.644	G-Mean 5.128
2026-04-26 05:04:47,456 |  * Median: MSE 225.189	L1 13.557	G-Mean 11.383
2026-04-26 05:04:47,456 |  * Low: MSE 482.568	L1 21.244	G-Mean 20.466
2026-04-26 05:04:47,457 | Best L1 Loss: 9.454
2026-04-26 05:04:47,663 | Epoch #78: Train loss [3.1820]; Val loss: MSE [148.7727], L1 [9.9697], G-Mean [6.8107]
2026-04-26 05:04:58,953 | Epoch: [79][  0/254]	Time  11.29 ( 11.29)	Data 11.1284 (11.1284)	Loss (L1) 3.199 (3.199)
2026-04-26 05:05:02,003 | Epoch: [79][ 10/254]	Time   0.29 (  1.30)	Data 0.0002 (1.0169)	Loss (L1) 2.946 (3.154)
2026-04-26 05:05:04,966 | Epoch: [79][ 20/254]	Time   0.30 (  0.82)	Data 0.0001 (0.5328)	Loss (L1) 2.991 (3.076)
2026-04-26 05:05:08,055 | Epoch: [79][ 30/254]	Time   0.28 (  0.66)	Data 0.0002 (0.3610)	Loss (L1) 2.636 (3.123)
2026-04-26 05:05:11,023 | Epoch: [79][ 40/254]	Time   0.30 (  0.57)	Data 0.0002 (0.2730)	Loss (L1) 3.086 (3.115)
2026-04-26 05:05:14,172 | Epoch: [79][ 50/254]	Time   0.32 (  0.52)	Data 0.0002 (0.2195)	Loss (L1) 3.218 (3.149)
2026-04-26 05:05:17,255 | Epoch: [79][ 60/254]	Time   0.30 (  0.49)	Data 0.0002 (0.1835)	Loss (L1) 3.282 (3.160)
2026-04-26 05:05:20,383 | Epoch: [79][ 70/254]	Time   0.37 (  0.46)	Data 0.0002 (0.1577)	Loss (L1) 3.017 (3.136)
2026-04-26 05:05:23,442 | Epoch: [79][ 80/254]	Time   0.31 (  0.44)	Data 0.0001 (0.1384)	Loss (L1) 3.527 (3.137)
2026-04-26 05:05:26,448 | Epoch: [79][ 90/254]	Time   0.29 (  0.43)	Data 0.0002 (0.1232)	Loss (L1) 3.317 (3.143)
2026-04-26 05:05:29,593 | Epoch: [79][100/254]	Time   0.35 (  0.42)	Data 0.0002 (0.1110)	Loss (L1) 3.620 (3.147)
2026-04-26 05:05:32,640 | Epoch: [79][110/254]	Time   0.30 (  0.41)	Data 0.0002 (0.1011)	Loss (L1) 2.876 (3.140)
2026-04-26 05:05:35,721 | Epoch: [79][120/254]	Time   0.31 (  0.40)	Data 0.0001 (0.0928)	Loss (L1) 2.993 (3.144)
2026-04-26 05:05:38,764 | Epoch: [79][130/254]	Time   0.30 (  0.39)	Data 0.0002 (0.0857)	Loss (L1) 2.929 (3.148)
2026-04-26 05:05:41,718 | Epoch: [79][140/254]	Time   0.30 (  0.38)	Data 0.0001 (0.0797)	Loss (L1) 3.219 (3.155)
2026-04-26 05:05:44,763 | Epoch: [79][150/254]	Time   0.32 (  0.38)	Data 0.0002 (0.0744)	Loss (L1) 3.117 (3.156)
2026-04-26 05:05:47,707 | Epoch: [79][160/254]	Time   0.29 (  0.37)	Data 0.0002 (0.0698)	Loss (L1) 3.249 (3.161)
2026-04-26 05:05:50,725 | Epoch: [79][170/254]	Time   0.31 (  0.37)	Data 0.0002 (0.0657)	Loss (L1) 3.106 (3.167)
2026-04-26 05:05:53,745 | Epoch: [79][180/254]	Time   0.29 (  0.37)	Data 0.0003 (0.0622)	Loss (L1) 3.275 (3.165)
2026-04-26 05:05:56,689 | Epoch: [79][190/254]	Time   0.29 (  0.36)	Data 0.0001 (0.0591)	Loss (L1) 2.844 (3.162)
2026-04-26 05:05:59,619 | Epoch: [79][200/254]	Time   0.30 (  0.36)	Data 0.0001 (0.0561)	Loss (L1) 3.252 (3.160)
2026-04-26 05:06:02,542 | Epoch: [79][210/254]	Time   0.29 (  0.35)	Data 0.0001 (0.0535)	Loss (L1) 3.204 (3.166)
2026-04-26 05:06:05,468 | Epoch: [79][220/254]	Time   0.29 (  0.35)	Data 0.0001 (0.0511)	Loss (L1) 3.084 (3.172)
2026-04-26 05:06:08,386 | Epoch: [79][230/254]	Time   0.29 (  0.35)	Data 0.0001 (0.0489)	Loss (L1) 2.962 (3.175)
2026-04-26 05:06:11,309 | Epoch: [79][240/254]	Time   0.29 (  0.35)	Data 0.0001 (0.0468)	Loss (L1) 3.597 (3.176)
2026-04-26 05:06:14,225 | Epoch: [79][250/254]	Time   0.29 (  0.34)	Data 0.0001 (0.0450)	Loss (L1) 3.285 (3.178)
2026-04-26 05:06:15,321 | Create Epoch [79] features of all training data...
2026-04-26 05:07:26,797 | Updated smoothed statistics on Epoch [79]!
2026-04-26 05:07:26,829 | Updated running statistics with Epoch [79] features!
2026-04-26 05:07:32,876 | Val: [ 0/25]	Time  6.046 ( 6.046)	Loss (MSE) 268.629 (268.629)	Loss (L1) 15.023 (15.023)
2026-04-26 05:07:36,968 | Val: [10/25]	Time  0.083 ( 0.922)	Loss (MSE) 59.143 (115.778)	Loss (L1) 6.332 (8.859)
2026-04-26 05:07:37,796 | Val: [20/25]	Time  0.083 ( 0.522)	Loss (MSE) 220.205 (112.227)	Loss (L1) 13.206 (8.664)
2026-04-26 05:07:38,336 |  * Overall: MSE 144.112	L1 9.884	G-Mean 6.824
2026-04-26 05:07:38,336 |  * Many: MSE 93.001	L1 7.787	G-Mean 5.242
2026-04-26 05:07:38,336 |  * Median: MSE 218.705	L1 13.301	G-Mean 11.064
2026-04-26 05:07:38,336 |  * Low: MSE 407.371	L1 19.385	G-Mean 18.564
2026-04-26 05:07:38,337 | Best L1 Loss: 9.454
2026-04-26 05:07:38,544 | Epoch #79: Train loss [3.1807]; Val loss: MSE [144.1119], L1 [9.8835], G-Mean [6.8236]
2026-04-26 05:07:45,648 | Epoch: [80][  0/254]	Time   7.10 (  7.10)	Data 6.9565 (6.9565)	Loss (L1) 2.981 (2.981)
2026-04-26 05:07:50,673 | Epoch: [80][ 10/254]	Time   0.30 (  1.10)	Data 0.0002 (0.8504)	Loss (L1) 3.668 (3.043)
2026-04-26 05:07:53,716 | Epoch: [80][ 20/254]	Time   0.30 (  0.72)	Data 0.0001 (0.4455)	Loss (L1) 3.203 (3.117)
2026-04-26 05:07:56,777 | Epoch: [80][ 30/254]	Time   0.30 (  0.59)	Data 0.0002 (0.3019)	Loss (L1) 2.924 (3.106)
2026-04-26 05:07:59,947 | Epoch: [80][ 40/254]	Time   0.34 (  0.52)	Data 0.0001 (0.2283)	Loss (L1) 3.354 (3.094)
2026-04-26 05:08:02,928 | Epoch: [80][ 50/254]	Time   0.29 (  0.48)	Data 0.0002 (0.1836)	Loss (L1) 3.167 (3.117)
2026-04-26 05:08:06,110 | Epoch: [80][ 60/254]	Time   0.32 (  0.45)	Data 0.0002 (0.1535)	Loss (L1) 3.253 (3.110)
2026-04-26 05:08:09,445 | Epoch: [80][ 70/254]	Time   0.34 (  0.44)	Data 0.0002 (0.1322)	Loss (L1) 3.089 (3.126)
2026-04-26 05:08:12,554 | Epoch: [80][ 80/254]	Time   0.31 (  0.42)	Data 0.0002 (0.1159)	Loss (L1) 4.303 (3.124)
2026-04-26 05:08:15,686 | Epoch: [80][ 90/254]	Time   0.33 (  0.41)	Data 0.0002 (0.1032)	Loss (L1) 2.960 (3.121)
2026-04-26 05:08:18,732 | Epoch: [80][100/254]	Time   0.30 (  0.40)	Data 0.0002 (0.0930)	Loss (L1) 3.735 (3.140)
2026-04-26 05:08:21,733 | Epoch: [80][110/254]	Time   0.30 (  0.39)	Data 0.0002 (0.0846)	Loss (L1) 3.051 (3.138)
2026-04-26 05:08:24,850 | Epoch: [80][120/254]	Time   0.31 (  0.38)	Data 0.0002 (0.0778)	Loss (L1) 3.196 (3.134)
2026-04-26 05:08:27,909 | Epoch: [80][130/254]	Time   0.28 (  0.38)	Data 0.0001 (0.0718)	Loss (L1) 2.677 (3.124)
2026-04-26 05:08:31,071 | Epoch: [80][140/254]	Time   0.31 (  0.37)	Data 0.0202 (0.0669)	Loss (L1) 2.874 (3.125)
2026-04-26 05:08:34,078 | Epoch: [80][150/254]	Time   0.26 (  0.37)	Data 0.0002 (0.0625)	Loss (L1) 2.784 (3.121)
2026-04-26 05:08:37,216 | Epoch: [80][160/254]	Time   0.33 (  0.36)	Data 0.0002 (0.0586)	Loss (L1) 3.084 (3.108)
2026-04-26 05:08:40,326 | Epoch: [80][170/254]	Time   0.30 (  0.36)	Data 0.0002 (0.0552)	Loss (L1) 3.263 (3.111)
2026-04-26 05:08:43,349 | Epoch: [80][180/254]	Time   0.30 (  0.36)	Data 0.0002 (0.0522)	Loss (L1) 3.064 (3.115)
2026-04-26 05:08:46,354 | Epoch: [80][190/254]	Time   0.31 (  0.36)	Data 0.0002 (0.0497)	Loss (L1) 3.337 (3.114)
2026-04-26 05:08:49,325 | Epoch: [80][200/254]	Time   0.30 (  0.35)	Data 0.0001 (0.0472)	Loss (L1) 3.321 (3.122)
2026-04-26 05:08:52,245 | Epoch: [80][210/254]	Time   0.29 (  0.35)	Data 0.0000 (0.0450)	Loss (L1) 3.122 (3.121)
2026-04-26 05:08:55,177 | Epoch: [80][220/254]	Time   0.29 (  0.35)	Data 0.0001 (0.0429)	Loss (L1) 3.173 (3.123)
2026-04-26 05:08:58,094 | Epoch: [80][230/254]	Time   0.29 (  0.34)	Data 0.0001 (0.0411)	Loss (L1) 3.256 (3.125)
2026-04-26 05:09:01,013 | Epoch: [80][240/254]	Time   0.29 (  0.34)	Data 0.0001 (0.0394)	Loss (L1) 3.088 (3.132)
2026-04-26 05:09:03,939 | Epoch: [80][250/254]	Time   0.29 (  0.34)	Data 0.0000 (0.0378)	Loss (L1) 2.857 (3.134)
2026-04-26 05:09:05,042 | Create Epoch [80] features of all training data...
2026-04-26 05:10:16,111 | Updated smoothed statistics on Epoch [80]!
2026-04-26 05:10:16,139 | Updated running statistics with Epoch [80] features!
2026-04-26 05:10:26,611 | Val: [ 0/25]	Time 10.470 (10.470)	Loss (MSE) 254.962 (254.962)	Loss (L1) 14.631 (14.631)
2026-04-26 05:10:27,500 | Val: [10/25]	Time  0.083 ( 1.033)	Loss (MSE) 56.888 (108.812)	Loss (L1) 6.109 (8.546)
2026-04-26 05:10:28,329 | Val: [20/25]	Time  0.083 ( 0.580)	Loss (MSE) 222.606 (108.665)	Loss (L1) 13.453 (8.522)
2026-04-26 05:10:28,889 |  * Overall: MSE 143.409	L1 9.836	G-Mean 6.708
2026-04-26 05:10:28,889 |  * Many: MSE 90.753	L1 7.683	G-Mean 5.112
2026-04-26 05:10:28,889 |  * Median: MSE 215.765	L1 13.229	G-Mean 10.973
2026-04-26 05:10:28,889 |  * Low: MSE 430.915	L1 20.011	G-Mean 19.230
2026-04-26 05:10:28,890 | Best L1 Loss: 9.454
2026-04-26 05:10:29,107 | Epoch #80: Train loss [3.1350]; Val loss: MSE [143.4089], L1 [9.8355], G-Mean [6.7081]
2026-04-26 05:10:36,745 | Epoch: [81][  0/254]	Time   7.64 (  7.64)	Data 7.4991 (7.4991)	Loss (L1) 2.927 (2.927)
2026-04-26 05:10:41,741 | Epoch: [81][ 10/254]	Time   0.33 (  1.15)	Data 0.0002 (0.8703)	Loss (L1) 2.829 (2.976)
2026-04-26 05:10:44,828 | Epoch: [81][ 20/254]	Time   0.31 (  0.75)	Data 0.0001 (0.4560)	Loss (L1) 3.408 (2.986)
2026-04-26 05:10:48,142 | Epoch: [81][ 30/254]	Time   0.34 (  0.61)	Data 0.0002 (0.3089)	Loss (L1) 2.585 (2.994)
2026-04-26 05:10:51,283 | Epoch: [81][ 40/254]	Time   0.30 (  0.54)	Data 0.0002 (0.2336)	Loss (L1) 3.221 (3.036)
2026-04-26 05:10:54,458 | Epoch: [81][ 50/254]	Time   0.35 (  0.50)	Data 0.0002 (0.1879)	Loss (L1) 3.274 (3.051)
2026-04-26 05:10:57,698 | Epoch: [81][ 60/254]	Time   0.32 (  0.47)	Data 0.0002 (0.1571)	Loss (L1) 3.520 (3.081)
2026-04-26 05:11:00,724 | Epoch: [81][ 70/254]	Time   0.30 (  0.45)	Data 0.0002 (0.1350)	Loss (L1) 3.365 (3.084)
2026-04-26 05:11:03,964 | Epoch: [81][ 80/254]	Time   0.35 (  0.43)	Data 0.0002 (0.1184)	Loss (L1) 3.384 (3.098)
2026-04-26 05:11:07,112 | Epoch: [81][ 90/254]	Time   0.35 (  0.42)	Data 0.0003 (0.1054)	Loss (L1) 3.151 (3.106)
2026-04-26 05:11:10,176 | Epoch: [81][100/254]	Time   0.31 (  0.41)	Data 0.0002 (0.0950)	Loss (L1) 2.913 (3.107)
2026-04-26 05:11:13,194 | Epoch: [81][110/254]	Time   0.29 (  0.40)	Data 0.0002 (0.0864)	Loss (L1) 3.018 (3.127)
2026-04-26 05:11:16,343 | Epoch: [81][120/254]	Time   0.30 (  0.39)	Data 0.0002 (0.0793)	Loss (L1) 3.565 (3.131)
2026-04-26 05:11:19,442 | Epoch: [81][130/254]	Time   0.33 (  0.38)	Data 0.0002 (0.0733)	Loss (L1) 2.997 (3.132)
2026-04-26 05:11:22,586 | Epoch: [81][140/254]	Time   0.31 (  0.38)	Data 0.0001 (0.0681)	Loss (L1) 2.755 (3.123)
2026-04-26 05:11:25,627 | Epoch: [81][150/254]	Time   0.34 (  0.37)	Data 0.0002 (0.0636)	Loss (L1) 2.773 (3.117)
2026-04-26 05:11:28,609 | Epoch: [81][160/254]	Time   0.30 (  0.37)	Data 0.0002 (0.0597)	Loss (L1) 2.990 (3.116)
2026-04-26 05:11:31,687 | Epoch: [81][170/254]	Time   0.30 (  0.37)	Data 0.0002 (0.0562)	Loss (L1) 2.769 (3.122)
2026-04-26 05:11:34,707 | Epoch: [81][180/254]	Time   0.30 (  0.36)	Data 0.0002 (0.0531)	Loss (L1) 3.126 (3.122)
2026-04-26 05:11:37,739 | Epoch: [81][190/254]	Time   0.30 (  0.36)	Data 0.0001 (0.0504)	Loss (L1) 3.127 (3.126)
2026-04-26 05:11:40,692 | Epoch: [81][200/254]	Time   0.29 (  0.36)	Data 0.0001 (0.0479)	Loss (L1) 2.989 (3.136)
2026-04-26 05:11:43,627 | Epoch: [81][210/254]	Time   0.30 (  0.35)	Data 0.0001 (0.0457)	Loss (L1) 3.263 (3.137)
2026-04-26 05:11:46,547 | Epoch: [81][220/254]	Time   0.29 (  0.35)	Data 0.0001 (0.0436)	Loss (L1) 2.991 (3.135)
2026-04-26 05:11:49,483 | Epoch: [81][230/254]	Time   0.30 (  0.35)	Data 0.0001 (0.0417)	Loss (L1) 2.973 (3.133)
2026-04-26 05:11:52,417 | Epoch: [81][240/254]	Time   0.29 (  0.35)	Data 0.0001 (0.0400)	Loss (L1) 2.734 (3.130)
2026-04-26 05:11:55,345 | Epoch: [81][250/254]	Time   0.29 (  0.34)	Data 0.0001 (0.0384)	Loss (L1) 3.445 (3.130)
2026-04-26 05:11:56,443 | Create Epoch [81] features of all training data...
2026-04-26 05:13:07,867 | Updated smoothed statistics on Epoch [81]!
2026-04-26 05:13:07,895 | Updated running statistics with Epoch [81] features!
2026-04-26 05:13:17,798 | Val: [ 0/25]	Time  9.902 ( 9.902)	Loss (MSE) 258.303 (258.303)	Loss (L1) 14.760 (14.760)
2026-04-26 05:13:18,788 | Val: [10/25]	Time  0.083 ( 0.990)	Loss (MSE) 56.107 (109.077)	Loss (L1) 6.093 (8.565)
2026-04-26 05:13:19,616 | Val: [20/25]	Time  0.083 ( 0.558)	Loss (MSE) 229.169 (109.720)	Loss (L1) 13.643 (8.560)
2026-04-26 05:13:20,165 |  * Overall: MSE 145.252	L1 9.892	G-Mean 6.744
2026-04-26 05:13:20,165 |  * Many: MSE 91.453	L1 7.705	G-Mean 5.124
2026-04-26 05:13:20,165 |  * Median: MSE 220.070	L1 13.368	G-Mean 11.124
2026-04-26 05:13:20,165 |  * Low: MSE 435.773	L1 20.120	G-Mean 19.333
2026-04-26 05:13:20,166 | Best L1 Loss: 9.454
2026-04-26 05:13:20,380 | Epoch #81: Train loss [3.1279]; Val loss: MSE [145.2516], L1 [9.8920], G-Mean [6.7439]
2026-04-26 05:13:31,654 | Epoch: [82][  0/254]	Time  11.27 ( 11.27)	Data 11.1004 (11.1004)	Loss (L1) 3.080 (3.080)
2026-04-26 05:13:34,771 | Epoch: [82][ 10/254]	Time   0.34 (  1.31)	Data 0.0002 (1.0093)	Loss (L1) 3.036 (3.100)
2026-04-26 05:13:38,055 | Epoch: [82][ 20/254]	Time   0.37 (  0.84)	Data 0.0002 (0.5288)	Loss (L1) 3.577 (3.153)
2026-04-26 05:13:41,128 | Epoch: [82][ 30/254]	Time   0.30 (  0.67)	Data 0.0002 (0.3588)	Loss (L1) 3.039 (3.152)
2026-04-26 05:13:44,202 | Epoch: [82][ 40/254]	Time   0.31 (  0.58)	Data 0.0002 (0.2715)	Loss (L1) 3.216 (3.130)
2026-04-26 05:13:47,330 | Epoch: [82][ 50/254]	Time   0.36 (  0.53)	Data 0.0002 (0.2186)	Loss (L1) 3.159 (3.136)
2026-04-26 05:13:50,446 | Epoch: [82][ 60/254]	Time   0.29 (  0.49)	Data 0.0002 (0.1833)	Loss (L1) 3.203 (3.134)
2026-04-26 05:13:53,498 | Epoch: [82][ 70/254]	Time   0.32 (  0.47)	Data 0.0003 (0.1575)	Loss (L1) 3.566 (3.147)
2026-04-26 05:13:56,674 | Epoch: [82][ 80/254]	Time   0.30 (  0.45)	Data 0.0002 (0.1384)	Loss (L1) 2.743 (3.128)
2026-04-26 05:13:59,826 | Epoch: [82][ 90/254]	Time   0.28 (  0.43)	Data 0.0020 (0.1233)	Loss (L1) 3.187 (3.136)
2026-04-26 05:14:02,879 | Epoch: [82][100/254]	Time   0.30 (  0.42)	Data 0.0003 (0.1112)	Loss (L1) 3.020 (3.130)
2026-04-26 05:14:05,928 | Epoch: [82][110/254]	Time   0.29 (  0.41)	Data 0.0001 (0.1012)	Loss (L1) 2.887 (3.136)
2026-04-26 05:14:08,958 | Epoch: [82][120/254]	Time   0.30 (  0.40)	Data 0.0002 (0.0929)	Loss (L1) 3.337 (3.132)
2026-04-26 05:14:12,029 | Epoch: [82][130/254]	Time   0.31 (  0.39)	Data 0.0002 (0.0858)	Loss (L1) 2.743 (3.136)
2026-04-26 05:14:15,149 | Epoch: [82][140/254]	Time   0.31 (  0.39)	Data 0.0002 (0.0797)	Loss (L1) 2.990 (3.130)
2026-04-26 05:14:18,158 | Epoch: [82][150/254]	Time   0.32 (  0.38)	Data 0.0002 (0.0745)	Loss (L1) 2.777 (3.129)
2026-04-26 05:14:21,167 | Epoch: [82][160/254]	Time   0.29 (  0.38)	Data 0.0002 (0.0698)	Loss (L1) 3.323 (3.132)
2026-04-26 05:14:24,187 | Epoch: [82][170/254]	Time   0.30 (  0.37)	Data 0.0003 (0.0658)	Loss (L1) 2.604 (3.126)
2026-04-26 05:14:27,181 | Epoch: [82][180/254]	Time   0.29 (  0.37)	Data 0.0005 (0.0622)	Loss (L1) 3.120 (3.129)
2026-04-26 05:14:30,206 | Epoch: [82][190/254]	Time   0.29 (  0.37)	Data 0.0001 (0.0591)	Loss (L1) 2.941 (3.127)
2026-04-26 05:14:33,156 | Epoch: [82][200/254]	Time   0.29 (  0.36)	Data 0.0001 (0.0561)	Loss (L1) 2.918 (3.134)
2026-04-26 05:14:36,083 | Epoch: [82][210/254]	Time   0.29 (  0.36)	Data 0.0001 (0.0535)	Loss (L1) 2.887 (3.127)
2026-04-26 05:14:39,003 | Epoch: [82][220/254]	Time   0.29 (  0.36)	Data 0.0001 (0.0511)	Loss (L1) 2.968 (3.125)
2026-04-26 05:14:41,925 | Epoch: [82][230/254]	Time   0.29 (  0.35)	Data 0.0001 (0.0489)	Loss (L1) 2.713 (3.126)
2026-04-26 05:14:44,847 | Epoch: [82][240/254]	Time   0.29 (  0.35)	Data 0.0001 (0.0468)	Loss (L1) 2.991 (3.124)
2026-04-26 05:14:47,766 | Epoch: [82][250/254]	Time   0.29 (  0.35)	Data 0.0001 (0.0450)	Loss (L1) 3.110 (3.122)
2026-04-26 05:14:48,856 | Create Epoch [82] features of all training data...
2026-04-26 05:16:01,164 | Updated smoothed statistics on Epoch [82]!
2026-04-26 05:16:01,193 | Updated running statistics with Epoch [82] features!
2026-04-26 05:16:10,489 | Val: [ 0/25]	Time  9.294 ( 9.294)	Loss (MSE) 259.298 (259.298)	Loss (L1) 14.786 (14.786)
2026-04-26 05:16:11,828 | Val: [10/25]	Time  0.083 ( 0.967)	Loss (MSE) 56.861 (109.263)	Loss (L1) 6.119 (8.568)
2026-04-26 05:16:12,657 | Val: [20/25]	Time  0.083 ( 0.546)	Loss (MSE) 225.411 (109.463)	Loss (L1) 13.524 (8.551)
2026-04-26 05:16:13,206 |  * Overall: MSE 144.287	L1 9.863	G-Mean 6.740
2026-04-26 05:16:13,206 |  * Many: MSE 91.319	L1 7.702	G-Mean 5.134
2026-04-26 05:16:13,206 |  * Median: MSE 217.681	L1 13.290	G-Mean 11.057
2026-04-26 05:16:13,206 |  * Low: MSE 431.296	L1 20.002	G-Mean 19.210
2026-04-26 05:16:13,207 | Best L1 Loss: 9.454
2026-04-26 05:16:13,430 | Epoch #82: Train loss [3.1236]; Val loss: MSE [144.2871], L1 [9.8630], G-Mean [6.7397]
2026-04-26 05:16:24,558 | Epoch: [83][  0/254]	Time  11.13 ( 11.13)	Data 10.9237 (10.9237)	Loss (L1) 3.248 (3.248)
2026-04-26 05:16:29,080 | Epoch: [83][ 10/254]	Time   0.29 (  1.42)	Data 0.0002 (1.1446)	Loss (L1) 3.338 (3.165)
2026-04-26 05:16:32,125 | Epoch: [83][ 20/254]	Time   0.30 (  0.89)	Data 0.0003 (0.6001)	Loss (L1) 2.745 (3.070)
2026-04-26 05:16:35,354 | Epoch: [83][ 30/254]	Time   0.30 (  0.71)	Data 0.0003 (0.4069)	Loss (L1) 2.703 (3.088)
2026-04-26 05:16:38,653 | Epoch: [83][ 40/254]	Time   0.33 (  0.62)	Data 0.0002 (0.3077)	Loss (L1) 3.410 (3.145)
2026-04-26 05:16:41,937 | Epoch: [83][ 50/254]	Time   0.36 (  0.56)	Data 0.0002 (0.2475)	Loss (L1) 2.998 (3.158)
2026-04-26 05:16:45,040 | Epoch: [83][ 60/254]	Time   0.32 (  0.52)	Data 0.0002 (0.2081)	Loss (L1) 3.033 (3.158)
2026-04-26 05:16:48,126 | Epoch: [83][ 70/254]	Time   0.31 (  0.49)	Data 0.0003 (0.1788)	Loss (L1) 3.133 (3.164)
2026-04-26 05:16:51,169 | Epoch: [83][ 80/254]	Time   0.31 (  0.47)	Data 0.0003 (0.1568)	Loss (L1) 3.271 (3.163)
2026-04-26 05:16:54,209 | Epoch: [83][ 90/254]	Time   0.30 (  0.45)	Data 0.0002 (0.1396)	Loss (L1) 3.183 (3.157)
2026-04-26 05:16:57,219 | Epoch: [83][100/254]	Time   0.29 (  0.43)	Data 0.0003 (0.1258)	Loss (L1) 2.802 (3.139)
2026-04-26 05:17:00,332 | Epoch: [83][110/254]	Time   0.32 (  0.42)	Data 0.0002 (0.1145)	Loss (L1) 3.038 (3.143)
2026-04-26 05:17:03,387 | Epoch: [83][120/254]	Time   0.31 (  0.41)	Data 0.0002 (0.1051)	Loss (L1) 3.243 (3.139)
2026-04-26 05:17:06,476 | Epoch: [83][130/254]	Time   0.29 (  0.40)	Data 0.0005 (0.0972)	Loss (L1) 3.467 (3.146)
2026-04-26 05:17:09,500 | Epoch: [83][140/254]	Time   0.29 (  0.40)	Data 0.0003 (0.0904)	Loss (L1) 2.835 (3.135)
2026-04-26 05:17:12,499 | Epoch: [83][150/254]	Time   0.31 (  0.39)	Data 0.0002 (0.0844)	Loss (L1) 3.451 (3.133)
2026-04-26 05:17:15,554 | Epoch: [83][160/254]	Time   0.31 (  0.39)	Data 0.0002 (0.0792)	Loss (L1) 2.916 (3.131)
2026-04-26 05:17:18,541 | Epoch: [83][170/254]	Time   0.30 (  0.38)	Data 0.0003 (0.0746)	Loss (L1) 2.859 (3.134)
2026-04-26 05:17:21,548 | Epoch: [83][180/254]	Time   0.29 (  0.38)	Data 0.0002 (0.0705)	Loss (L1) 3.075 (3.134)
2026-04-26 05:17:24,559 | Epoch: [83][190/254]	Time   0.30 (  0.37)	Data 0.0002 (0.0670)	Loss (L1) 2.923 (3.136)
2026-04-26 05:17:27,491 | Epoch: [83][200/254]	Time   0.29 (  0.37)	Data 0.0001 (0.0637)	Loss (L1) 3.356 (3.132)
2026-04-26 05:17:30,422 | Epoch: [83][210/254]	Time   0.29 (  0.36)	Data 0.0001 (0.0607)	Loss (L1) 3.103 (3.132)
2026-04-26 05:17:33,350 | Epoch: [83][220/254]	Time   0.29 (  0.36)	Data 0.0001 (0.0579)	Loss (L1) 3.272 (3.137)
2026-04-26 05:17:36,282 | Epoch: [83][230/254]	Time   0.29 (  0.36)	Data 0.0001 (0.0554)	Loss (L1) 3.197 (3.139)
2026-04-26 05:17:39,215 | Epoch: [83][240/254]	Time   0.29 (  0.36)	Data 0.0001 (0.0531)	Loss (L1) 3.153 (3.137)
2026-04-26 05:17:42,146 | Epoch: [83][250/254]	Time   0.29 (  0.35)	Data 0.0001 (0.0510)	Loss (L1) 2.871 (3.135)
2026-04-26 05:17:43,249 | Create Epoch [83] features of all training data...
2026-04-26 05:18:54,654 | Updated smoothed statistics on Epoch [83]!
2026-04-26 05:18:54,682 | Updated running statistics with Epoch [83] features!
2026-04-26 05:19:04,703 | Val: [ 0/25]	Time 10.019 (10.019)	Loss (MSE) 264.071 (264.071)	Loss (L1) 14.927 (14.927)
2026-04-26 05:19:05,530 | Val: [10/25]	Time  0.083 ( 0.986)	Loss (MSE) 58.172 (112.123)	Loss (L1) 6.217 (8.692)
2026-04-26 05:19:06,357 | Val: [20/25]	Time  0.083 ( 0.556)	Loss (MSE) 222.193 (110.630)	Loss (L1) 13.356 (8.598)
2026-04-26 05:19:06,922 |  * Overall: MSE 144.177	L1 9.869	G-Mean 6.766
2026-04-26 05:19:06,922 |  * Many: MSE 91.975	L1 7.736	G-Mean 5.174
2026-04-26 05:19:06,922 |  * Median: MSE 218.150	L1 13.288	G-Mean 11.026
2026-04-26 05:19:06,922 |  * Low: MSE 421.080	L1 19.735	G-Mean 18.928
2026-04-26 05:19:06,923 | Best L1 Loss: 9.454
2026-04-26 05:19:07,130 | Epoch #83: Train loss [3.1403]; Val loss: MSE [144.1770], L1 [9.8686], G-Mean [6.7656]
2026-04-26 05:19:17,760 | Epoch: [84][  0/254]	Time  10.63 ( 10.63)	Data 10.3283 (10.3283)	Loss (L1) 2.910 (2.910)
2026-04-26 05:19:20,984 | Epoch: [84][ 10/254]	Time   0.32 (  1.26)	Data 0.0004 (0.9392)	Loss (L1) 2.847 (2.997)
2026-04-26 05:19:24,093 | Epoch: [84][ 20/254]	Time   0.29 (  0.81)	Data 0.0002 (0.4926)	Loss (L1) 3.363 (3.132)
2026-04-26 05:19:27,251 | Epoch: [84][ 30/254]	Time   0.30 (  0.65)	Data 0.0002 (0.3345)	Loss (L1) 3.108 (3.095)
2026-04-26 05:19:30,502 | Epoch: [84][ 40/254]	Time   0.31 (  0.57)	Data 0.0003 (0.2530)	Loss (L1) 2.616 (3.096)
2026-04-26 05:19:33,579 | Epoch: [84][ 50/254]	Time   0.35 (  0.52)	Data 0.0002 (0.2035)	Loss (L1) 3.202 (3.103)
2026-04-26 05:19:36,674 | Epoch: [84][ 60/254]	Time   0.30 (  0.48)	Data 0.0001 (0.1701)	Loss (L1) 3.121 (3.105)
2026-04-26 05:19:39,622 | Epoch: [84][ 70/254]	Time   0.30 (  0.46)	Data 0.0001 (0.1462)	Loss (L1) 3.383 (3.112)
2026-04-26 05:19:42,801 | Epoch: [84][ 80/254]	Time   0.30 (  0.44)	Data 0.0002 (0.1282)	Loss (L1) 2.979 (3.094)
2026-04-26 05:19:45,951 | Epoch: [84][ 90/254]	Time   0.31 (  0.43)	Data 0.0002 (0.1141)	Loss (L1) 3.034 (3.117)
2026-04-26 05:19:49,011 | Epoch: [84][100/254]	Time   0.32 (  0.41)	Data 0.0002 (0.1029)	Loss (L1) 2.836 (3.122)
2026-04-26 05:19:52,003 | Epoch: [84][110/254]	Time   0.32 (  0.40)	Data 0.0002 (0.0936)	Loss (L1) 3.143 (3.120)
2026-04-26 05:19:55,150 | Epoch: [84][120/254]	Time   0.30 (  0.40)	Data 0.0002 (0.0859)	Loss (L1) 2.937 (3.113)
2026-04-26 05:19:58,240 | Epoch: [84][130/254]	Time   0.31 (  0.39)	Data 0.0002 (0.0794)	Loss (L1) 3.083 (3.106)
2026-04-26 05:20:01,387 | Epoch: [84][140/254]	Time   0.28 (  0.38)	Data 0.0002 (0.0738)	Loss (L1) 3.215 (3.101)
2026-04-26 05:20:04,346 | Epoch: [84][150/254]	Time   0.30 (  0.38)	Data 0.0002 (0.0689)	Loss (L1) 2.694 (3.089)
2026-04-26 05:20:07,339 | Epoch: [84][160/254]	Time   0.29 (  0.37)	Data 0.0002 (0.0647)	Loss (L1) 3.310 (3.092)
2026-04-26 05:20:10,365 | Epoch: [84][170/254]	Time   0.31 (  0.37)	Data 0.0004 (0.0609)	Loss (L1) 3.004 (3.086)
2026-04-26 05:20:13,374 | Epoch: [84][180/254]	Time   0.29 (  0.37)	Data 0.0002 (0.0576)	Loss (L1) 3.023 (3.079)
2026-04-26 05:20:16,393 | Epoch: [84][190/254]	Time   0.29 (  0.36)	Data 0.0001 (0.0547)	Loss (L1) 3.038 (3.085)
2026-04-26 05:20:19,364 | Epoch: [84][200/254]	Time   0.29 (  0.36)	Data 0.0001 (0.0520)	Loss (L1) 3.316 (3.089)
2026-04-26 05:20:22,268 | Epoch: [84][210/254]	Time   0.29 (  0.36)	Data 0.0001 (0.0495)	Loss (L1) 2.915 (3.080)
2026-04-26 05:20:25,181 | Epoch: [84][220/254]	Time   0.29 (  0.35)	Data 0.0001 (0.0473)	Loss (L1) 3.060 (3.076)
2026-04-26 05:20:28,106 | Epoch: [84][230/254]	Time   0.29 (  0.35)	Data 0.0002 (0.0452)	Loss (L1) 3.120 (3.087)
2026-04-26 05:20:31,031 | Epoch: [84][240/254]	Time   0.29 (  0.35)	Data 0.0001 (0.0434)	Loss (L1) 2.964 (3.093)
2026-04-26 05:20:33,954 | Epoch: [84][250/254]	Time   0.29 (  0.35)	Data 0.0001 (0.0416)	Loss (L1) 3.218 (3.095)
2026-04-26 05:20:35,052 | Create Epoch [84] features of all training data...
2026-04-26 05:21:47,162 | Updated smoothed statistics on Epoch [84]!
2026-04-26 05:21:47,190 | Updated running statistics with Epoch [84] features!
2026-04-26 05:21:54,794 | Val: [ 0/25]	Time  7.603 ( 7.603)	Loss (MSE) 263.775 (263.775)	Loss (L1) 14.928 (14.928)
2026-04-26 05:21:58,057 | Val: [10/25]	Time  0.083 ( 0.988)	Loss (MSE) 56.259 (110.016)	Loss (L1) 6.082 (8.601)
2026-04-26 05:21:58,885 | Val: [20/25]	Time  0.083 ( 0.557)	Loss (MSE) 223.715 (109.294)	Loss (L1) 13.469 (8.545)
2026-04-26 05:21:59,443 |  * Overall: MSE 143.975	L1 9.855	G-Mean 6.737
2026-04-26 05:21:59,444 |  * Many: MSE 90.599	L1 7.676	G-Mean 5.125
2026-04-26 05:21:59,444 |  * Median: MSE 218.416	L1 13.327	G-Mean 11.087
2026-04-26 05:21:59,444 |  * Low: MSE 431.442	L1 20.015	G-Mean 19.231
2026-04-26 05:21:59,444 | Best L1 Loss: 9.454
2026-04-26 05:21:59,649 | Epoch #84: Train loss [3.0962]; Val loss: MSE [143.9748], L1 [9.8550], G-Mean [6.7368]
2026-04-26 05:22:11,186 | Epoch: [85][  0/254]	Time  11.54 ( 11.54)	Data 11.3188 (11.3188)	Loss (L1) 2.834 (2.834)
2026-04-26 05:22:14,335 | Epoch: [85][ 10/254]	Time   0.31 (  1.34)	Data 0.0002 (1.0472)	Loss (L1) 3.167 (3.195)
2026-04-26 05:22:17,364 | Epoch: [85][ 20/254]	Time   0.34 (  0.84)	Data 0.0005 (0.5486)	Loss (L1) 2.798 (3.092)
2026-04-26 05:22:20,512 | Epoch: [85][ 30/254]	Time   0.33 (  0.67)	Data 0.0002 (0.3717)	Loss (L1) 3.069 (3.100)
2026-04-26 05:22:23,581 | Epoch: [85][ 40/254]	Time   0.30 (  0.58)	Data 0.0001 (0.2811)	Loss (L1) 3.183 (3.099)
2026-04-26 05:22:26,746 | Epoch: [85][ 50/254]	Time   0.30 (  0.53)	Data 0.0001 (0.2260)	Loss (L1) 3.653 (3.101)
2026-04-26 05:22:29,894 | Epoch: [85][ 60/254]	Time   0.30 (  0.50)	Data 0.0002 (0.1890)	Loss (L1) 2.943 (3.118)
2026-04-26 05:22:32,955 | Epoch: [85][ 70/254]	Time   0.30 (  0.47)	Data 0.0003 (0.1624)	Loss (L1) 3.365 (3.118)
2026-04-26 05:22:35,974 | Epoch: [85][ 80/254]	Time   0.29 (  0.45)	Data 0.0002 (0.1425)	Loss (L1) 3.431 (3.106)
2026-04-26 05:22:39,011 | Epoch: [85][ 90/254]	Time   0.29 (  0.43)	Data 0.0001 (0.1270)	Loss (L1) 2.590 (3.107)
2026-04-26 05:22:42,042 | Epoch: [85][100/254]	Time   0.28 (  0.42)	Data 0.0002 (0.1145)	Loss (L1) 3.377 (3.109)
2026-04-26 05:22:45,235 | Epoch: [85][110/254]	Time   0.32 (  0.41)	Data 0.0002 (0.1042)	Loss (L1) 3.078 (3.109)
2026-04-26 05:22:48,240 | Epoch: [85][120/254]	Time   0.29 (  0.40)	Data 0.0001 (0.0956)	Loss (L1) 3.198 (3.109)
2026-04-26 05:22:51,251 | Epoch: [85][130/254]	Time   0.31 (  0.39)	Data 0.0002 (0.0883)	Loss (L1) 3.073 (3.101)
2026-04-26 05:22:54,300 | Epoch: [85][140/254]	Time   0.31 (  0.39)	Data 0.0001 (0.0820)	Loss (L1) 2.993 (3.092)
2026-04-26 05:22:57,354 | Epoch: [85][150/254]	Time   0.32 (  0.38)	Data 0.0003 (0.0766)	Loss (L1) 3.417 (3.105)
2026-04-26 05:23:00,383 | Epoch: [85][160/254]	Time   0.33 (  0.38)	Data 0.0002 (0.0719)	Loss (L1) 2.942 (3.107)
2026-04-26 05:23:03,337 | Epoch: [85][170/254]	Time   0.29 (  0.37)	Data 0.0002 (0.0677)	Loss (L1) 3.008 (3.104)
2026-04-26 05:23:06,338 | Epoch: [85][180/254]	Time   0.31 (  0.37)	Data 0.0002 (0.0640)	Loss (L1) 2.799 (3.100)
2026-04-26 05:23:09,335 | Epoch: [85][190/254]	Time   0.29 (  0.36)	Data 0.0001 (0.0608)	Loss (L1) 2.889 (3.107)
2026-04-26 05:23:12,271 | Epoch: [85][200/254]	Time   0.29 (  0.36)	Data 0.0001 (0.0577)	Loss (L1) 2.515 (3.105)
2026-04-26 05:23:15,190 | Epoch: [85][210/254]	Time   0.29 (  0.36)	Data 0.0001 (0.0550)	Loss (L1) 2.512 (3.101)
2026-04-26 05:23:18,123 | Epoch: [85][220/254]	Time   0.29 (  0.36)	Data 0.0001 (0.0525)	Loss (L1) 3.109 (3.106)
2026-04-26 05:23:21,044 | Epoch: [85][230/254]	Time   0.29 (  0.35)	Data 0.0001 (0.0503)	Loss (L1) 3.096 (3.108)
2026-04-26 05:23:23,961 | Epoch: [85][240/254]	Time   0.29 (  0.35)	Data 0.0001 (0.0482)	Loss (L1) 3.252 (3.106)
2026-04-26 05:23:26,886 | Epoch: [85][250/254]	Time   0.29 (  0.35)	Data 0.0001 (0.0463)	Loss (L1) 2.982 (3.106)
2026-04-26 05:23:27,977 | Create Epoch [85] features of all training data...
2026-04-26 05:24:39,856 | Updated smoothed statistics on Epoch [85]!
2026-04-26 05:24:39,884 | Updated running statistics with Epoch [85] features!
2026-04-26 05:24:48,262 | Val: [ 0/25]	Time  8.377 ( 8.377)	Loss (MSE) 265.705 (265.705)	Loss (L1) 14.990 (14.990)
2026-04-26 05:24:50,838 | Val: [10/25]	Time  0.083 ( 0.996)	Loss (MSE) 56.581 (111.265)	Loss (L1) 6.101 (8.657)
2026-04-26 05:24:51,667 | Val: [20/25]	Time  0.083 ( 0.561)	Loss (MSE) 228.708 (110.782)	Loss (L1) 13.668 (8.617)
2026-04-26 05:24:52,216 |  * Overall: MSE 146.790	L1 9.960	G-Mean 6.799
2026-04-26 05:24:52,216 |  * Many: MSE 91.890	L1 7.743	G-Mean 5.155
2026-04-26 05:24:52,216 |  * Median: MSE 222.753	L1 13.482	G-Mean 11.272
2026-04-26 05:24:52,216 |  * Low: MSE 444.661	L1 20.346	G-Mean 19.570
2026-04-26 05:24:52,217 | Best L1 Loss: 9.454
2026-04-26 05:24:52,426 | Epoch #85: Train loss [3.1052]; Val loss: MSE [146.7904], L1 [9.9605], G-Mean [6.7987]
2026-04-26 05:25:03,890 | Epoch: [86][  0/254]	Time  11.46 ( 11.46)	Data 11.2301 (11.2301)	Loss (L1) 3.156 (3.156)
2026-04-26 05:25:07,143 | Epoch: [86][ 10/254]	Time   0.32 (  1.34)	Data 0.0002 (1.0452)	Loss (L1) 3.757 (3.241)
2026-04-26 05:25:10,171 | Epoch: [86][ 20/254]	Time   0.29 (  0.84)	Data 0.0002 (0.5476)	Loss (L1) 2.965 (3.144)
2026-04-26 05:25:13,208 | Epoch: [86][ 30/254]	Time   0.32 (  0.67)	Data 0.0001 (0.3710)	Loss (L1) 3.324 (3.159)
2026-04-26 05:25:16,262 | Epoch: [86][ 40/254]	Time   0.30 (  0.58)	Data 0.0003 (0.2811)	Loss (L1) 3.335 (3.128)
2026-04-26 05:25:19,304 | Epoch: [86][ 50/254]	Time   0.30 (  0.53)	Data 0.0002 (0.2261)	Loss (L1) 3.068 (3.135)
2026-04-26 05:25:22,435 | Epoch: [86][ 60/254]	Time   0.30 (  0.49)	Data 0.0002 (0.1891)	Loss (L1) 2.818 (3.123)
2026-04-26 05:25:25,527 | Epoch: [86][ 70/254]	Time   0.30 (  0.47)	Data 0.0002 (0.1625)	Loss (L1) 2.992 (3.100)
2026-04-26 05:25:28,487 | Epoch: [86][ 80/254]	Time   0.30 (  0.45)	Data 0.0004 (0.1426)	Loss (L1) 3.060 (3.091)
2026-04-26 05:25:31,543 | Epoch: [86][ 90/254]	Time   0.29 (  0.43)	Data 0.0002 (0.1270)	Loss (L1) 2.817 (3.090)
2026-04-26 05:25:34,631 | Epoch: [86][100/254]	Time   0.32 (  0.42)	Data 0.0001 (0.1144)	Loss (L1) 2.920 (3.082)
2026-04-26 05:25:37,738 | Epoch: [86][110/254]	Time   0.31 (  0.41)	Data 0.0002 (0.1041)	Loss (L1) 2.933 (3.075)
2026-04-26 05:25:40,808 | Epoch: [86][120/254]	Time   0.30 (  0.40)	Data 0.0001 (0.0955)	Loss (L1) 3.115 (3.087)
2026-04-26 05:25:43,806 | Epoch: [86][130/254]	Time   0.30 (  0.39)	Data 0.0003 (0.0883)	Loss (L1) 3.444 (3.081)
2026-04-26 05:25:46,873 | Epoch: [86][140/254]	Time   0.33 (  0.39)	Data 0.0002 (0.0820)	Loss (L1) 3.169 (3.087)
2026-04-26 05:25:49,896 | Epoch: [86][150/254]	Time   0.29 (  0.38)	Data 0.0002 (0.0767)	Loss (L1) 3.266 (3.089)
2026-04-26 05:25:52,948 | Epoch: [86][160/254]	Time   0.29 (  0.38)	Data 0.0003 (0.0720)	Loss (L1) 3.599 (3.099)
2026-04-26 05:25:55,931 | Epoch: [86][170/254]	Time   0.30 (  0.37)	Data 0.0002 (0.0678)	Loss (L1) 3.898 (3.104)
2026-04-26 05:25:59,008 | Epoch: [86][180/254]	Time   0.31 (  0.37)	Data 0.0002 (0.0640)	Loss (L1) 3.575 (3.113)
2026-04-26 05:26:02,058 | Epoch: [86][190/254]	Time   0.30 (  0.36)	Data 0.0001 (0.0609)	Loss (L1) 3.173 (3.105)
2026-04-26 05:26:05,039 | Epoch: [86][200/254]	Time   0.29 (  0.36)	Data 0.0001 (0.0579)	Loss (L1) 2.873 (3.102)
2026-04-26 05:26:07,971 | Epoch: [86][210/254]	Time   0.29 (  0.36)	Data 0.0001 (0.0551)	Loss (L1) 3.200 (3.101)
2026-04-26 05:26:10,912 | Epoch: [86][220/254]	Time   0.30 (  0.36)	Data 0.0001 (0.0526)	Loss (L1) 3.298 (3.098)
2026-04-26 05:26:13,851 | Epoch: [86][230/254]	Time   0.29 (  0.35)	Data 0.0001 (0.0504)	Loss (L1) 3.153 (3.094)
2026-04-26 05:26:16,784 | Epoch: [86][240/254]	Time   0.29 (  0.35)	Data 0.0001 (0.0483)	Loss (L1) 3.132 (3.094)
2026-04-26 05:26:19,719 | Epoch: [86][250/254]	Time   0.30 (  0.35)	Data 0.0001 (0.0464)	Loss (L1) 3.151 (3.100)
2026-04-26 05:26:20,816 | Create Epoch [86] features of all training data...
2026-04-26 05:27:32,707 | Updated smoothed statistics on Epoch [86]!
2026-04-26 05:27:32,735 | Updated running statistics with Epoch [86] features!
2026-04-26 05:27:41,833 | Val: [ 0/25]	Time  9.097 ( 9.097)	Loss (MSE) 257.186 (257.186)	Loss (L1) 14.702 (14.702)
2026-04-26 05:27:42,961 | Val: [10/25]	Time  0.083 ( 0.929)	Loss (MSE) 57.294 (107.716)	Loss (L1) 6.137 (8.496)
2026-04-26 05:27:43,789 | Val: [20/25]	Time  0.083 ( 0.526)	Loss (MSE) 236.082 (110.803)	Loss (L1) 13.837 (8.599)
2026-04-26 05:27:44,324 |  * Overall: MSE 147.280	L1 9.952	G-Mean 6.761
2026-04-26 05:27:44,324 |  * Many: MSE 93.060	L1 7.766	G-Mean 5.134
2026-04-26 05:27:44,324 |  * Median: MSE 221.667	L1 13.397	G-Mean 11.157
2026-04-26 05:27:44,324 |  * Low: MSE 443.766	L1 20.286	G-Mean 19.471
2026-04-26 05:27:44,325 | Best L1 Loss: 9.454
2026-04-26 05:27:44,531 | Epoch #86: Train loss [3.0975]; Val loss: MSE [147.2801], L1 [9.9520], G-Mean [6.7606]
2026-04-26 05:27:55,962 | Epoch: [87][  0/254]	Time  11.43 ( 11.43)	Data 11.1544 (11.1544)	Loss (L1) 3.454 (3.454)
2026-04-26 05:27:59,087 | Epoch: [87][ 10/254]	Time   0.32 (  1.32)	Data 0.0003 (1.0169)	Loss (L1) 2.936 (3.090)
2026-04-26 05:28:02,108 | Epoch: [87][ 20/254]	Time   0.33 (  0.84)	Data 0.0002 (0.5330)	Loss (L1) 2.842 (3.089)
2026-04-26 05:28:05,266 | Epoch: [87][ 30/254]	Time   0.34 (  0.67)	Data 0.0002 (0.3614)	Loss (L1) 2.844 (3.057)
2026-04-26 05:28:08,351 | Epoch: [87][ 40/254]	Time   0.32 (  0.58)	Data 0.0002 (0.2733)	Loss (L1) 2.565 (3.093)
2026-04-26 05:28:11,493 | Epoch: [87][ 50/254]	Time   0.30 (  0.53)	Data 0.0003 (0.2198)	Loss (L1) 2.876 (3.069)
2026-04-26 05:28:14,607 | Epoch: [87][ 60/254]	Time   0.30 (  0.49)	Data 0.0002 (0.1838)	Loss (L1) 3.244 (3.072)
2026-04-26 05:28:17,752 | Epoch: [87][ 70/254]	Time   0.30 (  0.47)	Data 0.0003 (0.1579)	Loss (L1) 2.937 (3.076)
2026-04-26 05:28:20,878 | Epoch: [87][ 80/254]	Time   0.29 (  0.45)	Data 0.0003 (0.1385)	Loss (L1) 3.367 (3.073)
2026-04-26 05:28:23,953 | Epoch: [87][ 90/254]	Time   0.30 (  0.43)	Data 0.0008 (0.1236)	Loss (L1) 2.996 (3.054)
2026-04-26 05:28:26,985 | Epoch: [87][100/254]	Time   0.30 (  0.42)	Data 0.0002 (0.1114)	Loss (L1) 3.081 (3.066)
2026-04-26 05:28:30,010 | Epoch: [87][110/254]	Time   0.30 (  0.41)	Data 0.0003 (0.1014)	Loss (L1) 3.714 (3.075)
2026-04-26 05:28:33,022 | Epoch: [87][120/254]	Time   0.31 (  0.40)	Data 0.0003 (0.0931)	Loss (L1) 3.282 (3.078)
2026-04-26 05:28:36,038 | Epoch: [87][130/254]	Time   0.31 (  0.39)	Data 0.0003 (0.0860)	Loss (L1) 3.352 (3.075)
2026-04-26 05:28:38,996 | Epoch: [87][140/254]	Time   0.29 (  0.39)	Data 0.0066 (0.0800)	Loss (L1) 3.055 (3.084)
2026-04-26 05:28:42,003 | Epoch: [87][150/254]	Time   0.33 (  0.38)	Data 0.0003 (0.0747)	Loss (L1) 3.101 (3.088)
2026-04-26 05:28:45,033 | Epoch: [87][160/254]	Time   0.30 (  0.38)	Data 0.0003 (0.0701)	Loss (L1) 3.490 (3.098)
2026-04-26 05:28:48,030 | Epoch: [87][170/254]	Time   0.31 (  0.37)	Data 0.0003 (0.0660)	Loss (L1) 3.079 (3.098)
2026-04-26 05:28:51,027 | Epoch: [87][180/254]	Time   0.30 (  0.37)	Data 0.0003 (0.0624)	Loss (L1) 3.592 (3.101)
2026-04-26 05:28:54,019 | Epoch: [87][190/254]	Time   0.29 (  0.36)	Data 0.0001 (0.0593)	Loss (L1) 3.603 (3.101)
2026-04-26 05:28:56,959 | Epoch: [87][200/254]	Time   0.30 (  0.36)	Data 0.0001 (0.0563)	Loss (L1) 2.817 (3.109)
2026-04-26 05:28:59,891 | Epoch: [87][210/254]	Time   0.29 (  0.36)	Data 0.0001 (0.0537)	Loss (L1) 3.168 (3.109)
2026-04-26 05:29:02,816 | Epoch: [87][220/254]	Time   0.29 (  0.35)	Data 0.0001 (0.0512)	Loss (L1) 2.919 (3.106)
2026-04-26 05:29:05,752 | Epoch: [87][230/254]	Time   0.29 (  0.35)	Data 0.0001 (0.0490)	Loss (L1) 2.825 (3.105)
2026-04-26 05:29:08,687 | Epoch: [87][240/254]	Time   0.29 (  0.35)	Data 0.0001 (0.0470)	Loss (L1) 3.213 (3.107)
2026-04-26 05:29:11,621 | Epoch: [87][250/254]	Time   0.29 (  0.35)	Data 0.0001 (0.0451)	Loss (L1) 2.942 (3.108)
2026-04-26 05:29:12,706 | Create Epoch [87] features of all training data...
2026-04-26 05:30:24,019 | Updated smoothed statistics on Epoch [87]!
2026-04-26 05:30:24,049 | Updated running statistics with Epoch [87] features!
2026-04-26 05:30:31,171 | Val: [ 0/25]	Time  7.121 ( 7.121)	Loss (MSE) 266.667 (266.667)	Loss (L1) 15.036 (15.036)
2026-04-26 05:30:34,461 | Val: [10/25]	Time  0.083 ( 0.946)	Loss (MSE) 56.552 (112.221)	Loss (L1) 6.087 (8.703)
2026-04-26 05:30:35,288 | Val: [20/25]	Time  0.083 ( 0.535)	Loss (MSE) 214.495 (108.806)	Loss (L1) 13.170 (8.536)
2026-04-26 05:30:35,830 |  * Overall: MSE 142.358	L1 9.814	G-Mean 6.707
2026-04-26 05:30:35,830 |  * Many: MSE 89.742	L1 7.653	G-Mean 5.099
2026-04-26 05:30:35,830 |  * Median: MSE 215.555	L1 13.260	G-Mean 11.064
2026-04-26 05:30:35,830 |  * Low: MSE 426.406	L1 19.886	G-Mean 19.091
2026-04-26 05:30:35,831 | Best L1 Loss: 9.454
2026-04-26 05:30:36,044 | Epoch #87: Train loss [3.1065]; Val loss: MSE [142.3581], L1 [9.8137], G-Mean [6.7067]
2026-04-26 05:30:45,038 | Epoch: [88][  0/254]	Time   8.99 (  8.99)	Data 8.7743 (8.7743)	Loss (L1) 3.163 (3.163)
2026-04-26 05:30:50,725 | Epoch: [88][ 10/254]	Time   0.32 (  1.33)	Data 0.0002 (1.0239)	Loss (L1) 3.120 (3.117)
2026-04-26 05:30:53,849 | Epoch: [88][ 20/254]	Time   0.33 (  0.85)	Data 0.0002 (0.5367)	Loss (L1) 3.212 (3.104)
2026-04-26 05:30:57,007 | Epoch: [88][ 30/254]	Time   0.31 (  0.68)	Data 0.0002 (0.3636)	Loss (L1) 2.905 (3.120)
2026-04-26 05:31:00,131 | Epoch: [88][ 40/254]	Time   0.30 (  0.59)	Data 0.0002 (0.2751)	Loss (L1) 2.956 (3.071)
2026-04-26 05:31:03,279 | Epoch: [88][ 50/254]	Time   0.29 (  0.53)	Data 0.0002 (0.2212)	Loss (L1) 2.835 (3.070)
2026-04-26 05:31:06,437 | Epoch: [88][ 60/254]	Time   0.34 (  0.50)	Data 0.0002 (0.1850)	Loss (L1) 3.244 (3.066)
2026-04-26 05:31:09,503 | Epoch: [88][ 70/254]	Time   0.31 (  0.47)	Data 0.0002 (0.1590)	Loss (L1) 3.478 (3.063)
2026-04-26 05:31:12,567 | Epoch: [88][ 80/254]	Time   0.29 (  0.45)	Data 0.0002 (0.1394)	Loss (L1) 3.202 (3.060)
2026-04-26 05:31:15,665 | Epoch: [88][ 90/254]	Time   0.29 (  0.44)	Data 0.0002 (0.1241)	Loss (L1) 3.155 (3.062)
2026-04-26 05:31:18,697 | Epoch: [88][100/254]	Time   0.30 (  0.42)	Data 0.0003 (0.1118)	Loss (L1) 3.612 (3.069)
2026-04-26 05:31:21,777 | Epoch: [88][110/254]	Time   0.36 (  0.41)	Data 0.0002 (0.1018)	Loss (L1) 2.946 (3.062)
2026-04-26 05:31:24,860 | Epoch: [88][120/254]	Time   0.30 (  0.40)	Data 0.0002 (0.0934)	Loss (L1) 2.932 (3.073)
2026-04-26 05:31:27,889 | Epoch: [88][130/254]	Time   0.31 (  0.40)	Data 0.0002 (0.0863)	Loss (L1) 3.291 (3.068)
2026-04-26 05:31:30,941 | Epoch: [88][140/254]	Time   0.31 (  0.39)	Data 0.0002 (0.0802)	Loss (L1) 3.132 (3.074)
2026-04-26 05:31:34,106 | Epoch: [88][150/254]	Time   0.30 (  0.38)	Data 0.0002 (0.0749)	Loss (L1) 3.361 (3.083)
2026-04-26 05:31:37,122 | Epoch: [88][160/254]	Time   0.30 (  0.38)	Data 0.0002 (0.0702)	Loss (L1) 2.929 (3.084)
2026-04-26 05:31:40,129 | Epoch: [88][170/254]	Time   0.30 (  0.37)	Data 0.0002 (0.0661)	Loss (L1) 2.896 (3.080)
2026-04-26 05:31:43,110 | Epoch: [88][180/254]	Time   0.30 (  0.37)	Data 0.0002 (0.0625)	Loss (L1) 3.496 (3.089)
2026-04-26 05:31:46,109 | Epoch: [88][190/254]	Time   0.30 (  0.37)	Data 0.0001 (0.0594)	Loss (L1) 3.224 (3.097)
2026-04-26 05:31:49,061 | Epoch: [88][200/254]	Time   0.29 (  0.36)	Data 0.0001 (0.0565)	Loss (L1) 2.966 (3.094)
2026-04-26 05:31:51,994 | Epoch: [88][210/254]	Time   0.29 (  0.36)	Data 0.0001 (0.0538)	Loss (L1) 3.518 (3.104)
2026-04-26 05:31:54,914 | Epoch: [88][220/254]	Time   0.29 (  0.36)	Data 0.0000 (0.0514)	Loss (L1) 2.665 (3.105)
2026-04-26 05:31:57,839 | Epoch: [88][230/254]	Time   0.29 (  0.35)	Data 0.0001 (0.0492)	Loss (L1) 3.004 (3.108)
2026-04-26 05:32:00,759 | Epoch: [88][240/254]	Time   0.29 (  0.35)	Data 0.0001 (0.0471)	Loss (L1) 3.172 (3.107)
2026-04-26 05:32:03,685 | Epoch: [88][250/254]	Time   0.29 (  0.35)	Data 0.0001 (0.0452)	Loss (L1) 2.908 (3.108)
2026-04-26 05:32:04,773 | Create Epoch [88] features of all training data...
2026-04-26 05:33:15,949 | Updated smoothed statistics on Epoch [88]!
2026-04-26 05:33:15,979 | Updated running statistics with Epoch [88] features!
2026-04-26 05:33:25,802 | Val: [ 0/25]	Time  9.821 ( 9.821)	Loss (MSE) 261.428 (261.428)	Loss (L1) 14.852 (14.852)
2026-04-26 05:33:26,629 | Val: [10/25]	Time  0.083 ( 0.968)	Loss (MSE) 55.838 (109.849)	Loss (L1) 6.053 (8.599)
2026-04-26 05:33:27,457 | Val: [20/25]	Time  0.083 ( 0.546)	Loss (MSE) 218.989 (108.456)	Loss (L1) 13.297 (8.514)
2026-04-26 05:33:27,997 |  * Overall: MSE 142.344	L1 9.799	G-Mean 6.691
2026-04-26 05:33:27,997 |  * Many: MSE 89.898	L1 7.648	G-Mean 5.093
2026-04-26 05:33:27,997 |  * Median: MSE 215.798	L1 13.241	G-Mean 11.018
2026-04-26 05:33:27,997 |  * Low: MSE 423.680	L1 19.788	G-Mean 18.959
2026-04-26 05:33:27,998 | Best L1 Loss: 9.454
2026-04-26 05:33:28,207 | Epoch #88: Train loss [3.1067]; Val loss: MSE [142.3442], L1 [9.7992], G-Mean [6.6915]
2026-04-26 05:33:40,491 | Epoch: [89][  0/254]	Time  12.28 ( 12.28)	Data 12.1004 (12.1004)	Loss (L1) 2.856 (2.856)
2026-04-26 05:33:43,418 | Epoch: [89][ 10/254]	Time   0.29 (  1.38)	Data 0.0002 (1.1002)	Loss (L1) 2.999 (3.039)
2026-04-26 05:33:46,452 | Epoch: [89][ 20/254]	Time   0.35 (  0.87)	Data 0.0001 (0.5764)	Loss (L1) 3.931 (3.074)
2026-04-26 05:33:49,531 | Epoch: [89][ 30/254]	Time   0.31 (  0.69)	Data 0.0001 (0.3905)	Loss (L1) 3.327 (3.085)
2026-04-26 05:33:52,590 | Epoch: [89][ 40/254]	Time   0.31 (  0.59)	Data 0.0057 (0.2955)	Loss (L1) 3.261 (3.109)
2026-04-26 05:33:55,665 | Epoch: [89][ 50/254]	Time   0.33 (  0.54)	Data 0.0002 (0.2376)	Loss (L1) 2.906 (3.117)
2026-04-26 05:33:58,694 | Epoch: [89][ 60/254]	Time   0.30 (  0.50)	Data 0.0002 (0.1987)	Loss (L1) 3.077 (3.129)
2026-04-26 05:34:01,674 | Epoch: [89][ 70/254]	Time   0.30 (  0.47)	Data 0.0002 (0.1707)	Loss (L1) 2.912 (3.129)
2026-04-26 05:34:04,795 | Epoch: [89][ 80/254]	Time   0.34 (  0.45)	Data 0.0105 (0.1498)	Loss (L1) 3.159 (3.115)
2026-04-26 05:34:07,791 | Epoch: [89][ 90/254]	Time   0.31 (  0.43)	Data 0.0002 (0.1334)	Loss (L1) 3.448 (3.127)
2026-04-26 05:34:10,856 | Epoch: [89][100/254]	Time   0.30 (  0.42)	Data 0.0002 (0.1202)	Loss (L1) 3.182 (3.130)
2026-04-26 05:34:13,976 | Epoch: [89][110/254]	Time   0.29 (  0.41)	Data 0.0003 (0.1095)	Loss (L1) 3.285 (3.130)
2026-04-26 05:34:17,022 | Epoch: [89][120/254]	Time   0.33 (  0.40)	Data 0.0002 (0.1004)	Loss (L1) 2.696 (3.126)
2026-04-26 05:34:20,083 | Epoch: [89][130/254]	Time   0.34 (  0.40)	Data 0.0002 (0.0928)	Loss (L1) 2.915 (3.123)
2026-04-26 05:34:23,068 | Epoch: [89][140/254]	Time   0.29 (  0.39)	Data 0.0002 (0.0862)	Loss (L1) 3.367 (3.116)
2026-04-26 05:34:26,055 | Epoch: [89][150/254]	Time   0.30 (  0.38)	Data 0.0001 (0.0805)	Loss (L1) 2.963 (3.111)
2026-04-26 05:34:29,099 | Epoch: [89][160/254]	Time   0.31 (  0.38)	Data 0.0004 (0.0755)	Loss (L1) 3.737 (3.115)
2026-04-26 05:34:32,051 | Epoch: [89][170/254]	Time   0.29 (  0.37)	Data 0.0002 (0.0712)	Loss (L1) 3.178 (3.111)
2026-04-26 05:34:35,045 | Epoch: [89][180/254]	Time   0.30 (  0.37)	Data 0.0003 (0.0673)	Loss (L1) 3.083 (3.109)
2026-04-26 05:34:37,996 | Epoch: [89][190/254]	Time   0.29 (  0.37)	Data 0.0001 (0.0640)	Loss (L1) 3.292 (3.105)
2026-04-26 05:34:40,944 | Epoch: [89][200/254]	Time   0.29 (  0.36)	Data 0.0001 (0.0608)	Loss (L1) 3.070 (3.102)
2026-04-26 05:34:43,870 | Epoch: [89][210/254]	Time   0.29 (  0.36)	Data 0.0001 (0.0579)	Loss (L1) 3.500 (3.108)
2026-04-26 05:34:46,788 | Epoch: [89][220/254]	Time   0.29 (  0.36)	Data 0.0001 (0.0553)	Loss (L1) 3.066 (3.103)
2026-04-26 05:34:49,705 | Epoch: [89][230/254]	Time   0.29 (  0.35)	Data 0.0001 (0.0529)	Loss (L1) 3.284 (3.103)
2026-04-26 05:34:52,630 | Epoch: [89][240/254]	Time   0.29 (  0.35)	Data 0.0001 (0.0507)	Loss (L1) 4.053 (3.105)
2026-04-26 05:34:55,549 | Epoch: [89][250/254]	Time   0.29 (  0.35)	Data 0.0001 (0.0487)	Loss (L1) 3.278 (3.107)
2026-04-26 05:34:56,641 | Create Epoch [89] features of all training data...
2026-04-26 05:36:09,408 | Updated smoothed statistics on Epoch [89]!
2026-04-26 05:36:09,438 | Updated running statistics with Epoch [89] features!
2026-04-26 05:36:15,050 | Val: [ 0/25]	Time  5.610 ( 5.610)	Loss (MSE) 257.417 (257.417)	Loss (L1) 14.724 (14.724)
2026-04-26 05:36:20,058 | Val: [10/25]	Time  0.083 ( 0.965)	Loss (MSE) 56.812 (107.981)	Loss (L1) 6.107 (8.516)
2026-04-26 05:36:20,887 | Val: [20/25]	Time  0.083 ( 0.545)	Loss (MSE) 235.822 (110.856)	Loss (L1) 13.843 (8.610)
2026-04-26 05:36:21,421 |  * Overall: MSE 147.718	L1 9.971	G-Mean 6.794
2026-04-26 05:36:21,421 |  * Many: MSE 93.065	L1 7.777	G-Mean 5.170
2026-04-26 05:36:21,421 |  * Median: MSE 222.681	L1 13.427	G-Mean 11.149
2026-04-26 05:36:21,421 |  * Low: MSE 446.624	L1 20.350	G-Mean 19.526
2026-04-26 05:36:21,422 | Best L1 Loss: 9.454
2026-04-26 05:36:21,630 | Epoch #89: Train loss [3.1050]; Val loss: MSE [147.7179], L1 [9.9708], G-Mean [6.7940]
2026-04-26 05:36:21,630 | ========================================================================================================================
2026-04-26 05:36:21,630 | Test best model on testset...
2026-04-26 05:36:23,288 | Loaded best model, epoch 50, best val loss 9.4540
2026-04-26 05:36:28,073 | Test: [ 0/20]	Time  4.784 ( 4.784)	Loss (MSE) 134.662 (134.662)	Loss (L1) 10.085 (10.085)
2026-04-26 05:36:29,946 | Test: [10/20]	Time  0.083 ( 0.605)	Loss (MSE) 40.953 (53.883)	Loss (L1) 5.230 (5.682)
2026-04-26 05:36:31,655 |  * Overall: MSE 118.860	L1 8.216	G-Mean 5.104
2026-04-26 05:36:31,655 |  * Many: MSE 68.663	L1 6.227	G-Mean 3.904
2026-04-26 05:36:31,655 |  * Median: MSE 203.453	L1 12.053	G-Mean 9.676
2026-04-26 05:36:31,655 |  * Low: MSE 428.632	L1 19.558	G-Mean 18.565
2026-04-26 05:36:31,655 | Test loss: MSE [118.8600], L1 [8.2162], G-Mean [5.1039]
Done
