2026-04-26 01:01:21,826 | Args: Namespace(lds=False, lds_kernel='gaussian', lds_ks=9, lds_sigma=1, fds=False, fds_kernel='gaussian', fds_ks=9, fds_sigma=1, start_update=0, start_smooth=1, bucket_num=80, bucket_start=0, fds_mmt=0.9, reweight='none', retrain_fc=False, dataset='skyfinder_30_balanced', data_dir='./data', model='resnet50', store_root='checkpoint', store_name='skyfinder_30_balanced_resnet50_Vanilla_adam_l1_0.001_256', gpu=1, optimizer='adam', loss='l1', lr=0.001, epoch=90, momentum=0.9, weight_decay=0.0001, schedule=[60, 80], batch_size=256, print_freq=10, img_size=224, workers=32, resume='', pretrained='/gpfs/data/shenlab/hc4549/ucla/imbalanced-regression/pretrained/resnet50-19c8e357.pth', evaluate=False, fusion=False, feature_extract=False, augment=True, start_epoch=0, best_loss=100000.0)
2026-04-26 01:01:21,826 | Store name: skyfinder_30_balanced_resnet50_Vanilla_adam_l1_0.001_256
2026-04-26 01:01:21,826 | Use GPU: 1 for training
2026-04-26 01:01:21,826 | =====> Preparing data...
2026-04-26 01:01:21,826 | File (.csv): skyfinder_30_balanced.csv
2026-04-26 01:01:21,994 | Training data size: 64939
2026-04-26 01:01:21,994 | Validation data size: 6270
2026-04-26 01:01:21,994 | Test data size: 5117
2026-04-26 01:01:21,995 | =====> Building model...
2026-04-26 01:01:22,952 | ===> Pretrained weights found in total: [265]
2026-04-26 01:01:22,953 | ===> Pre-trained model loaded: /gpfs/data/shenlab/hc4549/ucla/imbalanced-regression/pretrained/resnet50-19c8e357.pth
2026-04-26 01:01:44,333 | Epoch: [0][  0/254]	Time  21.38 ( 21.38)	Data 11.5261 (11.5261)	Loss (L1) 43.165 (43.165)
2026-04-26 01:01:46,808 | Epoch: [0][ 10/254]	Time   0.26 (  2.17)	Data 0.0002 (1.0482)	Loss (L1) 8.063 (21.652)
2026-04-26 01:01:49,459 | Epoch: [0][ 20/254]	Time   0.26 (  1.26)	Data 0.0002 (0.5492)	Loss (L1) 7.440 (15.332)
2026-04-26 01:01:52,095 | Epoch: [0][ 30/254]	Time   0.26 (  0.94)	Data 0.0002 (0.3722)	Loss (L1) 7.604 (12.900)
2026-04-26 01:01:54,784 | Epoch: [0][ 40/254]	Time   0.26 (  0.78)	Data 0.0002 (0.2815)	Loss (L1) 8.216 (11.636)
2026-04-26 01:01:57,437 | Epoch: [0][ 50/254]	Time   0.25 (  0.68)	Data 0.0002 (0.2263)	Loss (L1) 7.061 (10.864)
2026-04-26 01:02:00,122 | Epoch: [0][ 60/254]	Time   0.26 (  0.61)	Data 0.0002 (0.1893)	Loss (L1) 7.620 (10.364)
2026-04-26 01:02:02,782 | Epoch: [0][ 70/254]	Time   0.27 (  0.56)	Data 0.0002 (0.1627)	Loss (L1) 7.318 (9.984)
2026-04-26 01:02:05,421 | Epoch: [0][ 80/254]	Time   0.26 (  0.52)	Data 0.0002 (0.1427)	Loss (L1) 7.599 (9.698)
2026-04-26 01:02:08,182 | Epoch: [0][ 90/254]	Time   0.26 (  0.50)	Data 0.0002 (0.1270)	Loss (L1) 7.145 (9.451)
2026-04-26 01:02:10,944 | Epoch: [0][100/254]	Time   0.27 (  0.48)	Data 0.0002 (0.1146)	Loss (L1) 7.011 (9.257)
2026-04-26 01:02:13,674 | Epoch: [0][110/254]	Time   0.28 (  0.46)	Data 0.0002 (0.1043)	Loss (L1) 7.522 (9.088)
2026-04-26 01:02:16,368 | Epoch: [0][120/254]	Time   0.26 (  0.44)	Data 0.0002 (0.0958)	Loss (L1) 7.629 (8.947)
2026-04-26 01:02:19,049 | Epoch: [0][130/254]	Time   0.26 (  0.43)	Data 0.0002 (0.0888)	Loss (L1) 7.672 (8.836)
2026-04-26 01:02:21,791 | Epoch: [0][140/254]	Time   0.29 (  0.42)	Data 0.0002 (0.0826)	Loss (L1) 7.380 (8.728)
2026-04-26 01:02:24,467 | Epoch: [0][150/254]	Time   0.26 (  0.41)	Data 0.0002 (0.0771)	Loss (L1) 7.146 (8.617)
2026-04-26 01:02:27,152 | Epoch: [0][160/254]	Time   0.26 (  0.40)	Data 0.0222 (0.0725)	Loss (L1) 7.839 (8.522)
2026-04-26 01:02:29,821 | Epoch: [0][170/254]	Time   0.27 (  0.39)	Data 0.0002 (0.0683)	Loss (L1) 7.691 (8.440)
2026-04-26 01:02:32,537 | Epoch: [0][180/254]	Time   0.27 (  0.38)	Data 0.0002 (0.0647)	Loss (L1) 6.789 (8.363)
2026-04-26 01:02:35,293 | Epoch: [0][190/254]	Time   0.27 (  0.38)	Data 0.0002 (0.0614)	Loss (L1) 7.536 (8.310)
2026-04-26 01:02:38,064 | Epoch: [0][200/254]	Time   0.30 (  0.37)	Data 0.0001 (0.0583)	Loss (L1) 7.585 (8.250)
2026-04-26 01:02:40,733 | Epoch: [0][210/254]	Time   0.26 (  0.37)	Data 0.0001 (0.0556)	Loss (L1) 7.559 (8.197)
2026-04-26 01:02:43,389 | Epoch: [0][220/254]	Time   0.27 (  0.36)	Data 0.0001 (0.0531)	Loss (L1) 7.484 (8.161)
2026-04-26 01:02:46,051 | Epoch: [0][230/254]	Time   0.27 (  0.36)	Data 0.0003 (0.0508)	Loss (L1) 6.894 (8.112)
2026-04-26 01:02:48,707 | Epoch: [0][240/254]	Time   0.27 (  0.36)	Data 0.0001 (0.0487)	Loss (L1) 6.966 (8.066)
2026-04-26 01:02:51,365 | Epoch: [0][250/254]	Time   0.27 (  0.35)	Data 0.0001 (0.0467)	Loss (L1) 7.241 (8.017)
2026-04-26 01:03:02,628 | Val: [ 0/25]	Time  8.688 ( 8.688)	Loss (MSE) 397.272 (397.272)	Loss (L1) 17.771 (17.771)
2026-04-26 01:03:04,849 | Val: [10/25]	Time  0.084 ( 0.992)	Loss (MSE) 75.914 (155.271)	Loss (L1) 6.950 (10.348)
2026-04-26 01:03:05,685 | Val: [20/25]	Time  0.083 ( 0.559)	Loss (MSE) 355.236 (152.470)	Loss (L1) 17.754 (10.374)
2026-04-26 01:03:06,534 |  * Overall: MSE 219.581	L1 12.369	G-Mean 8.722
2026-04-26 01:03:06,534 |  * Many: MSE 125.669	L1 9.427	G-Mean 6.701
2026-04-26 01:03:06,534 |  * Median: MSE 338.298	L1 16.723	G-Mean 13.677
2026-04-26 01:03:06,534 |  * Low: MSE 769.829	L1 27.309	G-Mean 26.779
2026-04-26 01:03:06,535 | Best L1 Loss: 12.369
2026-04-26 01:03:06,753 | ===> Saving current best checkpoint...
2026-04-26 01:03:07,228 | Epoch #0: Train loss [8.0034]; Val loss: MSE [219.5807], L1 [12.3695], G-Mean [8.7222]
2026-04-26 01:03:17,531 | Epoch: [1][  0/254]	Time  10.30 ( 10.30)	Data 10.0100 (10.0100)	Loss (L1) 7.074 (7.074)
2026-04-26 01:03:20,451 | Epoch: [1][ 10/254]	Time   0.27 (  1.20)	Data 0.0002 (0.9387)	Loss (L1) 6.973 (6.830)
2026-04-26 01:03:23,130 | Epoch: [1][ 20/254]	Time   0.29 (  0.76)	Data 0.0002 (0.4923)	Loss (L1) 7.137 (6.948)
2026-04-26 01:03:25,819 | Epoch: [1][ 30/254]	Time   0.26 (  0.60)	Data 0.0002 (0.3343)	Loss (L1) 7.084 (6.976)
2026-04-26 01:03:29,015 | Epoch: [1][ 40/254]	Time   0.27 (  0.53)	Data 0.0002 (0.2729)	Loss (L1) 6.839 (7.009)
2026-04-26 01:03:31,696 | Epoch: [1][ 50/254]	Time   0.27 (  0.48)	Data 0.0002 (0.2198)	Loss (L1) 6.644 (6.992)
2026-04-26 01:03:34,388 | Epoch: [1][ 60/254]	Time   0.27 (  0.45)	Data 0.0002 (0.1841)	Loss (L1) 6.660 (6.971)
2026-04-26 01:03:38,728 | Epoch: [1][ 70/254]	Time   0.27 (  0.44)	Data 0.0015 (0.1836)	Loss (L1) 6.174 (6.959)
2026-04-26 01:03:41,379 | Epoch: [1][ 80/254]	Time   0.27 (  0.42)	Data 0.0002 (0.1610)	Loss (L1) 6.815 (6.939)
2026-04-26 01:03:44,152 | Epoch: [1][ 90/254]	Time   0.29 (  0.41)	Data 0.0002 (0.1437)	Loss (L1) 6.903 (6.917)
2026-04-26 01:03:47,918 | Epoch: [1][100/254]	Time   0.27 (  0.40)	Data 0.0002 (0.1417)	Loss (L1) 7.719 (6.917)
2026-04-26 01:03:50,630 | Epoch: [1][110/254]	Time   0.27 (  0.39)	Data 0.0002 (0.1290)	Loss (L1) 6.779 (6.907)
2026-04-26 01:03:53,335 | Epoch: [1][120/254]	Time   0.27 (  0.38)	Data 0.0002 (0.1184)	Loss (L1) 6.546 (6.892)
2026-04-26 01:03:56,157 | Epoch: [1][130/254]	Time   0.31 (  0.37)	Data 0.0003 (0.1095)	Loss (L1) 7.089 (6.874)
2026-04-26 01:03:58,850 | Epoch: [1][140/254]	Time   0.26 (  0.37)	Data 0.0002 (0.1017)	Loss (L1) 6.883 (6.858)
2026-04-26 01:04:01,534 | Epoch: [1][150/254]	Time   0.27 (  0.36)	Data 0.0002 (0.0950)	Loss (L1) 6.498 (6.851)
2026-04-26 01:04:05,656 | Epoch: [1][160/254]	Time   1.66 (  0.36)	Data 1.5574 (0.0988)	Loss (L1) 6.303 (6.844)
2026-04-26 01:04:08,367 | Epoch: [1][170/254]	Time   0.27 (  0.36)	Data 0.0002 (0.0931)	Loss (L1) 6.447 (6.822)
2026-04-26 01:04:11,101 | Epoch: [1][180/254]	Time   0.28 (  0.35)	Data 0.0003 (0.0879)	Loss (L1) 6.783 (6.793)
2026-04-26 01:04:13,824 | Epoch: [1][190/254]	Time   0.27 (  0.35)	Data 0.0001 (0.0834)	Loss (L1) 6.272 (6.769)
2026-04-26 01:04:16,672 | Epoch: [1][200/254]	Time   0.27 (  0.35)	Data 0.0001 (0.0808)	Loss (L1) 6.606 (6.745)
2026-04-26 01:04:19,386 | Epoch: [1][210/254]	Time   0.27 (  0.34)	Data 0.0002 (0.0770)	Loss (L1) 6.164 (6.736)
2026-04-26 01:04:22,078 | Epoch: [1][220/254]	Time   0.26 (  0.34)	Data 0.0002 (0.0735)	Loss (L1) 6.193 (6.734)
2026-04-26 01:04:24,738 | Epoch: [1][230/254]	Time   0.26 (  0.34)	Data 0.0002 (0.0703)	Loss (L1) 6.585 (6.726)
2026-04-26 01:04:27,393 | Epoch: [1][240/254]	Time   0.27 (  0.33)	Data 0.0001 (0.0674)	Loss (L1) 6.144 (6.708)
2026-04-26 01:04:30,049 | Epoch: [1][250/254]	Time   0.27 (  0.33)	Data 0.0001 (0.0647)	Loss (L1) 6.267 (6.694)
2026-04-26 01:04:38,580 | Val: [ 0/25]	Time  7.587 ( 7.587)	Loss (MSE) 400.223 (400.223)	Loss (L1) 18.209 (18.209)
2026-04-26 01:04:41,625 | Val: [10/25]	Time  0.084 ( 0.967)	Loss (MSE) 45.841 (146.228)	Loss (L1) 5.466 (10.021)
2026-04-26 01:04:42,463 | Val: [20/25]	Time  0.084 ( 0.546)	Loss (MSE) 294.316 (132.704)	Loss (L1) 16.290 (9.515)
2026-04-26 01:04:42,966 |  * Overall: MSE 195.253	L1 11.472	G-Mean 7.791
2026-04-26 01:04:42,966 |  * Many: MSE 100.807	L1 8.313	G-Mean 5.730
2026-04-26 01:04:42,966 |  * Median: MSE 313.355	L1 16.280	G-Mean 13.462
2026-04-26 01:04:42,966 |  * Low: MSE 753.319	L1 27.013	G-Mean 26.521
2026-04-26 01:04:42,967 | Best L1 Loss: 11.472
2026-04-26 01:04:43,184 | ===> Saving current best checkpoint...
2026-04-26 01:04:43,657 | Epoch #1: Train loss [6.6923]; Val loss: MSE [195.2533], L1 [11.4715], G-Mean [7.7907]
2026-04-26 01:04:54,577 | Epoch: [2][  0/254]	Time  10.92 ( 10.92)	Data 10.7859 (10.7859)	Loss (L1) 5.739 (5.739)
2026-04-26 01:04:58,870 | Epoch: [2][ 10/254]	Time   0.26 (  1.38)	Data 0.0004 (1.1419)	Loss (L1) 6.728 (6.260)
2026-04-26 01:05:01,592 | Epoch: [2][ 20/254]	Time   0.27 (  0.85)	Data 0.0005 (0.5983)	Loss (L1) 6.507 (6.209)
2026-04-26 01:05:04,377 | Epoch: [2][ 30/254]	Time   0.27 (  0.67)	Data 0.0002 (0.4057)	Loss (L1) 6.382 (6.296)
2026-04-26 01:05:07,118 | Epoch: [2][ 40/254]	Time   0.26 (  0.57)	Data 0.0002 (0.3069)	Loss (L1) 6.900 (6.382)
2026-04-26 01:05:09,769 | Epoch: [2][ 50/254]	Time   0.26 (  0.51)	Data 0.0002 (0.2468)	Loss (L1) 6.558 (6.384)
2026-04-26 01:05:12,557 | Epoch: [2][ 60/254]	Time   0.26 (  0.47)	Data 0.0003 (0.2063)	Loss (L1) 5.841 (6.378)
2026-04-26 01:05:15,675 | Epoch: [2][ 70/254]	Time   0.27 (  0.45)	Data 0.0002 (0.1850)	Loss (L1) 7.151 (6.390)
2026-04-26 01:05:18,360 | Epoch: [2][ 80/254]	Time   0.25 (  0.43)	Data 0.0002 (0.1622)	Loss (L1) 6.284 (6.396)
2026-04-26 01:05:21,057 | Epoch: [2][ 90/254]	Time   0.27 (  0.41)	Data 0.0002 (0.1444)	Loss (L1) 5.979 (6.365)
2026-04-26 01:05:24,060 | Epoch: [2][100/254]	Time   0.26 (  0.40)	Data 0.0002 (0.1345)	Loss (L1) 6.089 (6.333)
2026-04-26 01:05:26,758 | Epoch: [2][110/254]	Time   0.26 (  0.39)	Data 0.0002 (0.1224)	Loss (L1) 6.748 (6.330)
2026-04-26 01:05:29,449 | Epoch: [2][120/254]	Time   0.30 (  0.38)	Data 0.0002 (0.1123)	Loss (L1) 6.416 (6.314)
2026-04-26 01:05:33,836 | Epoch: [2][130/254]	Time   0.28 (  0.38)	Data 0.0002 (0.1176)	Loss (L1) 6.635 (6.306)
2026-04-26 01:05:36,535 | Epoch: [2][140/254]	Time   0.27 (  0.38)	Data 0.0002 (0.1093)	Loss (L1) 5.866 (6.291)
2026-04-26 01:05:39,225 | Epoch: [2][150/254]	Time   0.27 (  0.37)	Data 0.0002 (0.1021)	Loss (L1) 6.296 (6.278)
2026-04-26 01:05:41,906 | Epoch: [2][160/254]	Time   0.27 (  0.36)	Data 0.0002 (0.0958)	Loss (L1) 6.100 (6.269)
2026-04-26 01:05:45,212 | Epoch: [2][170/254]	Time   0.27 (  0.36)	Data 0.0002 (0.0943)	Loss (L1) 6.106 (6.257)
2026-04-26 01:05:47,960 | Epoch: [2][180/254]	Time   0.30 (  0.36)	Data 0.0004 (0.0891)	Loss (L1) 6.229 (6.251)
2026-04-26 01:05:50,686 | Epoch: [2][190/254]	Time   0.28 (  0.35)	Data 0.0001 (0.0845)	Loss (L1) 6.131 (6.240)
2026-04-26 01:05:54,676 | Epoch: [2][200/254]	Time   0.26 (  0.35)	Data 0.0001 (0.0876)	Loss (L1) 6.265 (6.236)
2026-04-26 01:05:57,357 | Epoch: [2][210/254]	Time   0.27 (  0.35)	Data 0.0001 (0.0834)	Loss (L1) 6.309 (6.232)
2026-04-26 01:06:00,026 | Epoch: [2][220/254]	Time   0.27 (  0.35)	Data 0.0001 (0.0797)	Loss (L1) 6.761 (6.233)
2026-04-26 01:06:02,678 | Epoch: [2][230/254]	Time   0.27 (  0.34)	Data 0.0001 (0.0762)	Loss (L1) 6.554 (6.228)
2026-04-26 01:06:05,334 | Epoch: [2][240/254]	Time   0.27 (  0.34)	Data 0.0001 (0.0731)	Loss (L1) 6.313 (6.224)
2026-04-26 01:06:07,990 | Epoch: [2][250/254]	Time   0.27 (  0.34)	Data 0.0001 (0.0702)	Loss (L1) 6.017 (6.211)
2026-04-26 01:06:17,865 | Val: [ 0/25]	Time  8.925 ( 8.925)	Loss (MSE) 178.405 (178.405)	Loss (L1) 11.479 (11.479)
2026-04-26 01:06:20,019 | Val: [10/25]	Time  0.084 ( 1.007)	Loss (MSE) 51.725 (79.863)	Loss (L1) 5.656 (7.249)
2026-04-26 01:06:20,860 | Val: [20/25]	Time  0.084 ( 0.568)	Loss (MSE) 509.067 (148.241)	Loss (L1) 21.608 (9.834)
2026-04-26 01:06:21,335 |  * Overall: MSE 250.896	L1 12.534	G-Mean 8.099
2026-04-26 01:06:21,335 |  * Many: MSE 139.652	L1 9.472	G-Mean 6.208
2026-04-26 01:06:21,335 |  * Median: MSE 359.616	L1 16.261	G-Mean 12.179
2026-04-26 01:06:21,335 |  * Low: MSE 1018.448	L1 30.994	G-Mean 29.636
2026-04-26 01:06:21,336 | Best L1 Loss: 11.472
2026-04-26 01:06:21,548 | Epoch #2: Train loss [6.2137]; Val loss: MSE [250.8964], L1 [12.5337], G-Mean [8.0988]
2026-04-26 01:06:31,809 | Epoch: [3][  0/254]	Time  10.26 ( 10.26)	Data 10.1341 (10.1341)	Loss (L1) 6.100 (6.100)
2026-04-26 01:06:34,728 | Epoch: [3][ 10/254]	Time   0.27 (  1.20)	Data 0.0002 (0.9860)	Loss (L1) 5.851 (6.037)
2026-04-26 01:06:37,434 | Epoch: [3][ 20/254]	Time   0.27 (  0.76)	Data 0.0001 (0.5166)	Loss (L1) 6.259 (6.021)
2026-04-26 01:06:40,133 | Epoch: [3][ 30/254]	Time   0.27 (  0.60)	Data 0.0002 (0.3500)	Loss (L1) 5.814 (6.082)
2026-04-26 01:06:45,543 | Epoch: [3][ 40/254]	Time   0.27 (  0.59)	Data 0.0002 (0.3356)	Loss (L1) 6.543 (6.093)
2026-04-26 01:06:48,277 | Epoch: [3][ 50/254]	Time   0.26 (  0.52)	Data 0.0003 (0.2701)	Loss (L1) 6.035 (6.078)
2026-04-26 01:06:51,052 | Epoch: [3][ 60/254]	Time   0.28 (  0.48)	Data 0.0002 (0.2259)	Loss (L1) 6.146 (6.082)
2026-04-26 01:06:54,620 | Epoch: [3][ 70/254]	Time   0.29 (  0.47)	Data 0.0002 (0.2070)	Loss (L1) 5.414 (6.046)
2026-04-26 01:06:57,377 | Epoch: [3][ 80/254]	Time   0.27 (  0.44)	Data 0.0002 (0.1815)	Loss (L1) 5.677 (6.016)
2026-04-26 01:07:00,136 | Epoch: [3][ 90/254]	Time   0.28 (  0.42)	Data 0.0003 (0.1616)	Loss (L1) 5.494 (6.012)
2026-04-26 01:07:04,743 | Epoch: [3][100/254]	Time   0.30 (  0.43)	Data 0.0002 (0.1653)	Loss (L1) 5.593 (5.984)
2026-04-26 01:07:07,490 | Epoch: [3][110/254]	Time   0.28 (  0.41)	Data 0.0004 (0.1505)	Loss (L1) 6.223 (5.986)
2026-04-26 01:07:10,211 | Epoch: [3][120/254]	Time   0.28 (  0.40)	Data 0.0002 (0.1381)	Loss (L1) 5.492 (5.979)
2026-04-26 01:07:15,895 | Epoch: [3][130/254]	Time   0.26 (  0.41)	Data 0.0002 (0.1517)	Loss (L1) 5.724 (5.970)
2026-04-26 01:07:18,603 | Epoch: [3][140/254]	Time   0.26 (  0.40)	Data 0.0002 (0.1410)	Loss (L1) 6.157 (5.969)
2026-04-26 01:07:21,369 | Epoch: [3][150/254]	Time   0.30 (  0.40)	Data 0.0108 (0.1317)	Loss (L1) 6.191 (5.979)
2026-04-26 01:07:24,036 | Epoch: [3][160/254]	Time   0.27 (  0.39)	Data 0.0004 (0.1236)	Loss (L1) 6.125 (5.981)
2026-04-26 01:07:26,722 | Epoch: [3][170/254]	Time   0.26 (  0.38)	Data 0.0002 (0.1164)	Loss (L1) 6.094 (5.975)
2026-04-26 01:07:29,435 | Epoch: [3][180/254]	Time   0.29 (  0.38)	Data 0.0002 (0.1099)	Loss (L1) 5.859 (5.979)
2026-04-26 01:07:32,103 | Epoch: [3][190/254]	Time   0.27 (  0.37)	Data 0.0001 (0.1042)	Loss (L1) 6.216 (5.981)
2026-04-26 01:07:34,871 | Epoch: [3][200/254]	Time   0.32 (  0.36)	Data 0.0001 (0.0990)	Loss (L1) 6.115 (5.982)
2026-04-26 01:07:37,549 | Epoch: [3][210/254]	Time   0.25 (  0.36)	Data 0.0001 (0.0944)	Loss (L1) 6.264 (5.975)
2026-04-26 01:07:40,211 | Epoch: [3][220/254]	Time   0.26 (  0.36)	Data 0.0001 (0.0901)	Loss (L1) 5.826 (5.983)
2026-04-26 01:07:42,867 | Epoch: [3][230/254]	Time   0.27 (  0.35)	Data 0.0001 (0.0862)	Loss (L1) 5.688 (5.969)
2026-04-26 01:07:45,521 | Epoch: [3][240/254]	Time   0.27 (  0.35)	Data 0.0000 (0.0826)	Loss (L1) 5.760 (5.970)
2026-04-26 01:07:48,180 | Epoch: [3][250/254]	Time   0.26 (  0.35)	Data 0.0001 (0.0793)	Loss (L1) 6.189 (5.972)
2026-04-26 01:07:57,124 | Val: [ 0/25]	Time  8.002 ( 8.002)	Loss (MSE) 297.755 (297.755)	Loss (L1) 15.665 (15.665)
2026-04-26 01:07:59,316 | Val: [10/25]	Time  0.084 ( 0.927)	Loss (MSE) 49.364 (115.614)	Loss (L1) 5.440 (8.897)
2026-04-26 01:08:00,154 | Val: [20/25]	Time  0.084 ( 0.525)	Loss (MSE) 358.899 (135.787)	Loss (L1) 17.941 (9.620)
2026-04-26 01:08:00,638 |  * Overall: MSE 206.989	L1 11.741	G-Mean 8.043
2026-04-26 01:08:00,638 |  * Many: MSE 114.149	L1 8.720	G-Mean 6.022
2026-04-26 01:08:00,638 |  * Median: MSE 316.103	L1 16.115	G-Mean 13.282
2026-04-26 01:08:00,638 |  * Low: MSE 780.884	L1 27.423	G-Mean 26.782
2026-04-26 01:08:00,639 | Best L1 Loss: 11.472
2026-04-26 01:08:00,857 | Epoch #3: Train loss [5.9750]; Val loss: MSE [206.9893], L1 [11.7409], G-Mean [8.0428]
2026-04-26 01:08:12,064 | Epoch: [4][  0/254]	Time  11.21 ( 11.21)	Data 11.0717 (11.0717)	Loss (L1) 6.365 (6.365)
2026-04-26 01:08:15,787 | Epoch: [4][ 10/254]	Time   0.27 (  1.36)	Data 0.0003 (1.1319)	Loss (L1) 5.526 (5.794)
2026-04-26 01:08:18,435 | Epoch: [4][ 20/254]	Time   0.26 (  0.84)	Data 0.0002 (0.5930)	Loss (L1) 6.201 (5.791)
2026-04-26 01:08:21,090 | Epoch: [4][ 30/254]	Time   0.27 (  0.65)	Data 0.0002 (0.4018)	Loss (L1) 5.848 (5.816)
2026-04-26 01:08:24,171 | Epoch: [4][ 40/254]	Time   0.26 (  0.57)	Data 0.0002 (0.3174)	Loss (L1) 5.640 (5.834)
2026-04-26 01:08:26,876 | Epoch: [4][ 50/254]	Time   0.26 (  0.51)	Data 0.0003 (0.2554)	Loss (L1) 5.431 (5.831)
2026-04-26 01:08:29,565 | Epoch: [4][ 60/254]	Time   0.28 (  0.47)	Data 0.0002 (0.2136)	Loss (L1) 5.875 (5.808)
2026-04-26 01:08:32,784 | Epoch: [4][ 70/254]	Time   0.27 (  0.45)	Data 0.0004 (0.1945)	Loss (L1) 5.226 (5.793)
2026-04-26 01:08:35,536 | Epoch: [4][ 80/254]	Time   0.32 (  0.43)	Data 0.0003 (0.1705)	Loss (L1) 6.130 (5.783)
2026-04-26 01:08:38,225 | Epoch: [4][ 90/254]	Time   0.27 (  0.41)	Data 0.0002 (0.1518)	Loss (L1) 5.830 (5.791)
2026-04-26 01:08:41,186 | Epoch: [4][100/254]	Time   0.29 (  0.40)	Data 0.0002 (0.1411)	Loss (L1) 5.733 (5.777)
2026-04-26 01:08:44,537 | Epoch: [4][110/254]	Time   0.27 (  0.39)	Data 0.0002 (0.1362)	Loss (L1) 5.917 (5.776)
2026-04-26 01:08:47,220 | Epoch: [4][120/254]	Time   0.27 (  0.38)	Data 0.0002 (0.1249)	Loss (L1) 6.440 (5.770)
2026-04-26 01:08:50,528 | Epoch: [4][130/254]	Time   0.28 (  0.38)	Data 0.0004 (0.1211)	Loss (L1) 6.039 (5.768)
2026-04-26 01:08:53,846 | Epoch: [4][140/254]	Time   0.29 (  0.38)	Data 0.0003 (0.1176)	Loss (L1) 6.705 (5.769)
2026-04-26 01:08:56,577 | Epoch: [4][150/254]	Time   0.28 (  0.37)	Data 0.0002 (0.1099)	Loss (L1) 5.540 (5.765)
2026-04-26 01:08:59,316 | Epoch: [4][160/254]	Time   0.26 (  0.36)	Data 0.0003 (0.1031)	Loss (L1) 6.243 (5.759)
2026-04-26 01:09:02,000 | Epoch: [4][170/254]	Time   0.27 (  0.36)	Data 0.0003 (0.0971)	Loss (L1) 5.911 (5.753)
2026-04-26 01:09:04,691 | Epoch: [4][180/254]	Time   0.27 (  0.35)	Data 0.0002 (0.0917)	Loss (L1) 5.750 (5.748)
2026-04-26 01:09:07,425 | Epoch: [4][190/254]	Time   0.27 (  0.35)	Data 0.0001 (0.0870)	Loss (L1) 5.551 (5.745)
2026-04-26 01:09:10,139 | Epoch: [4][200/254]	Time   0.26 (  0.34)	Data 0.0001 (0.0827)	Loss (L1) 5.300 (5.729)
2026-04-26 01:09:12,864 | Epoch: [4][210/254]	Time   0.27 (  0.34)	Data 0.0001 (0.0788)	Loss (L1) 6.272 (5.738)
2026-04-26 01:09:15,550 | Epoch: [4][220/254]	Time   0.27 (  0.34)	Data 0.0002 (0.0752)	Loss (L1) 5.591 (5.734)
2026-04-26 01:09:18,210 | Epoch: [4][230/254]	Time   0.27 (  0.33)	Data 0.0001 (0.0720)	Loss (L1) 5.488 (5.733)
2026-04-26 01:09:20,870 | Epoch: [4][240/254]	Time   0.27 (  0.33)	Data 0.0001 (0.0690)	Loss (L1) 5.684 (5.730)
2026-04-26 01:09:23,527 | Epoch: [4][250/254]	Time   0.26 (  0.33)	Data 0.0001 (0.0662)	Loss (L1) 5.492 (5.730)
2026-04-26 01:09:31,598 | Val: [ 0/25]	Time  7.113 ( 7.113)	Loss (MSE) 263.562 (263.562)	Loss (L1) 14.668 (14.668)
2026-04-26 01:09:35,407 | Val: [10/25]	Time  0.084 ( 0.993)	Loss (MSE) 61.671 (101.495)	Loss (L1) 6.286 (8.158)
2026-04-26 01:09:36,249 | Val: [20/25]	Time  0.085 ( 0.560)	Loss (MSE) 336.266 (125.126)	Loss (L1) 17.405 (9.211)
2026-04-26 01:09:36,749 |  * Overall: MSE 197.564	L1 11.390	G-Mean 7.696
2026-04-26 01:09:36,749 |  * Many: MSE 109.935	L1 8.588	G-Mean 5.935
2026-04-26 01:09:36,749 |  * Median: MSE 286.854	L1 15.015	G-Mean 11.530
2026-04-26 01:09:36,750 |  * Low: MSE 788.940	L1 27.508	G-Mean 26.790
2026-04-26 01:09:36,750 | Best L1 Loss: 11.390
2026-04-26 01:09:36,971 | ===> Saving current best checkpoint...
2026-04-26 01:09:37,452 | Epoch #4: Train loss [5.7282]; Val loss: MSE [197.5645], L1 [11.3901], G-Mean [7.6957]
2026-04-26 01:09:49,717 | Epoch: [5][  0/254]	Time  12.26 ( 12.26)	Data 12.1329 (12.1329)	Loss (L1) 5.432 (5.432)
2026-04-26 01:09:52,439 | Epoch: [5][ 10/254]	Time   0.24 (  1.36)	Data 0.0004 (1.1033)	Loss (L1) 6.203 (5.806)
2026-04-26 01:09:55,099 | Epoch: [5][ 20/254]	Time   0.26 (  0.84)	Data 0.0002 (0.5793)	Loss (L1) 5.861 (5.727)
2026-04-26 01:09:57,791 | Epoch: [5][ 30/254]	Time   0.26 (  0.66)	Data 0.0002 (0.3927)	Loss (L1) 5.939 (5.687)
2026-04-26 01:10:01,479 | Epoch: [5][ 40/254]	Time   0.28 (  0.59)	Data 0.0003 (0.3248)	Loss (L1) 5.586 (5.667)
2026-04-26 01:10:04,201 | Epoch: [5][ 50/254]	Time   0.26 (  0.52)	Data 0.0002 (0.2612)	Loss (L1) 5.005 (5.652)
2026-04-26 01:10:06,958 | Epoch: [5][ 60/254]	Time   0.30 (  0.48)	Data 0.0002 (0.2184)	Loss (L1) 5.818 (5.627)
2026-04-26 01:10:10,570 | Epoch: [5][ 70/254]	Time   0.26 (  0.47)	Data 0.0003 (0.2018)	Loss (L1) 5.239 (5.635)
2026-04-26 01:10:13,275 | Epoch: [5][ 80/254]	Time   0.26 (  0.44)	Data 0.0002 (0.1771)	Loss (L1) 5.914 (5.619)
2026-04-26 01:10:15,974 | Epoch: [5][ 90/254]	Time   0.26 (  0.42)	Data 0.0002 (0.1577)	Loss (L1) 5.416 (5.608)
2026-04-26 01:10:19,152 | Epoch: [5][100/254]	Time   0.27 (  0.41)	Data 0.0002 (0.1486)	Loss (L1) 4.796 (5.604)
2026-04-26 01:10:21,857 | Epoch: [5][110/254]	Time   0.27 (  0.40)	Data 0.0002 (0.1352)	Loss (L1) 6.015 (5.607)
2026-04-26 01:10:24,588 | Epoch: [5][120/254]	Time   0.26 (  0.39)	Data 0.0002 (0.1241)	Loss (L1) 5.370 (5.603)
2026-04-26 01:10:27,744 | Epoch: [5][130/254]	Time   0.30 (  0.38)	Data 0.0002 (0.1182)	Loss (L1) 5.434 (5.591)
2026-04-26 01:10:30,487 | Epoch: [5][140/254]	Time   0.27 (  0.38)	Data 0.0012 (0.1099)	Loss (L1) 5.334 (5.581)
2026-04-26 01:10:33,158 | Epoch: [5][150/254]	Time   0.28 (  0.37)	Data 0.0002 (0.1026)	Loss (L1) 5.440 (5.589)
2026-04-26 01:10:36,767 | Epoch: [5][160/254]	Time   1.13 (  0.37)	Data 1.0177 (0.1027)	Loss (L1) 6.131 (5.585)
2026-04-26 01:10:39,459 | Epoch: [5][170/254]	Time   0.27 (  0.36)	Data 0.0002 (0.0967)	Loss (L1) 5.790 (5.565)
2026-04-26 01:10:42,159 | Epoch: [5][180/254]	Time   0.29 (  0.36)	Data 0.0002 (0.0914)	Loss (L1) 5.878 (5.564)
2026-04-26 01:10:44,847 | Epoch: [5][190/254]	Time   0.27 (  0.35)	Data 0.0001 (0.0870)	Loss (L1) 5.915 (5.561)
2026-04-26 01:10:48,733 | Epoch: [5][200/254]	Time   0.27 (  0.35)	Data 0.0001 (0.0892)	Loss (L1) 5.579 (5.567)
2026-04-26 01:10:51,402 | Epoch: [5][210/254]	Time   0.27 (  0.35)	Data 0.0001 (0.0849)	Loss (L1) 5.474 (5.562)
2026-04-26 01:10:54,072 | Epoch: [5][220/254]	Time   0.26 (  0.35)	Data 0.0001 (0.0811)	Loss (L1) 5.334 (5.563)
2026-04-26 01:10:56,729 | Epoch: [5][230/254]	Time   0.27 (  0.34)	Data 0.0001 (0.0776)	Loss (L1) 5.286 (5.564)
2026-04-26 01:10:59,385 | Epoch: [5][240/254]	Time   0.27 (  0.34)	Data 0.0001 (0.0744)	Loss (L1) 5.403 (5.560)
2026-04-26 01:11:02,045 | Epoch: [5][250/254]	Time   0.27 (  0.34)	Data 0.0001 (0.0714)	Loss (L1) 5.587 (5.558)
2026-04-26 01:11:09,053 | Val: [ 0/25]	Time  6.065 ( 6.065)	Loss (MSE) 214.042 (214.042)	Loss (L1) 12.905 (12.905)
2026-04-26 01:11:13,600 | Val: [10/25]	Time  0.085 ( 0.965)	Loss (MSE) 85.642 (119.541)	Loss (L1) 6.945 (8.831)
2026-04-26 01:11:14,440 | Val: [20/25]	Time  0.084 ( 0.545)	Loss (MSE) 260.509 (123.911)	Loss (L1) 15.328 (9.219)
2026-04-26 01:11:14,935 |  * Overall: MSE 178.579	L1 11.024	G-Mean 7.630
2026-04-26 01:11:14,935 |  * Many: MSE 113.488	L1 8.771	G-Mean 6.107
2026-04-26 01:11:14,935 |  * Median: MSE 241.924	L1 13.795	G-Mean 10.591
2026-04-26 01:11:14,935 |  * Low: MSE 628.661	L1 24.501	G-Mean 23.787
2026-04-26 01:11:14,936 | Best L1 Loss: 11.024
2026-04-26 01:11:15,177 | ===> Saving current best checkpoint...
2026-04-26 01:11:15,682 | Epoch #5: Train loss [5.5534]; Val loss: MSE [178.5792], L1 [11.0239], G-Mean [7.6303]
2026-04-26 01:11:25,398 | Epoch: [6][  0/254]	Time   9.72 (  9.72)	Data 9.6048 (9.6048)	Loss (L1) 5.559 (5.559)
2026-04-26 01:11:28,883 | Epoch: [6][ 10/254]	Time   0.27 (  1.20)	Data 0.0002 (0.9884)	Loss (L1) 5.120 (5.638)
2026-04-26 01:11:31,594 | Epoch: [6][ 20/254]	Time   0.26 (  0.76)	Data 0.0002 (0.5179)	Loss (L1) 5.868 (5.594)
2026-04-26 01:11:34,278 | Epoch: [6][ 30/254]	Time   0.27 (  0.60)	Data 0.0002 (0.3509)	Loss (L1) 5.138 (5.530)
2026-04-26 01:11:38,217 | Epoch: [6][ 40/254]	Time   0.27 (  0.55)	Data 0.0002 (0.3104)	Loss (L1) 5.542 (5.527)
2026-04-26 01:11:40,889 | Epoch: [6][ 50/254]	Time   0.27 (  0.49)	Data 0.0002 (0.2496)	Loss (L1) 5.830 (5.549)
2026-04-26 01:11:43,664 | Epoch: [6][ 60/254]	Time   0.28 (  0.46)	Data 0.0001 (0.2087)	Loss (L1) 5.586 (5.565)
2026-04-26 01:11:46,902 | Epoch: [6][ 70/254]	Time   0.27 (  0.44)	Data 0.0002 (0.1891)	Loss (L1) 5.521 (5.560)
2026-04-26 01:11:49,585 | Epoch: [6][ 80/254]	Time   0.26 (  0.42)	Data 0.0002 (0.1658)	Loss (L1) 5.669 (5.552)
2026-04-26 01:11:52,310 | Epoch: [6][ 90/254]	Time   0.29 (  0.40)	Data 0.0002 (0.1476)	Loss (L1) 5.273 (5.526)
2026-04-26 01:11:56,624 | Epoch: [6][100/254]	Time   0.84 (  0.41)	Data 0.7104 (0.1531)	Loss (L1) 5.093 (5.501)
2026-04-26 01:11:59,294 | Epoch: [6][110/254]	Time   0.27 (  0.39)	Data 0.0001 (0.1393)	Loss (L1) 5.679 (5.490)
2026-04-26 01:12:02,005 | Epoch: [6][120/254]	Time   0.27 (  0.38)	Data 0.0002 (0.1278)	Loss (L1) 5.417 (5.493)
2026-04-26 01:12:04,738 | Epoch: [6][130/254]	Time   0.27 (  0.37)	Data 0.0002 (0.1182)	Loss (L1) 5.088 (5.499)
2026-04-26 01:12:07,645 | Epoch: [6][140/254]	Time   0.29 (  0.37)	Data 0.0002 (0.1121)	Loss (L1) 5.225 (5.492)
2026-04-26 01:12:10,411 | Epoch: [6][150/254]	Time   0.31 (  0.36)	Data 0.0001 (0.1047)	Loss (L1) 5.704 (5.480)
2026-04-26 01:12:13,130 | Epoch: [6][160/254]	Time   0.31 (  0.36)	Data 0.1995 (0.0995)	Loss (L1) 5.413 (5.475)
2026-04-26 01:12:16,446 | Epoch: [6][170/254]	Time   0.26 (  0.36)	Data 0.0002 (0.0993)	Loss (L1) 5.516 (5.471)
2026-04-26 01:12:19,124 | Epoch: [6][180/254]	Time   0.27 (  0.35)	Data 0.0002 (0.0938)	Loss (L1) 6.000 (5.466)
2026-04-26 01:12:21,862 | Epoch: [6][190/254]	Time   0.30 (  0.35)	Data 0.0001 (0.0889)	Loss (L1) 5.287 (5.463)
2026-04-26 01:12:25,110 | Epoch: [6][200/254]	Time   0.27 (  0.35)	Data 0.0001 (0.0887)	Loss (L1) 4.838 (5.456)
2026-04-26 01:12:27,767 | Epoch: [6][210/254]	Time   0.27 (  0.34)	Data 0.0001 (0.0845)	Loss (L1) 5.440 (5.454)
2026-04-26 01:12:30,439 | Epoch: [6][220/254]	Time   0.27 (  0.34)	Data 0.0001 (0.0807)	Loss (L1) 5.130 (5.447)
2026-04-26 01:12:33,095 | Epoch: [6][230/254]	Time   0.27 (  0.34)	Data 0.0000 (0.0772)	Loss (L1) 4.652 (5.434)
2026-04-26 01:12:35,753 | Epoch: [6][240/254]	Time   0.27 (  0.33)	Data 0.0000 (0.0740)	Loss (L1) 5.703 (5.429)
2026-04-26 01:12:38,412 | Epoch: [6][250/254]	Time   0.27 (  0.33)	Data 0.0000 (0.0711)	Loss (L1) 5.391 (5.427)
2026-04-26 01:12:49,036 | Val: [ 0/25]	Time  9.692 ( 9.692)	Loss (MSE) 339.109 (339.109)	Loss (L1) 17.082 (17.082)
2026-04-26 01:12:49,876 | Val: [10/25]	Time  0.084 ( 0.957)	Loss (MSE) 75.530 (144.732)	Loss (L1) 6.948 (10.035)
2026-04-26 01:12:50,715 | Val: [20/25]	Time  0.084 ( 0.541)	Loss (MSE) 267.509 (137.203)	Loss (L1) 15.347 (9.747)
2026-04-26 01:12:51,213 |  * Overall: MSE 184.963	L1 11.359	G-Mean 7.943
2026-04-26 01:12:51,213 |  * Many: MSE 115.192	L1 8.856	G-Mean 6.132
2026-04-26 01:12:51,213 |  * Median: MSE 278.630	L1 15.216	G-Mean 12.473
2026-04-26 01:12:51,213 |  * Low: MSE 573.938	L1 23.514	G-Mean 23.076
2026-04-26 01:12:51,214 | Best L1 Loss: 11.024
2026-04-26 01:12:51,434 | Epoch #6: Train loss [5.4259]; Val loss: MSE [184.9632], L1 [11.3590], G-Mean [7.9430]
2026-04-26 01:13:01,814 | Epoch: [7][  0/254]	Time  10.38 ( 10.38)	Data 10.1878 (10.1878)	Loss (L1) 5.908 (5.908)
2026-04-26 01:13:06,365 | Epoch: [7][ 10/254]	Time   0.27 (  1.36)	Data 0.0006 (1.1132)	Loss (L1) 5.452 (5.327)
2026-04-26 01:13:09,011 | Epoch: [7][ 20/254]	Time   0.26 (  0.84)	Data 0.0002 (0.5833)	Loss (L1) 5.406 (5.335)
2026-04-26 01:13:11,662 | Epoch: [7][ 30/254]	Time   0.27 (  0.65)	Data 0.0003 (0.3952)	Loss (L1) 4.690 (5.283)
2026-04-26 01:13:15,702 | Epoch: [7][ 40/254]	Time   0.27 (  0.59)	Data 0.0005 (0.3364)	Loss (L1) 5.236 (5.268)
2026-04-26 01:13:18,430 | Epoch: [7][ 50/254]	Time   0.26 (  0.53)	Data 0.0004 (0.2705)	Loss (L1) 5.166 (5.276)
2026-04-26 01:13:21,095 | Epoch: [7][ 60/254]	Time   0.27 (  0.49)	Data 0.0003 (0.2262)	Loss (L1) 5.203 (5.292)
2026-04-26 01:13:24,712 | Epoch: [7][ 70/254]	Time   0.25 (  0.47)	Data 0.0003 (0.2124)	Loss (L1) 5.621 (5.301)
2026-04-26 01:13:27,451 | Epoch: [7][ 80/254]	Time   0.28 (  0.44)	Data 0.0003 (0.1862)	Loss (L1) 5.436 (5.321)
2026-04-26 01:13:30,117 | Epoch: [7][ 90/254]	Time   0.28 (  0.43)	Data 0.0003 (0.1658)	Loss (L1) 5.604 (5.317)
2026-04-26 01:13:32,802 | Epoch: [7][100/254]	Time   0.27 (  0.41)	Data 0.0003 (0.1494)	Loss (L1) 5.082 (5.325)
2026-04-26 01:13:35,516 | Epoch: [7][110/254]	Time   0.25 (  0.40)	Data 0.0003 (0.1374)	Loss (L1) 5.234 (5.323)
2026-04-26 01:13:38,261 | Epoch: [7][120/254]	Time   0.29 (  0.39)	Data 0.0004 (0.1261)	Loss (L1) 4.962 (5.315)
2026-04-26 01:13:41,340 | Epoch: [7][130/254]	Time   0.66 (  0.38)	Data 0.5262 (0.1206)	Loss (L1) 5.016 (5.311)
2026-04-26 01:13:44,627 | Epoch: [7][140/254]	Time   0.27 (  0.38)	Data 0.0003 (0.1194)	Loss (L1) 5.267 (5.312)
2026-04-26 01:13:47,422 | Epoch: [7][150/254]	Time   0.28 (  0.37)	Data 0.0003 (0.1116)	Loss (L1) 5.442 (5.316)
2026-04-26 01:13:50,128 | Epoch: [7][160/254]	Time   0.27 (  0.36)	Data 0.0003 (0.1046)	Loss (L1) 5.135 (5.313)
2026-04-26 01:13:53,578 | Epoch: [7][170/254]	Time   0.27 (  0.36)	Data 0.0003 (0.1047)	Loss (L1) 4.867 (5.314)
2026-04-26 01:13:56,244 | Epoch: [7][180/254]	Time   0.27 (  0.36)	Data 0.0003 (0.0995)	Loss (L1) 4.977 (5.311)
2026-04-26 01:13:58,926 | Epoch: [7][190/254]	Time   0.27 (  0.35)	Data 0.0001 (0.0943)	Loss (L1) 5.115 (5.310)
2026-04-26 01:14:02,328 | Epoch: [7][200/254]	Time   0.27 (  0.35)	Data 0.0001 (0.0939)	Loss (L1) 5.053 (5.300)
2026-04-26 01:14:05,048 | Epoch: [7][210/254]	Time   0.27 (  0.35)	Data 0.0001 (0.0895)	Loss (L1) 4.871 (5.297)
2026-04-26 01:14:07,712 | Epoch: [7][220/254]	Time   0.27 (  0.35)	Data 0.0001 (0.0854)	Loss (L1) 5.266 (5.299)
2026-04-26 01:14:10,372 | Epoch: [7][230/254]	Time   0.26 (  0.34)	Data 0.0001 (0.0817)	Loss (L1) 5.207 (5.292)
2026-04-26 01:14:13,030 | Epoch: [7][240/254]	Time   0.27 (  0.34)	Data 0.0001 (0.0783)	Loss (L1) 4.782 (5.286)
2026-04-26 01:14:15,690 | Epoch: [7][250/254]	Time   0.27 (  0.34)	Data 0.0001 (0.0752)	Loss (L1) 4.878 (5.277)
2026-04-26 01:14:23,845 | Val: [ 0/25]	Time  7.204 ( 7.204)	Loss (MSE) 213.513 (213.513)	Loss (L1) 12.651 (12.651)
2026-04-26 01:14:26,831 | Val: [10/25]	Time  0.084 ( 0.926)	Loss (MSE) 42.531 (105.122)	Loss (L1) 5.205 (8.446)
2026-04-26 01:14:27,671 | Val: [20/25]	Time  0.084 ( 0.525)	Loss (MSE) 309.934 (116.600)	Loss (L1) 16.727 (8.813)
2026-04-26 01:14:28,169 |  * Overall: MSE 184.823	L1 10.916	G-Mean 7.241
2026-04-26 01:14:28,169 |  * Many: MSE 99.596	L1 8.108	G-Mean 5.484
2026-04-26 01:14:28,169 |  * Median: MSE 279.478	L1 14.799	G-Mean 11.447
2026-04-26 01:14:28,169 |  * Low: MSE 731.643	L1 26.163	G-Mean 25.025
2026-04-26 01:14:28,170 | Best L1 Loss: 10.916
2026-04-26 01:14:28,401 | ===> Saving current best checkpoint...
2026-04-26 01:14:28,893 | Epoch #7: Train loss [5.2752]; Val loss: MSE [184.8232], L1 [10.9161], G-Mean [7.2407]
2026-04-26 01:14:39,678 | Epoch: [8][  0/254]	Time  10.78 ( 10.78)	Data 10.6545 (10.6545)	Loss (L1) 5.007 (5.007)
2026-04-26 01:14:42,313 | Epoch: [8][ 10/254]	Time   0.26 (  1.22)	Data 0.0003 (0.9708)	Loss (L1) 5.482 (5.066)
2026-04-26 01:14:44,998 | Epoch: [8][ 20/254]	Time   0.26 (  0.77)	Data 0.0004 (0.5086)	Loss (L1) 5.157 (5.149)
2026-04-26 01:14:47,653 | Epoch: [8][ 30/254]	Time   0.27 (  0.61)	Data 0.0002 (0.3446)	Loss (L1) 4.979 (5.126)
2026-04-26 01:14:50,663 | Epoch: [8][ 40/254]	Time   0.26 (  0.53)	Data 0.0003 (0.2721)	Loss (L1) 4.878 (5.134)
2026-04-26 01:14:53,325 | Epoch: [8][ 50/254]	Time   0.27 (  0.48)	Data 0.0003 (0.2188)	Loss (L1) 4.801 (5.139)
2026-04-26 01:14:56,027 | Epoch: [8][ 60/254]	Time   0.30 (  0.44)	Data 0.0002 (0.1830)	Loss (L1) 4.886 (5.140)
2026-04-26 01:15:01,116 | Epoch: [8][ 70/254]	Time   0.27 (  0.45)	Data 0.0002 (0.1931)	Loss (L1) 5.077 (5.147)
2026-04-26 01:15:03,849 | Epoch: [8][ 80/254]	Time   0.27 (  0.43)	Data 0.0003 (0.1693)	Loss (L1) 4.962 (5.150)
2026-04-26 01:15:06,547 | Epoch: [8][ 90/254]	Time   0.28 (  0.41)	Data 0.0002 (0.1507)	Loss (L1) 4.775 (5.133)
2026-04-26 01:15:09,235 | Epoch: [8][100/254]	Time   0.25 (  0.40)	Data 0.0004 (0.1370)	Loss (L1) 5.288 (5.129)
2026-04-26 01:15:11,942 | Epoch: [8][110/254]	Time   0.28 (  0.39)	Data 0.0002 (0.1247)	Loss (L1) 5.316 (5.140)
2026-04-26 01:15:14,614 | Epoch: [8][120/254]	Time   0.27 (  0.38)	Data 0.0002 (0.1144)	Loss (L1) 5.041 (5.145)
2026-04-26 01:15:18,211 | Epoch: [8][130/254]	Time   0.26 (  0.38)	Data 0.0002 (0.1139)	Loss (L1) 5.285 (5.145)
2026-04-26 01:15:21,016 | Epoch: [8][140/254]	Time   0.27 (  0.37)	Data 0.0002 (0.1058)	Loss (L1) 5.692 (5.142)
2026-04-26 01:15:23,708 | Epoch: [8][150/254]	Time   0.26 (  0.36)	Data 0.0002 (0.0988)	Loss (L1) 4.581 (5.147)
2026-04-26 01:15:29,107 | Epoch: [8][160/254]	Time   2.91 (  0.37)	Data 2.7882 (0.1100)	Loss (L1) 5.519 (5.149)
2026-04-26 01:15:31,766 | Epoch: [8][170/254]	Time   0.27 (  0.37)	Data 0.0002 (0.1036)	Loss (L1) 5.103 (5.148)
2026-04-26 01:15:34,479 | Epoch: [8][180/254]	Time   0.28 (  0.36)	Data 0.0003 (0.0979)	Loss (L1) 5.294 (5.150)
2026-04-26 01:15:37,230 | Epoch: [8][190/254]	Time   0.24 (  0.36)	Data 0.0003 (0.0928)	Loss (L1) 5.345 (5.149)
2026-04-26 01:15:40,578 | Epoch: [8][200/254]	Time   0.27 (  0.36)	Data 0.0001 (0.0920)	Loss (L1) 5.360 (5.147)
2026-04-26 01:15:43,264 | Epoch: [8][210/254]	Time   0.27 (  0.35)	Data 0.0001 (0.0877)	Loss (L1) 5.080 (5.151)
2026-04-26 01:15:45,920 | Epoch: [8][220/254]	Time   0.27 (  0.35)	Data 0.0001 (0.0837)	Loss (L1) 4.915 (5.152)
2026-04-26 01:15:48,573 | Epoch: [8][230/254]	Time   0.27 (  0.34)	Data 0.0001 (0.0801)	Loss (L1) 5.166 (5.152)
2026-04-26 01:15:51,225 | Epoch: [8][240/254]	Time   0.26 (  0.34)	Data 0.0001 (0.0768)	Loss (L1) 4.859 (5.152)
2026-04-26 01:15:53,878 | Epoch: [8][250/254]	Time   0.27 (  0.34)	Data 0.0001 (0.0737)	Loss (L1) 5.469 (5.147)
2026-04-26 01:16:04,030 | Val: [ 0/25]	Time  9.205 ( 9.205)	Loss (MSE) 183.276 (183.276)	Loss (L1) 12.006 (12.006)
2026-04-26 01:16:05,065 | Val: [10/25]	Time  0.084 ( 0.931)	Loss (MSE) 48.577 (70.233)	Loss (L1) 5.453 (6.723)
2026-04-26 01:16:05,904 | Val: [20/25]	Time  0.084 ( 0.528)	Loss (MSE) 362.774 (112.961)	Loss (L1) 18.356 (8.565)
2026-04-26 01:16:06,397 |  * Overall: MSE 183.697	L1 10.769	G-Mean 6.963
2026-04-26 01:16:06,397 |  * Many: MSE 104.424	L1 8.179	G-Mean 5.385
2026-04-26 01:16:06,397 |  * Median: MSE 263.533	L1 14.001	G-Mean 10.244
2026-04-26 01:16:06,397 |  * Low: MSE 722.077	L1 26.093	G-Mean 25.144
2026-04-26 01:16:06,398 | Best L1 Loss: 10.769
2026-04-26 01:16:06,624 | ===> Saving current best checkpoint...
2026-04-26 01:16:07,115 | Epoch #8: Train loss [5.1475]; Val loss: MSE [183.6968], L1 [10.7686], G-Mean [6.9632]
2026-04-26 01:16:15,095 | Epoch: [9][  0/254]	Time   7.98 (  7.98)	Data 7.8544 (7.8544)	Loss (L1) 5.512 (5.512)
2026-04-26 01:16:20,244 | Epoch: [9][ 10/254]	Time   0.26 (  1.19)	Data 0.0002 (0.9850)	Loss (L1) 5.093 (5.237)
2026-04-26 01:16:22,916 | Epoch: [9][ 20/254]	Time   0.25 (  0.75)	Data 0.0002 (0.5161)	Loss (L1) 4.890 (5.096)
2026-04-26 01:16:25,618 | Epoch: [9][ 30/254]	Time   0.27 (  0.60)	Data 0.0002 (0.3497)	Loss (L1) 5.368 (5.110)
2026-04-26 01:16:28,326 | Epoch: [9][ 40/254]	Time   0.28 (  0.52)	Data 0.0002 (0.2682)	Loss (L1) 4.875 (5.072)
2026-04-26 01:16:31,067 | Epoch: [9][ 50/254]	Time   0.26 (  0.47)	Data 0.0002 (0.2156)	Loss (L1) 5.340 (5.068)
2026-04-26 01:16:33,915 | Epoch: [9][ 60/254]	Time   0.27 (  0.44)	Data 0.0002 (0.1803)	Loss (L1) 5.055 (5.061)
2026-04-26 01:16:37,218 | Epoch: [9][ 70/254]	Time   0.26 (  0.42)	Data 0.0002 (0.1644)	Loss (L1) 5.528 (5.067)
2026-04-26 01:16:39,881 | Epoch: [9][ 80/254]	Time   0.27 (  0.40)	Data 0.0002 (0.1441)	Loss (L1) 4.770 (5.055)
2026-04-26 01:16:42,635 | Epoch: [9][ 90/254]	Time   0.30 (  0.39)	Data 0.0002 (0.1283)	Loss (L1) 4.852 (5.070)
2026-04-26 01:16:46,236 | Epoch: [9][100/254]	Time   1.12 (  0.39)	Data 1.0160 (0.1270)	Loss (L1) 4.556 (5.076)
2026-04-26 01:16:48,918 | Epoch: [9][110/254]	Time   0.29 (  0.38)	Data 0.0002 (0.1157)	Loss (L1) 4.993 (5.077)
2026-04-26 01:16:51,574 | Epoch: [9][120/254]	Time   0.27 (  0.37)	Data 0.0002 (0.1063)	Loss (L1) 5.020 (5.085)
2026-04-26 01:16:54,303 | Epoch: [9][130/254]	Time   0.26 (  0.36)	Data 0.0002 (0.0993)	Loss (L1) 5.218 (5.085)
2026-04-26 01:16:57,850 | Epoch: [9][140/254]	Time   0.28 (  0.36)	Data 0.0002 (0.0989)	Loss (L1) 5.038 (5.084)
2026-04-26 01:17:00,548 | Epoch: [9][150/254]	Time   0.29 (  0.35)	Data 0.0002 (0.0924)	Loss (L1) 4.587 (5.080)
2026-04-26 01:17:03,313 | Epoch: [9][160/254]	Time   0.26 (  0.35)	Data 0.0004 (0.0867)	Loss (L1) 5.031 (5.083)
2026-04-26 01:17:06,773 | Epoch: [9][170/254]	Time   0.26 (  0.35)	Data 0.0002 (0.0878)	Loss (L1) 4.674 (5.072)
2026-04-26 01:17:09,455 | Epoch: [9][180/254]	Time   0.27 (  0.34)	Data 0.0002 (0.0830)	Loss (L1) 5.400 (5.073)
2026-04-26 01:17:12,189 | Epoch: [9][190/254]	Time   0.29 (  0.34)	Data 0.0001 (0.0788)	Loss (L1) 5.274 (5.078)
2026-04-26 01:17:15,308 | Epoch: [9][200/254]	Time   0.26 (  0.34)	Data 0.0001 (0.0783)	Loss (L1) 4.788 (5.076)
2026-04-26 01:17:17,996 | Epoch: [9][210/254]	Time   0.27 (  0.34)	Data 0.0001 (0.0746)	Loss (L1) 4.899 (5.072)
2026-04-26 01:17:20,653 | Epoch: [9][220/254]	Time   0.27 (  0.33)	Data 0.0001 (0.0712)	Loss (L1) 5.003 (5.070)
2026-04-26 01:17:23,309 | Epoch: [9][230/254]	Time   0.27 (  0.33)	Data 0.0001 (0.0681)	Loss (L1) 5.176 (5.066)
2026-04-26 01:17:25,960 | Epoch: [9][240/254]	Time   0.27 (  0.33)	Data 0.0001 (0.0653)	Loss (L1) 4.998 (5.061)
2026-04-26 01:17:28,612 | Epoch: [9][250/254]	Time   0.26 (  0.32)	Data 0.0001 (0.0627)	Loss (L1) 4.958 (5.061)
2026-04-26 01:17:38,753 | Val: [ 0/25]	Time  9.201 ( 9.201)	Loss (MSE) 212.811 (212.811)	Loss (L1) 12.872 (12.872)
2026-04-26 01:17:40,146 | Val: [10/25]	Time  0.084 ( 0.963)	Loss (MSE) 55.874 (95.498)	Loss (L1) 5.904 (7.953)
2026-04-26 01:17:40,984 | Val: [20/25]	Time  0.084 ( 0.544)	Loss (MSE) 297.293 (111.452)	Loss (L1) 16.333 (8.581)
2026-04-26 01:17:41,479 |  * Overall: MSE 168.914	L1 10.481	G-Mean 6.964
2026-04-26 01:17:41,480 |  * Many: MSE 98.529	L1 8.025	G-Mean 5.375
2026-04-26 01:17:41,480 |  * Median: MSE 249.642	L1 13.855	G-Mean 10.559
2026-04-26 01:17:41,480 |  * Low: MSE 611.240	L1 23.904	G-Mean 23.021
2026-04-26 01:17:41,481 | Best L1 Loss: 10.481
2026-04-26 01:17:41,717 | ===> Saving current best checkpoint...
2026-04-26 01:17:42,213 | Epoch #9: Train loss [5.0614]; Val loss: MSE [168.9144], L1 [10.4814], G-Mean [6.9639]
2026-04-26 01:17:55,161 | Epoch: [10][  0/254]	Time  12.95 ( 12.95)	Data 12.8262 (12.8262)	Loss (L1) 5.013 (5.013)
2026-04-26 01:17:57,824 | Epoch: [10][ 10/254]	Time   0.26 (  1.42)	Data 0.0002 (1.1663)	Loss (L1) 5.124 (5.007)
2026-04-26 01:18:00,465 | Epoch: [10][ 20/254]	Time   0.26 (  0.87)	Data 0.0002 (0.6110)	Loss (L1) 5.047 (4.938)
2026-04-26 01:18:03,154 | Epoch: [10][ 30/254]	Time   0.30 (  0.68)	Data 0.0002 (0.4140)	Loss (L1) 4.811 (4.938)
2026-04-26 01:18:05,804 | Epoch: [10][ 40/254]	Time   0.25 (  0.58)	Data 0.0002 (0.3134)	Loss (L1) 4.664 (4.936)
2026-04-26 01:18:08,547 | Epoch: [10][ 50/254]	Time   0.27 (  0.52)	Data 0.0002 (0.2522)	Loss (L1) 4.980 (4.936)
2026-04-26 01:18:11,282 | Epoch: [10][ 60/254]	Time   0.26 (  0.48)	Data 0.0002 (0.2122)	Loss (L1) 4.371 (4.947)
2026-04-26 01:18:14,041 | Epoch: [10][ 70/254]	Time   0.26 (  0.45)	Data 0.0002 (0.1824)	Loss (L1) 5.073 (4.959)
2026-04-26 01:18:16,764 | Epoch: [10][ 80/254]	Time   0.27 (  0.43)	Data 0.0002 (0.1601)	Loss (L1) 5.043 (4.950)
2026-04-26 01:18:19,500 | Epoch: [10][ 90/254]	Time   0.27 (  0.41)	Data 0.0002 (0.1426)	Loss (L1) 4.751 (4.961)
2026-04-26 01:18:22,254 | Epoch: [10][100/254]	Time   0.28 (  0.40)	Data 0.0002 (0.1286)	Loss (L1) 5.103 (4.960)
2026-04-26 01:18:24,970 | Epoch: [10][110/254]	Time   0.26 (  0.39)	Data 0.0002 (0.1184)	Loss (L1) 4.404 (4.946)
2026-04-26 01:18:27,638 | Epoch: [10][120/254]	Time   0.25 (  0.38)	Data 0.0002 (0.1087)	Loss (L1) 4.901 (4.948)
2026-04-26 01:18:30,351 | Epoch: [10][130/254]	Time   0.28 (  0.37)	Data 0.0002 (0.1004)	Loss (L1) 4.846 (4.948)
2026-04-26 01:18:33,955 | Epoch: [10][140/254]	Time   0.29 (  0.37)	Data 0.0002 (0.1007)	Loss (L1) 4.571 (4.945)
2026-04-26 01:18:36,652 | Epoch: [10][150/254]	Time   0.27 (  0.36)	Data 0.0002 (0.0941)	Loss (L1) 4.939 (4.941)
2026-04-26 01:18:39,351 | Epoch: [10][160/254]	Time   0.27 (  0.35)	Data 0.0002 (0.0883)	Loss (L1) 4.803 (4.937)
2026-04-26 01:18:43,950 | Epoch: [10][170/254]	Time   0.27 (  0.36)	Data 0.0002 (0.0951)	Loss (L1) 5.213 (4.935)
2026-04-26 01:18:46,695 | Epoch: [10][180/254]	Time   0.29 (  0.36)	Data 0.0002 (0.0899)	Loss (L1) 5.235 (4.945)
2026-04-26 01:18:49,376 | Epoch: [10][190/254]	Time   0.27 (  0.35)	Data 0.0001 (0.0852)	Loss (L1) 4.863 (4.949)
2026-04-26 01:18:52,964 | Epoch: [10][200/254]	Time   0.28 (  0.35)	Data 0.0001 (0.0861)	Loss (L1) 5.153 (4.945)
2026-04-26 01:18:55,650 | Epoch: [10][210/254]	Time   0.26 (  0.35)	Data 0.0001 (0.0820)	Loss (L1) 4.598 (4.941)
2026-04-26 01:18:58,320 | Epoch: [10][220/254]	Time   0.27 (  0.34)	Data 0.0001 (0.0783)	Loss (L1) 4.910 (4.940)
2026-04-26 01:19:00,980 | Epoch: [10][230/254]	Time   0.27 (  0.34)	Data 0.0002 (0.0749)	Loss (L1) 5.231 (4.943)
2026-04-26 01:19:03,638 | Epoch: [10][240/254]	Time   0.27 (  0.34)	Data 0.0001 (0.0718)	Loss (L1) 4.808 (4.940)
2026-04-26 01:19:06,289 | Epoch: [10][250/254]	Time   0.27 (  0.33)	Data 0.0001 (0.0690)	Loss (L1) 5.063 (4.937)
2026-04-26 01:19:16,889 | Val: [ 0/25]	Time  9.664 ( 9.664)	Loss (MSE) 245.727 (245.727)	Loss (L1) 14.542 (14.542)
2026-04-26 01:19:17,728 | Val: [10/25]	Time  0.084 ( 0.955)	Loss (MSE) 35.213 (101.913)	Loss (L1) 4.912 (8.469)
2026-04-26 01:19:18,565 | Val: [20/25]	Time  0.084 ( 0.540)	Loss (MSE) 225.992 (95.624)	Loss (L1) 14.404 (8.002)
2026-04-26 01:19:19,052 |  * Overall: MSE 140.343	L1 9.659	G-Mean 6.521
2026-04-26 01:19:19,052 |  * Many: MSE 75.561	L1 7.041	G-Mean 4.767
2026-04-26 01:19:19,052 |  * Median: MSE 225.105	L1 13.782	G-Mean 11.563
2026-04-26 01:19:19,052 |  * Low: MSE 509.501	L1 22.049	G-Mean 21.548
2026-04-26 01:19:19,053 | Best L1 Loss: 9.659
2026-04-26 01:19:19,278 | ===> Saving current best checkpoint...
2026-04-26 01:19:19,781 | Epoch #10: Train loss [4.9389]; Val loss: MSE [140.3425], L1 [9.6594], G-Mean [6.5210]
2026-04-26 01:19:30,291 | Epoch: [11][  0/254]	Time  10.51 ( 10.51)	Data 10.3862 (10.3862)	Loss (L1) 5.697 (5.697)
2026-04-26 01:19:33,952 | Epoch: [11][ 10/254]	Time   0.28 (  1.29)	Data 0.0004 (1.0412)	Loss (L1) 5.013 (4.962)
2026-04-26 01:19:36,673 | Epoch: [11][ 20/254]	Time   0.27 (  0.80)	Data 0.0003 (0.5461)	Loss (L1) 4.879 (4.898)
2026-04-26 01:19:39,407 | Epoch: [11][ 30/254]	Time   0.28 (  0.63)	Data 0.0100 (0.3704)	Loss (L1) 4.892 (4.831)
2026-04-26 01:19:42,150 | Epoch: [11][ 40/254]	Time   0.27 (  0.55)	Data 0.0003 (0.2802)	Loss (L1) 4.484 (4.833)
2026-04-26 01:19:44,833 | Epoch: [11][ 50/254]	Time   0.28 (  0.49)	Data 0.0002 (0.2253)	Loss (L1) 4.947 (4.859)
2026-04-26 01:19:47,572 | Epoch: [11][ 60/254]	Time   0.27 (  0.46)	Data 0.0003 (0.1884)	Loss (L1) 5.029 (4.870)
2026-04-26 01:19:50,422 | Epoch: [11][ 70/254]	Time   0.27 (  0.43)	Data 0.0002 (0.1667)	Loss (L1) 5.052 (4.864)
2026-04-26 01:19:53,106 | Epoch: [11][ 80/254]	Time   0.27 (  0.41)	Data 0.0003 (0.1462)	Loss (L1) 4.911 (4.862)
2026-04-26 01:19:55,868 | Epoch: [11][ 90/254]	Time   0.28 (  0.40)	Data 0.0002 (0.1301)	Loss (L1) 4.978 (4.875)
2026-04-26 01:19:59,409 | Epoch: [11][100/254]	Time   0.27 (  0.39)	Data 0.0002 (0.1272)	Loss (L1) 4.792 (4.867)
2026-04-26 01:20:02,086 | Epoch: [11][110/254]	Time   0.26 (  0.38)	Data 0.0003 (0.1158)	Loss (L1) 5.129 (4.872)
2026-04-26 01:20:04,777 | Epoch: [11][120/254]	Time   0.28 (  0.37)	Data 0.0002 (0.1062)	Loss (L1) 5.207 (4.875)
2026-04-26 01:20:07,987 | Epoch: [11][130/254]	Time   0.26 (  0.37)	Data 0.0002 (0.1034)	Loss (L1) 4.394 (4.877)
2026-04-26 01:20:10,679 | Epoch: [11][140/254]	Time   0.27 (  0.36)	Data 0.0002 (0.0961)	Loss (L1) 5.217 (4.877)
2026-04-26 01:20:13,378 | Epoch: [11][150/254]	Time   0.28 (  0.35)	Data 0.0002 (0.0898)	Loss (L1) 5.028 (4.867)
2026-04-26 01:20:16,229 | Epoch: [11][160/254]	Time   0.34 (  0.35)	Data 0.2302 (0.0857)	Loss (L1) 4.806 (4.859)
2026-04-26 01:20:18,930 | Epoch: [11][170/254]	Time   0.27 (  0.35)	Data 0.0002 (0.0807)	Loss (L1) 4.840 (4.850)
2026-04-26 01:20:21,639 | Epoch: [11][180/254]	Time   0.26 (  0.34)	Data 0.0002 (0.0763)	Loss (L1) 4.453 (4.850)
2026-04-26 01:20:24,345 | Epoch: [11][190/254]	Time   0.28 (  0.34)	Data 0.0001 (0.0723)	Loss (L1) 5.064 (4.850)
2026-04-26 01:20:27,024 | Epoch: [11][200/254]	Time   0.28 (  0.33)	Data 0.0001 (0.0687)	Loss (L1) 4.628 (4.841)
2026-04-26 01:20:29,711 | Epoch: [11][210/254]	Time   0.28 (  0.33)	Data 0.0001 (0.0654)	Loss (L1) 5.025 (4.845)
2026-04-26 01:20:32,402 | Epoch: [11][220/254]	Time   0.27 (  0.33)	Data 0.0001 (0.0625)	Loss (L1) 4.384 (4.839)
2026-04-26 01:20:35,060 | Epoch: [11][230/254]	Time   0.27 (  0.33)	Data 0.0001 (0.0598)	Loss (L1) 4.899 (4.836)
2026-04-26 01:20:37,716 | Epoch: [11][240/254]	Time   0.27 (  0.32)	Data 0.0001 (0.0573)	Loss (L1) 4.770 (4.830)
2026-04-26 01:20:40,371 | Epoch: [11][250/254]	Time   0.27 (  0.32)	Data 0.0001 (0.0550)	Loss (L1) 4.830 (4.832)
2026-04-26 01:20:48,673 | Val: [ 0/25]	Time  7.375 ( 7.375)	Loss (MSE) 312.166 (312.166)	Loss (L1) 16.339 (16.339)
2026-04-26 01:20:51,700 | Val: [10/25]	Time  0.084 ( 0.946)	Loss (MSE) 70.777 (133.682)	Loss (L1) 6.827 (9.651)
2026-04-26 01:20:52,540 | Val: [20/25]	Time  0.084 ( 0.535)	Loss (MSE) 174.472 (110.011)	Loss (L1) 12.347 (8.665)
2026-04-26 01:20:53,031 |  * Overall: MSE 144.059	L1 9.990	G-Mean 6.989
2026-04-26 01:20:53,031 |  * Many: MSE 89.547	L1 7.821	G-Mean 5.420
2026-04-26 01:20:53,032 |  * Median: MSE 212.856	L1 13.192	G-Mean 10.798
2026-04-26 01:20:53,032 |  * Low: MSE 463.867	L1 21.033	G-Mean 20.563
2026-04-26 01:20:53,033 | Best L1 Loss: 9.659
2026-04-26 01:20:53,257 | Epoch #11: Train loss [4.8323]; Val loss: MSE [144.0587], L1 [9.9902], G-Mean [6.9893]
2026-04-26 01:21:01,110 | Epoch: [12][  0/254]	Time   7.85 (  7.85)	Data 7.6756 (7.6756)	Loss (L1) 4.928 (4.928)
2026-04-26 01:21:08,706 | Epoch: [12][ 10/254]	Time   0.26 (  1.40)	Data 0.0002 (1.1630)	Loss (L1) 5.079 (4.727)
2026-04-26 01:21:11,361 | Epoch: [12][ 20/254]	Time   0.26 (  0.86)	Data 0.0002 (0.6093)	Loss (L1) 5.641 (4.790)
2026-04-26 01:21:14,148 | Epoch: [12][ 30/254]	Time   0.29 (  0.67)	Data 0.0003 (0.4128)	Loss (L1) 4.949 (4.892)
2026-04-26 01:21:17,355 | Epoch: [12][ 40/254]	Time   0.27 (  0.59)	Data 0.0003 (0.3282)	Loss (L1) 5.290 (4.903)
2026-04-26 01:21:20,080 | Epoch: [12][ 50/254]	Time   0.27 (  0.53)	Data 0.0002 (0.2644)	Loss (L1) 4.875 (4.853)
2026-04-26 01:21:22,782 | Epoch: [12][ 60/254]	Time   0.27 (  0.48)	Data 0.0002 (0.2211)	Loss (L1) 5.058 (4.851)
2026-04-26 01:21:25,668 | Epoch: [12][ 70/254]	Time   0.32 (  0.46)	Data 0.0002 (0.1941)	Loss (L1) 4.965 (4.849)
2026-04-26 01:21:28,391 | Epoch: [12][ 80/254]	Time   0.26 (  0.43)	Data 0.0005 (0.1703)	Loss (L1) 4.417 (4.852)
2026-04-26 01:21:31,144 | Epoch: [12][ 90/254]	Time   0.27 (  0.42)	Data 0.0002 (0.1518)	Loss (L1) 4.739 (4.835)
2026-04-26 01:21:33,842 | Epoch: [12][100/254]	Time   0.28 (  0.40)	Data 0.0002 (0.1369)	Loss (L1) 4.356 (4.825)
2026-04-26 01:21:36,579 | Epoch: [12][110/254]	Time   0.27 (  0.39)	Data 0.0003 (0.1246)	Loss (L1) 5.100 (4.827)
2026-04-26 01:21:39,248 | Epoch: [12][120/254]	Time   0.27 (  0.38)	Data 0.0002 (0.1143)	Loss (L1) 4.288 (4.817)
2026-04-26 01:21:41,946 | Epoch: [12][130/254]	Time   0.27 (  0.37)	Data 0.0002 (0.1056)	Loss (L1) 4.731 (4.813)
2026-04-26 01:21:44,755 | Epoch: [12][140/254]	Time   0.27 (  0.37)	Data 0.0003 (0.0983)	Loss (L1) 4.172 (4.795)
2026-04-26 01:21:47,498 | Epoch: [12][150/254]	Time   0.26 (  0.36)	Data 0.0002 (0.0919)	Loss (L1) 4.886 (4.791)
2026-04-26 01:21:50,194 | Epoch: [12][160/254]	Time   0.27 (  0.35)	Data 0.0002 (0.0862)	Loss (L1) 4.391 (4.790)
2026-04-26 01:21:54,275 | Epoch: [12][170/254]	Time   0.27 (  0.36)	Data 0.0002 (0.0904)	Loss (L1) 4.710 (4.796)
2026-04-26 01:21:56,987 | Epoch: [12][180/254]	Time   0.27 (  0.35)	Data 0.0002 (0.0854)	Loss (L1) 4.453 (4.792)
2026-04-26 01:21:59,665 | Epoch: [12][190/254]	Time   0.25 (  0.35)	Data 0.0001 (0.0810)	Loss (L1) 5.032 (4.809)
2026-04-26 01:22:02,374 | Epoch: [12][200/254]	Time   0.27 (  0.34)	Data 0.1172 (0.0776)	Loss (L1) 5.052 (4.805)
2026-04-26 01:22:05,051 | Epoch: [12][210/254]	Time   0.28 (  0.34)	Data 0.0002 (0.0739)	Loss (L1) 4.323 (4.802)
2026-04-26 01:22:07,726 | Epoch: [12][220/254]	Time   0.27 (  0.34)	Data 0.0002 (0.0706)	Loss (L1) 4.938 (4.801)
2026-04-26 01:22:10,383 | Epoch: [12][230/254]	Time   0.27 (  0.33)	Data 0.0001 (0.0675)	Loss (L1) 5.237 (4.805)
2026-04-26 01:22:13,039 | Epoch: [12][240/254]	Time   0.27 (  0.33)	Data 0.0001 (0.0647)	Loss (L1) 4.485 (4.798)
2026-04-26 01:22:15,694 | Epoch: [12][250/254]	Time   0.26 (  0.33)	Data 0.0001 (0.0622)	Loss (L1) 4.619 (4.796)
2026-04-26 01:22:25,709 | Val: [ 0/25]	Time  9.075 ( 9.075)	Loss (MSE) 266.958 (266.958)	Loss (L1) 14.861 (14.861)
2026-04-26 01:22:27,016 | Val: [10/25]	Time  0.084 ( 0.944)	Loss (MSE) 56.679 (127.712)	Loss (L1) 6.340 (9.537)
2026-04-26 01:22:27,855 | Val: [20/25]	Time  0.084 ( 0.534)	Loss (MSE) 216.259 (112.423)	Loss (L1) 13.826 (8.742)
2026-04-26 01:22:28,353 |  * Overall: MSE 156.783	L1 10.315	G-Mean 7.120
2026-04-26 01:22:28,353 |  * Many: MSE 92.252	L1 7.857	G-Mean 5.383
2026-04-26 01:22:28,353 |  * Median: MSE 238.651	L1 14.059	G-Mean 11.706
2026-04-26 01:22:28,353 |  * Low: MSE 533.818	L1 22.410	G-Mean 21.739
2026-04-26 01:22:28,354 | Best L1 Loss: 9.659
2026-04-26 01:22:28,611 | Epoch #12: Train loss [4.7961]; Val loss: MSE [156.7829], L1 [10.3154], G-Mean [7.1197]
2026-04-26 01:22:37,720 | Epoch: [13][  0/254]	Time   9.11 (  9.11)	Data 8.9899 (8.9899)	Loss (L1) 4.191 (4.191)
2026-04-26 01:22:40,690 | Epoch: [13][ 10/254]	Time   0.27 (  1.10)	Data 0.0005 (0.8788)	Loss (L1) 4.756 (4.612)
2026-04-26 01:22:43,362 | Epoch: [13][ 20/254]	Time   0.26 (  0.70)	Data 0.0002 (0.4604)	Loss (L1) 4.772 (4.705)
2026-04-26 01:22:46,165 | Epoch: [13][ 30/254]	Time   0.28 (  0.57)	Data 0.0003 (0.3124)	Loss (L1) 4.742 (4.727)
2026-04-26 01:22:50,255 | Epoch: [13][ 40/254]	Time   0.27 (  0.53)	Data 0.0003 (0.2756)	Loss (L1) 4.574 (4.717)
2026-04-26 01:22:52,937 | Epoch: [13][ 50/254]	Time   0.28 (  0.48)	Data 0.0003 (0.2216)	Loss (L1) 5.012 (4.711)
2026-04-26 01:22:55,611 | Epoch: [13][ 60/254]	Time   0.27 (  0.44)	Data 0.0002 (0.1853)	Loss (L1) 4.783 (4.698)
2026-04-26 01:22:58,761 | Epoch: [13][ 70/254]	Time   0.71 (  0.42)	Data 0.5975 (0.1683)	Loss (L1) 4.785 (4.698)
2026-04-26 01:23:01,410 | Epoch: [13][ 80/254]	Time   0.27 (  0.40)	Data 0.0001 (0.1475)	Loss (L1) 4.744 (4.716)
2026-04-26 01:23:04,154 | Epoch: [13][ 90/254]	Time   0.27 (  0.39)	Data 0.0002 (0.1313)	Loss (L1) 4.405 (4.727)
2026-04-26 01:23:10,144 | Epoch: [13][100/254]	Time   0.26 (  0.41)	Data 0.0003 (0.1526)	Loss (L1) 4.748 (4.735)
2026-04-26 01:23:12,828 | Epoch: [13][110/254]	Time   0.27 (  0.40)	Data 0.0002 (0.1389)	Loss (L1) 4.963 (4.726)
2026-04-26 01:23:15,508 | Epoch: [13][120/254]	Time   0.27 (  0.39)	Data 0.0002 (0.1274)	Loss (L1) 4.602 (4.718)
2026-04-26 01:23:18,208 | Epoch: [13][130/254]	Time   0.28 (  0.38)	Data 0.0003 (0.1177)	Loss (L1) 4.773 (4.732)
2026-04-26 01:23:21,910 | Epoch: [13][140/254]	Time   0.25 (  0.38)	Data 0.0002 (0.1185)	Loss (L1) 4.386 (4.734)
2026-04-26 01:23:24,593 | Epoch: [13][150/254]	Time   0.27 (  0.37)	Data 0.0002 (0.1108)	Loss (L1) 4.546 (4.731)
2026-04-26 01:23:27,307 | Epoch: [13][160/254]	Time   0.26 (  0.36)	Data 0.0004 (0.1039)	Loss (L1) 4.786 (4.734)
2026-04-26 01:23:30,479 | Epoch: [13][170/254]	Time   0.27 (  0.36)	Data 0.0002 (0.1018)	Loss (L1) 4.997 (4.731)
2026-04-26 01:23:33,229 | Epoch: [13][180/254]	Time   0.28 (  0.36)	Data 0.0002 (0.0961)	Loss (L1) 4.500 (4.728)
2026-04-26 01:23:35,974 | Epoch: [13][190/254]	Time   0.27 (  0.35)	Data 0.0001 (0.0911)	Loss (L1) 4.703 (4.718)
2026-04-26 01:23:38,685 | Epoch: [13][200/254]	Time   0.27 (  0.35)	Data 0.0001 (0.0866)	Loss (L1) 4.866 (4.719)
2026-04-26 01:23:41,396 | Epoch: [13][210/254]	Time   0.27 (  0.34)	Data 0.0001 (0.0825)	Loss (L1) 4.965 (4.724)
2026-04-26 01:23:44,067 | Epoch: [13][220/254]	Time   0.27 (  0.34)	Data 0.0001 (0.0788)	Loss (L1) 4.553 (4.726)
2026-04-26 01:23:46,734 | Epoch: [13][230/254]	Time   0.27 (  0.34)	Data 0.0001 (0.0754)	Loss (L1) 4.461 (4.724)
2026-04-26 01:23:49,404 | Epoch: [13][240/254]	Time   0.27 (  0.34)	Data 0.0001 (0.0723)	Loss (L1) 4.893 (4.729)
2026-04-26 01:23:52,076 | Epoch: [13][250/254]	Time   0.27 (  0.33)	Data 0.0001 (0.0694)	Loss (L1) 5.046 (4.729)
2026-04-26 01:23:59,049 | Val: [ 0/25]	Time  6.029 ( 6.029)	Loss (MSE) 180.844 (180.844)	Loss (L1) 11.791 (11.791)
2026-04-26 01:24:02,529 | Val: [10/25]	Time  0.084 ( 0.865)	Loss (MSE) 40.000 (77.530)	Loss (L1) 5.050 (7.244)
2026-04-26 01:24:03,454 | Val: [20/25]	Time  0.084 ( 0.497)	Loss (MSE) 330.117 (108.761)	Loss (L1) 17.441 (8.412)
2026-04-26 01:24:03,946 |  * Overall: MSE 173.592	L1 10.507	G-Mean 6.861
2026-04-26 01:24:03,946 |  * Many: MSE 97.181	L1 7.842	G-Mean 5.174
2026-04-26 01:24:03,946 |  * Median: MSE 258.897	L1 14.187	G-Mean 10.935
2026-04-26 01:24:03,946 |  * Low: MSE 662.256	L1 24.986	G-Mean 24.078
2026-04-26 01:24:03,947 | Best L1 Loss: 9.659
2026-04-26 01:24:04,175 | Epoch #13: Train loss [4.7291]; Val loss: MSE [173.5925], L1 [10.5066], G-Mean [6.8605]
2026-04-26 01:24:13,479 | Epoch: [14][  0/254]	Time   9.30 (  9.30)	Data 9.1565 (9.1565)	Loss (L1) 4.697 (4.697)
2026-04-26 01:24:18,417 | Epoch: [14][ 10/254]	Time   0.27 (  1.29)	Data 0.0002 (1.0496)	Loss (L1) 4.979 (4.676)
2026-04-26 01:24:21,095 | Epoch: [14][ 20/254]	Time   0.26 (  0.81)	Data 0.0002 (0.5499)	Loss (L1) 4.269 (4.660)
2026-04-26 01:24:23,792 | Epoch: [14][ 30/254]	Time   0.28 (  0.63)	Data 0.0002 (0.3726)	Loss (L1) 4.281 (4.624)
2026-04-26 01:24:26,485 | Epoch: [14][ 40/254]	Time   0.27 (  0.54)	Data 0.0002 (0.2818)	Loss (L1) 5.276 (4.618)
2026-04-26 01:24:29,188 | Epoch: [14][ 50/254]	Time   0.27 (  0.49)	Data 0.0002 (0.2266)	Loss (L1) 4.685 (4.644)
2026-04-26 01:24:31,952 | Epoch: [14][ 60/254]	Time   0.27 (  0.46)	Data 0.0002 (0.1895)	Loss (L1) 4.794 (4.656)
2026-04-26 01:24:34,896 | Epoch: [14][ 70/254]	Time   0.27 (  0.43)	Data 0.0004 (0.1676)	Loss (L1) 4.317 (4.669)
2026-04-26 01:24:37,748 | Epoch: [14][ 80/254]	Time   0.28 (  0.41)	Data 0.0002 (0.1472)	Loss (L1) 5.006 (4.688)
2026-04-26 01:24:40,453 | Epoch: [14][ 90/254]	Time   0.27 (  0.40)	Data 0.0002 (0.1310)	Loss (L1) 4.453 (4.695)
2026-04-26 01:24:44,178 | Epoch: [14][100/254]	Time   0.28 (  0.40)	Data 0.0003 (0.1289)	Loss (L1) 4.430 (4.683)
2026-04-26 01:24:46,943 | Epoch: [14][110/254]	Time   0.30 (  0.39)	Data 0.0005 (0.1178)	Loss (L1) 4.370 (4.675)
2026-04-26 01:24:49,713 | Epoch: [14][120/254]	Time   0.28 (  0.38)	Data 0.0002 (0.1081)	Loss (L1) 4.448 (4.659)
2026-04-26 01:24:52,408 | Epoch: [14][130/254]	Time   0.27 (  0.37)	Data 0.0002 (0.0999)	Loss (L1) 4.582 (4.649)
2026-04-26 01:24:56,290 | Epoch: [14][140/254]	Time   0.27 (  0.37)	Data 0.0002 (0.1032)	Loss (L1) 4.968 (4.645)
2026-04-26 01:24:58,980 | Epoch: [14][150/254]	Time   0.26 (  0.36)	Data 0.0168 (0.0965)	Loss (L1) 4.510 (4.636)
2026-04-26 01:25:01,723 | Epoch: [14][160/254]	Time   0.28 (  0.36)	Data 0.0002 (0.0906)	Loss (L1) 4.672 (4.635)
2026-04-26 01:25:05,641 | Epoch: [14][170/254]	Time   0.26 (  0.36)	Data 0.0190 (0.0948)	Loss (L1) 4.858 (4.641)
2026-04-26 01:25:08,352 | Epoch: [14][180/254]	Time   0.25 (  0.35)	Data 0.0002 (0.0896)	Loss (L1) 5.017 (4.651)
2026-04-26 01:25:11,076 | Epoch: [14][190/254]	Time   0.26 (  0.35)	Data 0.0002 (0.0849)	Loss (L1) 4.423 (4.647)
2026-04-26 01:25:13,783 | Epoch: [14][200/254]	Time   0.26 (  0.35)	Data 0.0003 (0.0807)	Loss (L1) 5.017 (4.647)
2026-04-26 01:25:16,448 | Epoch: [14][210/254]	Time   0.27 (  0.34)	Data 0.0002 (0.0769)	Loss (L1) 4.768 (4.639)
2026-04-26 01:25:19,108 | Epoch: [14][220/254]	Time   0.27 (  0.34)	Data 0.0002 (0.0734)	Loss (L1) 4.038 (4.628)
2026-04-26 01:25:21,775 | Epoch: [14][230/254]	Time   0.26 (  0.34)	Data 0.0002 (0.0703)	Loss (L1) 4.171 (4.621)
2026-04-26 01:25:24,438 | Epoch: [14][240/254]	Time   0.27 (  0.33)	Data 0.0001 (0.0674)	Loss (L1) 4.997 (4.625)
2026-04-26 01:25:27,098 | Epoch: [14][250/254]	Time   0.27 (  0.33)	Data 0.0001 (0.0647)	Loss (L1) 4.530 (4.620)
2026-04-26 01:25:37,431 | Val: [ 0/25]	Time  9.374 ( 9.374)	Loss (MSE) 229.296 (229.296)	Loss (L1) 13.746 (13.746)
2026-04-26 01:25:38,270 | Val: [10/25]	Time  0.084 ( 0.928)	Loss (MSE) 58.757 (106.797)	Loss (L1) 6.335 (8.384)
2026-04-26 01:25:39,108 | Val: [20/25]	Time  0.084 ( 0.526)	Loss (MSE) 239.573 (106.870)	Loss (L1) 14.365 (8.356)
2026-04-26 01:25:39,611 |  * Overall: MSE 154.761	L1 10.041	G-Mean 6.635
2026-04-26 01:25:39,611 |  * Many: MSE 92.405	L1 7.718	G-Mean 5.125
2026-04-26 01:25:39,611 |  * Median: MSE 225.256	L1 13.224	G-Mean 10.018
2026-04-26 01:25:39,611 |  * Low: MSE 550.341	L1 22.758	G-Mean 22.087
2026-04-26 01:25:39,612 | Best L1 Loss: 9.659
2026-04-26 01:25:39,839 | Epoch #14: Train loss [4.6216]; Val loss: MSE [154.7612], L1 [10.0407], G-Mean [6.6347]
2026-04-26 01:25:51,618 | Epoch: [15][  0/254]	Time  11.78 ( 11.78)	Data 11.6477 (11.6477)	Loss (L1) 4.264 (4.264)
2026-04-26 01:25:54,878 | Epoch: [15][ 10/254]	Time   0.26 (  1.37)	Data 0.0002 (1.1291)	Loss (L1) 4.332 (4.598)
2026-04-26 01:25:57,528 | Epoch: [15][ 20/254]	Time   0.27 (  0.84)	Data 0.0002 (0.5923)	Loss (L1) 4.562 (4.565)
2026-04-26 01:26:00,177 | Epoch: [15][ 30/254]	Time   0.26 (  0.66)	Data 0.0002 (0.4013)	Loss (L1) 4.555 (4.604)
2026-04-26 01:26:12,802 | Epoch: [15][ 40/254]	Time   0.31 (  0.80)	Data 0.0002 (0.5536)	Loss (L1) 4.175 (4.579)
2026-04-26 01:26:15,473 | Epoch: [15][ 50/254]	Time   0.26 (  0.70)	Data 0.0002 (0.4459)	Loss (L1) 4.523 (4.549)
2026-04-26 01:26:18,144 | Epoch: [15][ 60/254]	Time   0.28 (  0.63)	Data 0.0002 (0.3728)	Loss (L1) 4.704 (4.539)
2026-04-26 01:26:20,822 | Epoch: [15][ 70/254]	Time   0.27 (  0.58)	Data 0.0002 (0.3203)	Loss (L1) 4.339 (4.521)
2026-04-26 01:26:23,670 | Epoch: [15][ 80/254]	Time   0.27 (  0.54)	Data 0.0002 (0.2876)	Loss (L1) 4.220 (4.511)
2026-04-26 01:26:26,412 | Epoch: [15][ 90/254]	Time   0.28 (  0.51)	Data 0.0002 (0.2561)	Loss (L1) 4.724 (4.527)
2026-04-26 01:26:29,103 | Epoch: [15][100/254]	Time   0.27 (  0.49)	Data 0.0002 (0.2308)	Loss (L1) 4.781 (4.522)
2026-04-26 01:26:31,839 | Epoch: [15][110/254]	Time   0.26 (  0.47)	Data 0.0003 (0.2121)	Loss (L1) 4.220 (4.521)
2026-04-26 01:26:34,571 | Epoch: [15][120/254]	Time   0.25 (  0.45)	Data 0.0002 (0.1946)	Loss (L1) 4.840 (4.528)
2026-04-26 01:26:37,381 | Epoch: [15][130/254]	Time   0.32 (  0.44)	Data 0.0002 (0.1798)	Loss (L1) 3.949 (4.526)
2026-04-26 01:26:41,043 | Epoch: [15][140/254]	Time   0.27 (  0.43)	Data 0.0002 (0.1757)	Loss (L1) 4.229 (4.515)
2026-04-26 01:26:43,832 | Epoch: [15][150/254]	Time   0.26 (  0.42)	Data 0.0002 (0.1641)	Loss (L1) 4.401 (4.513)
2026-04-26 01:26:46,579 | Epoch: [15][160/254]	Time   0.27 (  0.41)	Data 0.0002 (0.1539)	Loss (L1) 4.753 (4.504)
2026-04-26 01:26:50,078 | Epoch: [15][170/254]	Time   0.27 (  0.41)	Data 0.0002 (0.1501)	Loss (L1) 4.729 (4.502)
2026-04-26 01:26:52,787 | Epoch: [15][180/254]	Time   0.26 (  0.40)	Data 0.0004 (0.1418)	Loss (L1) 4.573 (4.501)
2026-04-26 01:26:55,482 | Epoch: [15][190/254]	Time   0.29 (  0.40)	Data 0.0002 (0.1345)	Loss (L1) 4.387 (4.500)
2026-04-26 01:26:58,211 | Epoch: [15][200/254]	Time   0.27 (  0.39)	Data 0.0001 (0.1278)	Loss (L1) 4.838 (4.504)
2026-04-26 01:27:00,959 | Epoch: [15][210/254]	Time   0.27 (  0.38)	Data 0.0001 (0.1228)	Loss (L1) 4.732 (4.511)
2026-04-26 01:27:03,637 | Epoch: [15][220/254]	Time   0.27 (  0.38)	Data 0.0001 (0.1172)	Loss (L1) 5.043 (4.514)
2026-04-26 01:27:06,297 | Epoch: [15][230/254]	Time   0.27 (  0.37)	Data 0.0002 (0.1122)	Loss (L1) 4.727 (4.514)
2026-04-26 01:27:08,965 | Epoch: [15][240/254]	Time   0.27 (  0.37)	Data 0.0001 (0.1075)	Loss (L1) 4.473 (4.511)
2026-04-26 01:27:11,635 | Epoch: [15][250/254]	Time   0.27 (  0.37)	Data 0.0001 (0.1033)	Loss (L1) 4.702 (4.511)
2026-04-26 01:27:21,777 | Val: [ 0/25]	Time  9.178 ( 9.178)	Loss (MSE) 259.826 (259.826)	Loss (L1) 14.126 (14.126)
2026-04-26 01:27:22,783 | Val: [10/25]	Time  0.084 ( 0.926)	Loss (MSE) 69.086 (126.192)	Loss (L1) 6.836 (9.289)
2026-04-26 01:27:23,626 | Val: [20/25]	Time  0.086 ( 0.525)	Loss (MSE) 298.842 (133.284)	Loss (L1) 16.118 (9.501)
2026-04-26 01:27:24,106 |  * Overall: MSE 180.068	L1 11.098	G-Mean 7.641
2026-04-26 01:27:24,106 |  * Many: MSE 116.645	L1 8.832	G-Mean 6.014
2026-04-26 01:27:24,106 |  * Median: MSE 265.618	L1 14.519	G-Mean 11.423
2026-04-26 01:27:24,107 |  * Low: MSE 532.172	L1 22.362	G-Mean 21.643
2026-04-26 01:27:24,107 | Best L1 Loss: 9.659
2026-04-26 01:27:24,311 | Epoch #15: Train loss [4.5129]; Val loss: MSE [180.0679], L1 [11.0980], G-Mean [7.6407]
2026-04-26 01:27:36,627 | Epoch: [16][  0/254]	Time  12.31 ( 12.31)	Data 12.1917 (12.1917)	Loss (L1) 4.677 (4.677)
2026-04-26 01:27:39,266 | Epoch: [16][ 10/254]	Time   0.26 (  1.36)	Data 0.0002 (1.1086)	Loss (L1) 4.741 (4.460)
2026-04-26 01:27:41,913 | Epoch: [16][ 20/254]	Time   0.26 (  0.84)	Data 0.0002 (0.5808)	Loss (L1) 4.693 (4.536)
2026-04-26 01:27:44,581 | Epoch: [16][ 30/254]	Time   0.26 (  0.65)	Data 0.0002 (0.3935)	Loss (L1) 4.599 (4.499)
2026-04-26 01:27:47,267 | Epoch: [16][ 40/254]	Time   0.27 (  0.56)	Data 0.0002 (0.2976)	Loss (L1) 4.405 (4.533)
2026-04-26 01:27:49,923 | Epoch: [16][ 50/254]	Time   0.27 (  0.50)	Data 0.0002 (0.2393)	Loss (L1) 4.448 (4.518)
2026-04-26 01:27:52,584 | Epoch: [16][ 60/254]	Time   0.27 (  0.46)	Data 0.0002 (0.2001)	Loss (L1) 4.945 (4.527)
2026-04-26 01:27:56,024 | Epoch: [16][ 70/254]	Time   0.26 (  0.45)	Data 0.0002 (0.1861)	Loss (L1) 4.632 (4.525)
2026-04-26 01:27:58,697 | Epoch: [16][ 80/254]	Time   0.27 (  0.42)	Data 0.0002 (0.1632)	Loss (L1) 5.126 (4.534)
2026-04-26 01:28:01,397 | Epoch: [16][ 90/254]	Time   0.28 (  0.41)	Data 0.0002 (0.1453)	Loss (L1) 4.592 (4.523)
2026-04-26 01:28:04,520 | Epoch: [16][100/254]	Time   0.26 (  0.40)	Data 0.0002 (0.1372)	Loss (L1) 5.173 (4.522)
2026-04-26 01:28:07,202 | Epoch: [16][110/254]	Time   0.27 (  0.39)	Data 0.0002 (0.1249)	Loss (L1) 4.632 (4.511)
2026-04-26 01:28:09,979 | Epoch: [16][120/254]	Time   0.27 (  0.38)	Data 0.0002 (0.1146)	Loss (L1) 4.071 (4.495)
2026-04-26 01:28:12,781 | Epoch: [16][130/254]	Time   0.34 (  0.37)	Data 0.2337 (0.1077)	Loss (L1) 4.456 (4.487)
2026-04-26 01:28:15,973 | Epoch: [16][140/254]	Time   0.27 (  0.37)	Data 0.0002 (0.1049)	Loss (L1) 4.567 (4.485)
2026-04-26 01:28:18,725 | Epoch: [16][150/254]	Time   0.27 (  0.36)	Data 0.0003 (0.0980)	Loss (L1) 4.424 (4.490)
2026-04-26 01:28:21,452 | Epoch: [16][160/254]	Time   0.27 (  0.35)	Data 0.0002 (0.0920)	Loss (L1) 4.330 (4.489)
2026-04-26 01:28:24,169 | Epoch: [16][170/254]	Time   0.28 (  0.35)	Data 0.0002 (0.0867)	Loss (L1) 4.561 (4.475)
2026-04-26 01:28:26,914 | Epoch: [16][180/254]	Time   0.28 (  0.35)	Data 0.0002 (0.0819)	Loss (L1) 4.484 (4.473)
2026-04-26 01:28:29,582 | Epoch: [16][190/254]	Time   0.27 (  0.34)	Data 0.0001 (0.0777)	Loss (L1) 4.228 (4.469)
2026-04-26 01:28:32,929 | Epoch: [16][200/254]	Time   0.26 (  0.34)	Data 0.0001 (0.0778)	Loss (L1) 4.357 (4.472)
2026-04-26 01:28:35,601 | Epoch: [16][210/254]	Time   0.27 (  0.34)	Data 0.0001 (0.0742)	Loss (L1) 4.702 (4.476)
2026-04-26 01:28:38,264 | Epoch: [16][220/254]	Time   0.27 (  0.33)	Data 0.0001 (0.0708)	Loss (L1) 4.433 (4.477)
2026-04-26 01:28:40,926 | Epoch: [16][230/254]	Time   0.27 (  0.33)	Data 0.0001 (0.0678)	Loss (L1) 4.273 (4.485)
2026-04-26 01:28:43,585 | Epoch: [16][240/254]	Time   0.27 (  0.33)	Data 0.0001 (0.0649)	Loss (L1) 5.000 (4.493)
2026-04-26 01:28:46,247 | Epoch: [16][250/254]	Time   0.27 (  0.33)	Data 0.0001 (0.0624)	Loss (L1) 4.423 (4.489)
2026-04-26 01:28:56,389 | Val: [ 0/25]	Time  9.191 ( 9.191)	Loss (MSE) 354.840 (354.840)	Loss (L1) 17.292 (17.292)
2026-04-26 01:28:57,231 | Val: [10/25]	Time  0.084 ( 0.912)	Loss (MSE) 63.828 (150.299)	Loss (L1) 6.765 (10.335)
2026-04-26 01:28:58,070 | Val: [20/25]	Time  0.084 ( 0.518)	Loss (MSE) 203.841 (120.630)	Loss (L1) 13.269 (9.025)
2026-04-26 01:28:58,543 |  * Overall: MSE 159.143	L1 10.448	G-Mean 7.256
2026-04-26 01:28:58,543 |  * Many: MSE 94.886	L1 8.008	G-Mean 5.526
2026-04-26 01:28:58,544 |  * Median: MSE 248.327	L1 14.321	G-Mean 11.813
2026-04-26 01:28:58,544 |  * Low: MSE 506.783	L1 21.890	G-Mean 21.275
2026-04-26 01:28:58,544 | Best L1 Loss: 9.659
2026-04-26 01:28:58,761 | Epoch #16: Train loss [4.4871]; Val loss: MSE [159.1432], L1 [10.4482], G-Mean [7.2557]
2026-04-26 01:29:04,996 | Epoch: [17][  0/254]	Time   6.23 (  6.23)	Data 6.1177 (6.1177)	Loss (L1) 4.678 (4.678)
2026-04-26 01:29:13,215 | Epoch: [17][ 10/254]	Time   0.26 (  1.31)	Data 0.0003 (1.1063)	Loss (L1) 4.489 (4.405)
2026-04-26 01:29:15,859 | Epoch: [17][ 20/254]	Time   0.26 (  0.81)	Data 0.0002 (0.5796)	Loss (L1) 4.283 (4.501)
2026-04-26 01:29:18,545 | Epoch: [17][ 30/254]	Time   0.29 (  0.64)	Data 0.0002 (0.3927)	Loss (L1) 4.717 (4.473)
2026-04-26 01:29:21,269 | Epoch: [17][ 40/254]	Time   0.27 (  0.55)	Data 0.0002 (0.2970)	Loss (L1) 4.826 (4.494)
2026-04-26 01:29:23,959 | Epoch: [17][ 50/254]	Time   0.28 (  0.49)	Data 0.0003 (0.2388)	Loss (L1) 4.532 (4.513)
2026-04-26 01:29:26,692 | Epoch: [17][ 60/254]	Time   0.27 (  0.46)	Data 0.0002 (0.2001)	Loss (L1) 4.247 (4.468)
2026-04-26 01:29:29,935 | Epoch: [17][ 70/254]	Time   0.27 (  0.44)	Data 0.0002 (0.1805)	Loss (L1) 4.382 (4.448)
2026-04-26 01:29:32,656 | Epoch: [17][ 80/254]	Time   0.28 (  0.42)	Data 0.0002 (0.1582)	Loss (L1) 4.269 (4.437)
2026-04-26 01:29:35,384 | Epoch: [17][ 90/254]	Time   0.30 (  0.40)	Data 0.0003 (0.1409)	Loss (L1) 4.431 (4.439)
2026-04-26 01:29:38,302 | Epoch: [17][100/254]	Time   0.29 (  0.39)	Data 0.0002 (0.1282)	Loss (L1) 4.050 (4.433)
2026-04-26 01:29:40,979 | Epoch: [17][110/254]	Time   0.27 (  0.38)	Data 0.0002 (0.1167)	Loss (L1) 4.514 (4.428)
2026-04-26 01:29:43,724 | Epoch: [17][120/254]	Time   0.26 (  0.37)	Data 0.0002 (0.1071)	Loss (L1) 4.182 (4.430)
2026-04-26 01:29:46,482 | Epoch: [17][130/254]	Time   0.26 (  0.36)	Data 0.0004 (0.0993)	Loss (L1) 4.900 (4.433)
2026-04-26 01:29:50,287 | Epoch: [17][140/254]	Time   0.26 (  0.37)	Data 0.0003 (0.1012)	Loss (L1) 4.263 (4.425)
2026-04-26 01:29:53,025 | Epoch: [17][150/254]	Time   0.28 (  0.36)	Data 0.0003 (0.0947)	Loss (L1) 4.094 (4.418)
2026-04-26 01:29:55,773 | Epoch: [17][160/254]	Time   0.27 (  0.35)	Data 0.0005 (0.0889)	Loss (L1) 4.122 (4.406)
2026-04-26 01:29:58,995 | Epoch: [17][170/254]	Time   0.27 (  0.35)	Data 0.0155 (0.0892)	Loss (L1) 4.399 (4.405)
2026-04-26 01:30:01,704 | Epoch: [17][180/254]	Time   0.27 (  0.35)	Data 0.0003 (0.0844)	Loss (L1) 4.562 (4.407)
2026-04-26 01:30:04,439 | Epoch: [17][190/254]	Time   0.28 (  0.34)	Data 0.0002 (0.0800)	Loss (L1) 4.127 (4.408)
2026-04-26 01:30:07,777 | Epoch: [17][200/254]	Time   0.28 (  0.34)	Data 0.0002 (0.0807)	Loss (L1) 4.297 (4.402)
2026-04-26 01:30:10,442 | Epoch: [17][210/254]	Time   0.26 (  0.34)	Data 0.0001 (0.0769)	Loss (L1) 4.039 (4.402)
2026-04-26 01:30:13,125 | Epoch: [17][220/254]	Time   0.26 (  0.34)	Data 0.0001 (0.0734)	Loss (L1) 4.377 (4.398)
2026-04-26 01:30:15,785 | Epoch: [17][230/254]	Time   0.27 (  0.33)	Data 0.0001 (0.0703)	Loss (L1) 4.327 (4.399)
2026-04-26 01:30:18,441 | Epoch: [17][240/254]	Time   0.27 (  0.33)	Data 0.0001 (0.0674)	Loss (L1) 4.164 (4.399)
2026-04-26 01:30:21,099 | Epoch: [17][250/254]	Time   0.27 (  0.33)	Data 0.0001 (0.0647)	Loss (L1) 4.236 (4.396)
2026-04-26 01:30:29,939 | Val: [ 0/25]	Time  7.866 ( 7.866)	Loss (MSE) 280.387 (280.387)	Loss (L1) 14.943 (14.943)
2026-04-26 01:30:32,051 | Val: [10/25]	Time  0.084 ( 0.907)	Loss (MSE) 58.924 (128.552)	Loss (L1) 6.318 (9.518)
2026-04-26 01:30:32,888 | Val: [20/25]	Time  0.083 ( 0.515)	Loss (MSE) 199.832 (109.127)	Loss (L1) 13.266 (8.577)
2026-04-26 01:30:33,359 |  * Overall: MSE 152.213	L1 10.148	G-Mean 6.958
2026-04-26 01:30:33,359 |  * Many: MSE 89.668	L1 7.780	G-Mean 5.348
2026-04-26 01:30:33,359 |  * Median: MSE 228.478	L1 13.557	G-Mean 10.808
2026-04-26 01:30:33,359 |  * Low: MSE 528.832	L1 22.515	G-Mean 22.015
2026-04-26 01:30:33,360 | Best L1 Loss: 9.659
2026-04-26 01:30:33,559 | Epoch #17: Train loss [4.3964]; Val loss: MSE [152.2127], L1 [10.1477], G-Mean [6.9585]
2026-04-26 01:30:41,773 | Epoch: [18][  0/254]	Time   8.21 (  8.21)	Data 8.0899 (8.0899)	Loss (L1) 4.175 (4.175)
2026-04-26 01:30:46,002 | Epoch: [18][ 10/254]	Time   0.26 (  1.13)	Data 0.0002 (0.8752)	Loss (L1) 4.167 (4.230)
2026-04-26 01:30:48,721 | Epoch: [18][ 20/254]	Time   0.27 (  0.72)	Data 0.0003 (0.4612)	Loss (L1) 4.630 (4.275)
2026-04-26 01:30:51,469 | Epoch: [18][ 30/254]	Time   0.28 (  0.58)	Data 0.0002 (0.3125)	Loss (L1) 4.527 (4.277)
2026-04-26 01:30:54,174 | Epoch: [18][ 40/254]	Time   0.26 (  0.50)	Data 0.0312 (0.2371)	Loss (L1) 4.349 (4.302)
2026-04-26 01:30:56,849 | Epoch: [18][ 50/254]	Time   0.27 (  0.46)	Data 0.0003 (0.1907)	Loss (L1) 4.308 (4.296)
2026-04-26 01:30:59,567 | Epoch: [18][ 60/254]	Time   0.26 (  0.43)	Data 0.0002 (0.1595)	Loss (L1) 4.481 (4.298)
2026-04-26 01:31:02,269 | Epoch: [18][ 70/254]	Time   0.26 (  0.40)	Data 0.1021 (0.1386)	Loss (L1) 4.560 (4.310)
2026-04-26 01:31:04,983 | Epoch: [18][ 80/254]	Time   0.28 (  0.39)	Data 0.0002 (0.1215)	Loss (L1) 3.906 (4.309)
2026-04-26 01:31:07,640 | Epoch: [18][ 90/254]	Time   0.27 (  0.37)	Data 0.0002 (0.1082)	Loss (L1) 4.256 (4.305)
2026-04-26 01:31:10,324 | Epoch: [18][100/254]	Time   0.26 (  0.36)	Data 0.0002 (0.0975)	Loss (L1) 4.342 (4.316)
2026-04-26 01:31:13,574 | Epoch: [18][110/254]	Time   0.26 (  0.36)	Data 0.0002 (0.0950)	Loss (L1) 4.404 (4.320)
2026-04-26 01:31:16,265 | Epoch: [18][120/254]	Time   0.28 (  0.35)	Data 0.0001 (0.0872)	Loss (L1) 4.327 (4.328)
2026-04-26 01:31:18,960 | Epoch: [18][130/254]	Time   0.26 (  0.35)	Data 0.0002 (0.0805)	Loss (L1) 4.376 (4.318)
2026-04-26 01:31:22,037 | Epoch: [18][140/254]	Time   0.27 (  0.34)	Data 0.0002 (0.0798)	Loss (L1) 4.387 (4.341)
2026-04-26 01:31:24,961 | Epoch: [18][150/254]	Time   0.25 (  0.34)	Data 0.0002 (0.0770)	Loss (L1) 4.430 (4.339)
2026-04-26 01:31:27,645 | Epoch: [18][160/254]	Time   0.27 (  0.34)	Data 0.0002 (0.0722)	Loss (L1) 4.160 (4.336)
2026-04-26 01:31:31,132 | Epoch: [18][170/254]	Time   0.28 (  0.34)	Data 0.0002 (0.0736)	Loss (L1) 4.553 (4.333)
2026-04-26 01:31:33,812 | Epoch: [18][180/254]	Time   0.27 (  0.33)	Data 0.0002 (0.0695)	Loss (L1) 4.249 (4.325)
2026-04-26 01:31:36,503 | Epoch: [18][190/254]	Time   0.27 (  0.33)	Data 0.0001 (0.0660)	Loss (L1) 4.258 (4.329)
2026-04-26 01:31:39,487 | Epoch: [18][200/254]	Time   0.28 (  0.33)	Data 0.0001 (0.0650)	Loss (L1) 4.355 (4.325)
2026-04-26 01:31:42,801 | Epoch: [18][210/254]	Time   0.26 (  0.33)	Data 0.0001 (0.0654)	Loss (L1) 4.573 (4.328)
2026-04-26 01:31:45,466 | Epoch: [18][220/254]	Time   0.27 (  0.33)	Data 0.0001 (0.0624)	Loss (L1) 4.870 (4.331)
2026-04-26 01:31:48,130 | Epoch: [18][230/254]	Time   0.27 (  0.32)	Data 0.0001 (0.0597)	Loss (L1) 4.341 (4.330)
2026-04-26 01:31:50,785 | Epoch: [18][240/254]	Time   0.26 (  0.32)	Data 0.0002 (0.0573)	Loss (L1) 4.137 (4.334)
2026-04-26 01:31:53,438 | Epoch: [18][250/254]	Time   0.27 (  0.32)	Data 0.0001 (0.0550)	Loss (L1) 4.461 (4.338)
2026-04-26 01:32:03,646 | Val: [ 0/25]	Time  9.260 ( 9.260)	Loss (MSE) 288.855 (288.855)	Loss (L1) 15.523 (15.523)
2026-04-26 01:32:04,605 | Val: [10/25]	Time  0.084 ( 0.929)	Loss (MSE) 55.621 (121.419)	Loss (L1) 6.197 (9.147)
2026-04-26 01:32:05,443 | Val: [20/25]	Time  0.085 ( 0.527)	Loss (MSE) 227.572 (110.351)	Loss (L1) 14.192 (8.599)
2026-04-26 01:32:05,908 |  * Overall: MSE 152.450	L1 10.137	G-Mean 7.007
2026-04-26 01:32:05,908 |  * Many: MSE 90.311	L1 7.758	G-Mean 5.371
2026-04-26 01:32:05,908 |  * Median: MSE 232.781	L1 13.741	G-Mean 11.090
2026-04-26 01:32:05,908 |  * Low: MSE 510.080	L1 21.910	G-Mean 21.291
2026-04-26 01:32:05,909 | Best L1 Loss: 9.659
2026-04-26 01:32:06,116 | Epoch #18: Train loss [4.3395]; Val loss: MSE [152.4502], L1 [10.1372], G-Mean [7.0068]
2026-04-26 01:32:11,030 | Epoch: [19][  0/254]	Time   4.91 (  4.91)	Data 4.7620 (4.7620)	Loss (L1) 4.286 (4.286)
2026-04-26 01:32:19,048 | Epoch: [19][ 10/254]	Time   0.26 (  1.18)	Data 0.0003 (0.9581)	Loss (L1) 3.945 (4.279)
2026-04-26 01:32:21,722 | Epoch: [19][ 20/254]	Time   0.27 (  0.74)	Data 0.0003 (0.5021)	Loss (L1) 4.072 (4.363)
2026-04-26 01:32:24,426 | Epoch: [19][ 30/254]	Time   0.27 (  0.59)	Data 0.0002 (0.3407)	Loss (L1) 4.314 (4.364)
2026-04-26 01:32:27,868 | Epoch: [19][ 40/254]	Time   0.27 (  0.53)	Data 0.0002 (0.2818)	Loss (L1) 4.110 (4.362)
2026-04-26 01:32:30,562 | Epoch: [19][ 50/254]	Time   0.28 (  0.48)	Data 0.0002 (0.2266)	Loss (L1) 4.160 (4.357)
2026-04-26 01:32:33,269 | Epoch: [19][ 60/254]	Time   0.28 (  0.45)	Data 0.0002 (0.1895)	Loss (L1) 4.134 (4.348)
2026-04-26 01:32:37,036 | Epoch: [19][ 70/254]	Time   0.25 (  0.44)	Data 0.0127 (0.1794)	Loss (L1) 4.290 (4.333)
2026-04-26 01:32:39,802 | Epoch: [19][ 80/254]	Time   0.29 (  0.42)	Data 0.0003 (0.1573)	Loss (L1) 4.033 (4.334)
2026-04-26 01:32:42,530 | Epoch: [19][ 90/254]	Time   0.29 (  0.40)	Data 0.0002 (0.1400)	Loss (L1) 4.102 (4.343)
2026-04-26 01:32:45,317 | Epoch: [19][100/254]	Time   0.28 (  0.39)	Data 0.0002 (0.1262)	Loss (L1) 4.447 (4.336)
2026-04-26 01:32:48,317 | Epoch: [19][110/254]	Time   0.56 (  0.38)	Data 0.4541 (0.1190)	Loss (L1) 4.384 (4.348)
2026-04-26 01:32:51,030 | Epoch: [19][120/254]	Time   0.26 (  0.37)	Data 0.0002 (0.1092)	Loss (L1) 4.009 (4.333)
2026-04-26 01:32:53,762 | Epoch: [19][130/254]	Time   0.26 (  0.36)	Data 0.0004 (0.1009)	Loss (L1) 4.576 (4.339)
2026-04-26 01:32:56,436 | Epoch: [19][140/254]	Time   0.26 (  0.36)	Data 0.0002 (0.0938)	Loss (L1) 4.266 (4.333)
2026-04-26 01:33:00,891 | Epoch: [19][150/254]	Time   0.26 (  0.36)	Data 0.0003 (0.1009)	Loss (L1) 4.108 (4.328)
2026-04-26 01:33:03,631 | Epoch: [19][160/254]	Time   0.28 (  0.36)	Data 0.0002 (0.0947)	Loss (L1) 4.406 (4.322)
2026-04-26 01:33:06,374 | Epoch: [19][170/254]	Time   0.27 (  0.35)	Data 0.0002 (0.0892)	Loss (L1) 4.260 (4.317)
2026-04-26 01:33:09,453 | Epoch: [19][180/254]	Time   0.28 (  0.35)	Data 0.0002 (0.0872)	Loss (L1) 4.338 (4.318)
2026-04-26 01:33:12,146 | Epoch: [19][190/254]	Time   0.26 (  0.35)	Data 0.0001 (0.0828)	Loss (L1) 4.259 (4.316)
2026-04-26 01:33:14,837 | Epoch: [19][200/254]	Time   0.27 (  0.34)	Data 0.0002 (0.0787)	Loss (L1) 4.509 (4.308)
2026-04-26 01:33:17,938 | Epoch: [19][210/254]	Time   0.28 (  0.34)	Data 0.0001 (0.0777)	Loss (L1) 4.114 (4.308)
2026-04-26 01:33:20,591 | Epoch: [19][220/254]	Time   0.26 (  0.34)	Data 0.0001 (0.0742)	Loss (L1) 4.264 (4.307)
2026-04-26 01:33:23,248 | Epoch: [19][230/254]	Time   0.26 (  0.33)	Data 0.0001 (0.0710)	Loss (L1) 4.210 (4.309)
2026-04-26 01:33:25,902 | Epoch: [19][240/254]	Time   0.27 (  0.33)	Data 0.0001 (0.0680)	Loss (L1) 4.185 (4.307)
2026-04-26 01:33:28,555 | Epoch: [19][250/254]	Time   0.27 (  0.33)	Data 0.0001 (0.0653)	Loss (L1) 4.066 (4.308)
2026-04-26 01:33:37,761 | Val: [ 0/25]	Time  8.235 ( 8.235)	Loss (MSE) 262.864 (262.864)	Loss (L1) 14.672 (14.672)
2026-04-26 01:33:39,700 | Val: [10/25]	Time  0.083 ( 0.925)	Loss (MSE) 45.811 (104.329)	Loss (L1) 5.578 (8.469)
2026-04-26 01:33:40,538 | Val: [20/25]	Time  0.084 ( 0.524)	Loss (MSE) 285.012 (111.745)	Loss (L1) 16.094 (8.688)
2026-04-26 01:33:41,017 |  * Overall: MSE 161.624	L1 10.425	G-Mean 7.084
2026-04-26 01:33:41,017 |  * Many: MSE 92.853	L1 7.869	G-Mean 5.377
2026-04-26 01:33:41,017 |  * Median: MSE 252.544	L1 14.338	G-Mean 11.409
2026-04-26 01:33:41,017 |  * Low: MSE 550.106	L1 22.930	G-Mean 22.387
2026-04-26 01:33:41,018 | Best L1 Loss: 9.659
2026-04-26 01:33:41,223 | Epoch #19: Train loss [4.3072]; Val loss: MSE [161.6238], L1 [10.4252], G-Mean [7.0840]
2026-04-26 01:33:49,760 | Epoch: [20][  0/254]	Time   8.53 (  8.53)	Data 8.4156 (8.4156)	Loss (L1) 4.362 (4.362)
2026-04-26 01:33:52,501 | Epoch: [20][ 10/254]	Time   0.24 (  1.03)	Data 0.0002 (0.7723)	Loss (L1) 3.814 (4.280)
2026-04-26 01:33:55,177 | Epoch: [20][ 20/254]	Time   0.28 (  0.66)	Data 0.0002 (0.4046)	Loss (L1) 4.571 (4.243)
2026-04-26 01:33:57,970 | Epoch: [20][ 30/254]	Time   0.22 (  0.54)	Data 0.0003 (0.2744)	Loss (L1) 3.959 (4.230)
2026-04-26 01:34:01,700 | Epoch: [20][ 40/254]	Time   0.26 (  0.50)	Data 0.0003 (0.2396)	Loss (L1) 4.564 (4.244)
2026-04-26 01:34:04,396 | Epoch: [20][ 50/254]	Time   0.25 (  0.45)	Data 0.0002 (0.1926)	Loss (L1) 4.277 (4.230)
2026-04-26 01:34:07,073 | Epoch: [20][ 60/254]	Time   0.27 (  0.42)	Data 0.0002 (0.1618)	Loss (L1) 4.400 (4.230)
2026-04-26 01:34:11,247 | Epoch: [20][ 70/254]	Time   0.26 (  0.42)	Data 0.0002 (0.1632)	Loss (L1) 4.155 (4.207)
2026-04-26 01:34:14,001 | Epoch: [20][ 80/254]	Time   0.29 (  0.40)	Data 0.0002 (0.1431)	Loss (L1) 4.307 (4.201)
2026-04-26 01:34:16,723 | Epoch: [20][ 90/254]	Time   0.29 (  0.39)	Data 0.0003 (0.1275)	Loss (L1) 4.332 (4.220)
2026-04-26 01:34:21,149 | Epoch: [20][100/254]	Time   0.26 (  0.40)	Data 0.1231 (0.1350)	Loss (L1) 4.261 (4.223)
2026-04-26 01:34:23,846 | Epoch: [20][110/254]	Time   0.26 (  0.38)	Data 0.0003 (0.1229)	Loss (L1) 4.223 (4.238)
2026-04-26 01:34:26,512 | Epoch: [20][120/254]	Time   0.27 (  0.37)	Data 0.0003 (0.1127)	Loss (L1) 4.222 (4.244)
2026-04-26 01:34:36,425 | Epoch: [20][130/254]	Time   0.28 (  0.42)	Data 0.0002 (0.1604)	Loss (L1) 4.466 (4.243)
2026-04-26 01:34:42,669 | Epoch: [20][140/254]	Time   0.24 (  0.44)	Data 0.0005 (0.1767)	Loss (L1) 3.813 (4.233)
2026-04-26 01:34:45,458 | Epoch: [20][150/254]	Time   0.27 (  0.43)	Data 0.0063 (0.1667)	Loss (L1) 4.405 (4.227)
2026-04-26 01:34:49,860 | Epoch: [20][160/254]	Time   1.92 (  0.43)	Data 1.7853 (0.1674)	Loss (L1) 4.224 (4.231)
2026-04-26 01:34:52,564 | Epoch: [20][170/254]	Time   0.27 (  0.42)	Data 0.0003 (0.1577)	Loss (L1) 4.448 (4.227)
2026-04-26 01:34:55,217 | Epoch: [20][180/254]	Time   0.27 (  0.41)	Data 0.0002 (0.1490)	Loss (L1) 3.908 (4.224)
2026-04-26 01:34:57,880 | Epoch: [20][190/254]	Time   0.27 (  0.40)	Data 0.0001 (0.1413)	Loss (L1) 4.758 (4.226)
2026-04-26 01:35:26,130 | Epoch: [20][200/254]	Time   0.27 (  0.52)	Data 0.0002 (0.2623)	Loss (L1) 3.951 (4.227)
2026-04-26 01:35:28,779 | Epoch: [20][210/254]	Time   0.26 (  0.51)	Data 0.0002 (0.2499)	Loss (L1) 4.173 (4.230)
2026-04-26 01:35:31,437 | Epoch: [20][220/254]	Time   0.27 (  0.50)	Data 0.0001 (0.2386)	Loss (L1) 4.571 (4.233)
2026-04-26 01:35:49,765 | Epoch: [20][230/254]	Time   0.26 (  0.56)	Data 0.0001 (0.2969)	Loss (L1) 4.378 (4.236)
2026-04-26 01:35:52,416 | Epoch: [20][240/254]	Time   0.26 (  0.54)	Data 0.0001 (0.2845)	Loss (L1) 4.587 (4.244)
2026-04-26 01:35:55,076 | Epoch: [20][250/254]	Time   0.27 (  0.53)	Data 0.0001 (0.2732)	Loss (L1) 4.164 (4.251)
2026-04-26 01:36:05,497 | Val: [ 0/25]	Time  9.457 ( 9.457)	Loss (MSE) 243.876 (243.876)	Loss (L1) 14.065 (14.065)
2026-04-26 01:36:06,550 | Val: [10/25]	Time  0.084 ( 0.956)	Loss (MSE) 47.606 (102.334)	Loss (L1) 5.641 (8.374)
2026-04-26 01:36:07,390 | Val: [20/25]	Time  0.084 ( 0.540)	Loss (MSE) 368.657 (133.048)	Loss (L1) 18.036 (9.287)
2026-04-26 01:36:07,849 |  * Overall: MSE 190.175	L1 11.155	G-Mean 7.400
2026-04-26 01:36:07,849 |  * Many: MSE 116.436	L1 8.543	G-Mean 5.602
2026-04-26 01:36:07,850 |  * Median: MSE 294.888	L1 15.296	G-Mean 12.114
2026-04-26 01:36:07,850 |  * Low: MSE 580.517	L1 23.424	G-Mean 22.673
2026-04-26 01:36:07,850 | Best L1 Loss: 9.659
2026-04-26 01:36:08,057 | Epoch #20: Train loss [4.2534]; Val loss: MSE [190.1749], L1 [11.1552], G-Mean [7.4004]
2026-04-26 01:36:17,776 | Epoch: [21][  0/254]	Time   9.72 (  9.72)	Data 9.5811 (9.5811)	Loss (L1) 3.822 (3.822)
2026-04-26 01:36:21,010 | Epoch: [21][ 10/254]	Time   0.26 (  1.18)	Data 0.0002 (0.9515)	Loss (L1) 3.859 (4.101)
2026-04-26 01:36:23,663 | Epoch: [21][ 20/254]	Time   0.26 (  0.74)	Data 0.0002 (0.4985)	Loss (L1) 4.070 (4.148)
2026-04-26 01:36:26,343 | Epoch: [21][ 30/254]	Time   0.27 (  0.59)	Data 0.0001 (0.3378)	Loss (L1) 4.110 (4.158)
2026-04-26 01:36:30,899 | Epoch: [21][ 40/254]	Time   0.27 (  0.56)	Data 0.0003 (0.3058)	Loss (L1) 4.366 (4.165)
2026-04-26 01:36:33,557 | Epoch: [21][ 50/254]	Time   0.27 (  0.50)	Data 0.0002 (0.2459)	Loss (L1) 3.996 (4.148)
2026-04-26 01:36:36,226 | Epoch: [21][ 60/254]	Time   0.26 (  0.46)	Data 0.0002 (0.2056)	Loss (L1) 3.923 (4.153)
2026-04-26 01:36:38,925 | Epoch: [21][ 70/254]	Time   0.27 (  0.43)	Data 0.0002 (0.1784)	Loss (L1) 4.448 (4.156)
2026-04-26 01:36:41,624 | Epoch: [21][ 80/254]	Time   0.27 (  0.41)	Data 0.0002 (0.1564)	Loss (L1) 4.415 (4.165)
2026-04-26 01:36:44,362 | Epoch: [21][ 90/254]	Time   0.26 (  0.40)	Data 0.0002 (0.1393)	Loss (L1) 4.184 (4.168)
2026-04-26 01:36:47,321 | Epoch: [21][100/254]	Time   0.27 (  0.39)	Data 0.0002 (0.1292)	Loss (L1) 4.165 (4.174)
2026-04-26 01:36:50,036 | Epoch: [21][110/254]	Time   0.27 (  0.38)	Data 0.0002 (0.1176)	Loss (L1) 4.222 (4.192)
2026-04-26 01:36:52,735 | Epoch: [21][120/254]	Time   0.27 (  0.37)	Data 0.0002 (0.1079)	Loss (L1) 4.298 (4.189)
2026-04-26 01:36:55,625 | Epoch: [21][130/254]	Time   0.41 (  0.36)	Data 0.3021 (0.1029)	Loss (L1) 4.276 (4.196)
2026-04-26 01:36:58,392 | Epoch: [21][140/254]	Time   0.31 (  0.36)	Data 0.0003 (0.0956)	Loss (L1) 4.192 (4.199)
2026-04-26 01:37:01,084 | Epoch: [21][150/254]	Time   0.25 (  0.35)	Data 0.0002 (0.0894)	Loss (L1) 3.954 (4.194)
2026-04-26 01:37:04,894 | Epoch: [21][160/254]	Time   1.32 (  0.35)	Data 1.2100 (0.0917)	Loss (L1) 4.453 (4.195)
2026-04-26 01:37:08,143 | Epoch: [21][170/254]	Time   0.28 (  0.35)	Data 0.0002 (0.0899)	Loss (L1) 4.334 (4.187)
2026-04-26 01:37:10,854 | Epoch: [21][180/254]	Time   0.27 (  0.35)	Data 0.0002 (0.0851)	Loss (L1) 4.179 (4.187)
2026-04-26 01:37:13,580 | Epoch: [21][190/254]	Time   0.28 (  0.34)	Data 0.0002 (0.0806)	Loss (L1) 4.308 (4.187)
2026-04-26 01:37:16,291 | Epoch: [21][200/254]	Time   0.26 (  0.34)	Data 0.0001 (0.0766)	Loss (L1) 4.143 (4.186)
2026-04-26 01:37:19,008 | Epoch: [21][210/254]	Time   0.28 (  0.34)	Data 0.0001 (0.0730)	Loss (L1) 4.459 (4.191)
2026-04-26 01:37:21,681 | Epoch: [21][220/254]	Time   0.27 (  0.33)	Data 0.0002 (0.0697)	Loss (L1) 4.319 (4.192)
2026-04-26 01:37:24,366 | Epoch: [21][230/254]	Time   0.26 (  0.33)	Data 0.0003 (0.0667)	Loss (L1) 4.226 (4.191)
2026-04-26 01:37:27,036 | Epoch: [21][240/254]	Time   0.27 (  0.33)	Data 0.0002 (0.0640)	Loss (L1) 4.093 (4.192)
2026-04-26 01:37:29,706 | Epoch: [21][250/254]	Time   0.27 (  0.33)	Data 0.0002 (0.0614)	Loss (L1) 3.906 (4.190)
2026-04-26 01:37:39,440 | Val: [ 0/25]	Time  8.765 ( 8.765)	Loss (MSE) 211.897 (211.897)	Loss (L1) 13.037 (13.037)
2026-04-26 01:37:40,987 | Val: [10/25]	Time  0.084 ( 0.937)	Loss (MSE) 45.252 (90.342)	Loss (L1) 5.567 (7.928)
2026-04-26 01:37:41,829 | Val: [20/25]	Time  0.085 ( 0.531)	Loss (MSE) 317.863 (113.278)	Loss (L1) 16.995 (8.656)
2026-04-26 01:37:42,311 |  * Overall: MSE 167.319	L1 10.487	G-Mean 7.048
2026-04-26 01:37:42,311 |  * Many: MSE 99.511	L1 8.011	G-Mean 5.376
2026-04-26 01:37:42,311 |  * Median: MSE 254.359	L1 14.171	G-Mean 11.197
2026-04-26 01:37:42,311 |  * Low: MSE 559.837	L1 22.979	G-Mean 22.266
2026-04-26 01:37:42,312 | Best L1 Loss: 9.659
2026-04-26 01:37:42,522 | Epoch #21: Train loss [4.1901]; Val loss: MSE [167.3195], L1 [10.4867], G-Mean [7.0481]
2026-04-26 01:37:53,715 | Epoch: [22][  0/254]	Time  11.19 ( 11.19)	Data 11.0806 (11.0806)	Loss (L1) 4.205 (4.205)
2026-04-26 01:37:57,066 | Epoch: [22][ 10/254]	Time   0.27 (  1.32)	Data 0.0003 (1.0858)	Loss (L1) 4.089 (4.092)
2026-04-26 01:37:59,714 | Epoch: [22][ 20/254]	Time   0.26 (  0.82)	Data 0.0003 (0.5689)	Loss (L1) 3.994 (4.011)
2026-04-26 01:38:02,431 | Epoch: [22][ 30/254]	Time   0.27 (  0.64)	Data 0.0002 (0.3858)	Loss (L1) 4.063 (4.045)
2026-04-26 01:38:05,895 | Epoch: [22][ 40/254]	Time   0.27 (  0.57)	Data 0.0002 (0.3153)	Loss (L1) 4.571 (4.044)
2026-04-26 01:38:08,622 | Epoch: [22][ 50/254]	Time   0.32 (  0.51)	Data 0.0002 (0.2535)	Loss (L1) 4.015 (4.057)
2026-04-26 01:38:11,369 | Epoch: [22][ 60/254]	Time   0.29 (  0.47)	Data 0.0002 (0.2120)	Loss (L1) 4.568 (4.079)
2026-04-26 01:38:14,140 | Epoch: [22][ 70/254]	Time   0.27 (  0.45)	Data 0.0002 (0.1829)	Loss (L1) 4.024 (4.077)
2026-04-26 01:38:16,893 | Epoch: [22][ 80/254]	Time   0.32 (  0.42)	Data 0.0002 (0.1603)	Loss (L1) 4.403 (4.093)
2026-04-26 01:38:19,648 | Epoch: [22][ 90/254]	Time   0.31 (  0.41)	Data 0.0002 (0.1434)	Loss (L1) 3.992 (4.099)
2026-04-26 01:38:23,015 | Epoch: [22][100/254]	Time   0.27 (  0.40)	Data 0.0002 (0.1370)	Loss (L1) 4.222 (4.099)
2026-04-26 01:38:25,777 | Epoch: [22][110/254]	Time   0.26 (  0.39)	Data 0.0002 (0.1247)	Loss (L1) 4.058 (4.097)
2026-04-26 01:38:28,502 | Epoch: [22][120/254]	Time   0.27 (  0.38)	Data 0.0003 (0.1144)	Loss (L1) 4.366 (4.106)
2026-04-26 01:38:32,055 | Epoch: [22][130/254]	Time   0.30 (  0.38)	Data 0.0002 (0.1125)	Loss (L1) 4.487 (4.112)
2026-04-26 01:38:34,734 | Epoch: [22][140/254]	Time   0.26 (  0.37)	Data 0.0004 (0.1045)	Loss (L1) 4.485 (4.112)
2026-04-26 01:38:37,482 | Epoch: [22][150/254]	Time   0.30 (  0.36)	Data 0.0002 (0.0976)	Loss (L1) 3.851 (4.111)
2026-04-26 01:38:41,319 | Epoch: [22][160/254]	Time   1.41 (  0.37)	Data 1.2846 (0.0996)	Loss (L1) 3.982 (4.113)
2026-04-26 01:38:44,051 | Epoch: [22][170/254]	Time   0.28 (  0.36)	Data 0.0104 (0.0939)	Loss (L1) 3.978 (4.113)
2026-04-26 01:38:46,795 | Epoch: [22][180/254]	Time   0.25 (  0.36)	Data 0.0002 (0.0888)	Loss (L1) 4.209 (4.111)
2026-04-26 01:38:49,624 | Epoch: [22][190/254]	Time   0.25 (  0.35)	Data 0.0001 (0.0842)	Loss (L1) 4.414 (4.117)
2026-04-26 01:38:53,053 | Epoch: [22][200/254]	Time   0.28 (  0.35)	Data 0.0001 (0.0844)	Loss (L1) 4.416 (4.115)
2026-04-26 01:38:55,726 | Epoch: [22][210/254]	Time   0.27 (  0.35)	Data 0.0001 (0.0804)	Loss (L1) 4.254 (4.121)
2026-04-26 01:38:58,394 | Epoch: [22][220/254]	Time   0.27 (  0.34)	Data 0.0001 (0.0767)	Loss (L1) 3.931 (4.121)
2026-04-26 01:39:01,061 | Epoch: [22][230/254]	Time   0.27 (  0.34)	Data 0.0001 (0.0734)	Loss (L1) 3.914 (4.120)
2026-04-26 01:39:03,728 | Epoch: [22][240/254]	Time   0.27 (  0.34)	Data 0.0001 (0.0704)	Loss (L1) 3.906 (4.120)
2026-04-26 01:39:06,394 | Epoch: [22][250/254]	Time   0.27 (  0.33)	Data 0.0001 (0.0676)	Loss (L1) 4.226 (4.126)
2026-04-26 01:39:17,290 | Val: [ 0/25]	Time  9.927 ( 9.927)	Loss (MSE) 216.387 (216.387)	Loss (L1) 13.043 (13.043)
2026-04-26 01:39:18,301 | Val: [10/25]	Time  0.084 ( 0.994)	Loss (MSE) 36.635 (84.305)	Loss (L1) 4.746 (7.523)
2026-04-26 01:39:19,145 | Val: [20/25]	Time  0.084 ( 0.561)	Loss (MSE) 334.186 (109.559)	Loss (L1) 17.661 (8.566)
2026-04-26 01:39:19,651 |  * Overall: MSE 177.273	L1 10.721	G-Mean 7.044
2026-04-26 01:39:19,652 |  * Many: MSE 94.712	L1 7.902	G-Mean 5.263
2026-04-26 01:39:19,652 |  * Median: MSE 272.547	L1 14.691	G-Mean 11.497
2026-04-26 01:39:19,652 |  * Low: MSE 693.996	L1 25.765	G-Mean 25.035
2026-04-26 01:39:19,653 | Best L1 Loss: 9.659
2026-04-26 01:39:19,857 | Epoch #22: Train loss [4.1256]; Val loss: MSE [177.2728], L1 [10.7210], G-Mean [7.0444]
2026-04-26 01:39:30,069 | Epoch: [23][  0/254]	Time  10.21 ( 10.21)	Data 10.1008 (10.1008)	Loss (L1) 3.831 (3.831)
2026-04-26 01:39:34,203 | Epoch: [23][ 10/254]	Time   0.26 (  1.30)	Data 0.0003 (1.1082)	Loss (L1) 3.715 (4.051)
2026-04-26 01:39:36,855 | Epoch: [23][ 20/254]	Time   0.27 (  0.81)	Data 0.0004 (0.5807)	Loss (L1) 3.855 (4.091)
2026-04-26 01:39:39,519 | Epoch: [23][ 30/254]	Time   0.26 (  0.63)	Data 0.0003 (0.3935)	Loss (L1) 3.900 (4.134)
2026-04-26 01:39:43,296 | Epoch: [23][ 40/254]	Time   0.27 (  0.57)	Data 0.0003 (0.3388)	Loss (L1) 4.307 (4.149)
2026-04-26 01:39:45,963 | Epoch: [23][ 50/254]	Time   0.28 (  0.51)	Data 0.0003 (0.2724)	Loss (L1) 4.130 (4.156)
2026-04-26 01:39:48,670 | Epoch: [23][ 60/254]	Time   0.29 (  0.47)	Data 0.0002 (0.2280)	Loss (L1) 4.210 (4.161)
2026-04-26 01:39:52,738 | Epoch: [23][ 70/254]	Time   0.28 (  0.46)	Data 0.0003 (0.2168)	Loss (L1) 3.671 (4.134)
2026-04-26 01:39:55,402 | Epoch: [23][ 80/254]	Time   0.27 (  0.44)	Data 0.0003 (0.1901)	Loss (L1) 3.864 (4.132)
2026-04-26 01:39:58,142 | Epoch: [23][ 90/254]	Time   0.26 (  0.42)	Data 0.0003 (0.1692)	Loss (L1) 3.932 (4.121)
2026-04-26 01:40:02,379 | Epoch: [23][100/254]	Time   0.27 (  0.42)	Data 0.0003 (0.1693)	Loss (L1) 3.809 (4.127)
2026-04-26 01:40:05,112 | Epoch: [23][110/254]	Time   0.28 (  0.41)	Data 0.0003 (0.1540)	Loss (L1) 4.354 (4.119)
2026-04-26 01:40:07,818 | Epoch: [23][120/254]	Time   0.31 (  0.40)	Data 0.0002 (0.1413)	Loss (L1) 4.068 (4.112)
2026-04-26 01:40:11,949 | Epoch: [23][130/254]	Time   0.27 (  0.40)	Data 0.0003 (0.1422)	Loss (L1) 4.042 (4.109)
2026-04-26 01:40:14,730 | Epoch: [23][140/254]	Time   0.28 (  0.39)	Data 0.0004 (0.1321)	Loss (L1) 4.162 (4.115)
2026-04-26 01:40:17,462 | Epoch: [23][150/254]	Time   0.30 (  0.38)	Data 0.0002 (0.1234)	Loss (L1) 4.230 (4.111)
2026-04-26 01:40:20,262 | Epoch: [23][160/254]	Time   0.23 (  0.38)	Data 0.0002 (0.1158)	Loss (L1) 4.151 (4.121)
2026-04-26 01:40:23,139 | Epoch: [23][170/254]	Time   0.28 (  0.37)	Data 0.0002 (0.1109)	Loss (L1) 3.936 (4.109)
2026-04-26 01:40:25,824 | Epoch: [23][180/254]	Time   0.27 (  0.36)	Data 0.0002 (0.1048)	Loss (L1) 3.992 (4.113)
2026-04-26 01:40:28,551 | Epoch: [23][190/254]	Time   0.28 (  0.36)	Data 0.0001 (0.0994)	Loss (L1) 3.988 (4.114)
2026-04-26 01:40:31,538 | Epoch: [23][200/254]	Time   0.26 (  0.36)	Data 0.0001 (0.0965)	Loss (L1) 4.053 (4.113)
2026-04-26 01:40:34,214 | Epoch: [23][210/254]	Time   0.26 (  0.35)	Data 0.0002 (0.0919)	Loss (L1) 4.030 (4.113)
2026-04-26 01:40:36,878 | Epoch: [23][220/254]	Time   0.27 (  0.35)	Data 0.0001 (0.0878)	Loss (L1) 4.339 (4.117)
2026-04-26 01:40:39,541 | Epoch: [23][230/254]	Time   0.27 (  0.34)	Data 0.0001 (0.0840)	Loss (L1) 4.214 (4.117)
2026-04-26 01:40:42,205 | Epoch: [23][240/254]	Time   0.27 (  0.34)	Data 0.0001 (0.0805)	Loss (L1) 4.028 (4.115)
2026-04-26 01:40:44,870 | Epoch: [23][250/254]	Time   0.27 (  0.34)	Data 0.0001 (0.0773)	Loss (L1) 3.610 (4.111)
2026-04-26 01:40:55,770 | Val: [ 0/25]	Time  9.934 ( 9.934)	Loss (MSE) 251.867 (251.867)	Loss (L1) 14.360 (14.360)
2026-04-26 01:40:57,046 | Val: [10/25]	Time  0.084 ( 1.019)	Loss (MSE) 44.939 (102.702)	Loss (L1) 5.443 (8.363)
2026-04-26 01:40:57,885 | Val: [20/25]	Time  0.084 ( 0.574)	Loss (MSE) 283.162 (110.748)	Loss (L1) 15.976 (8.637)
2026-04-26 01:40:58,349 |  * Overall: MSE 164.354	L1 10.459	G-Mean 7.141
2026-04-26 01:40:58,349 |  * Many: MSE 93.133	L1 7.851	G-Mean 5.369
2026-04-26 01:40:58,349 |  * Median: MSE 251.899	L1 14.299	G-Mean 11.725
2026-04-26 01:40:58,349 |  * Low: MSE 590.681	L1 23.762	G-Mean 23.212
2026-04-26 01:40:58,350 | Best L1 Loss: 9.659
2026-04-26 01:40:58,554 | Epoch #23: Train loss [4.1120]; Val loss: MSE [164.3545], L1 [10.4586], G-Mean [7.1406]
2026-04-26 01:41:05,239 | Epoch: [24][  0/254]	Time   6.68 (  6.68)	Data 6.5499 (6.5499)	Loss (L1) 3.981 (3.981)
2026-04-26 01:41:10,932 | Epoch: [24][ 10/254]	Time   0.29 (  1.13)	Data 0.0203 (0.8830)	Loss (L1) 4.169 (4.005)
2026-04-26 01:41:13,624 | Epoch: [24][ 20/254]	Time   0.27 (  0.72)	Data 0.0002 (0.4629)	Loss (L1) 3.616 (4.007)
2026-04-26 01:41:16,300 | Epoch: [24][ 30/254]	Time   0.27 (  0.57)	Data 0.0002 (0.3149)	Loss (L1) 4.497 (4.008)
2026-04-26 01:41:21,386 | Epoch: [24][ 40/254]	Time   0.27 (  0.56)	Data 0.0003 (0.3075)	Loss (L1) 3.901 (3.993)
2026-04-26 01:41:24,096 | Epoch: [24][ 50/254]	Time   0.28 (  0.50)	Data 0.0004 (0.2473)	Loss (L1) 4.116 (4.027)
2026-04-26 01:41:26,849 | Epoch: [24][ 60/254]	Time   0.26 (  0.46)	Data 0.0002 (0.2073)	Loss (L1) 4.384 (4.045)
2026-04-26 01:41:29,866 | Epoch: [24][ 70/254]	Time   0.28 (  0.44)	Data 0.0004 (0.1840)	Loss (L1) 4.120 (4.041)
2026-04-26 01:41:32,638 | Epoch: [24][ 80/254]	Time   0.30 (  0.42)	Data 0.0003 (0.1616)	Loss (L1) 4.076 (4.045)
2026-04-26 01:41:35,547 | Epoch: [24][ 90/254]	Time   0.24 (  0.41)	Data 0.0002 (0.1439)	Loss (L1) 3.757 (4.042)
2026-04-26 01:41:41,102 | Epoch: [24][100/254]	Time   2.82 (  0.42)	Data 2.6881 (0.1584)	Loss (L1) 3.970 (4.033)
2026-04-26 01:41:43,794 | Epoch: [24][110/254]	Time   0.27 (  0.41)	Data 0.0004 (0.1442)	Loss (L1) 3.895 (4.035)
2026-04-26 01:41:46,494 | Epoch: [24][120/254]	Time   0.27 (  0.40)	Data 0.0002 (0.1323)	Loss (L1) 4.001 (4.043)
2026-04-26 01:41:49,243 | Epoch: [24][130/254]	Time   0.29 (  0.39)	Data 0.0002 (0.1222)	Loss (L1) 4.501 (4.045)
2026-04-26 01:41:51,936 | Epoch: [24][140/254]	Time   0.26 (  0.38)	Data 0.0002 (0.1141)	Loss (L1) 3.907 (4.042)
2026-04-26 01:41:54,677 | Epoch: [24][150/254]	Time   0.28 (  0.37)	Data 0.0002 (0.1066)	Loss (L1) 4.310 (4.053)
2026-04-26 01:41:57,387 | Epoch: [24][160/254]	Time   0.27 (  0.37)	Data 0.0002 (0.1000)	Loss (L1) 3.975 (4.041)
2026-04-26 01:42:00,802 | Epoch: [24][170/254]	Time   0.27 (  0.36)	Data 0.0108 (0.0990)	Loss (L1) 3.784 (4.046)
2026-04-26 01:42:03,605 | Epoch: [24][180/254]	Time   0.33 (  0.36)	Data 0.0002 (0.0935)	Loss (L1) 4.077 (4.052)
2026-04-26 01:42:06,300 | Epoch: [24][190/254]	Time   0.26 (  0.35)	Data 0.0002 (0.0887)	Loss (L1) 3.512 (4.054)
2026-04-26 01:42:08,996 | Epoch: [24][200/254]	Time   0.26 (  0.35)	Data 0.0001 (0.0843)	Loss (L1) 4.078 (4.069)
2026-04-26 01:42:11,682 | Epoch: [24][210/254]	Time   0.27 (  0.35)	Data 0.0001 (0.0803)	Loss (L1) 3.830 (4.070)
2026-04-26 01:42:14,342 | Epoch: [24][220/254]	Time   0.27 (  0.34)	Data 0.0001 (0.0766)	Loss (L1) 3.858 (4.066)
2026-04-26 01:42:17,006 | Epoch: [24][230/254]	Time   0.27 (  0.34)	Data 0.0001 (0.0733)	Loss (L1) 4.064 (4.071)
2026-04-26 01:42:19,671 | Epoch: [24][240/254]	Time   0.27 (  0.34)	Data 0.0001 (0.0703)	Loss (L1) 4.225 (4.073)
2026-04-26 01:42:22,337 | Epoch: [24][250/254]	Time   0.27 (  0.33)	Data 0.0001 (0.0675)	Loss (L1) 4.417 (4.071)
2026-04-26 01:42:32,571 | Val: [ 0/25]	Time  9.285 ( 9.285)	Loss (MSE) 266.022 (266.022)	Loss (L1) 14.729 (14.729)
2026-04-26 01:42:33,624 | Val: [10/25]	Time  0.084 ( 0.940)	Loss (MSE) 51.655 (106.246)	Loss (L1) 6.028 (8.628)
2026-04-26 01:42:34,467 | Val: [20/25]	Time  0.084 ( 0.532)	Loss (MSE) 366.706 (134.077)	Loss (L1) 18.070 (9.449)
2026-04-26 01:42:34,945 |  * Overall: MSE 193.006	L1 11.331	G-Mean 7.684
2026-04-26 01:42:34,945 |  * Many: MSE 118.363	L1 8.746	G-Mean 5.866
2026-04-26 01:42:34,945 |  * Median: MSE 291.707	L1 15.264	G-Mean 12.310
2026-04-26 01:42:34,945 |  * Low: MSE 614.592	L1 24.070	G-Mean 23.352
2026-04-26 01:42:34,946 | Best L1 Loss: 9.659
2026-04-26 01:42:35,158 | Epoch #24: Train loss [4.0728]; Val loss: MSE [193.0055], L1 [11.3314], G-Mean [7.6843]
2026-04-26 01:42:45,164 | Epoch: [25][  0/254]	Time  10.00 ( 10.00)	Data 9.8549 (9.8549)	Loss (L1) 3.636 (3.636)
2026-04-26 01:42:48,929 | Epoch: [25][ 10/254]	Time   0.25 (  1.25)	Data 0.0002 (1.0168)	Loss (L1) 3.568 (3.870)
2026-04-26 01:42:51,653 | Epoch: [25][ 20/254]	Time   0.29 (  0.79)	Data 0.0072 (0.5331)	Loss (L1) 3.703 (3.922)
2026-04-26 01:42:54,398 | Epoch: [25][ 30/254]	Time   0.26 (  0.62)	Data 0.0002 (0.3612)	Loss (L1) 3.728 (3.984)
2026-04-26 01:42:57,154 | Epoch: [25][ 40/254]	Time   0.27 (  0.54)	Data 0.0002 (0.2732)	Loss (L1) 3.915 (3.959)
2026-04-26 01:42:59,871 | Epoch: [25][ 50/254]	Time   0.27 (  0.48)	Data 0.0005 (0.2200)	Loss (L1) 4.033 (3.956)
2026-04-26 01:43:02,575 | Epoch: [25][ 60/254]	Time   0.27 (  0.45)	Data 0.0042 (0.1842)	Loss (L1) 4.089 (3.961)
2026-04-26 01:43:07,392 | Epoch: [25][ 70/254]	Time   0.30 (  0.45)	Data 0.0004 (0.1896)	Loss (L1) 3.753 (3.961)
2026-04-26 01:43:10,088 | Epoch: [25][ 80/254]	Time   0.25 (  0.43)	Data 0.0004 (0.1663)	Loss (L1) 4.170 (3.980)
2026-04-26 01:43:12,795 | Epoch: [25][ 90/254]	Time   0.27 (  0.41)	Data 0.0002 (0.1482)	Loss (L1) 3.399 (3.989)
2026-04-26 01:43:15,496 | Epoch: [25][100/254]	Time   0.27 (  0.40)	Data 0.0002 (0.1337)	Loss (L1) 3.967 (3.982)
2026-04-26 01:43:19,416 | Epoch: [25][110/254]	Time   0.28 (  0.40)	Data 0.0002 (0.1340)	Loss (L1) 3.837 (3.983)
2026-04-26 01:43:22,129 | Epoch: [25][120/254]	Time   0.27 (  0.39)	Data 0.0002 (0.1230)	Loss (L1) 3.855 (3.986)
2026-04-26 01:43:24,851 | Epoch: [25][130/254]	Time   0.27 (  0.38)	Data 0.0002 (0.1138)	Loss (L1) 4.294 (3.993)
2026-04-26 01:43:28,257 | Epoch: [25][140/254]	Time   0.28 (  0.38)	Data 0.0002 (0.1121)	Loss (L1) 3.770 (3.993)
2026-04-26 01:43:30,981 | Epoch: [25][150/254]	Time   0.26 (  0.37)	Data 0.0002 (0.1047)	Loss (L1) 4.125 (4.000)
2026-04-26 01:43:33,674 | Epoch: [25][160/254]	Time   0.27 (  0.36)	Data 0.0003 (0.0982)	Loss (L1) 3.737 (3.996)
2026-04-26 01:43:36,609 | Epoch: [25][170/254]	Time   0.28 (  0.36)	Data 0.0002 (0.0947)	Loss (L1) 4.275 (3.995)
2026-04-26 01:43:39,339 | Epoch: [25][180/254]	Time   0.27 (  0.35)	Data 0.0003 (0.0895)	Loss (L1) 4.176 (4.006)
2026-04-26 01:43:42,104 | Epoch: [25][190/254]	Time   0.27 (  0.35)	Data 0.0002 (0.0848)	Loss (L1) 4.382 (4.009)
2026-04-26 01:43:44,845 | Epoch: [25][200/254]	Time   0.27 (  0.35)	Data 0.0001 (0.0806)	Loss (L1) 4.443 (4.011)
2026-04-26 01:43:47,546 | Epoch: [25][210/254]	Time   0.27 (  0.34)	Data 0.0001 (0.0768)	Loss (L1) 3.840 (4.019)
2026-04-26 01:43:50,208 | Epoch: [25][220/254]	Time   0.27 (  0.34)	Data 0.0001 (0.0733)	Loss (L1) 4.148 (4.018)
2026-04-26 01:43:52,867 | Epoch: [25][230/254]	Time   0.27 (  0.34)	Data 0.0001 (0.0702)	Loss (L1) 4.325 (4.020)
2026-04-26 01:43:55,528 | Epoch: [25][240/254]	Time   0.27 (  0.33)	Data 0.0001 (0.0673)	Loss (L1) 3.817 (4.016)
2026-04-26 01:43:58,188 | Epoch: [25][250/254]	Time   0.27 (  0.33)	Data 0.0001 (0.0646)	Loss (L1) 4.082 (4.017)
2026-04-26 01:44:08,409 | Val: [ 0/25]	Time  9.267 ( 9.267)	Loss (MSE) 213.684 (213.684)	Loss (L1) 13.109 (13.109)
2026-04-26 01:44:09,284 | Val: [10/25]	Time  0.084 ( 0.922)	Loss (MSE) 49.361 (98.445)	Loss (L1) 5.714 (8.256)
2026-04-26 01:44:10,124 | Val: [20/25]	Time  0.084 ( 0.523)	Loss (MSE) 272.084 (107.084)	Loss (L1) 15.525 (8.436)
2026-04-26 01:44:10,597 |  * Overall: MSE 161.903	L1 10.287	G-Mean 6.962
2026-04-26 01:44:10,597 |  * Many: MSE 91.863	L1 7.721	G-Mean 5.268
2026-04-26 01:44:10,597 |  * Median: MSE 244.688	L1 13.979	G-Mean 11.178
2026-04-26 01:44:10,598 |  * Low: MSE 593.152	L1 23.694	G-Mean 22.974
2026-04-26 01:44:10,598 | Best L1 Loss: 9.659
2026-04-26 01:44:10,945 | Epoch #25: Train loss [4.0173]; Val loss: MSE [161.9026], L1 [10.2870], G-Mean [6.9615]
2026-04-26 01:44:19,428 | Epoch: [26][  0/254]	Time   8.48 (  8.48)	Data 8.2919 (8.2919)	Loss (L1) 4.134 (4.134)
2026-04-26 01:44:25,405 | Epoch: [26][ 10/254]	Time   0.26 (  1.31)	Data 0.0002 (1.0702)	Loss (L1) 4.150 (4.145)
2026-04-26 01:44:28,051 | Epoch: [26][ 20/254]	Time   0.26 (  0.81)	Data 0.0002 (0.5607)	Loss (L1) 3.896 (4.064)
2026-04-26 01:44:30,750 | Epoch: [26][ 30/254]	Time   0.29 (  0.64)	Data 0.0002 (0.3799)	Loss (L1) 3.844 (4.055)
2026-04-26 01:44:33,483 | Epoch: [26][ 40/254]	Time   0.27 (  0.55)	Data 0.0002 (0.2921)	Loss (L1) 3.846 (3.999)
2026-04-26 01:44:36,170 | Epoch: [26][ 50/254]	Time   0.26 (  0.49)	Data 0.0002 (0.2349)	Loss (L1) 3.701 (3.970)
2026-04-26 01:44:38,909 | Epoch: [26][ 60/254]	Time   0.28 (  0.46)	Data 0.0003 (0.1965)	Loss (L1) 3.949 (3.980)
2026-04-26 01:44:42,733 | Epoch: [26][ 70/254]	Time   0.26 (  0.45)	Data 0.0003 (0.1917)	Loss (L1) 3.665 (3.968)
2026-04-26 01:44:45,421 | Epoch: [26][ 80/254]	Time   0.28 (  0.43)	Data 0.0003 (0.1681)	Loss (L1) 3.684 (3.973)
2026-04-26 01:44:48,109 | Epoch: [26][ 90/254]	Time   0.26 (  0.41)	Data 0.0006 (0.1497)	Loss (L1) 3.951 (3.978)
2026-04-26 01:44:51,554 | Epoch: [26][100/254]	Time   0.66 (  0.40)	Data 0.5489 (0.1452)	Loss (L1) 4.031 (3.969)
2026-04-26 01:44:54,277 | Epoch: [26][110/254]	Time   0.27 (  0.39)	Data 0.0003 (0.1321)	Loss (L1) 4.083 (3.976)
2026-04-26 01:44:57,002 | Epoch: [26][120/254]	Time   0.27 (  0.38)	Data 0.0002 (0.1212)	Loss (L1) 3.733 (3.964)
2026-04-26 01:45:00,580 | Epoch: [26][130/254]	Time   0.26 (  0.38)	Data 0.0002 (0.1197)	Loss (L1) 4.147 (3.955)
2026-04-26 01:45:03,288 | Epoch: [26][140/254]	Time   0.27 (  0.37)	Data 0.0002 (0.1113)	Loss (L1) 3.769 (3.962)
2026-04-26 01:45:05,966 | Epoch: [26][150/254]	Time   0.27 (  0.36)	Data 0.0002 (0.1040)	Loss (L1) 4.032 (3.960)
2026-04-26 01:45:08,689 | Epoch: [26][160/254]	Time   0.28 (  0.36)	Data 0.0003 (0.0975)	Loss (L1) 4.371 (3.959)
2026-04-26 01:45:11,782 | Epoch: [26][170/254]	Time   0.27 (  0.36)	Data 0.0003 (0.0952)	Loss (L1) 3.837 (3.944)
2026-04-26 01:45:14,500 | Epoch: [26][180/254]	Time   0.28 (  0.35)	Data 0.0002 (0.0900)	Loss (L1) 4.096 (3.942)
2026-04-26 01:45:17,185 | Epoch: [26][190/254]	Time   0.28 (  0.35)	Data 0.0001 (0.0853)	Loss (L1) 3.913 (3.943)
2026-04-26 01:45:20,591 | Epoch: [26][200/254]	Time   0.28 (  0.35)	Data 0.0001 (0.0854)	Loss (L1) 3.910 (3.939)
2026-04-26 01:45:23,287 | Epoch: [26][210/254]	Time   0.27 (  0.34)	Data 0.0001 (0.0813)	Loss (L1) 3.862 (3.945)
2026-04-26 01:45:25,933 | Epoch: [26][220/254]	Time   0.26 (  0.34)	Data 0.0001 (0.0776)	Loss (L1) 3.909 (3.943)
2026-04-26 01:45:28,584 | Epoch: [26][230/254]	Time   0.27 (  0.34)	Data 0.0001 (0.0743)	Loss (L1) 4.296 (3.953)
2026-04-26 01:45:31,234 | Epoch: [26][240/254]	Time   0.26 (  0.33)	Data 0.0001 (0.0712)	Loss (L1) 4.348 (3.956)
2026-04-26 01:45:33,888 | Epoch: [26][250/254]	Time   0.27 (  0.33)	Data 0.0001 (0.0684)	Loss (L1) 4.056 (3.961)
2026-04-26 01:45:42,558 | Val: [ 0/25]	Time  7.713 ( 7.713)	Loss (MSE) 271.129 (271.129)	Loss (L1) 14.948 (14.948)
2026-04-26 01:45:45,083 | Val: [10/25]	Time  0.083 ( 0.931)	Loss (MSE) 46.595 (118.667)	Loss (L1) 5.436 (8.993)
2026-04-26 01:45:45,918 | Val: [20/25]	Time  0.083 ( 0.527)	Loss (MSE) 221.074 (105.170)	Loss (L1) 14.159 (8.394)
2026-04-26 01:45:46,395 |  * Overall: MSE 148.083	L1 9.982	G-Mean 6.805
2026-04-26 01:45:46,395 |  * Many: MSE 83.162	L1 7.460	G-Mean 5.114
2026-04-26 01:45:46,395 |  * Median: MSE 240.011	L1 14.032	G-Mean 11.352
2026-04-26 01:45:46,395 |  * Low: MSE 492.707	L1 21.632	G-Mean 21.048
2026-04-26 01:45:46,396 | Best L1 Loss: 9.659
2026-04-26 01:45:46,596 | Epoch #26: Train loss [3.9596]; Val loss: MSE [148.0832], L1 [9.9823], G-Mean [6.8054]
2026-04-26 01:45:55,659 | Epoch: [27][  0/254]	Time   9.06 (  9.06)	Data 8.9480 (8.9480)	Loss (L1) 4.187 (4.187)
2026-04-26 01:45:58,666 | Epoch: [27][ 10/254]	Time   0.26 (  1.10)	Data 0.0002 (0.8519)	Loss (L1) 4.088 (3.918)
2026-04-26 01:46:01,367 | Epoch: [27][ 20/254]	Time   0.26 (  0.70)	Data 0.0001 (0.4471)	Loss (L1) 4.207 (3.899)
2026-04-26 01:46:04,064 | Epoch: [27][ 30/254]	Time   0.29 (  0.56)	Data 0.0002 (0.3030)	Loss (L1) 3.761 (3.930)
2026-04-26 01:46:06,915 | Epoch: [27][ 40/254]	Time   0.38 (  0.50)	Data 0.2397 (0.2376)	Loss (L1) 3.542 (3.942)
2026-04-26 01:46:09,597 | Epoch: [27][ 50/254]	Time   0.31 (  0.45)	Data 0.0002 (0.1911)	Loss (L1) 4.032 (3.936)
2026-04-26 01:46:12,245 | Epoch: [27][ 60/254]	Time   0.29 (  0.42)	Data 0.0002 (0.1598)	Loss (L1) 3.919 (3.927)
2026-04-26 01:46:17,018 | Epoch: [27][ 70/254]	Time   0.28 (  0.43)	Data 0.0002 (0.1700)	Loss (L1) 3.531 (3.909)
2026-04-26 01:46:19,728 | Epoch: [27][ 80/254]	Time   0.27 (  0.41)	Data 0.0002 (0.1491)	Loss (L1) 3.868 (3.922)
2026-04-26 01:46:22,461 | Epoch: [27][ 90/254]	Time   0.29 (  0.39)	Data 0.0003 (0.1330)	Loss (L1) 3.664 (3.942)
2026-04-26 01:46:25,424 | Epoch: [27][100/254]	Time   0.29 (  0.38)	Data 0.0002 (0.1239)	Loss (L1) 3.776 (3.950)
2026-04-26 01:46:28,124 | Epoch: [27][110/254]	Time   0.27 (  0.37)	Data 0.0002 (0.1134)	Loss (L1) 4.084 (3.963)
2026-04-26 01:46:30,795 | Epoch: [27][120/254]	Time   0.28 (  0.37)	Data 0.0002 (0.1041)	Loss (L1) 3.832 (3.959)
2026-04-26 01:46:34,040 | Epoch: [27][130/254]	Time   0.28 (  0.36)	Data 0.0002 (0.1015)	Loss (L1) 4.080 (3.954)
2026-04-26 01:46:38,167 | Epoch: [27][140/254]	Time   0.28 (  0.37)	Data 0.0002 (0.1056)	Loss (L1) 4.038 (3.956)
2026-04-26 01:46:40,834 | Epoch: [27][150/254]	Time   0.28 (  0.36)	Data 0.0002 (0.0987)	Loss (L1) 3.750 (3.963)
2026-04-26 01:46:43,605 | Epoch: [27][160/254]	Time   0.28 (  0.35)	Data 0.0002 (0.0926)	Loss (L1) 3.635 (3.969)
2026-04-26 01:46:47,191 | Epoch: [27][170/254]	Time   0.27 (  0.35)	Data 0.0002 (0.0934)	Loss (L1) 3.968 (3.964)
2026-04-26 01:46:49,922 | Epoch: [27][180/254]	Time   0.26 (  0.35)	Data 0.0002 (0.0882)	Loss (L1) 3.745 (3.956)
2026-04-26 01:46:52,657 | Epoch: [27][190/254]	Time   0.26 (  0.35)	Data 0.0001 (0.0836)	Loss (L1) 4.070 (3.957)
2026-04-26 01:46:55,897 | Epoch: [27][200/254]	Time   0.81 (  0.34)	Data 0.6881 (0.0829)	Loss (L1) 3.678 (3.957)
2026-04-26 01:46:58,600 | Epoch: [27][210/254]	Time   0.27 (  0.34)	Data 0.0002 (0.0790)	Loss (L1) 4.018 (3.958)
2026-04-26 01:47:01,279 | Epoch: [27][220/254]	Time   0.27 (  0.34)	Data 0.0002 (0.0754)	Loss (L1) 3.843 (3.953)
2026-04-26 01:47:03,935 | Epoch: [27][230/254]	Time   0.27 (  0.33)	Data 0.0001 (0.0722)	Loss (L1) 4.157 (3.957)
2026-04-26 01:47:06,589 | Epoch: [27][240/254]	Time   0.27 (  0.33)	Data 0.0001 (0.0692)	Loss (L1) 3.781 (3.953)
2026-04-26 01:47:09,249 | Epoch: [27][250/254]	Time   0.27 (  0.33)	Data 0.0001 (0.0664)	Loss (L1) 4.060 (3.954)
2026-04-26 01:47:20,056 | Val: [ 0/25]	Time  9.854 ( 9.854)	Loss (MSE) 220.366 (220.366)	Loss (L1) 13.563 (13.563)
2026-04-26 01:47:20,893 | Val: [10/25]	Time  0.084 ( 0.972)	Loss (MSE) 40.994 (89.288)	Loss (L1) 5.248 (7.790)
2026-04-26 01:47:21,729 | Val: [20/25]	Time  0.084 ( 0.549)	Loss (MSE) 278.085 (101.271)	Loss (L1) 15.889 (8.256)
2026-04-26 01:47:22,211 |  * Overall: MSE 156.400	L1 10.134	G-Mean 6.849
2026-04-26 01:47:22,212 |  * Many: MSE 85.028	L1 7.498	G-Mean 5.153
2026-04-26 01:47:22,212 |  * Median: MSE 243.783	L1 14.031	G-Mean 11.150
2026-04-26 01:47:22,212 |  * Low: MSE 584.887	L1 23.528	G-Mean 22.842
2026-04-26 01:47:22,212 | Best L1 Loss: 9.659
2026-04-26 01:47:22,413 | Epoch #27: Train loss [3.9541]; Val loss: MSE [156.3999], L1 [10.1341], G-Mean [6.8491]
2026-04-26 01:47:29,920 | Epoch: [28][  0/254]	Time   7.51 (  7.51)	Data 7.3885 (7.3885)	Loss (L1) 3.860 (3.860)
2026-04-26 01:47:35,443 | Epoch: [28][ 10/254]	Time   0.27 (  1.18)	Data 0.0002 (0.9701)	Loss (L1) 3.939 (3.812)
2026-04-26 01:47:38,257 | Epoch: [28][ 20/254]	Time   0.26 (  0.75)	Data 0.0002 (0.5103)	Loss (L1) 3.791 (3.875)
2026-04-26 01:47:40,971 | Epoch: [28][ 30/254]	Time   0.28 (  0.60)	Data 0.0002 (0.3458)	Loss (L1) 3.854 (3.874)
2026-04-26 01:47:46,386 | Epoch: [28][ 40/254]	Time   0.28 (  0.58)	Data 0.0003 (0.3352)	Loss (L1) 3.825 (3.862)
2026-04-26 01:47:49,066 | Epoch: [28][ 50/254]	Time   0.28 (  0.52)	Data 0.0002 (0.2696)	Loss (L1) 3.737 (3.845)
2026-04-26 01:47:51,726 | Epoch: [28][ 60/254]	Time   0.27 (  0.48)	Data 0.0003 (0.2254)	Loss (L1) 3.778 (3.827)
2026-04-26 01:47:56,008 | Epoch: [28][ 70/254]	Time   0.27 (  0.47)	Data 0.0003 (0.2199)	Loss (L1) 4.071 (3.826)
2026-04-26 01:47:58,705 | Epoch: [28][ 80/254]	Time   0.27 (  0.45)	Data 0.0002 (0.1928)	Loss (L1) 4.355 (3.844)
2026-04-26 01:48:01,423 | Epoch: [28][ 90/254]	Time   0.27 (  0.43)	Data 0.0002 (0.1717)	Loss (L1) 3.987 (3.847)
2026-04-26 01:48:04,325 | Epoch: [28][100/254]	Time   0.29 (  0.41)	Data 0.0002 (0.1584)	Loss (L1) 3.901 (3.845)
2026-04-26 01:48:07,039 | Epoch: [28][110/254]	Time   0.27 (  0.40)	Data 0.0002 (0.1441)	Loss (L1) 4.037 (3.853)
2026-04-26 01:48:09,718 | Epoch: [28][120/254]	Time   0.26 (  0.39)	Data 0.0169 (0.1324)	Loss (L1) 3.697 (3.851)
2026-04-26 01:48:12,412 | Epoch: [28][130/254]	Time   0.27 (  0.38)	Data 0.0002 (0.1223)	Loss (L1) 3.704 (3.844)
2026-04-26 01:48:15,342 | Epoch: [28][140/254]	Time   0.28 (  0.38)	Data 0.0002 (0.1159)	Loss (L1) 3.775 (3.846)
2026-04-26 01:48:18,031 | Epoch: [28][150/254]	Time   0.27 (  0.37)	Data 0.0003 (0.1088)	Loss (L1) 4.067 (3.849)
2026-04-26 01:48:20,738 | Epoch: [28][160/254]	Time   0.24 (  0.36)	Data 0.0002 (0.1021)	Loss (L1) 3.695 (3.849)
2026-04-26 01:48:25,020 | Epoch: [28][170/254]	Time   0.29 (  0.37)	Data 0.0003 (0.1062)	Loss (L1) 3.571 (3.854)
2026-04-26 01:48:27,768 | Epoch: [28][180/254]	Time   0.27 (  0.36)	Data 0.0002 (0.1003)	Loss (L1) 3.932 (3.866)
2026-04-26 01:48:30,498 | Epoch: [28][190/254]	Time   0.26 (  0.36)	Data 0.0002 (0.0952)	Loss (L1) 3.892 (3.877)
2026-04-26 01:48:33,469 | Epoch: [28][200/254]	Time   0.26 (  0.35)	Data 0.0002 (0.0926)	Loss (L1) 3.950 (3.879)
2026-04-26 01:48:36,132 | Epoch: [28][210/254]	Time   0.27 (  0.35)	Data 0.0001 (0.0883)	Loss (L1) 3.534 (3.881)
2026-04-26 01:48:38,796 | Epoch: [28][220/254]	Time   0.27 (  0.35)	Data 0.0001 (0.0843)	Loss (L1) 3.871 (3.875)
2026-04-26 01:48:41,453 | Epoch: [28][230/254]	Time   0.27 (  0.34)	Data 0.0001 (0.0806)	Loss (L1) 3.873 (3.874)
2026-04-26 01:48:44,111 | Epoch: [28][240/254]	Time   0.27 (  0.34)	Data 0.0001 (0.0773)	Loss (L1) 3.769 (3.877)
2026-04-26 01:48:46,771 | Epoch: [28][250/254]	Time   0.27 (  0.34)	Data 0.0001 (0.0742)	Loss (L1) 4.326 (3.876)
2026-04-26 01:48:55,522 | Val: [ 0/25]	Time  7.782 ( 7.782)	Loss (MSE) 252.554 (252.554)	Loss (L1) 14.503 (14.503)
2026-04-26 01:48:57,687 | Val: [10/25]	Time  0.084 ( 0.904)	Loss (MSE) 61.680 (117.327)	Loss (L1) 6.437 (9.014)
2026-04-26 01:48:58,524 | Val: [20/25]	Time  0.084 ( 0.513)	Loss (MSE) 259.615 (115.448)	Loss (L1) 15.042 (8.843)
2026-04-26 01:48:58,993 |  * Overall: MSE 159.644	L1 10.415	G-Mean 7.203
2026-04-26 01:48:58,993 |  * Many: MSE 98.267	L1 8.066	G-Mean 5.503
2026-04-26 01:48:58,993 |  * Median: MSE 239.056	L1 13.985	G-Mean 11.585
2026-04-26 01:48:58,993 |  * Low: MSE 512.647	L1 22.005	G-Mean 21.405
2026-04-26 01:48:58,994 | Best L1 Loss: 9.659
2026-04-26 01:48:59,198 | Epoch #28: Train loss [3.8754]; Val loss: MSE [159.6436], L1 [10.4154], G-Mean [7.2031]
2026-04-26 01:49:05,825 | Epoch: [29][  0/254]	Time   6.63 (  6.63)	Data 6.5105 (6.5105)	Loss (L1) 3.680 (3.680)
2026-04-26 01:49:12,913 | Epoch: [29][ 10/254]	Time   0.26 (  1.25)	Data 0.0002 (1.0292)	Loss (L1) 4.125 (3.730)
2026-04-26 01:49:15,573 | Epoch: [29][ 20/254]	Time   0.27 (  0.78)	Data 0.0001 (0.5392)	Loss (L1) 3.973 (3.824)
2026-04-26 01:49:18,257 | Epoch: [29][ 30/254]	Time   0.29 (  0.61)	Data 0.0002 (0.3655)	Loss (L1) 3.838 (3.785)
2026-04-26 01:49:21,853 | Epoch: [29][ 40/254]	Time   0.27 (  0.55)	Data 0.0002 (0.3063)	Loss (L1) 4.150 (3.805)
2026-04-26 01:49:24,514 | Epoch: [29][ 50/254]	Time   0.26 (  0.50)	Data 0.0006 (0.2463)	Loss (L1) 3.881 (3.797)
2026-04-26 01:49:27,229 | Epoch: [29][ 60/254]	Time   0.27 (  0.46)	Data 0.0003 (0.2060)	Loss (L1) 3.897 (3.823)
2026-04-26 01:49:31,320 | Epoch: [29][ 70/254]	Time   0.27 (  0.45)	Data 0.0002 (0.1990)	Loss (L1) 4.172 (3.830)
2026-04-26 01:49:34,040 | Epoch: [29][ 80/254]	Time   0.28 (  0.43)	Data 0.0003 (0.1745)	Loss (L1) 3.832 (3.838)
2026-04-26 01:49:36,818 | Epoch: [29][ 90/254]	Time   0.27 (  0.41)	Data 0.0003 (0.1554)	Loss (L1) 3.700 (3.834)
2026-04-26 01:49:39,985 | Epoch: [29][100/254]	Time   0.27 (  0.40)	Data 0.0002 (0.1469)	Loss (L1) 3.766 (3.838)
2026-04-26 01:49:42,717 | Epoch: [29][110/254]	Time   0.27 (  0.39)	Data 0.0002 (0.1337)	Loss (L1) 3.618 (3.837)
2026-04-26 01:49:45,443 | Epoch: [29][120/254]	Time   0.27 (  0.38)	Data 0.0002 (0.1226)	Loss (L1) 3.340 (3.823)
2026-04-26 01:49:49,245 | Epoch: [29][130/254]	Time   1.36 (  0.38)	Data 1.2073 (0.1229)	Loss (L1) 3.833 (3.826)
2026-04-26 01:49:51,950 | Epoch: [29][140/254]	Time   0.28 (  0.37)	Data 0.0003 (0.1142)	Loss (L1) 3.773 (3.830)
2026-04-26 01:49:54,747 | Epoch: [29][150/254]	Time   0.28 (  0.37)	Data 0.0005 (0.1067)	Loss (L1) 4.135 (3.832)
2026-04-26 01:49:57,496 | Epoch: [29][160/254]	Time   0.27 (  0.36)	Data 0.0002 (0.1003)	Loss (L1) 4.249 (3.843)
2026-04-26 01:50:00,819 | Epoch: [29][170/254]	Time   0.29 (  0.36)	Data 0.0002 (0.0988)	Loss (L1) 3.931 (3.850)
2026-04-26 01:50:03,526 | Epoch: [29][180/254]	Time   0.27 (  0.36)	Data 0.0002 (0.0936)	Loss (L1) 3.528 (3.845)
2026-04-26 01:50:06,261 | Epoch: [29][190/254]	Time   0.27 (  0.35)	Data 0.0002 (0.0888)	Loss (L1) 3.965 (3.845)
2026-04-26 01:50:09,100 | Epoch: [29][200/254]	Time   0.29 (  0.35)	Data 0.0001 (0.0857)	Loss (L1) 3.778 (3.848)
2026-04-26 01:50:11,764 | Epoch: [29][210/254]	Time   0.27 (  0.34)	Data 0.0001 (0.0816)	Loss (L1) 3.752 (3.853)
2026-04-26 01:50:14,427 | Epoch: [29][220/254]	Time   0.27 (  0.34)	Data 0.0001 (0.0779)	Loss (L1) 3.890 (3.855)
2026-04-26 01:50:17,092 | Epoch: [29][230/254]	Time   0.27 (  0.34)	Data 0.0002 (0.0746)	Loss (L1) 3.994 (3.858)
2026-04-26 01:50:19,752 | Epoch: [29][240/254]	Time   0.27 (  0.33)	Data 0.0001 (0.0715)	Loss (L1) 3.784 (3.857)
2026-04-26 01:50:22,411 | Epoch: [29][250/254]	Time   0.27 (  0.33)	Data 0.0001 (0.0687)	Loss (L1) 3.783 (3.861)
2026-04-26 01:50:31,906 | Val: [ 0/25]	Time  8.539 ( 8.539)	Loss (MSE) 213.988 (213.988)	Loss (L1) 13.441 (13.441)
2026-04-26 01:50:33,516 | Val: [10/25]	Time  0.084 ( 0.923)	Loss (MSE) 37.289 (82.027)	Loss (L1) 4.918 (7.410)
2026-04-26 01:50:34,357 | Val: [20/25]	Time  0.083 ( 0.523)	Loss (MSE) 332.672 (109.738)	Loss (L1) 17.546 (8.571)
2026-04-26 01:50:34,830 |  * Overall: MSE 171.578	L1 10.593	G-Mean 7.096
2026-04-26 01:50:34,830 |  * Many: MSE 94.984	L1 7.856	G-Mean 5.286
2026-04-26 01:50:34,830 |  * Median: MSE 265.568	L1 14.630	G-Mean 11.853
2026-04-26 01:50:34,830 |  * Low: MSE 630.643	L1 24.529	G-Mean 23.905
2026-04-26 01:50:34,831 | Best L1 Loss: 9.659
2026-04-26 01:50:35,036 | Epoch #29: Train loss [3.8605]; Val loss: MSE [171.5783], L1 [10.5926], G-Mean [7.0960]
2026-04-26 01:50:43,557 | Epoch: [30][  0/254]	Time   8.52 (  8.52)	Data 8.3661 (8.3661)	Loss (L1) 3.866 (3.866)
2026-04-26 01:50:47,166 | Epoch: [30][ 10/254]	Time   0.32 (  1.10)	Data 0.0002 (0.8488)	Loss (L1) 3.767 (3.750)
2026-04-26 01:50:49,821 | Epoch: [30][ 20/254]	Time   0.24 (  0.70)	Data 0.0002 (0.4451)	Loss (L1) 3.968 (3.820)
2026-04-26 01:50:52,500 | Epoch: [30][ 30/254]	Time   0.26 (  0.56)	Data 0.0002 (0.3024)	Loss (L1) 3.659 (3.788)
2026-04-26 01:50:56,249 | Epoch: [30][ 40/254]	Time   0.28 (  0.52)	Data 0.0003 (0.2585)	Loss (L1) 3.619 (3.797)
2026-04-26 01:50:58,935 | Epoch: [30][ 50/254]	Time   0.27 (  0.47)	Data 0.0002 (0.2081)	Loss (L1) 3.627 (3.820)
2026-04-26 01:51:01,652 | Epoch: [30][ 60/254]	Time   0.29 (  0.44)	Data 0.0002 (0.1740)	Loss (L1) 4.246 (3.831)
2026-04-26 01:51:05,372 | Epoch: [30][ 70/254]	Time   0.29 (  0.43)	Data 0.0002 (0.1669)	Loss (L1) 3.653 (3.821)
2026-04-26 01:51:08,069 | Epoch: [30][ 80/254]	Time   0.27 (  0.41)	Data 0.0003 (0.1463)	Loss (L1) 3.465 (3.815)
2026-04-26 01:51:10,820 | Epoch: [30][ 90/254]	Time   0.27 (  0.39)	Data 0.0002 (0.1306)	Loss (L1) 3.783 (3.821)
2026-04-26 01:51:14,750 | Epoch: [30][100/254]	Time   1.48 (  0.39)	Data 1.3526 (0.1311)	Loss (L1) 3.856 (3.803)
2026-04-26 01:51:17,429 | Epoch: [30][110/254]	Time   0.25 (  0.38)	Data 0.0002 (0.1194)	Loss (L1) 3.967 (3.819)
2026-04-26 01:51:20,203 | Epoch: [30][120/254]	Time   0.28 (  0.37)	Data 0.0002 (0.1096)	Loss (L1) 3.683 (3.815)
2026-04-26 01:51:22,973 | Epoch: [30][130/254]	Time   0.28 (  0.37)	Data 0.0003 (0.1013)	Loss (L1) 3.905 (3.808)
2026-04-26 01:51:26,003 | Epoch: [30][140/254]	Time   0.29 (  0.36)	Data 0.0132 (0.0975)	Loss (L1) 4.036 (3.809)
2026-04-26 01:51:28,819 | Epoch: [30][150/254]	Time   0.33 (  0.36)	Data 0.0004 (0.0911)	Loss (L1) 3.731 (3.811)
2026-04-26 01:51:31,607 | Epoch: [30][160/254]	Time   0.27 (  0.35)	Data 0.0003 (0.0854)	Loss (L1) 3.942 (3.810)
2026-04-26 01:51:35,494 | Epoch: [30][170/254]	Time   0.27 (  0.35)	Data 0.0051 (0.0886)	Loss (L1) 3.887 (3.809)
2026-04-26 01:51:38,185 | Epoch: [30][180/254]	Time   0.28 (  0.35)	Data 0.0003 (0.0838)	Loss (L1) 3.706 (3.805)
2026-04-26 01:51:40,954 | Epoch: [30][190/254]	Time   0.28 (  0.35)	Data 0.0001 (0.0794)	Loss (L1) 3.879 (3.809)
2026-04-26 01:51:43,999 | Epoch: [30][200/254]	Time   0.26 (  0.34)	Data 0.0002 (0.0780)	Loss (L1) 3.765 (3.811)
2026-04-26 01:51:46,695 | Epoch: [30][210/254]	Time   0.27 (  0.34)	Data 0.0002 (0.0743)	Loss (L1) 3.910 (3.806)
2026-04-26 01:51:49,361 | Epoch: [30][220/254]	Time   0.27 (  0.34)	Data 0.0001 (0.0709)	Loss (L1) 3.420 (3.809)
2026-04-26 01:51:52,033 | Epoch: [30][230/254]	Time   0.26 (  0.33)	Data 0.0001 (0.0679)	Loss (L1) 3.654 (3.812)
2026-04-26 01:51:54,700 | Epoch: [30][240/254]	Time   0.27 (  0.33)	Data 0.0001 (0.0651)	Loss (L1) 4.019 (3.810)
2026-04-26 01:51:57,365 | Epoch: [30][250/254]	Time   0.27 (  0.33)	Data 0.0001 (0.0625)	Loss (L1) 3.838 (3.811)
2026-04-26 01:52:08,579 | Val: [ 0/25]	Time 10.254 (10.254)	Loss (MSE) 285.248 (285.248)	Loss (L1) 15.191 (15.191)
2026-04-26 01:52:09,418 | Val: [10/25]	Time  0.084 ( 1.008)	Loss (MSE) 47.449 (118.867)	Loss (L1) 5.723 (8.998)
2026-04-26 01:52:10,256 | Val: [20/25]	Time  0.084 ( 0.568)	Loss (MSE) 314.329 (125.849)	Loss (L1) 16.848 (9.223)
2026-04-26 01:52:10,729 |  * Overall: MSE 181.801	L1 11.065	G-Mean 7.584
2026-04-26 01:52:10,729 |  * Many: MSE 104.392	L1 8.337	G-Mean 5.725
2026-04-26 01:52:10,729 |  * Median: MSE 283.671	L1 15.270	G-Mean 12.464
2026-04-26 01:52:10,729 |  * Low: MSE 620.797	L1 24.300	G-Mean 23.611
2026-04-26 01:52:10,730 | Best L1 Loss: 9.659
2026-04-26 01:52:10,930 | Epoch #30: Train loss [3.8118]; Val loss: MSE [181.8012], L1 [11.0650], G-Mean [7.5845]
2026-04-26 01:52:16,654 | Epoch: [31][  0/254]	Time   5.72 (  5.72)	Data 5.6057 (5.6057)	Loss (L1) 3.800 (3.800)
2026-04-26 01:52:25,279 | Epoch: [31][ 10/254]	Time   0.26 (  1.30)	Data 0.0002 (1.0675)	Loss (L1) 3.706 (3.637)
2026-04-26 01:52:27,932 | Epoch: [31][ 20/254]	Time   0.26 (  0.81)	Data 0.0002 (0.5593)	Loss (L1) 3.665 (3.672)
2026-04-26 01:52:30,593 | Epoch: [31][ 30/254]	Time   0.26 (  0.63)	Data 0.0002 (0.3790)	Loss (L1) 3.698 (3.704)
2026-04-26 01:52:35,115 | Epoch: [31][ 40/254]	Time   0.28 (  0.59)	Data 0.0002 (0.3350)	Loss (L1) 3.752 (3.726)
2026-04-26 01:52:37,784 | Epoch: [31][ 50/254]	Time   0.26 (  0.53)	Data 0.0003 (0.2694)	Loss (L1) 3.931 (3.713)
2026-04-26 01:52:40,470 | Epoch: [31][ 60/254]	Time   0.27 (  0.48)	Data 0.0003 (0.2253)	Loss (L1) 3.410 (3.697)
2026-04-26 01:52:43,121 | Epoch: [31][ 70/254]	Time   0.26 (  0.45)	Data 0.0002 (0.1938)	Loss (L1) 3.508 (3.687)
2026-04-26 01:52:45,781 | Epoch: [31][ 80/254]	Time   0.26 (  0.43)	Data 0.0004 (0.1699)	Loss (L1) 3.839 (3.687)
2026-04-26 01:52:48,536 | Epoch: [31][ 90/254]	Time   0.28 (  0.41)	Data 0.0002 (0.1513)	Loss (L1) 4.040 (3.697)
2026-04-26 01:52:52,524 | Epoch: [31][100/254]	Time   0.27 (  0.41)	Data 0.0002 (0.1512)	Loss (L1) 3.665 (3.695)
2026-04-26 01:52:55,233 | Epoch: [31][110/254]	Time   0.27 (  0.40)	Data 0.0003 (0.1376)	Loss (L1) 3.626 (3.704)
2026-04-26 01:52:57,902 | Epoch: [31][120/254]	Time   0.27 (  0.39)	Data 0.0003 (0.1263)	Loss (L1) 4.001 (3.718)
2026-04-26 01:53:00,578 | Epoch: [31][130/254]	Time   0.26 (  0.38)	Data 0.0003 (0.1166)	Loss (L1) 3.896 (3.737)
2026-04-26 01:53:03,288 | Epoch: [31][140/254]	Time   0.26 (  0.37)	Data 0.0002 (0.1085)	Loss (L1) 3.650 (3.748)
2026-04-26 01:53:05,994 | Epoch: [31][150/254]	Time   0.28 (  0.36)	Data 0.0002 (0.1013)	Loss (L1) 3.459 (3.742)
2026-04-26 01:53:08,682 | Epoch: [31][160/254]	Time   0.27 (  0.36)	Data 0.0002 (0.0950)	Loss (L1) 4.050 (3.749)
2026-04-26 01:53:11,466 | Epoch: [31][170/254]	Time   0.26 (  0.35)	Data 0.0003 (0.0909)	Loss (L1) 3.670 (3.758)
2026-04-26 01:53:14,188 | Epoch: [31][180/254]	Time   0.27 (  0.35)	Data 0.0002 (0.0859)	Loss (L1) 3.830 (3.759)
2026-04-26 01:53:16,901 | Epoch: [31][190/254]	Time   0.28 (  0.35)	Data 0.0001 (0.0814)	Loss (L1) 3.815 (3.764)
2026-04-26 01:53:20,127 | Epoch: [31][200/254]	Time   0.27 (  0.34)	Data 0.0001 (0.0809)	Loss (L1) 3.865 (3.767)
2026-04-26 01:53:22,789 | Epoch: [31][210/254]	Time   0.27 (  0.34)	Data 0.0001 (0.0771)	Loss (L1) 3.849 (3.772)
2026-04-26 01:53:25,447 | Epoch: [31][220/254]	Time   0.27 (  0.34)	Data 0.0001 (0.0736)	Loss (L1) 3.941 (3.774)
2026-04-26 01:53:28,107 | Epoch: [31][230/254]	Time   0.27 (  0.33)	Data 0.0001 (0.0704)	Loss (L1) 3.969 (3.783)
2026-04-26 01:53:30,768 | Epoch: [31][240/254]	Time   0.27 (  0.33)	Data 0.0001 (0.0675)	Loss (L1) 3.607 (3.784)
2026-04-26 01:53:33,429 | Epoch: [31][250/254]	Time   0.27 (  0.33)	Data 0.0001 (0.0648)	Loss (L1) 3.665 (3.785)
2026-04-26 01:53:43,255 | Val: [ 0/25]	Time  8.853 ( 8.853)	Loss (MSE) 306.761 (306.761)	Loss (L1) 16.116 (16.116)
2026-04-26 01:53:45,106 | Val: [10/25]	Time  0.084 ( 0.973)	Loss (MSE) 41.974 (123.238)	Loss (L1) 5.562 (9.279)
2026-04-26 01:53:45,945 | Val: [20/25]	Time  0.084 ( 0.550)	Loss (MSE) 281.304 (116.241)	Loss (L1) 16.038 (8.869)
2026-04-26 01:53:46,435 |  * Overall: MSE 170.927	L1 10.715	G-Mean 7.300
2026-04-26 01:53:46,435 |  * Many: MSE 91.423	L1 7.843	G-Mean 5.437
2026-04-26 01:53:46,435 |  * Median: MSE 280.860	L1 15.304	G-Mean 12.345
2026-04-26 01:53:46,435 |  * Low: MSE 602.558	L1 24.072	G-Mean 23.585
2026-04-26 01:53:46,436 | Best L1 Loss: 9.659
2026-04-26 01:53:46,641 | Epoch #31: Train loss [3.7841]; Val loss: MSE [170.9272], L1 [10.7152], G-Mean [7.3002]
2026-04-26 01:53:57,616 | Epoch: [32][  0/254]	Time  10.97 ( 10.97)	Data 10.8587 (10.8587)	Loss (L1) 3.582 (3.582)
2026-04-26 01:54:00,859 | Epoch: [32][ 10/254]	Time   0.26 (  1.29)	Data 0.0002 (1.0535)	Loss (L1) 3.240 (3.649)
2026-04-26 01:54:03,531 | Epoch: [32][ 20/254]	Time   0.26 (  0.80)	Data 0.0001 (0.5519)	Loss (L1) 3.865 (3.707)
2026-04-26 01:54:06,277 | Epoch: [32][ 30/254]	Time   0.29 (  0.63)	Data 0.0002 (0.3740)	Loss (L1) 3.784 (3.726)
2026-04-26 01:54:09,174 | Epoch: [32][ 40/254]	Time   0.27 (  0.55)	Data 0.0004 (0.2920)	Loss (L1) 3.285 (3.740)
2026-04-26 01:54:11,826 | Epoch: [32][ 50/254]	Time   0.27 (  0.49)	Data 0.0002 (0.2348)	Loss (L1) 3.777 (3.765)
2026-04-26 01:54:14,623 | Epoch: [32][ 60/254]	Time   0.26 (  0.46)	Data 0.0002 (0.1964)	Loss (L1) 3.945 (3.768)
2026-04-26 01:54:17,513 | Epoch: [32][ 70/254]	Time   0.28 (  0.43)	Data 0.0002 (0.1757)	Loss (L1) 4.105 (3.788)
2026-04-26 01:54:20,257 | Epoch: [32][ 80/254]	Time   0.28 (  0.41)	Data 0.0002 (0.1540)	Loss (L1) 4.245 (3.787)
2026-04-26 01:54:22,973 | Epoch: [32][ 90/254]	Time   0.30 (  0.40)	Data 0.0002 (0.1371)	Loss (L1) 3.488 (3.781)
2026-04-26 01:54:26,501 | Epoch: [32][100/254]	Time   0.28 (  0.39)	Data 0.0002 (0.1348)	Loss (L1) 4.128 (3.784)
2026-04-26 01:54:29,216 | Epoch: [32][110/254]	Time   0.28 (  0.38)	Data 0.0002 (0.1227)	Loss (L1) 3.804 (3.784)
2026-04-26 01:54:31,915 | Epoch: [32][120/254]	Time   0.27 (  0.37)	Data 0.0003 (0.1126)	Loss (L1) 3.814 (3.788)
2026-04-26 01:54:36,070 | Epoch: [32][130/254]	Time   0.27 (  0.38)	Data 0.0002 (0.1172)	Loss (L1) 3.993 (3.782)
2026-04-26 01:54:38,740 | Epoch: [32][140/254]	Time   0.27 (  0.37)	Data 0.0003 (0.1089)	Loss (L1) 3.778 (3.784)
2026-04-26 01:54:41,501 | Epoch: [32][150/254]	Time   0.25 (  0.36)	Data 0.0002 (0.1019)	Loss (L1) 3.700 (3.779)
2026-04-26 01:54:44,757 | Epoch: [32][160/254]	Time   0.82 (  0.36)	Data 0.7139 (0.1000)	Loss (L1) 3.785 (3.778)
2026-04-26 01:54:48,199 | Epoch: [32][170/254]	Time   0.29 (  0.36)	Data 0.0002 (0.0991)	Loss (L1) 3.487 (3.781)
2026-04-26 01:54:50,908 | Epoch: [32][180/254]	Time   0.26 (  0.36)	Data 0.0004 (0.0938)	Loss (L1) 3.637 (3.777)
2026-04-26 01:54:53,614 | Epoch: [32][190/254]	Time   0.29 (  0.35)	Data 0.0002 (0.0889)	Loss (L1) 3.441 (3.775)
2026-04-26 01:54:56,319 | Epoch: [32][200/254]	Time   0.28 (  0.35)	Data 0.0001 (0.0854)	Loss (L1) 3.770 (3.776)
2026-04-26 01:54:58,991 | Epoch: [32][210/254]	Time   0.27 (  0.34)	Data 0.0001 (0.0813)	Loss (L1) 3.858 (3.768)
2026-04-26 01:55:01,657 | Epoch: [32][220/254]	Time   0.27 (  0.34)	Data 0.0001 (0.0777)	Loss (L1) 3.714 (3.765)
2026-04-26 01:55:04,318 | Epoch: [32][230/254]	Time   0.27 (  0.34)	Data 0.0001 (0.0743)	Loss (L1) 3.686 (3.763)
2026-04-26 01:55:06,979 | Epoch: [32][240/254]	Time   0.27 (  0.33)	Data 0.0001 (0.0712)	Loss (L1) 4.167 (3.764)
2026-04-26 01:55:09,640 | Epoch: [32][250/254]	Time   0.27 (  0.33)	Data 0.0001 (0.0684)	Loss (L1) 3.874 (3.762)
2026-04-26 01:55:19,938 | Val: [ 0/25]	Time  9.333 ( 9.333)	Loss (MSE) 240.043 (240.043)	Loss (L1) 14.033 (14.033)
2026-04-26 01:55:20,776 | Val: [10/25]	Time  0.083 ( 0.925)	Loss (MSE) 33.298 (97.087)	Loss (L1) 4.635 (8.087)
2026-04-26 01:55:21,613 | Val: [20/25]	Time  0.084 ( 0.524)	Loss (MSE) 292.523 (106.429)	Loss (L1) 16.531 (8.447)
2026-04-26 01:55:22,084 |  * Overall: MSE 165.386	L1 10.418	G-Mean 6.951
2026-04-26 01:55:22,084 |  * Many: MSE 86.991	L1 7.596	G-Mean 5.155
2026-04-26 01:55:22,084 |  * Median: MSE 265.797	L1 14.696	G-Mean 11.702
2026-04-26 01:55:22,084 |  * Low: MSE 619.964	L1 24.378	G-Mean 23.838
2026-04-26 01:55:22,085 | Best L1 Loss: 9.659
2026-04-26 01:55:22,284 | Epoch #32: Train loss [3.7612]; Val loss: MSE [165.3859], L1 [10.4180], G-Mean [6.9510]
2026-04-26 01:55:35,003 | Epoch: [33][  0/254]	Time  12.72 ( 12.72)	Data 12.6034 (12.6034)	Loss (L1) 3.346 (3.346)
2026-04-26 01:55:37,652 | Epoch: [33][ 10/254]	Time   0.27 (  1.40)	Data 0.0002 (1.1461)	Loss (L1) 4.138 (3.616)
2026-04-26 01:55:40,293 | Epoch: [33][ 20/254]	Time   0.26 (  0.86)	Data 0.0002 (0.6005)	Loss (L1) 3.712 (3.708)
2026-04-26 01:55:42,962 | Epoch: [33][ 30/254]	Time   0.26 (  0.67)	Data 0.0005 (0.4068)	Loss (L1) 4.300 (3.739)
2026-04-26 01:55:46,096 | Epoch: [33][ 40/254]	Time   0.26 (  0.58)	Data 0.0002 (0.3231)	Loss (L1) 4.070 (3.748)
2026-04-26 01:55:48,744 | Epoch: [33][ 50/254]	Time   0.27 (  0.52)	Data 0.0002 (0.2598)	Loss (L1) 3.626 (3.726)
2026-04-26 01:55:51,404 | Epoch: [33][ 60/254]	Time   0.26 (  0.48)	Data 0.0002 (0.2173)	Loss (L1) 3.929 (3.727)
2026-04-26 01:55:56,208 | Epoch: [33][ 70/254]	Time   0.26 (  0.48)	Data 0.0002 (0.2210)	Loss (L1) 4.086 (3.734)
2026-04-26 01:55:58,869 | Epoch: [33][ 80/254]	Time   0.27 (  0.45)	Data 0.0003 (0.1937)	Loss (L1) 3.574 (3.712)
2026-04-26 01:56:01,561 | Epoch: [33][ 90/254]	Time   0.28 (  0.43)	Data 0.0002 (0.1725)	Loss (L1) 3.945 (3.729)
2026-04-26 01:56:04,228 | Epoch: [33][100/254]	Time   0.26 (  0.42)	Data 0.0002 (0.1567)	Loss (L1) 3.831 (3.739)
2026-04-26 01:56:06,967 | Epoch: [33][110/254]	Time   0.26 (  0.40)	Data 0.0002 (0.1426)	Loss (L1) 3.520 (3.745)
2026-04-26 01:56:09,672 | Epoch: [33][120/254]	Time   0.28 (  0.39)	Data 0.0002 (0.1309)	Loss (L1) 4.243 (3.744)
2026-04-26 01:56:13,276 | Epoch: [33][130/254]	Time   0.27 (  0.39)	Data 0.0002 (0.1288)	Loss (L1) 3.447 (3.743)
2026-04-26 01:56:15,948 | Epoch: [33][140/254]	Time   0.27 (  0.38)	Data 0.0002 (0.1198)	Loss (L1) 3.917 (3.743)
2026-04-26 01:56:18,688 | Epoch: [33][150/254]	Time   0.31 (  0.37)	Data 0.0002 (0.1118)	Loss (L1) 3.947 (3.745)
2026-04-26 01:56:21,406 | Epoch: [33][160/254]	Time   0.30 (  0.37)	Data 0.0002 (0.1051)	Loss (L1) 3.333 (3.739)
2026-04-26 01:56:24,359 | Epoch: [33][170/254]	Time   0.26 (  0.36)	Data 0.0002 (0.1007)	Loss (L1) 3.393 (3.740)
2026-04-26 01:56:27,076 | Epoch: [33][180/254]	Time   0.28 (  0.36)	Data 0.0002 (0.0951)	Loss (L1) 4.181 (3.745)
2026-04-26 01:56:29,841 | Epoch: [33][190/254]	Time   0.28 (  0.35)	Data 0.0001 (0.0902)	Loss (L1) 3.526 (3.742)
2026-04-26 01:56:32,601 | Epoch: [33][200/254]	Time   0.26 (  0.35)	Data 0.0001 (0.0864)	Loss (L1) 3.775 (3.740)
2026-04-26 01:56:35,309 | Epoch: [33][210/254]	Time   0.31 (  0.35)	Data 0.0001 (0.0823)	Loss (L1) 3.687 (3.740)
2026-04-26 01:56:38,003 | Epoch: [33][220/254]	Time   0.27 (  0.34)	Data 0.0001 (0.0786)	Loss (L1) 3.471 (3.740)
2026-04-26 01:56:40,668 | Epoch: [33][230/254]	Time   0.27 (  0.34)	Data 0.0001 (0.0752)	Loss (L1) 3.772 (3.738)
2026-04-26 01:56:43,332 | Epoch: [33][240/254]	Time   0.27 (  0.34)	Data 0.0001 (0.0721)	Loss (L1) 3.452 (3.740)
2026-04-26 01:56:46,000 | Epoch: [33][250/254]	Time   0.27 (  0.33)	Data 0.0001 (0.0692)	Loss (L1) 3.741 (3.734)
2026-04-26 01:56:56,148 | Val: [ 0/25]	Time  9.189 ( 9.189)	Loss (MSE) 303.060 (303.060)	Loss (L1) 16.030 (16.030)
2026-04-26 01:56:57,093 | Val: [10/25]	Time  0.084 ( 0.921)	Loss (MSE) 48.893 (120.701)	Loss (L1) 5.830 (9.049)
2026-04-26 01:56:57,931 | Val: [20/25]	Time  0.084 ( 0.522)	Loss (MSE) 380.682 (137.430)	Loss (L1) 18.652 (9.637)
2026-04-26 01:56:58,406 |  * Overall: MSE 207.929	L1 11.776	G-Mean 7.914
2026-04-26 01:56:58,407 |  * Many: MSE 114.295	L1 8.701	G-Mean 5.904
2026-04-26 01:56:58,407 |  * Median: MSE 326.475	L1 16.422	G-Mean 13.189
2026-04-26 01:56:58,407 |  * Low: MSE 755.902	L1 27.041	G-Mean 26.484
2026-04-26 01:56:58,408 | Best L1 Loss: 9.659
2026-04-26 01:56:58,612 | Epoch #33: Train loss [3.7331]; Val loss: MSE [207.9294], L1 [11.7761], G-Mean [7.9140]
2026-04-26 01:57:08,587 | Epoch: [34][  0/254]	Time   9.97 (  9.97)	Data 9.8607 (9.8607)	Loss (L1) 3.754 (3.754)
2026-04-26 01:57:13,083 | Epoch: [34][ 10/254]	Time   0.26 (  1.32)	Data 0.0003 (1.0788)	Loss (L1) 2.865 (3.660)
2026-04-26 01:57:15,736 | Epoch: [34][ 20/254]	Time   0.26 (  0.82)	Data 0.0002 (0.5652)	Loss (L1) 3.658 (3.585)
2026-04-26 01:57:18,400 | Epoch: [34][ 30/254]	Time   0.28 (  0.64)	Data 0.0004 (0.3830)	Loss (L1) 3.198 (3.614)
2026-04-26 01:57:21,107 | Epoch: [34][ 40/254]	Time   0.26 (  0.55)	Data 0.0002 (0.2897)	Loss (L1) 3.682 (3.607)
2026-04-26 01:57:23,789 | Epoch: [34][ 50/254]	Time   0.25 (  0.49)	Data 0.0002 (0.2333)	Loss (L1) 3.736 (3.619)
2026-04-26 01:57:26,457 | Epoch: [34][ 60/254]	Time   0.26 (  0.46)	Data 0.0002 (0.1953)	Loss (L1) 3.826 (3.628)
2026-04-26 01:57:29,819 | Epoch: [34][ 70/254]	Time   0.25 (  0.44)	Data 0.0002 (0.1786)	Loss (L1) 3.752 (3.650)
2026-04-26 01:57:32,561 | Epoch: [34][ 80/254]	Time   0.30 (  0.42)	Data 0.0002 (0.1567)	Loss (L1) 3.706 (3.660)
2026-04-26 01:57:35,250 | Epoch: [34][ 90/254]	Time   0.29 (  0.40)	Data 0.0002 (0.1395)	Loss (L1) 3.614 (3.664)
2026-04-26 01:57:38,787 | Epoch: [34][100/254]	Time   0.30 (  0.40)	Data 0.0002 (0.1353)	Loss (L1) 3.959 (3.688)
2026-04-26 01:57:41,507 | Epoch: [34][110/254]	Time   0.28 (  0.39)	Data 0.0002 (0.1232)	Loss (L1) 3.817 (3.694)
2026-04-26 01:57:44,158 | Epoch: [34][120/254]	Time   0.27 (  0.38)	Data 0.0002 (0.1130)	Loss (L1) 3.633 (3.699)
2026-04-26 01:57:47,002 | Epoch: [34][130/254]	Time   0.44 (  0.37)	Data 0.3306 (0.1069)	Loss (L1) 3.879 (3.703)
2026-04-26 01:57:49,684 | Epoch: [34][140/254]	Time   0.28 (  0.36)	Data 0.0002 (0.0994)	Loss (L1) 4.117 (3.713)
2026-04-26 01:57:52,376 | Epoch: [34][150/254]	Time   0.26 (  0.36)	Data 0.0002 (0.0928)	Loss (L1) 3.676 (3.709)
2026-04-26 01:57:55,119 | Epoch: [34][160/254]	Time   0.26 (  0.35)	Data 0.0003 (0.0871)	Loss (L1) 3.726 (3.705)
2026-04-26 01:57:59,508 | Epoch: [34][170/254]	Time   0.27 (  0.36)	Data 0.0002 (0.0931)	Loss (L1) 3.581 (3.694)
2026-04-26 01:58:02,168 | Epoch: [34][180/254]	Time   0.27 (  0.35)	Data 0.0002 (0.0879)	Loss (L1) 3.747 (3.697)
2026-04-26 01:58:04,830 | Epoch: [34][190/254]	Time   0.25 (  0.35)	Data 0.0001 (0.0834)	Loss (L1) 3.873 (3.697)
2026-04-26 01:58:07,510 | Epoch: [34][200/254]	Time   0.26 (  0.34)	Data 0.0001 (0.0793)	Loss (L1) 3.677 (3.694)
2026-04-26 01:58:10,162 | Epoch: [34][210/254]	Time   0.26 (  0.34)	Data 0.0001 (0.0755)	Loss (L1) 3.704 (3.690)
2026-04-26 01:58:12,814 | Epoch: [34][220/254]	Time   0.26 (  0.34)	Data 0.0001 (0.0721)	Loss (L1) 3.684 (3.689)
2026-04-26 01:58:15,463 | Epoch: [34][230/254]	Time   0.26 (  0.33)	Data 0.0001 (0.0690)	Loss (L1) 3.592 (3.684)
2026-04-26 01:58:18,115 | Epoch: [34][240/254]	Time   0.26 (  0.33)	Data 0.0001 (0.0661)	Loss (L1) 3.578 (3.683)
2026-04-26 01:58:20,767 | Epoch: [34][250/254]	Time   0.27 (  0.33)	Data 0.0001 (0.0635)	Loss (L1) 3.572 (3.685)
2026-04-26 01:58:30,952 | Val: [ 0/25]	Time  9.229 ( 9.229)	Loss (MSE) 276.670 (276.670)	Loss (L1) 15.387 (15.387)
2026-04-26 01:58:32,375 | Val: [10/25]	Time  0.083 ( 0.968)	Loss (MSE) 47.551 (101.693)	Loss (L1) 5.753 (8.313)
2026-04-26 01:58:33,211 | Val: [20/25]	Time  0.084 ( 0.547)	Loss (MSE) 391.604 (131.102)	Loss (L1) 18.976 (9.348)
2026-04-26 01:58:33,682 |  * Overall: MSE 196.658	L1 11.398	G-Mean 7.646
2026-04-26 01:58:33,682 |  * Many: MSE 111.446	L1 8.489	G-Mean 5.689
2026-04-26 01:58:33,682 |  * Median: MSE 311.076	L1 15.906	G-Mean 12.935
2026-04-26 01:58:33,682 |  * Low: MSE 671.637	L1 25.420	G-Mean 24.903
2026-04-26 01:58:33,683 | Best L1 Loss: 9.659
2026-04-26 01:58:33,899 | Epoch #34: Train loss [3.6842]; Val loss: MSE [196.6583], L1 [11.3978], G-Mean [7.6460]
2026-04-26 01:58:43,994 | Epoch: [35][  0/254]	Time  10.09 ( 10.09)	Data 9.9843 (9.9843)	Loss (L1) 3.593 (3.593)
2026-04-26 01:58:47,107 | Epoch: [35][ 10/254]	Time   0.26 (  1.20)	Data 0.0002 (0.9787)	Loss (L1) 3.521 (3.698)
2026-04-26 01:58:49,744 | Epoch: [35][ 20/254]	Time   0.27 (  0.75)	Data 0.0002 (0.5128)	Loss (L1) 3.792 (3.687)
2026-04-26 01:58:52,398 | Epoch: [35][ 30/254]	Time   0.26 (  0.60)	Data 0.0002 (0.3474)	Loss (L1) 3.231 (3.685)
2026-04-26 01:58:57,589 | Epoch: [35][ 40/254]	Time   0.27 (  0.58)	Data 0.0002 (0.3291)	Loss (L1) 3.811 (3.690)
2026-04-26 01:59:00,216 | Epoch: [35][ 50/254]	Time   0.26 (  0.52)	Data 0.0002 (0.2647)	Loss (L1) 3.308 (3.672)
2026-04-26 01:59:02,866 | Epoch: [35][ 60/254]	Time   0.26 (  0.47)	Data 0.0002 (0.2214)	Loss (L1) 3.828 (3.666)
2026-04-26 01:59:07,278 | Epoch: [35][ 70/254]	Time   0.26 (  0.47)	Data 0.0002 (0.2195)	Loss (L1) 3.437 (3.663)
2026-04-26 01:59:09,915 | Epoch: [35][ 80/254]	Time   0.26 (  0.44)	Data 0.0002 (0.1924)	Loss (L1) 3.871 (3.669)
2026-04-26 01:59:12,573 | Epoch: [35][ 90/254]	Time   0.27 (  0.42)	Data 0.0002 (0.1713)	Loss (L1) 3.531 (3.668)
2026-04-26 01:59:15,895 | Epoch: [35][100/254]	Time   0.29 (  0.42)	Data 0.0002 (0.1628)	Loss (L1) 3.779 (3.684)
2026-04-26 01:59:18,561 | Epoch: [35][110/254]	Time   0.29 (  0.40)	Data 0.0002 (0.1482)	Loss (L1) 4.323 (3.685)
2026-04-26 01:59:21,219 | Epoch: [35][120/254]	Time   0.29 (  0.39)	Data 0.0002 (0.1359)	Loss (L1) 3.712 (3.680)
2026-04-26 01:59:23,862 | Epoch: [35][130/254]	Time   0.27 (  0.38)	Data 0.0002 (0.1256)	Loss (L1) 4.155 (3.679)
2026-04-26 01:59:27,273 | Epoch: [35][140/254]	Time   0.28 (  0.38)	Data 0.0002 (0.1229)	Loss (L1) 3.509 (3.679)
2026-04-26 01:59:29,951 | Epoch: [35][150/254]	Time   0.26 (  0.37)	Data 0.0002 (0.1148)	Loss (L1) 3.483 (3.676)
2026-04-26 01:59:32,676 | Epoch: [35][160/254]	Time   0.26 (  0.37)	Data 0.0002 (0.1077)	Loss (L1) 3.453 (3.681)
2026-04-26 01:59:35,415 | Epoch: [35][170/254]	Time   0.26 (  0.36)	Data 0.0002 (0.1023)	Loss (L1) 3.900 (3.678)
2026-04-26 01:59:38,120 | Epoch: [35][180/254]	Time   0.28 (  0.35)	Data 0.0002 (0.0966)	Loss (L1) 3.752 (3.684)
2026-04-26 01:59:40,852 | Epoch: [35][190/254]	Time   0.27 (  0.35)	Data 0.0001 (0.0916)	Loss (L1) 3.367 (3.675)
2026-04-26 01:59:44,410 | Epoch: [35][200/254]	Time   0.26 (  0.35)	Data 0.0001 (0.0923)	Loss (L1) 3.954 (3.677)
2026-04-26 01:59:47,088 | Epoch: [35][210/254]	Time   0.27 (  0.35)	Data 0.0001 (0.0880)	Loss (L1) 3.981 (3.674)
2026-04-26 01:59:49,739 | Epoch: [35][220/254]	Time   0.26 (  0.34)	Data 0.0001 (0.0840)	Loss (L1) 3.767 (3.679)
2026-04-26 01:59:52,390 | Epoch: [35][230/254]	Time   0.27 (  0.34)	Data 0.0001 (0.0804)	Loss (L1) 3.813 (3.681)
2026-04-26 01:59:55,043 | Epoch: [35][240/254]	Time   0.27 (  0.34)	Data 0.0001 (0.0770)	Loss (L1) 3.732 (3.674)
2026-04-26 01:59:57,695 | Epoch: [35][250/254]	Time   0.27 (  0.33)	Data 0.0001 (0.0740)	Loss (L1) 3.709 (3.671)
2026-04-26 02:00:08,550 | Val: [ 0/25]	Time  9.907 ( 9.907)	Loss (MSE) 288.820 (288.820)	Loss (L1) 15.734 (15.734)
2026-04-26 02:00:09,423 | Val: [10/25]	Time  0.083 ( 0.980)	Loss (MSE) 43.391 (112.286)	Loss (L1) 5.336 (8.706)
2026-04-26 02:00:10,260 | Val: [20/25]	Time  0.084 ( 0.553)	Loss (MSE) 317.311 (117.965)	Loss (L1) 17.164 (8.967)
2026-04-26 02:00:10,738 |  * Overall: MSE 183.176	L1 11.039	G-Mean 7.486
2026-04-26 02:00:10,738 |  * Many: MSE 94.587	L1 7.968	G-Mean 5.507
2026-04-26 02:00:10,738 |  * Median: MSE 296.611	L1 15.751	G-Mean 12.914
2026-04-26 02:00:10,738 |  * Low: MSE 696.987	L1 26.013	G-Mean 25.567
2026-04-26 02:00:10,739 | Best L1 Loss: 9.659
2026-04-26 02:00:10,951 | Epoch #35: Train loss [3.6713]; Val loss: MSE [183.1757], L1 [11.0386], G-Mean [7.4860]
2026-04-26 02:00:14,587 | Epoch: [36][  0/254]	Time   3.64 (  3.64)	Data 3.5242 (3.5242)	Loss (L1) 3.499 (3.499)
2026-04-26 02:00:24,526 | Epoch: [36][ 10/254]	Time   0.26 (  1.23)	Data 0.0002 (1.0433)	Loss (L1) 3.840 (3.676)
2026-04-26 02:00:27,172 | Epoch: [36][ 20/254]	Time   0.26 (  0.77)	Data 0.0001 (0.5466)	Loss (L1) 3.388 (3.625)
2026-04-26 02:00:29,812 | Epoch: [36][ 30/254]	Time   0.26 (  0.61)	Data 0.0002 (0.3704)	Loss (L1) 3.891 (3.629)
2026-04-26 02:00:33,329 | Epoch: [36][ 40/254]	Time   0.29 (  0.55)	Data 0.0002 (0.3046)	Loss (L1) 3.375 (3.612)
2026-04-26 02:00:35,956 | Epoch: [36][ 50/254]	Time   0.26 (  0.49)	Data 0.0002 (0.2449)	Loss (L1) 3.392 (3.611)
2026-04-26 02:00:38,600 | Epoch: [36][ 60/254]	Time   0.26 (  0.45)	Data 0.0002 (0.2048)	Loss (L1) 4.003 (3.621)
2026-04-26 02:00:43,648 | Epoch: [36][ 70/254]	Time   0.26 (  0.46)	Data 0.0001 (0.2120)	Loss (L1) 3.226 (3.617)
2026-04-26 02:00:46,293 | Epoch: [36][ 80/254]	Time   0.26 (  0.44)	Data 0.0002 (0.1858)	Loss (L1) 3.213 (3.616)
2026-04-26 02:00:48,959 | Epoch: [36][ 90/254]	Time   0.26 (  0.42)	Data 0.0003 (0.1654)	Loss (L1) 3.565 (3.624)
2026-04-26 02:00:52,195 | Epoch: [36][100/254]	Time   0.80 (  0.41)	Data 0.6960 (0.1561)	Loss (L1) 3.366 (3.613)
2026-04-26 02:00:54,887 | Epoch: [36][110/254]	Time   0.27 (  0.40)	Data 0.0002 (0.1420)	Loss (L1) 3.405 (3.611)
2026-04-26 02:00:57,561 | Epoch: [36][120/254]	Time   0.27 (  0.39)	Data 0.0002 (0.1304)	Loss (L1) 3.724 (3.614)
2026-04-26 02:01:00,236 | Epoch: [36][130/254]	Time   0.28 (  0.38)	Data 0.0003 (0.1205)	Loss (L1) 3.573 (3.619)
2026-04-26 02:01:03,393 | Epoch: [36][140/254]	Time   0.26 (  0.37)	Data 0.0002 (0.1163)	Loss (L1) 3.563 (3.617)
2026-04-26 02:01:06,100 | Epoch: [36][150/254]	Time   0.26 (  0.37)	Data 0.0002 (0.1086)	Loss (L1) 4.086 (3.629)
2026-04-26 02:01:08,753 | Epoch: [36][160/254]	Time   0.25 (  0.36)	Data 0.0103 (0.1020)	Loss (L1) 3.444 (3.634)
2026-04-26 02:01:12,394 | Epoch: [36][170/254]	Time   0.27 (  0.36)	Data 0.0002 (0.1025)	Loss (L1) 3.552 (3.633)
2026-04-26 02:01:15,087 | Epoch: [36][180/254]	Time   0.28 (  0.35)	Data 0.0002 (0.0969)	Loss (L1) 3.736 (3.637)
2026-04-26 02:01:17,796 | Epoch: [36][190/254]	Time   0.27 (  0.35)	Data 0.0001 (0.0919)	Loss (L1) 3.990 (3.639)
2026-04-26 02:01:20,469 | Epoch: [36][200/254]	Time   0.27 (  0.35)	Data 0.0001 (0.0880)	Loss (L1) 3.608 (3.638)
2026-04-26 02:01:23,120 | Epoch: [36][210/254]	Time   0.27 (  0.34)	Data 0.0001 (0.0838)	Loss (L1) 3.715 (3.637)
2026-04-26 02:01:25,779 | Epoch: [36][220/254]	Time   0.26 (  0.34)	Data 0.0001 (0.0800)	Loss (L1) 3.674 (3.641)
2026-04-26 02:01:28,428 | Epoch: [36][230/254]	Time   0.26 (  0.34)	Data 0.0001 (0.0766)	Loss (L1) 3.679 (3.639)
2026-04-26 02:01:31,082 | Epoch: [36][240/254]	Time   0.27 (  0.33)	Data 0.0001 (0.0734)	Loss (L1) 3.749 (3.641)
2026-04-26 02:01:33,737 | Epoch: [36][250/254]	Time   0.27 (  0.33)	Data 0.0001 (0.0705)	Loss (L1) 3.632 (3.638)
2026-04-26 02:01:43,688 | Val: [ 0/25]	Time  8.981 ( 8.981)	Loss (MSE) 242.599 (242.599)	Loss (L1) 14.113 (14.113)
2026-04-26 02:01:44,883 | Val: [10/25]	Time  0.084 ( 0.925)	Loss (MSE) 43.110 (107.740)	Loss (L1) 5.409 (8.591)
2026-04-26 02:01:45,720 | Val: [20/25]	Time  0.084 ( 0.524)	Loss (MSE) 284.487 (110.904)	Loss (L1) 15.990 (8.637)
2026-04-26 02:01:46,192 |  * Overall: MSE 172.929	L1 10.650	G-Mean 7.095
2026-04-26 02:01:46,192 |  * Many: MSE 90.848	L1 7.786	G-Mean 5.320
2026-04-26 02:01:46,192 |  * Median: MSE 273.101	L1 14.843	G-Mean 11.519
2026-04-26 02:01:46,192 |  * Low: MSE 666.885	L1 25.355	G-Mean 24.763
2026-04-26 02:01:46,193 | Best L1 Loss: 9.659
2026-04-26 02:01:46,394 | Epoch #36: Train loss [3.6379]; Val loss: MSE [172.9292], L1 [10.6501], G-Mean [7.0952]
2026-04-26 02:01:56,220 | Epoch: [37][  0/254]	Time   9.83 (  9.83)	Data 9.6813 (9.6813)	Loss (L1) 3.943 (3.943)
2026-04-26 02:01:59,530 | Epoch: [37][ 10/254]	Time   0.27 (  1.19)	Data 0.0004 (0.9526)	Loss (L1) 3.844 (3.616)
2026-04-26 02:02:02,204 | Epoch: [37][ 20/254]	Time   0.26 (  0.75)	Data 0.0003 (0.4992)	Loss (L1) 3.729 (3.645)
2026-04-26 02:02:04,888 | Epoch: [37][ 30/254]	Time   0.28 (  0.60)	Data 0.0003 (0.3382)	Loss (L1) 3.343 (3.618)
2026-04-26 02:02:07,613 | Epoch: [37][ 40/254]	Time   0.28 (  0.52)	Data 0.0002 (0.2562)	Loss (L1) 3.786 (3.607)
2026-04-26 02:02:10,265 | Epoch: [37][ 50/254]	Time   0.26 (  0.47)	Data 0.0002 (0.2063)	Loss (L1) 3.517 (3.609)
2026-04-26 02:02:12,998 | Epoch: [37][ 60/254]	Time   0.27 (  0.44)	Data 0.0005 (0.1729)	Loss (L1) 3.452 (3.598)
2026-04-26 02:02:16,099 | Epoch: [37][ 70/254]	Time   0.27 (  0.42)	Data 0.0002 (0.1562)	Loss (L1) 3.470 (3.585)
2026-04-26 02:02:18,785 | Epoch: [37][ 80/254]	Time   0.26 (  0.40)	Data 0.0002 (0.1370)	Loss (L1) 3.756 (3.599)
2026-04-26 02:02:21,509 | Epoch: [37][ 90/254]	Time   0.28 (  0.39)	Data 0.0003 (0.1225)	Loss (L1) 3.380 (3.606)
2026-04-26 02:02:24,432 | Epoch: [37][100/254]	Time   0.51 (  0.38)	Data 0.3797 (0.1142)	Loss (L1) 3.853 (3.608)
2026-04-26 02:02:28,164 | Epoch: [37][110/254]	Time   0.27 (  0.38)	Data 0.0003 (0.1146)	Loss (L1) 3.433 (3.610)
2026-04-26 02:02:30,848 | Epoch: [37][120/254]	Time   0.28 (  0.37)	Data 0.0003 (0.1051)	Loss (L1) 3.496 (3.609)
2026-04-26 02:02:33,579 | Epoch: [37][130/254]	Time   0.27 (  0.36)	Data 0.0002 (0.0971)	Loss (L1) 4.086 (3.606)
2026-04-26 02:02:36,608 | Epoch: [37][140/254]	Time   0.27 (  0.36)	Data 0.0002 (0.0950)	Loss (L1) 3.553 (3.605)
2026-04-26 02:02:39,310 | Epoch: [37][150/254]	Time   0.28 (  0.35)	Data 0.0003 (0.0887)	Loss (L1) 3.340 (3.604)
2026-04-26 02:02:42,013 | Epoch: [37][160/254]	Time   0.26 (  0.35)	Data 0.0003 (0.0832)	Loss (L1) 3.689 (3.599)
2026-04-26 02:02:45,140 | Epoch: [37][170/254]	Time   0.67 (  0.34)	Data 0.5334 (0.0815)	Loss (L1) 3.549 (3.604)
2026-04-26 02:02:47,873 | Epoch: [37][180/254]	Time   0.27 (  0.34)	Data 0.0003 (0.0770)	Loss (L1) 3.589 (3.603)
2026-04-26 02:02:50,668 | Epoch: [37][190/254]	Time   0.30 (  0.34)	Data 0.0001 (0.0732)	Loss (L1) 4.225 (3.604)
2026-04-26 02:02:53,408 | Epoch: [37][200/254]	Time   0.26 (  0.33)	Data 0.0001 (0.0695)	Loss (L1) 3.525 (3.603)
2026-04-26 02:02:56,368 | Epoch: [37][210/254]	Time   0.28 (  0.33)	Data 0.0001 (0.0680)	Loss (L1) 3.920 (3.608)
2026-04-26 02:02:59,113 | Epoch: [37][220/254]	Time   0.27 (  0.33)	Data 0.0001 (0.0650)	Loss (L1) 3.846 (3.614)
2026-04-26 02:03:01,775 | Epoch: [37][230/254]	Time   0.27 (  0.33)	Data 0.0001 (0.0622)	Loss (L1) 3.801 (3.620)
2026-04-26 02:03:04,437 | Epoch: [37][240/254]	Time   0.27 (  0.32)	Data 0.0001 (0.0596)	Loss (L1) 3.645 (3.621)
2026-04-26 02:03:07,103 | Epoch: [37][250/254]	Time   0.27 (  0.32)	Data 0.0001 (0.0572)	Loss (L1) 3.657 (3.620)
2026-04-26 02:03:16,342 | Val: [ 0/25]	Time  8.286 ( 8.286)	Loss (MSE) 294.852 (294.852)	Loss (L1) 15.881 (15.881)
2026-04-26 02:03:18,548 | Val: [10/25]	Time  0.084 ( 0.954)	Loss (MSE) 36.943 (112.505)	Loss (L1) 4.982 (8.742)
2026-04-26 02:03:19,388 | Val: [20/25]	Time  0.084 ( 0.540)	Loss (MSE) 289.592 (112.410)	Loss (L1) 16.457 (8.743)
2026-04-26 02:03:19,860 |  * Overall: MSE 167.154	L1 10.607	G-Mean 7.219
2026-04-26 02:03:19,860 |  * Many: MSE 87.884	L1 7.703	G-Mean 5.320
2026-04-26 02:03:19,860 |  * Median: MSE 277.317	L1 15.272	G-Mean 12.542
2026-04-26 02:03:19,860 |  * Low: MSE 595.492	L1 24.022	G-Mean 23.598
2026-04-26 02:03:19,861 | Best L1 Loss: 9.659
2026-04-26 02:03:20,071 | Epoch #37: Train loss [3.6207]; Val loss: MSE [167.1537], L1 [10.6072], G-Mean [7.2192]
2026-04-26 02:03:30,119 | Epoch: [38][  0/254]	Time  10.05 ( 10.05)	Data 9.9388 (9.9388)	Loss (L1) 3.604 (3.604)
2026-04-26 02:03:33,980 | Epoch: [38][ 10/254]	Time   0.26 (  1.26)	Data 0.0002 (1.0275)	Loss (L1) 3.857 (3.583)
2026-04-26 02:03:36,655 | Epoch: [38][ 20/254]	Time   0.28 (  0.79)	Data 0.0002 (0.5383)	Loss (L1) 3.633 (3.574)
2026-04-26 02:03:39,335 | Epoch: [38][ 30/254]	Time   0.27 (  0.62)	Data 0.0106 (0.3651)	Loss (L1) 4.016 (3.606)
2026-04-26 02:03:42,180 | Epoch: [38][ 40/254]	Time   0.29 (  0.54)	Data 0.0002 (0.2838)	Loss (L1) 3.762 (3.593)
2026-04-26 02:03:44,860 | Epoch: [38][ 50/254]	Time   0.27 (  0.49)	Data 0.0002 (0.2282)	Loss (L1) 3.262 (3.583)
2026-04-26 02:03:47,546 | Epoch: [38][ 60/254]	Time   0.28 (  0.45)	Data 0.0002 (0.1909)	Loss (L1) 3.400 (3.582)
2026-04-26 02:03:50,854 | Epoch: [38][ 70/254]	Time   0.27 (  0.43)	Data 0.0002 (0.1744)	Loss (L1) 3.664 (3.591)
2026-04-26 02:03:53,511 | Epoch: [38][ 80/254]	Time   0.27 (  0.41)	Data 0.0002 (0.1529)	Loss (L1) 4.016 (3.601)
2026-04-26 02:03:56,202 | Epoch: [38][ 90/254]	Time   0.27 (  0.40)	Data 0.0002 (0.1361)	Loss (L1) 3.889 (3.593)
2026-04-26 02:03:59,261 | Epoch: [38][100/254]	Time   0.29 (  0.39)	Data 0.0002 (0.1284)	Loss (L1) 3.937 (3.593)
2026-04-26 02:04:01,915 | Epoch: [38][110/254]	Time   0.27 (  0.38)	Data 0.0001 (0.1170)	Loss (L1) 3.905 (3.597)
2026-04-26 02:04:04,698 | Epoch: [38][120/254]	Time   0.32 (  0.37)	Data 0.0002 (0.1073)	Loss (L1) 3.526 (3.599)
2026-04-26 02:04:07,596 | Epoch: [38][130/254]	Time   0.37 (  0.36)	Data 0.2630 (0.1012)	Loss (L1) 3.355 (3.598)
2026-04-26 02:04:10,330 | Epoch: [38][140/254]	Time   0.27 (  0.36)	Data 0.0002 (0.0949)	Loss (L1) 3.535 (3.597)
2026-04-26 02:04:13,017 | Epoch: [38][150/254]	Time   0.27 (  0.35)	Data 0.0002 (0.0886)	Loss (L1) 3.567 (3.593)
2026-04-26 02:04:16,013 | Epoch: [38][160/254]	Time   0.54 (  0.35)	Data 0.4145 (0.0857)	Loss (L1) 3.462 (3.587)
2026-04-26 02:04:19,566 | Epoch: [38][170/254]	Time   0.27 (  0.35)	Data 0.0002 (0.0861)	Loss (L1) 3.819 (3.591)
2026-04-26 02:04:22,273 | Epoch: [38][180/254]	Time   0.25 (  0.34)	Data 0.0002 (0.0814)	Loss (L1) 3.738 (3.586)
2026-04-26 02:04:25,085 | Epoch: [38][190/254]	Time   0.29 (  0.34)	Data 0.0001 (0.0771)	Loss (L1) 3.535 (3.584)
2026-04-26 02:04:29,437 | Epoch: [38][200/254]	Time   0.28 (  0.35)	Data 0.0001 (0.0823)	Loss (L1) 3.726 (3.581)
2026-04-26 02:04:32,144 | Epoch: [38][210/254]	Time   0.27 (  0.34)	Data 0.0001 (0.0784)	Loss (L1) 3.763 (3.585)
2026-04-26 02:04:34,810 | Epoch: [38][220/254]	Time   0.27 (  0.34)	Data 0.0001 (0.0749)	Loss (L1) 3.633 (3.591)
2026-04-26 02:04:37,472 | Epoch: [38][230/254]	Time   0.27 (  0.34)	Data 0.0001 (0.0717)	Loss (L1) 3.374 (3.592)
2026-04-26 02:04:40,133 | Epoch: [38][240/254]	Time   0.27 (  0.33)	Data 0.0001 (0.0687)	Loss (L1) 3.249 (3.594)
2026-04-26 02:04:42,793 | Epoch: [38][250/254]	Time   0.27 (  0.33)	Data 0.0001 (0.0660)	Loss (L1) 3.357 (3.594)
2026-04-26 02:04:53,068 | Val: [ 0/25]	Time  9.324 ( 9.324)	Loss (MSE) 311.826 (311.826)	Loss (L1) 16.272 (16.272)
2026-04-26 02:04:54,178 | Val: [10/25]	Time  0.084 ( 0.949)	Loss (MSE) 46.581 (122.397)	Loss (L1) 5.484 (9.062)
2026-04-26 02:04:55,018 | Val: [20/25]	Time  0.084 ( 0.537)	Loss (MSE) 297.666 (120.070)	Loss (L1) 16.502 (9.011)
2026-04-26 02:04:55,493 |  * Overall: MSE 176.286	L1 10.886	G-Mean 7.362
2026-04-26 02:04:55,494 |  * Many: MSE 94.259	L1 7.963	G-Mean 5.448
2026-04-26 02:04:55,494 |  * Median: MSE 286.908	L1 15.481	G-Mean 12.601
2026-04-26 02:04:55,494 |  * Low: MSE 631.758	L1 24.739	G-Mean 24.310
2026-04-26 02:04:55,495 | Best L1 Loss: 9.659
2026-04-26 02:04:55,704 | Epoch #38: Train loss [3.5951]; Val loss: MSE [176.2855], L1 [10.8856], G-Mean [7.3620]
2026-04-26 02:05:07,677 | Epoch: [39][  0/254]	Time  11.97 ( 11.97)	Data 11.8548 (11.8548)	Loss (L1) 3.263 (3.263)
2026-04-26 02:05:10,367 | Epoch: [39][ 10/254]	Time   0.26 (  1.33)	Data 0.0002 (1.0779)	Loss (L1) 3.712 (3.427)
2026-04-26 02:05:13,016 | Epoch: [39][ 20/254]	Time   0.27 (  0.82)	Data 0.0002 (0.5647)	Loss (L1) 3.454 (3.469)
2026-04-26 02:05:15,674 | Epoch: [39][ 30/254]	Time   0.28 (  0.64)	Data 0.0002 (0.3828)	Loss (L1) 3.516 (3.495)
2026-04-26 02:05:20,088 | Epoch: [39][ 40/254]	Time   0.26 (  0.59)	Data 0.0059 (0.3367)	Loss (L1) 3.446 (3.531)
2026-04-26 02:05:22,754 | Epoch: [39][ 50/254]	Time   0.26 (  0.53)	Data 0.0002 (0.2707)	Loss (L1) 3.356 (3.555)
2026-04-26 02:05:25,437 | Epoch: [39][ 60/254]	Time   0.25 (  0.49)	Data 0.0002 (0.2264)	Loss (L1) 3.559 (3.587)
2026-04-26 02:05:28,119 | Epoch: [39][ 70/254]	Time   0.27 (  0.46)	Data 0.0002 (0.1967)	Loss (L1) 3.660 (3.583)
2026-04-26 02:05:30,784 | Epoch: [39][ 80/254]	Time   0.27 (  0.43)	Data 0.0002 (0.1727)	Loss (L1) 3.639 (3.585)
2026-04-26 02:05:33,496 | Epoch: [39][ 90/254]	Time   0.29 (  0.42)	Data 0.0003 (0.1538)	Loss (L1) 3.489 (3.568)
2026-04-26 02:05:36,831 | Epoch: [39][100/254]	Time   0.28 (  0.41)	Data 0.0002 (0.1461)	Loss (L1) 3.491 (3.564)
2026-04-26 02:05:39,515 | Epoch: [39][110/254]	Time   0.26 (  0.39)	Data 0.0002 (0.1330)	Loss (L1) 3.605 (3.567)
2026-04-26 02:05:42,192 | Epoch: [39][120/254]	Time   0.28 (  0.38)	Data 0.0002 (0.1220)	Loss (L1) 3.391 (3.561)
2026-04-26 02:05:44,965 | Epoch: [39][130/254]	Time   0.27 (  0.38)	Data 0.0002 (0.1128)	Loss (L1) 3.380 (3.554)
2026-04-26 02:05:47,703 | Epoch: [39][140/254]	Time   0.28 (  0.37)	Data 0.0002 (0.1048)	Loss (L1) 3.410 (3.554)
2026-04-26 02:05:50,458 | Epoch: [39][150/254]	Time   0.28 (  0.36)	Data 0.0002 (0.0981)	Loss (L1) 3.414 (3.554)
2026-04-26 02:05:53,236 | Epoch: [39][160/254]	Time   0.34 (  0.36)	Data 0.2253 (0.0934)	Loss (L1) 3.183 (3.551)
2026-04-26 02:05:55,929 | Epoch: [39][170/254]	Time   0.26 (  0.35)	Data 0.0002 (0.0880)	Loss (L1) 3.678 (3.563)
2026-04-26 02:05:58,602 | Epoch: [39][180/254]	Time   0.27 (  0.35)	Data 0.0002 (0.0831)	Loss (L1) 3.950 (3.566)
2026-04-26 02:06:01,353 | Epoch: [39][190/254]	Time   0.27 (  0.34)	Data 0.0001 (0.0788)	Loss (L1) 3.616 (3.569)
2026-04-26 02:06:04,304 | Epoch: [39][200/254]	Time   0.27 (  0.34)	Data 0.0001 (0.0769)	Loss (L1) 3.751 (3.565)
2026-04-26 02:06:07,009 | Epoch: [39][210/254]	Time   0.27 (  0.34)	Data 0.0001 (0.0732)	Loss (L1) 3.547 (3.565)
2026-04-26 02:06:09,680 | Epoch: [39][220/254]	Time   0.27 (  0.33)	Data 0.0001 (0.0699)	Loss (L1) 3.723 (3.567)
2026-04-26 02:06:12,339 | Epoch: [39][230/254]	Time   0.27 (  0.33)	Data 0.0001 (0.0669)	Loss (L1) 3.274 (3.569)
2026-04-26 02:06:14,998 | Epoch: [39][240/254]	Time   0.27 (  0.33)	Data 0.0001 (0.0641)	Loss (L1) 3.409 (3.570)
2026-04-26 02:06:17,660 | Epoch: [39][250/254]	Time   0.27 (  0.33)	Data 0.0001 (0.0616)	Loss (L1) 3.920 (3.573)
2026-04-26 02:06:28,022 | Val: [ 0/25]	Time  9.408 ( 9.408)	Loss (MSE) 224.010 (224.010)	Loss (L1) 13.510 (13.510)
2026-04-26 02:06:29,037 | Val: [10/25]	Time  0.084 ( 0.948)	Loss (MSE) 42.238 (95.192)	Loss (L1) 5.150 (8.028)
2026-04-26 02:06:29,876 | Val: [20/25]	Time  0.084 ( 0.536)	Loss (MSE) 262.864 (100.806)	Loss (L1) 15.443 (8.215)
2026-04-26 02:06:30,371 |  * Overall: MSE 156.501	L1 10.121	G-Mean 6.837
2026-04-26 02:06:30,372 |  * Many: MSE 83.912	L1 7.454	G-Mean 5.122
2026-04-26 02:06:30,372 |  * Median: MSE 244.238	L1 14.000	G-Mean 11.192
2026-04-26 02:06:30,372 |  * Low: MSE 596.415	L1 23.900	G-Mean 23.327
2026-04-26 02:06:30,373 | Best L1 Loss: 9.659
2026-04-26 02:06:30,586 | Epoch #39: Train loss [3.5731]; Val loss: MSE [156.5008], L1 [10.1206], G-Mean [6.8366]
2026-04-26 02:06:41,766 | Epoch: [40][  0/254]	Time  11.18 ( 11.18)	Data 11.0021 (11.0021)	Loss (L1) 3.554 (3.554)
2026-04-26 02:06:44,483 | Epoch: [40][ 10/254]	Time   0.28 (  1.26)	Data 0.0013 (1.0006)	Loss (L1) 3.593 (3.517)
2026-04-26 02:06:47,147 | Epoch: [40][ 20/254]	Time   0.28 (  0.79)	Data 0.0002 (0.5246)	Loss (L1) 3.671 (3.500)
2026-04-26 02:06:49,873 | Epoch: [40][ 30/254]	Time   0.27 (  0.62)	Data 0.0002 (0.3555)	Loss (L1) 3.559 (3.489)
2026-04-26 02:06:52,873 | Epoch: [40][ 40/254]	Time   0.27 (  0.54)	Data 0.0002 (0.2814)	Loss (L1) 3.433 (3.473)
2026-04-26 02:06:55,602 | Epoch: [40][ 50/254]	Time   0.26 (  0.49)	Data 0.0002 (0.2264)	Loss (L1) 3.435 (3.492)
2026-04-26 02:06:58,376 | Epoch: [40][ 60/254]	Time   0.26 (  0.46)	Data 0.0002 (0.1893)	Loss (L1) 3.850 (3.484)
2026-04-26 02:07:02,138 | Epoch: [40][ 70/254]	Time   0.27 (  0.44)	Data 0.0002 (0.1798)	Loss (L1) 3.659 (3.496)
2026-04-26 02:07:04,809 | Epoch: [40][ 80/254]	Time   0.27 (  0.42)	Data 0.0002 (0.1577)	Loss (L1) 3.395 (3.516)
2026-04-26 02:07:07,483 | Epoch: [40][ 90/254]	Time   0.27 (  0.41)	Data 0.0004 (0.1404)	Loss (L1) 3.620 (3.528)
2026-04-26 02:07:11,360 | Epoch: [40][100/254]	Time   0.26 (  0.40)	Data 0.0004 (0.1398)	Loss (L1) 3.770 (3.539)
2026-04-26 02:07:14,027 | Epoch: [40][110/254]	Time   0.27 (  0.39)	Data 0.0002 (0.1273)	Loss (L1) 3.154 (3.530)
2026-04-26 02:07:16,706 | Epoch: [40][120/254]	Time   0.27 (  0.38)	Data 0.0002 (0.1168)	Loss (L1) 3.812 (3.524)
2026-04-26 02:07:21,495 | Epoch: [40][130/254]	Time   2.37 (  0.39)	Data 2.2462 (0.1250)	Loss (L1) 3.542 (3.526)
2026-04-26 02:07:24,197 | Epoch: [40][140/254]	Time   0.26 (  0.38)	Data 0.0002 (0.1162)	Loss (L1) 3.777 (3.530)
2026-04-26 02:07:26,865 | Epoch: [40][150/254]	Time   0.25 (  0.37)	Data 0.0002 (0.1085)	Loss (L1) 4.058 (3.531)
2026-04-26 02:07:29,626 | Epoch: [40][160/254]	Time   0.28 (  0.37)	Data 0.0003 (0.1018)	Loss (L1) 3.341 (3.535)
2026-04-26 02:07:32,808 | Epoch: [40][170/254]	Time   0.27 (  0.36)	Data 0.0002 (0.0997)	Loss (L1) 3.614 (3.536)
2026-04-26 02:07:35,536 | Epoch: [40][180/254]	Time   0.30 (  0.36)	Data 0.0002 (0.0942)	Loss (L1) 3.273 (3.542)
2026-04-26 02:07:38,177 | Epoch: [40][190/254]	Time   0.27 (  0.35)	Data 0.0001 (0.0893)	Loss (L1) 3.360 (3.536)
2026-04-26 02:07:41,946 | Epoch: [40][200/254]	Time   0.26 (  0.36)	Data 0.0001 (0.0911)	Loss (L1) 3.146 (3.536)
2026-04-26 02:07:44,608 | Epoch: [40][210/254]	Time   0.27 (  0.35)	Data 0.0001 (0.0868)	Loss (L1) 3.607 (3.541)
2026-04-26 02:07:47,268 | Epoch: [40][220/254]	Time   0.26 (  0.35)	Data 0.0003 (0.0829)	Loss (L1) 3.585 (3.539)
2026-04-26 02:07:49,930 | Epoch: [40][230/254]	Time   0.27 (  0.34)	Data 0.0001 (0.0793)	Loss (L1) 3.457 (3.540)
2026-04-26 02:07:52,594 | Epoch: [40][240/254]	Time   0.27 (  0.34)	Data 0.0001 (0.0760)	Loss (L1) 3.411 (3.541)
2026-04-26 02:07:55,251 | Epoch: [40][250/254]	Time   0.27 (  0.34)	Data 0.0001 (0.0730)	Loss (L1) 3.147 (3.538)
2026-04-26 02:08:05,780 | Val: [ 0/25]	Time  9.573 ( 9.573)	Loss (MSE) 256.650 (256.650)	Loss (L1) 14.813 (14.813)
2026-04-26 02:08:06,620 | Val: [10/25]	Time  0.084 ( 0.947)	Loss (MSE) 37.830 (104.098)	Loss (L1) 5.142 (8.358)
2026-04-26 02:08:07,458 | Val: [20/25]	Time  0.084 ( 0.536)	Loss (MSE) 369.227 (125.807)	Loss (L1) 18.366 (9.119)
2026-04-26 02:08:07,946 |  * Overall: MSE 193.044	L1 11.219	G-Mean 7.398
2026-04-26 02:08:07,946 |  * Many: MSE 105.232	L1 8.230	G-Mean 5.440
2026-04-26 02:08:07,946 |  * Median: MSE 307.687	L1 15.815	G-Mean 12.800
2026-04-26 02:08:07,946 |  * Low: MSE 694.364	L1 25.762	G-Mean 25.097
2026-04-26 02:08:07,947 | Best L1 Loss: 9.659
2026-04-26 02:08:08,158 | Epoch #40: Train loss [3.5397]; Val loss: MSE [193.0444], L1 [11.2188], G-Mean [7.3981]
2026-04-26 02:08:19,537 | Epoch: [41][  0/254]	Time  11.38 ( 11.38)	Data 11.2610 (11.2610)	Loss (L1) 3.603 (3.603)
2026-04-26 02:08:22,530 | Epoch: [41][ 10/254]	Time   0.26 (  1.31)	Data 0.0002 (1.0683)	Loss (L1) 3.154 (3.470)
2026-04-26 02:08:25,176 | Epoch: [41][ 20/254]	Time   0.26 (  0.81)	Data 0.0001 (0.5597)	Loss (L1) 3.259 (3.441)
2026-04-26 02:08:27,853 | Epoch: [41][ 30/254]	Time   0.27 (  0.64)	Data 0.0002 (0.3792)	Loss (L1) 3.245 (3.405)
2026-04-26 02:08:30,549 | Epoch: [41][ 40/254]	Time   0.27 (  0.55)	Data 0.0003 (0.2868)	Loss (L1) 3.455 (3.440)
2026-04-26 02:08:33,225 | Epoch: [41][ 50/254]	Time   0.27 (  0.49)	Data 0.0002 (0.2307)	Loss (L1) 3.343 (3.436)
2026-04-26 02:08:35,913 | Epoch: [41][ 60/254]	Time   0.25 (  0.45)	Data 0.0002 (0.1933)	Loss (L1) 3.349 (3.445)
2026-04-26 02:08:39,066 | Epoch: [41][ 70/254]	Time   0.26 (  0.44)	Data 0.0002 (0.1742)	Loss (L1) 3.601 (3.458)
2026-04-26 02:08:41,772 | Epoch: [41][ 80/254]	Time   0.27 (  0.41)	Data 0.0002 (0.1527)	Loss (L1) 3.433 (3.457)
2026-04-26 02:08:44,436 | Epoch: [41][ 90/254]	Time   0.27 (  0.40)	Data 0.0002 (0.1360)	Loss (L1) 3.608 (3.456)
2026-04-26 02:08:47,683 | Epoch: [41][100/254]	Time   0.26 (  0.39)	Data 0.0002 (0.1296)	Loss (L1) 3.447 (3.452)
2026-04-26 02:08:50,373 | Epoch: [41][110/254]	Time   0.26 (  0.38)	Data 0.0002 (0.1180)	Loss (L1) 3.567 (3.460)
2026-04-26 02:08:53,098 | Epoch: [41][120/254]	Time   0.28 (  0.37)	Data 0.0002 (0.1082)	Loss (L1) 3.491 (3.465)
2026-04-26 02:08:56,538 | Epoch: [41][130/254]	Time   0.28 (  0.37)	Data 0.0002 (0.1065)	Loss (L1) 3.478 (3.474)
2026-04-26 02:08:59,215 | Epoch: [41][140/254]	Time   0.29 (  0.36)	Data 0.0002 (0.0991)	Loss (L1) 3.535 (3.482)
2026-04-26 02:09:01,884 | Epoch: [41][150/254]	Time   0.26 (  0.36)	Data 0.0002 (0.0926)	Loss (L1) 3.742 (3.486)
2026-04-26 02:09:10,375 | Epoch: [41][160/254]	Time   6.10 (  0.39)	Data 5.9873 (0.1240)	Loss (L1) 3.382 (3.487)
2026-04-26 02:09:13,100 | Epoch: [41][170/254]	Time   0.26 (  0.38)	Data 0.0110 (0.1168)	Loss (L1) 3.908 (3.489)
2026-04-26 02:09:15,774 | Epoch: [41][180/254]	Time   0.26 (  0.37)	Data 0.0002 (0.1104)	Loss (L1) 3.478 (3.486)
2026-04-26 02:09:18,449 | Epoch: [41][190/254]	Time   0.27 (  0.37)	Data 0.0001 (0.1046)	Loss (L1) 3.564 (3.487)
2026-04-26 02:09:21,950 | Epoch: [41][200/254]	Time   0.24 (  0.37)	Data 0.0001 (0.1043)	Loss (L1) 3.438 (3.492)
2026-04-26 02:09:24,622 | Epoch: [41][210/254]	Time   0.26 (  0.36)	Data 0.0001 (0.0993)	Loss (L1) 3.807 (3.494)
2026-04-26 02:09:27,282 | Epoch: [41][220/254]	Time   0.26 (  0.36)	Data 0.0001 (0.0948)	Loss (L1) 3.562 (3.497)
2026-04-26 02:09:29,933 | Epoch: [41][230/254]	Time   0.27 (  0.35)	Data 0.0001 (0.0907)	Loss (L1) 3.310 (3.500)
2026-04-26 02:09:32,587 | Epoch: [41][240/254]	Time   0.27 (  0.35)	Data 0.0001 (0.0870)	Loss (L1) 3.682 (3.502)
2026-04-26 02:09:35,238 | Epoch: [41][250/254]	Time   0.26 (  0.35)	Data 0.0001 (0.0835)	Loss (L1) 3.168 (3.500)
2026-04-26 02:09:44,939 | Val: [ 0/25]	Time  8.740 ( 8.740)	Loss (MSE) 322.002 (322.002)	Loss (L1) 16.889 (16.889)
2026-04-26 02:09:47,170 | Val: [10/25]	Time  0.083 ( 0.997)	Loss (MSE) 41.976 (129.871)	Loss (L1) 5.248 (9.482)
2026-04-26 02:09:48,006 | Val: [20/25]	Time  0.083 ( 0.562)	Loss (MSE) 234.567 (114.954)	Loss (L1) 14.569 (8.824)
2026-04-26 02:09:48,499 |  * Overall: MSE 159.728	L1 10.426	G-Mean 7.139
2026-04-26 02:09:48,499 |  * Many: MSE 86.812	L1 7.619	G-Mean 5.210
2026-04-26 02:09:48,499 |  * Median: MSE 263.310	L1 15.074	G-Mean 12.895
2026-04-26 02:09:48,499 |  * Low: MSE 545.580	L1 22.889	G-Mean 22.432
2026-04-26 02:09:48,500 | Best L1 Loss: 9.659
2026-04-26 02:09:48,707 | Epoch #41: Train loss [3.5018]; Val loss: MSE [159.7280], L1 [10.4261], G-Mean [7.1392]
2026-04-26 02:10:00,571 | Epoch: [42][  0/254]	Time  11.86 ( 11.86)	Data 11.7470 (11.7470)	Loss (L1) 3.610 (3.610)
2026-04-26 02:10:03,219 | Epoch: [42][ 10/254]	Time   0.27 (  1.32)	Data 0.0002 (1.0681)	Loss (L1) 3.496 (3.503)
2026-04-26 02:10:05,863 | Epoch: [42][ 20/254]	Time   0.26 (  0.82)	Data 0.0002 (0.5596)	Loss (L1) 3.398 (3.476)
2026-04-26 02:10:08,520 | Epoch: [42][ 30/254]	Time   0.27 (  0.64)	Data 0.0002 (0.3792)	Loss (L1) 3.577 (3.484)
2026-04-26 02:10:12,646 | Epoch: [42][ 40/254]	Time   0.26 (  0.58)	Data 0.0003 (0.3258)	Loss (L1) 3.695 (3.481)
2026-04-26 02:10:15,366 | Epoch: [42][ 50/254]	Time   0.29 (  0.52)	Data 0.0003 (0.2620)	Loss (L1) 3.723 (3.495)
2026-04-26 02:10:17,992 | Epoch: [42][ 60/254]	Time   0.26 (  0.48)	Data 0.0002 (0.2191)	Loss (L1) 3.705 (3.497)
2026-04-26 02:10:21,511 | Epoch: [42][ 70/254]	Time   0.28 (  0.46)	Data 0.0002 (0.2025)	Loss (L1) 3.677 (3.489)
2026-04-26 02:10:24,198 | Epoch: [42][ 80/254]	Time   0.29 (  0.44)	Data 0.0002 (0.1776)	Loss (L1) 3.384 (3.480)
2026-04-26 02:10:26,932 | Epoch: [42][ 90/254]	Time   0.31 (  0.42)	Data 0.0003 (0.1581)	Loss (L1) 3.449 (3.483)
2026-04-26 02:10:30,399 | Epoch: [42][100/254]	Time   0.28 (  0.41)	Data 0.0002 (0.1523)	Loss (L1) 3.416 (3.478)
2026-04-26 02:10:33,096 | Epoch: [42][110/254]	Time   0.26 (  0.40)	Data 0.0002 (0.1386)	Loss (L1) 3.445 (3.477)
2026-04-26 02:10:35,851 | Epoch: [42][120/254]	Time   0.26 (  0.39)	Data 0.0002 (0.1272)	Loss (L1) 3.332 (3.474)
2026-04-26 02:10:39,255 | Epoch: [42][130/254]	Time   0.26 (  0.39)	Data 0.0002 (0.1241)	Loss (L1) 3.460 (3.469)
2026-04-26 02:10:41,964 | Epoch: [42][140/254]	Time   0.27 (  0.38)	Data 0.0002 (0.1154)	Loss (L1) 3.508 (3.464)
2026-04-26 02:10:44,660 | Epoch: [42][150/254]	Time   0.26 (  0.37)	Data 0.0002 (0.1077)	Loss (L1) 3.679 (3.474)
2026-04-26 02:10:47,342 | Epoch: [42][160/254]	Time   0.26 (  0.36)	Data 0.0003 (0.1011)	Loss (L1) 3.399 (3.473)
2026-04-26 02:10:50,043 | Epoch: [42][170/254]	Time   0.23 (  0.36)	Data 0.0002 (0.0952)	Loss (L1) 3.891 (3.486)
2026-04-26 02:10:52,750 | Epoch: [42][180/254]	Time   0.28 (  0.35)	Data 0.0002 (0.0899)	Loss (L1) 3.349 (3.490)
2026-04-26 02:10:55,496 | Epoch: [42][190/254]	Time   0.29 (  0.35)	Data 0.0001 (0.0853)	Loss (L1) 3.373 (3.493)
2026-04-26 02:10:58,202 | Epoch: [42][200/254]	Time   0.29 (  0.35)	Data 0.0002 (0.0810)	Loss (L1) 3.728 (3.493)
2026-04-26 02:11:00,836 | Epoch: [42][210/254]	Time   0.27 (  0.34)	Data 0.0001 (0.0772)	Loss (L1) 3.950 (3.496)
2026-04-26 02:11:03,503 | Epoch: [42][220/254]	Time   0.27 (  0.34)	Data 0.0001 (0.0737)	Loss (L1) 3.449 (3.494)
2026-04-26 02:11:06,165 | Epoch: [42][230/254]	Time   0.27 (  0.34)	Data 0.0001 (0.0705)	Loss (L1) 3.250 (3.494)
2026-04-26 02:11:08,827 | Epoch: [42][240/254]	Time   0.27 (  0.33)	Data 0.0001 (0.0676)	Loss (L1) 3.494 (3.489)
2026-04-26 02:11:11,489 | Epoch: [42][250/254]	Time   0.27 (  0.33)	Data 0.0001 (0.0649)	Loss (L1) 3.753 (3.490)
2026-04-26 02:11:21,404 | Val: [ 0/25]	Time  8.957 ( 8.957)	Loss (MSE) 269.249 (269.249)	Loss (L1) 15.090 (15.090)
2026-04-26 02:11:22,607 | Val: [10/25]	Time  0.084 ( 0.924)	Loss (MSE) 40.895 (116.770)	Loss (L1) 5.224 (8.960)
2026-04-26 02:11:23,446 | Val: [20/25]	Time  0.084 ( 0.524)	Loss (MSE) 238.573 (105.784)	Loss (L1) 14.645 (8.436)
2026-04-26 02:11:23,926 |  * Overall: MSE 155.995	L1 10.201	G-Mean 6.881
2026-04-26 02:11:23,927 |  * Many: MSE 82.284	L1 7.427	G-Mean 5.108
2026-04-26 02:11:23,927 |  * Median: MSE 252.625	L1 14.500	G-Mean 11.613
2026-04-26 02:11:23,927 |  * Low: MSE 575.371	L1 23.590	G-Mean 23.163
2026-04-26 02:11:23,927 | Best L1 Loss: 9.659
2026-04-26 02:11:24,137 | Epoch #42: Train loss [3.4911]; Val loss: MSE [155.9949], L1 [10.2014], G-Mean [6.8808]
2026-04-26 02:11:34,920 | Epoch: [43][  0/254]	Time  10.78 ( 10.78)	Data 10.6589 (10.6589)	Loss (L1) 3.645 (3.645)
2026-04-26 02:11:37,736 | Epoch: [43][ 10/254]	Time   0.27 (  1.24)	Data 0.0002 (0.9909)	Loss (L1) 3.743 (3.497)
2026-04-26 02:11:40,432 | Epoch: [43][ 20/254]	Time   0.27 (  0.78)	Data 0.0002 (0.5191)	Loss (L1) 3.648 (3.487)
2026-04-26 02:11:43,138 | Epoch: [43][ 30/254]	Time   0.27 (  0.61)	Data 0.0003 (0.3521)	Loss (L1) 3.448 (3.484)
2026-04-26 02:11:45,844 | Epoch: [43][ 40/254]	Time   0.27 (  0.53)	Data 0.0002 (0.2671)	Loss (L1) 3.111 (3.461)
2026-04-26 02:11:48,516 | Epoch: [43][ 50/254]	Time   0.27 (  0.48)	Data 0.0003 (0.2149)	Loss (L1) 3.489 (3.432)
2026-04-26 02:11:51,190 | Epoch: [43][ 60/254]	Time   0.27 (  0.44)	Data 0.0002 (0.1797)	Loss (L1) 3.410 (3.439)
2026-04-26 02:11:55,425 | Epoch: [43][ 70/254]	Time   1.72 (  0.44)	Data 1.5936 (0.1769)	Loss (L1) 3.944 (3.449)
2026-04-26 02:11:58,109 | Epoch: [43][ 80/254]	Time   0.26 (  0.42)	Data 0.0002 (0.1551)	Loss (L1) 3.582 (3.438)
2026-04-26 02:12:00,776 | Epoch: [43][ 90/254]	Time   0.25 (  0.40)	Data 0.0002 (0.1381)	Loss (L1) 3.351 (3.446)
2026-04-26 02:12:03,483 | Epoch: [43][100/254]	Time   0.28 (  0.39)	Data 0.0002 (0.1245)	Loss (L1) 3.668 (3.447)
2026-04-26 02:12:06,301 | Epoch: [43][110/254]	Time   0.29 (  0.38)	Data 0.0002 (0.1158)	Loss (L1) 3.306 (3.444)
2026-04-26 02:12:09,045 | Epoch: [43][120/254]	Time   0.27 (  0.37)	Data 0.0002 (0.1064)	Loss (L1) 3.638 (3.446)
2026-04-26 02:12:11,784 | Epoch: [43][130/254]	Time   0.29 (  0.36)	Data 0.0002 (0.0983)	Loss (L1) 3.473 (3.442)
2026-04-26 02:12:15,596 | Epoch: [43][140/254]	Time   0.22 (  0.36)	Data 0.0002 (0.1003)	Loss (L1) 3.599 (3.444)
2026-04-26 02:12:18,278 | Epoch: [43][150/254]	Time   0.29 (  0.36)	Data 0.0003 (0.0937)	Loss (L1) 3.588 (3.443)
2026-04-26 02:12:20,992 | Epoch: [43][160/254]	Time   0.25 (  0.35)	Data 0.0051 (0.0881)	Loss (L1) 3.657 (3.446)
2026-04-26 02:12:25,321 | Epoch: [43][170/254]	Time   0.27 (  0.36)	Data 0.0002 (0.0932)	Loss (L1) 3.373 (3.450)
2026-04-26 02:12:28,027 | Epoch: [43][180/254]	Time   0.26 (  0.35)	Data 0.0002 (0.0881)	Loss (L1) 3.326 (3.455)
2026-04-26 02:12:30,753 | Epoch: [43][190/254]	Time   0.26 (  0.35)	Data 0.0001 (0.0836)	Loss (L1) 3.614 (3.454)
2026-04-26 02:12:33,759 | Epoch: [43][200/254]	Time   0.27 (  0.35)	Data 0.0001 (0.0814)	Loss (L1) 3.441 (3.451)
2026-04-26 02:12:36,438 | Epoch: [43][210/254]	Time   0.26 (  0.34)	Data 0.0002 (0.0776)	Loss (L1) 3.300 (3.453)
2026-04-26 02:12:39,093 | Epoch: [43][220/254]	Time   0.27 (  0.34)	Data 0.0001 (0.0741)	Loss (L1) 3.664 (3.454)
2026-04-26 02:12:41,744 | Epoch: [43][230/254]	Time   0.26 (  0.34)	Data 0.0003 (0.0709)	Loss (L1) 3.272 (3.448)
2026-04-26 02:12:44,396 | Epoch: [43][240/254]	Time   0.26 (  0.33)	Data 0.0001 (0.0680)	Loss (L1) 3.447 (3.446)
2026-04-26 02:12:47,053 | Epoch: [43][250/254]	Time   0.26 (  0.33)	Data 0.0001 (0.0653)	Loss (L1) 3.618 (3.452)
2026-04-26 02:12:57,486 | Val: [ 0/25]	Time  9.481 ( 9.481)	Loss (MSE) 252.700 (252.700)	Loss (L1) 14.660 (14.660)
2026-04-26 02:12:58,324 | Val: [10/25]	Time  0.083 ( 0.938)	Loss (MSE) 35.916 (96.577)	Loss (L1) 4.804 (7.999)
2026-04-26 02:12:59,160 | Val: [20/25]	Time  0.083 ( 0.531)	Loss (MSE) 300.648 (108.386)	Loss (L1) 16.682 (8.554)
2026-04-26 02:12:59,626 |  * Overall: MSE 172.015	L1 10.603	G-Mean 7.081
2026-04-26 02:12:59,626 |  * Many: MSE 87.736	L1 7.612	G-Mean 5.141
2026-04-26 02:12:59,626 |  * Median: MSE 270.795	L1 15.012	G-Mean 12.530
2026-04-26 02:12:59,626 |  * Low: MSE 693.980	L1 25.849	G-Mean 25.286
2026-04-26 02:12:59,627 | Best L1 Loss: 9.659
2026-04-26 02:12:59,837 | Epoch #43: Train loss [3.4526]; Val loss: MSE [172.0154], L1 [10.6028], G-Mean [7.0806]
2026-04-26 02:13:08,604 | Epoch: [44][  0/254]	Time   8.77 (  8.77)	Data 8.6259 (8.6259)	Loss (L1) 3.285 (3.285)
2026-04-26 02:13:13,451 | Epoch: [44][ 10/254]	Time   0.29 (  1.24)	Data 0.0002 (1.0110)	Loss (L1) 3.457 (3.415)
2026-04-26 02:13:16,133 | Epoch: [44][ 20/254]	Time   0.26 (  0.78)	Data 0.0002 (0.5297)	Loss (L1) 3.712 (3.493)
2026-04-26 02:13:18,802 | Epoch: [44][ 30/254]	Time   0.26 (  0.61)	Data 0.0002 (0.3589)	Loss (L1) 3.504 (3.499)
2026-04-26 02:13:22,405 | Epoch: [44][ 40/254]	Time   0.38 (  0.55)	Data 0.2565 (0.3011)	Loss (L1) 3.202 (3.490)
2026-04-26 02:13:25,092 | Epoch: [44][ 50/254]	Time   0.23 (  0.50)	Data 0.0002 (0.2421)	Loss (L1) 4.223 (3.491)
2026-04-26 02:13:27,805 | Epoch: [44][ 60/254]	Time   0.28 (  0.46)	Data 0.0002 (0.2025)	Loss (L1) 3.253 (3.481)
2026-04-26 02:13:31,594 | Epoch: [44][ 70/254]	Time   1.32 (  0.45)	Data 1.1956 (0.1909)	Loss (L1) 3.530 (3.462)
2026-04-26 02:13:34,299 | Epoch: [44][ 80/254]	Time   0.27 (  0.43)	Data 0.0002 (0.1674)	Loss (L1) 3.541 (3.483)
2026-04-26 02:13:37,027 | Epoch: [44][ 90/254]	Time   0.25 (  0.41)	Data 0.0004 (0.1490)	Loss (L1) 3.388 (3.470)
2026-04-26 02:13:39,703 | Epoch: [44][100/254]	Time   0.27 (  0.39)	Data 0.0006 (0.1343)	Loss (L1) 3.388 (3.472)
2026-04-26 02:13:42,656 | Epoch: [44][110/254]	Time   0.28 (  0.39)	Data 0.0002 (0.1267)	Loss (L1) 3.628 (3.471)
2026-04-26 02:13:45,453 | Epoch: [44][120/254]	Time   0.30 (  0.38)	Data 0.0002 (0.1163)	Loss (L1) 3.717 (3.464)
2026-04-26 02:13:48,196 | Epoch: [44][130/254]	Time   0.27 (  0.37)	Data 0.0002 (0.1074)	Loss (L1) 3.455 (3.461)
2026-04-26 02:13:51,907 | Epoch: [44][140/254]	Time   0.27 (  0.37)	Data 0.0002 (0.1075)	Loss (L1) 3.548 (3.456)
2026-04-26 02:13:54,577 | Epoch: [44][150/254]	Time   0.26 (  0.36)	Data 0.0002 (0.1004)	Loss (L1) 3.799 (3.456)
2026-04-26 02:13:57,270 | Epoch: [44][160/254]	Time   0.27 (  0.36)	Data 0.0003 (0.0943)	Loss (L1) 3.494 (3.454)
2026-04-26 02:14:01,597 | Epoch: [44][170/254]	Time   0.28 (  0.36)	Data 0.0002 (0.0992)	Loss (L1) 3.424 (3.451)
2026-04-26 02:14:04,260 | Epoch: [44][180/254]	Time   0.27 (  0.36)	Data 0.0002 (0.0937)	Loss (L1) 3.443 (3.458)
2026-04-26 02:14:07,012 | Epoch: [44][190/254]	Time   0.27 (  0.35)	Data 0.0001 (0.0889)	Loss (L1) 3.267 (3.450)
2026-04-26 02:14:10,362 | Epoch: [44][200/254]	Time   0.26 (  0.35)	Data 0.0001 (0.0883)	Loss (L1) 3.741 (3.456)
2026-04-26 02:14:13,052 | Epoch: [44][210/254]	Time   0.26 (  0.35)	Data 0.0001 (0.0841)	Loss (L1) 3.503 (3.458)
2026-04-26 02:14:15,713 | Epoch: [44][220/254]	Time   0.27 (  0.34)	Data 0.0001 (0.0803)	Loss (L1) 3.078 (3.454)
2026-04-26 02:14:18,375 | Epoch: [44][230/254]	Time   0.27 (  0.34)	Data 0.0001 (0.0769)	Loss (L1) 3.747 (3.452)
2026-04-26 02:14:21,036 | Epoch: [44][240/254]	Time   0.27 (  0.34)	Data 0.0001 (0.0737)	Loss (L1) 3.563 (3.453)
2026-04-26 02:14:23,699 | Epoch: [44][250/254]	Time   0.27 (  0.33)	Data 0.0001 (0.0708)	Loss (L1) 3.219 (3.452)
2026-04-26 02:14:34,293 | Val: [ 0/25]	Time  9.642 ( 9.642)	Loss (MSE) 327.231 (327.231)	Loss (L1) 16.807 (16.807)
2026-04-26 02:14:35,220 | Val: [10/25]	Time  0.084 ( 0.961)	Loss (MSE) 48.255 (124.772)	Loss (L1) 5.782 (9.245)
2026-04-26 02:14:36,059 | Val: [20/25]	Time  0.084 ( 0.543)	Loss (MSE) 276.759 (121.099)	Loss (L1) 15.504 (8.993)
2026-04-26 02:14:36,539 |  * Overall: MSE 169.780	L1 10.674	G-Mean 7.292
2026-04-26 02:14:36,540 |  * Many: MSE 95.207	L1 7.901	G-Mean 5.384
2026-04-26 02:14:36,540 |  * Median: MSE 272.882	L1 15.122	G-Mean 12.723
2026-04-26 02:14:36,540 |  * Low: MSE 574.672	L1 23.504	G-Mean 23.026
2026-04-26 02:14:36,541 | Best L1 Loss: 9.659
2026-04-26 02:14:36,752 | Epoch #44: Train loss [3.4532]; Val loss: MSE [169.7796], L1 [10.6739], G-Mean [7.2925]
2026-04-26 02:14:43,503 | Epoch: [45][  0/254]	Time   6.75 (  6.75)	Data 6.6405 (6.6405)	Loss (L1) 3.365 (3.365)
2026-04-26 02:14:50,231 | Epoch: [45][ 10/254]	Time   0.28 (  1.23)	Data 0.0002 (0.9988)	Loss (L1) 3.477 (3.468)
2026-04-26 02:14:52,927 | Epoch: [45][ 20/254]	Time   0.26 (  0.77)	Data 0.0002 (0.5237)	Loss (L1) 3.374 (3.455)
2026-04-26 02:14:55,629 | Epoch: [45][ 30/254]	Time   0.26 (  0.61)	Data 0.0002 (0.3551)	Loss (L1) 3.270 (3.401)
2026-04-26 02:14:58,404 | Epoch: [45][ 40/254]	Time   0.27 (  0.53)	Data 0.0002 (0.2688)	Loss (L1) 3.276 (3.417)
2026-04-26 02:15:01,148 | Epoch: [45][ 50/254]	Time   0.26 (  0.48)	Data 0.0002 (0.2161)	Loss (L1) 3.160 (3.410)
2026-04-26 02:15:03,879 | Epoch: [45][ 60/254]	Time   0.27 (  0.44)	Data 0.0003 (0.1807)	Loss (L1) 3.489 (3.431)
2026-04-26 02:15:08,153 | Epoch: [45][ 70/254]	Time   0.58 (  0.44)	Data 0.4462 (0.1806)	Loss (L1) 3.408 (3.426)
2026-04-26 02:15:10,872 | Epoch: [45][ 80/254]	Time   0.28 (  0.42)	Data 0.0003 (0.1586)	Loss (L1) 3.236 (3.431)
2026-04-26 02:15:13,550 | Epoch: [45][ 90/254]	Time   0.26 (  0.40)	Data 0.0003 (0.1412)	Loss (L1) 3.185 (3.435)
2026-04-26 02:15:16,392 | Epoch: [45][100/254]	Time   0.28 (  0.39)	Data 0.0003 (0.1272)	Loss (L1) 3.443 (3.449)
2026-04-26 02:15:19,693 | Epoch: [45][110/254]	Time   0.26 (  0.39)	Data 0.0002 (0.1225)	Loss (L1) 3.487 (3.441)
2026-04-26 02:15:22,387 | Epoch: [45][120/254]	Time   0.26 (  0.38)	Data 0.0002 (0.1125)	Loss (L1) 3.311 (3.436)
2026-04-26 02:15:25,701 | Epoch: [45][130/254]	Time   0.27 (  0.37)	Data 0.0003 (0.1095)	Loss (L1) 3.591 (3.433)
2026-04-26 02:15:28,420 | Epoch: [45][140/254]	Time   0.27 (  0.37)	Data 0.0003 (0.1019)	Loss (L1) 3.438 (3.434)
2026-04-26 02:15:31,140 | Epoch: [45][150/254]	Time   0.28 (  0.36)	Data 0.0002 (0.0952)	Loss (L1) 3.062 (3.427)
2026-04-26 02:15:33,863 | Epoch: [45][160/254]	Time   0.27 (  0.35)	Data 0.0002 (0.0893)	Loss (L1) 3.392 (3.434)
2026-04-26 02:15:37,061 | Epoch: [45][170/254]	Time   0.27 (  0.35)	Data 0.0002 (0.0883)	Loss (L1) 3.643 (3.425)
2026-04-26 02:15:39,790 | Epoch: [45][180/254]	Time   0.25 (  0.35)	Data 0.0002 (0.0835)	Loss (L1) 3.476 (3.427)
2026-04-26 02:15:42,503 | Epoch: [45][190/254]	Time   0.26 (  0.34)	Data 0.0001 (0.0792)	Loss (L1) 3.614 (3.423)
2026-04-26 02:15:46,298 | Epoch: [45][200/254]	Time   0.25 (  0.35)	Data 0.0001 (0.0813)	Loss (L1) 3.117 (3.421)
2026-04-26 02:15:48,962 | Epoch: [45][210/254]	Time   0.27 (  0.34)	Data 0.0002 (0.0774)	Loss (L1) 3.353 (3.417)
2026-04-26 02:15:51,624 | Epoch: [45][220/254]	Time   0.27 (  0.34)	Data 0.0001 (0.0739)	Loss (L1) 3.344 (3.420)
2026-04-26 02:15:54,283 | Epoch: [45][230/254]	Time   0.27 (  0.34)	Data 0.0001 (0.0707)	Loss (L1) 3.624 (3.418)
2026-04-26 02:15:56,941 | Epoch: [45][240/254]	Time   0.27 (  0.33)	Data 0.0001 (0.0678)	Loss (L1) 3.434 (3.418)
2026-04-26 02:15:59,601 | Epoch: [45][250/254]	Time   0.27 (  0.33)	Data 0.0001 (0.0651)	Loss (L1) 3.515 (3.415)
2026-04-26 02:16:09,651 | Val: [ 0/25]	Time  9.090 ( 9.090)	Loss (MSE) 288.961 (288.961)	Loss (L1) 15.808 (15.808)
2026-04-26 02:16:11,368 | Val: [10/25]	Time  0.084 ( 0.982)	Loss (MSE) 36.177 (105.813)	Loss (L1) 4.996 (8.384)
2026-04-26 02:16:12,206 | Val: [20/25]	Time  0.084 ( 0.555)	Loss (MSE) 310.182 (115.044)	Loss (L1) 16.877 (8.797)
2026-04-26 02:16:12,691 |  * Overall: MSE 171.994	L1 10.688	G-Mean 7.225
2026-04-26 02:16:12,692 |  * Many: MSE 90.929	L1 7.747	G-Mean 5.293
2026-04-26 02:16:12,692 |  * Median: MSE 282.933	L1 15.398	G-Mean 12.746
2026-04-26 02:16:12,692 |  * Low: MSE 616.266	L1 24.315	G-Mean 23.811
2026-04-26 02:16:12,692 | Best L1 Loss: 9.659
2026-04-26 02:16:12,900 | Epoch #45: Train loss [3.4134]; Val loss: MSE [171.9935], L1 [10.6879], G-Mean [7.2255]
2026-04-26 02:16:24,630 | Epoch: [46][  0/254]	Time  11.73 ( 11.73)	Data 11.6193 (11.6193)	Loss (L1) 4.007 (4.007)
2026-04-26 02:16:28,137 | Epoch: [46][ 10/254]	Time   0.26 (  1.39)	Data 0.0002 (1.1494)	Loss (L1) 3.212 (3.431)
2026-04-26 02:16:30,776 | Epoch: [46][ 20/254]	Time   0.26 (  0.85)	Data 0.0002 (0.6021)	Loss (L1) 3.553 (3.457)
2026-04-26 02:16:33,442 | Epoch: [46][ 30/254]	Time   0.25 (  0.66)	Data 0.0002 (0.4082)	Loss (L1) 3.528 (3.436)
2026-04-26 02:16:37,069 | Epoch: [46][ 40/254]	Time   0.27 (  0.59)	Data 0.0002 (0.3391)	Loss (L1) 3.429 (3.404)
2026-04-26 02:16:39,801 | Epoch: [46][ 50/254]	Time   0.25 (  0.53)	Data 0.0049 (0.2728)	Loss (L1) 3.107 (3.375)
2026-04-26 02:16:42,593 | Epoch: [46][ 60/254]	Time   0.27 (  0.49)	Data 0.0002 (0.2281)	Loss (L1) 3.481 (3.380)
2026-04-26 02:16:45,255 | Epoch: [46][ 70/254]	Time   0.27 (  0.46)	Data 0.0002 (0.1961)	Loss (L1) 3.138 (3.391)
2026-04-26 02:16:47,941 | Epoch: [46][ 80/254]	Time   0.27 (  0.43)	Data 0.0002 (0.1719)	Loss (L1) 3.889 (3.400)
2026-04-26 02:16:50,651 | Epoch: [46][ 90/254]	Time   0.26 (  0.41)	Data 0.0002 (0.1531)	Loss (L1) 3.500 (3.413)
2026-04-26 02:16:53,367 | Epoch: [46][100/254]	Time   0.29 (  0.40)	Data 0.0004 (0.1379)	Loss (L1) 3.142 (3.401)
2026-04-26 02:16:56,126 | Epoch: [46][110/254]	Time   0.26 (  0.39)	Data 0.0002 (0.1257)	Loss (L1) 3.267 (3.414)
2026-04-26 02:16:58,826 | Epoch: [46][120/254]	Time   0.26 (  0.38)	Data 0.0002 (0.1153)	Loss (L1) 3.000 (3.403)
2026-04-26 02:17:02,697 | Epoch: [46][130/254]	Time   1.47 (  0.38)	Data 1.3139 (0.1165)	Loss (L1) 3.566 (3.410)
2026-04-26 02:17:05,425 | Epoch: [46][140/254]	Time   0.28 (  0.37)	Data 0.0002 (0.1084)	Loss (L1) 3.248 (3.406)
2026-04-26 02:17:08,066 | Epoch: [46][150/254]	Time   0.26 (  0.37)	Data 0.0002 (0.1012)	Loss (L1) 3.363 (3.402)
2026-04-26 02:17:10,818 | Epoch: [46][160/254]	Time   0.26 (  0.36)	Data 0.0002 (0.0950)	Loss (L1) 3.474 (3.405)
2026-04-26 02:17:16,679 | Epoch: [46][170/254]	Time   0.28 (  0.37)	Data 0.0002 (0.1087)	Loss (L1) 3.646 (3.403)
2026-04-26 02:17:19,370 | Epoch: [46][180/254]	Time   0.27 (  0.37)	Data 0.0002 (0.1027)	Loss (L1) 3.012 (3.401)
2026-04-26 02:17:22,191 | Epoch: [46][190/254]	Time   0.26 (  0.36)	Data 0.0001 (0.0974)	Loss (L1) 3.626 (3.410)
2026-04-26 02:17:24,909 | Epoch: [46][200/254]	Time   0.27 (  0.36)	Data 0.0001 (0.0926)	Loss (L1) 3.177 (3.412)
2026-04-26 02:17:27,591 | Epoch: [46][210/254]	Time   0.27 (  0.35)	Data 0.0001 (0.0882)	Loss (L1) 3.695 (3.418)
2026-04-26 02:17:30,255 | Epoch: [46][220/254]	Time   0.26 (  0.35)	Data 0.0002 (0.0842)	Loss (L1) 3.373 (3.419)
2026-04-26 02:17:32,912 | Epoch: [46][230/254]	Time   0.27 (  0.35)	Data 0.0001 (0.0806)	Loss (L1) 3.400 (3.416)
2026-04-26 02:17:35,569 | Epoch: [46][240/254]	Time   0.27 (  0.34)	Data 0.0001 (0.0772)	Loss (L1) 3.594 (3.412)
2026-04-26 02:17:38,225 | Epoch: [46][250/254]	Time   0.27 (  0.34)	Data 0.0001 (0.0742)	Loss (L1) 3.505 (3.412)
2026-04-26 02:17:47,979 | Val: [ 0/25]	Time  8.782 ( 8.782)	Loss (MSE) 252.125 (252.125)	Loss (L1) 14.650 (14.650)
2026-04-26 02:17:49,478 | Val: [10/25]	Time  0.083 ( 0.935)	Loss (MSE) 42.918 (98.477)	Loss (L1) 5.469 (8.009)
2026-04-26 02:17:50,317 | Val: [20/25]	Time  0.084 ( 0.529)	Loss (MSE) 370.790 (124.246)	Loss (L1) 18.441 (9.069)
2026-04-26 02:17:50,789 |  * Overall: MSE 190.393	L1 11.158	G-Mean 7.312
2026-04-26 02:17:50,789 |  * Many: MSE 104.526	L1 8.218	G-Mean 5.407
2026-04-26 02:17:50,789 |  * Median: MSE 304.571	L1 15.694	G-Mean 12.454
2026-04-26 02:17:50,789 |  * Low: MSE 673.081	L1 25.414	G-Mean 24.783
2026-04-26 02:17:50,790 | Best L1 Loss: 9.659
2026-04-26 02:17:50,997 | Epoch #46: Train loss [3.4126]; Val loss: MSE [190.3929], L1 [11.1581], G-Mean [7.3124]
2026-04-26 02:17:59,895 | Epoch: [47][  0/254]	Time   8.90 (  8.90)	Data 8.7626 (8.7626)	Loss (L1) 3.555 (3.555)
2026-04-26 02:18:03,485 | Epoch: [47][ 10/254]	Time   0.26 (  1.14)	Data 0.0002 (0.8905)	Loss (L1) 3.151 (3.332)
2026-04-26 02:18:06,158 | Epoch: [47][ 20/254]	Time   0.28 (  0.72)	Data 0.0002 (0.4671)	Loss (L1) 3.214 (3.354)
2026-04-26 02:18:08,875 | Epoch: [47][ 30/254]	Time   0.26 (  0.58)	Data 0.0002 (0.3165)	Loss (L1) 3.310 (3.331)
2026-04-26 02:18:13,330 | Epoch: [47][ 40/254]	Time   0.27 (  0.54)	Data 0.0108 (0.2847)	Loss (L1) 3.430 (3.336)
2026-04-26 02:18:16,145 | Epoch: [47][ 50/254]	Time   0.27 (  0.49)	Data 0.0004 (0.2291)	Loss (L1) 3.043 (3.349)
2026-04-26 02:18:18,962 | Epoch: [47][ 60/254]	Time   0.26 (  0.46)	Data 0.0006 (0.1917)	Loss (L1) 3.577 (3.370)
2026-04-26 02:18:24,370 | Epoch: [47][ 70/254]	Time   0.26 (  0.47)	Data 0.0002 (0.2044)	Loss (L1) 3.486 (3.390)
2026-04-26 02:18:27,132 | Epoch: [47][ 80/254]	Time   0.28 (  0.45)	Data 0.0003 (0.1792)	Loss (L1) 3.574 (3.386)
2026-04-26 02:18:29,839 | Epoch: [47][ 90/254]	Time   0.27 (  0.43)	Data 0.0003 (0.1596)	Loss (L1) 3.483 (3.388)
2026-04-26 02:18:32,664 | Epoch: [47][100/254]	Time   0.25 (  0.41)	Data 0.0002 (0.1439)	Loss (L1) 3.313 (3.391)
2026-04-26 02:18:35,468 | Epoch: [47][110/254]	Time   0.27 (  0.40)	Data 0.0002 (0.1309)	Loss (L1) 3.183 (3.381)
2026-04-26 02:18:38,267 | Epoch: [47][120/254]	Time   0.28 (  0.39)	Data 0.0002 (0.1202)	Loss (L1) 2.924 (3.374)
2026-04-26 02:18:41,065 | Epoch: [47][130/254]	Time   0.29 (  0.38)	Data 0.0002 (0.1111)	Loss (L1) 3.363 (3.380)
2026-04-26 02:18:43,794 | Epoch: [47][140/254]	Time   0.25 (  0.37)	Data 0.0003 (0.1032)	Loss (L1) 3.310 (3.371)
2026-04-26 02:18:46,494 | Epoch: [47][150/254]	Time   0.27 (  0.37)	Data 0.0003 (0.0965)	Loss (L1) 3.248 (3.377)
2026-04-26 02:18:49,254 | Epoch: [47][160/254]	Time   0.27 (  0.36)	Data 0.0003 (0.0905)	Loss (L1) 3.457 (3.372)
2026-04-26 02:18:53,127 | Epoch: [47][170/254]	Time   0.27 (  0.36)	Data 0.0003 (0.0930)	Loss (L1) 3.086 (3.367)
2026-04-26 02:18:55,793 | Epoch: [47][180/254]	Time   0.26 (  0.36)	Data 0.0003 (0.0878)	Loss (L1) 3.259 (3.366)
2026-04-26 02:18:58,501 | Epoch: [47][190/254]	Time   0.28 (  0.35)	Data 0.0001 (0.0833)	Loss (L1) 3.435 (3.364)
2026-04-26 02:19:02,279 | Epoch: [47][200/254]	Time   0.28 (  0.35)	Data 0.0001 (0.0858)	Loss (L1) 3.302 (3.369)
2026-04-26 02:19:04,955 | Epoch: [47][210/254]	Time   0.28 (  0.35)	Data 0.0001 (0.0818)	Loss (L1) 3.049 (3.373)
2026-04-26 02:19:07,620 | Epoch: [47][220/254]	Time   0.27 (  0.35)	Data 0.0001 (0.0781)	Loss (L1) 3.479 (3.374)
2026-04-26 02:19:10,286 | Epoch: [47][230/254]	Time   0.27 (  0.34)	Data 0.0001 (0.0747)	Loss (L1) 3.335 (3.374)
2026-04-26 02:19:12,950 | Epoch: [47][240/254]	Time   0.27 (  0.34)	Data 0.0001 (0.0716)	Loss (L1) 3.123 (3.371)
2026-04-26 02:19:15,614 | Epoch: [47][250/254]	Time   0.27 (  0.34)	Data 0.0001 (0.0688)	Loss (L1) 3.525 (3.375)
2026-04-26 02:19:23,318 | Val: [ 0/25]	Time  6.729 ( 6.729)	Loss (MSE) 301.238 (301.238)	Loss (L1) 16.165 (16.165)
2026-04-26 02:19:26,952 | Val: [10/25]	Time  0.084 ( 0.942)	Loss (MSE) 34.255 (112.384)	Loss (L1) 4.872 (8.677)
2026-04-26 02:19:27,791 | Val: [20/25]	Time  0.084 ( 0.533)	Loss (MSE) 260.164 (106.781)	Loss (L1) 15.358 (8.421)
2026-04-26 02:19:28,260 |  * Overall: MSE 153.283	L1 10.097	G-Mean 6.826
2026-04-26 02:19:28,260 |  * Many: MSE 80.164	L1 7.262	G-Mean 4.956
2026-04-26 02:19:28,260 |  * Median: MSE 260.685	L1 14.848	G-Mean 12.431
2026-04-26 02:19:28,260 |  * Low: MSE 527.403	L1 22.478	G-Mean 21.994
2026-04-26 02:19:28,261 | Best L1 Loss: 9.659
2026-04-26 02:19:28,467 | Epoch #47: Train loss [3.3733]; Val loss: MSE [153.2833], L1 [10.0974], G-Mean [6.8260]
2026-04-26 02:19:41,322 | Epoch: [48][  0/254]	Time  12.85 ( 12.85)	Data 12.7453 (12.7453)	Loss (L1) 3.210 (3.210)
2026-04-26 02:19:43,962 | Epoch: [48][ 10/254]	Time   0.26 (  1.41)	Data 0.0002 (1.1589)	Loss (L1) 3.722 (3.351)
2026-04-26 02:19:46,617 | Epoch: [48][ 20/254]	Time   0.26 (  0.86)	Data 0.0002 (0.6075)	Loss (L1) 3.432 (3.324)
2026-04-26 02:19:49,259 | Epoch: [48][ 30/254]	Time   0.26 (  0.67)	Data 0.0002 (0.4117)	Loss (L1) 3.673 (3.332)
2026-04-26 02:19:52,752 | Epoch: [48][ 40/254]	Time   0.26 (  0.59)	Data 0.0002 (0.3352)	Loss (L1) 3.108 (3.342)
2026-04-26 02:19:55,447 | Epoch: [48][ 50/254]	Time   0.26 (  0.53)	Data 0.0003 (0.2695)	Loss (L1) 3.502 (3.344)
2026-04-26 02:19:58,120 | Epoch: [48][ 60/254]	Time   0.28 (  0.49)	Data 0.0002 (0.2254)	Loss (L1) 3.570 (3.342)
2026-04-26 02:20:01,554 | Epoch: [48][ 70/254]	Time   0.26 (  0.47)	Data 0.0002 (0.2056)	Loss (L1) 3.354 (3.339)
2026-04-26 02:20:04,230 | Epoch: [48][ 80/254]	Time   0.27 (  0.44)	Data 0.0002 (0.1802)	Loss (L1) 3.145 (3.339)
2026-04-26 02:20:06,896 | Epoch: [48][ 90/254]	Time   0.27 (  0.42)	Data 0.0003 (0.1605)	Loss (L1) 3.148 (3.336)
2026-04-26 02:20:10,287 | Epoch: [48][100/254]	Time   0.26 (  0.41)	Data 0.0002 (0.1528)	Loss (L1) 3.438 (3.341)
2026-04-26 02:20:12,979 | Epoch: [48][110/254]	Time   0.26 (  0.40)	Data 0.0002 (0.1391)	Loss (L1) 3.381 (3.350)
2026-04-26 02:20:15,685 | Epoch: [48][120/254]	Time   0.30 (  0.39)	Data 0.0003 (0.1276)	Loss (L1) 3.686 (3.347)
2026-04-26 02:20:19,170 | Epoch: [48][130/254]	Time   0.25 (  0.39)	Data 0.0003 (0.1255)	Loss (L1) 3.411 (3.342)
2026-04-26 02:20:21,880 | Epoch: [48][140/254]	Time   0.28 (  0.38)	Data 0.0003 (0.1166)	Loss (L1) 3.265 (3.350)
2026-04-26 02:20:24,623 | Epoch: [48][150/254]	Time   0.29 (  0.37)	Data 0.0002 (0.1089)	Loss (L1) 3.110 (3.348)
2026-04-26 02:20:27,341 | Epoch: [48][160/254]	Time   0.26 (  0.37)	Data 0.0003 (0.1022)	Loss (L1) 3.378 (3.353)
2026-04-26 02:20:30,031 | Epoch: [48][170/254]	Time   0.26 (  0.36)	Data 0.0003 (0.0963)	Loss (L1) 3.333 (3.353)
2026-04-26 02:20:32,752 | Epoch: [48][180/254]	Time   0.28 (  0.36)	Data 0.0002 (0.0910)	Loss (L1) 2.895 (3.347)
2026-04-26 02:20:35,474 | Epoch: [48][190/254]	Time   0.29 (  0.35)	Data 0.0001 (0.0862)	Loss (L1) 3.578 (3.355)
2026-04-26 02:20:38,904 | Epoch: [48][200/254]	Time   0.27 (  0.35)	Data 0.0001 (0.0863)	Loss (L1) 3.286 (3.360)
2026-04-26 02:20:41,580 | Epoch: [48][210/254]	Time   0.27 (  0.35)	Data 0.0001 (0.0822)	Loss (L1) 3.344 (3.365)
2026-04-26 02:20:44,240 | Epoch: [48][220/254]	Time   0.27 (  0.34)	Data 0.0001 (0.0785)	Loss (L1) 3.385 (3.362)
2026-04-26 02:20:46,901 | Epoch: [48][230/254]	Time   0.27 (  0.34)	Data 0.0001 (0.0751)	Loss (L1) 3.134 (3.358)
2026-04-26 02:20:49,561 | Epoch: [48][240/254]	Time   0.27 (  0.34)	Data 0.0001 (0.0720)	Loss (L1) 3.319 (3.355)
2026-04-26 02:20:52,223 | Epoch: [48][250/254]	Time   0.27 (  0.33)	Data 0.0001 (0.0691)	Loss (L1) 3.540 (3.356)
2026-04-26 02:20:59,987 | Val: [ 0/25]	Time  6.801 ( 6.801)	Loss (MSE) 271.643 (271.643)	Loss (L1) 15.081 (15.081)
2026-04-26 02:21:03,243 | Val: [10/25]	Time  0.084 ( 0.914)	Loss (MSE) 41.372 (102.412)	Loss (L1) 5.249 (8.260)
2026-04-26 02:21:04,082 | Val: [20/25]	Time  0.084 ( 0.519)	Loss (MSE) 337.681 (119.767)	Loss (L1) 17.468 (8.899)
2026-04-26 02:21:04,578 |  * Overall: MSE 178.954	L1 10.847	G-Mean 7.173
2026-04-26 02:21:04,578 |  * Many: MSE 97.884	L1 7.939	G-Mean 5.261
2026-04-26 02:21:04,578 |  * Median: MSE 287.011	L1 15.400	G-Mean 12.527
2026-04-26 02:21:04,578 |  * Low: MSE 633.741	L1 24.701	G-Mean 24.145
2026-04-26 02:21:04,579 | Best L1 Loss: 9.659
2026-04-26 02:21:04,795 | Epoch #48: Train loss [3.3566]; Val loss: MSE [178.9541], L1 [10.8467], G-Mean [7.1726]
2026-04-26 02:21:12,050 | Epoch: [49][  0/254]	Time   7.25 (  7.25)	Data 7.1313 (7.1313)	Loss (L1) 3.315 (3.315)
2026-04-26 02:21:17,902 | Epoch: [49][ 10/254]	Time   0.29 (  1.19)	Data 0.0004 (0.9699)	Loss (L1) 3.154 (3.246)
2026-04-26 02:21:20,563 | Epoch: [49][ 20/254]	Time   0.26 (  0.75)	Data 0.0003 (0.5091)	Loss (L1) 3.229 (3.250)
2026-04-26 02:21:23,232 | Epoch: [49][ 30/254]	Time   0.26 (  0.59)	Data 0.0002 (0.3454)	Loss (L1) 3.358 (3.263)
2026-04-26 02:21:26,073 | Epoch: [49][ 40/254]	Time   0.26 (  0.52)	Data 0.0004 (0.2678)	Loss (L1) 3.315 (3.291)
2026-04-26 02:21:28,767 | Epoch: [49][ 50/254]	Time   0.29 (  0.47)	Data 0.0003 (0.2157)	Loss (L1) 3.051 (3.317)
2026-04-26 02:21:31,514 | Epoch: [49][ 60/254]	Time   0.28 (  0.44)	Data 0.0067 (0.1809)	Loss (L1) 3.133 (3.330)
2026-04-26 02:21:34,943 | Epoch: [49][ 70/254]	Time   0.31 (  0.42)	Data 0.0002 (0.1668)	Loss (L1) 3.441 (3.335)
2026-04-26 02:21:37,609 | Epoch: [49][ 80/254]	Time   0.27 (  0.41)	Data 0.0003 (0.1462)	Loss (L1) 3.039 (3.332)
2026-04-26 02:21:40,315 | Epoch: [49][ 90/254]	Time   0.30 (  0.39)	Data 0.0003 (0.1302)	Loss (L1) 3.109 (3.323)
2026-04-26 02:21:44,704 | Epoch: [49][100/254]	Time   1.96 (  0.40)	Data 1.7820 (0.1350)	Loss (L1) 3.491 (3.321)
2026-04-26 02:21:47,422 | Epoch: [49][110/254]	Time   0.32 (  0.38)	Data 0.0002 (0.1228)	Loss (L1) 3.095 (3.313)
2026-04-26 02:21:50,119 | Epoch: [49][120/254]	Time   0.26 (  0.37)	Data 0.0003 (0.1127)	Loss (L1) 2.912 (3.312)
2026-04-26 02:21:52,822 | Epoch: [49][130/254]	Time   0.26 (  0.37)	Data 0.0003 (0.1042)	Loss (L1) 3.483 (3.314)
2026-04-26 02:21:56,933 | Epoch: [49][140/254]	Time   0.27 (  0.37)	Data 0.0003 (0.1080)	Loss (L1) 3.590 (3.315)
2026-04-26 02:21:59,591 | Epoch: [49][150/254]	Time   0.27 (  0.36)	Data 0.0003 (0.1009)	Loss (L1) 3.290 (3.312)
2026-04-26 02:22:02,343 | Epoch: [49][160/254]	Time   0.27 (  0.36)	Data 0.0003 (0.0946)	Loss (L1) 3.150 (3.316)
2026-04-26 02:22:06,398 | Epoch: [49][170/254]	Time   0.27 (  0.36)	Data 0.0003 (0.0979)	Loss (L1) 3.451 (3.318)
2026-04-26 02:22:09,087 | Epoch: [49][180/254]	Time   0.28 (  0.36)	Data 0.0003 (0.0925)	Loss (L1) 3.440 (3.322)
2026-04-26 02:22:11,787 | Epoch: [49][190/254]	Time   0.27 (  0.35)	Data 0.0001 (0.0878)	Loss (L1) 3.264 (3.323)
2026-04-26 02:22:14,453 | Epoch: [49][200/254]	Time   0.27 (  0.35)	Data 0.0001 (0.0837)	Loss (L1) 3.284 (3.322)
2026-04-26 02:22:17,114 | Epoch: [49][210/254]	Time   0.27 (  0.34)	Data 0.0001 (0.0798)	Loss (L1) 2.957 (3.322)
2026-04-26 02:22:19,769 | Epoch: [49][220/254]	Time   0.27 (  0.34)	Data 0.0001 (0.0762)	Loss (L1) 3.253 (3.328)
2026-04-26 02:22:22,424 | Epoch: [49][230/254]	Time   0.27 (  0.34)	Data 0.0001 (0.0729)	Loss (L1) 3.817 (3.334)
2026-04-26 02:22:25,080 | Epoch: [49][240/254]	Time   0.27 (  0.33)	Data 0.0001 (0.0698)	Loss (L1) 3.254 (3.334)
2026-04-26 02:22:27,735 | Epoch: [49][250/254]	Time   0.27 (  0.33)	Data 0.0001 (0.0671)	Loss (L1) 3.312 (3.333)
2026-04-26 02:22:36,340 | Val: [ 0/25]	Time  7.649 ( 7.649)	Loss (MSE) 264.027 (264.027)	Loss (L1) 15.029 (15.029)
2026-04-26 02:22:38,513 | Val: [10/25]	Time  0.084 ( 0.893)	Loss (MSE) 34.687 (101.327)	Loss (L1) 4.914 (8.192)
2026-04-26 02:22:39,350 | Val: [20/25]	Time  0.083 ( 0.508)	Loss (MSE) 344.615 (117.098)	Loss (L1) 17.922 (8.857)
2026-04-26 02:22:39,841 |  * Overall: MSE 181.077	L1 10.919	G-Mean 7.214
2026-04-26 02:22:39,841 |  * Many: MSE 94.704	L1 7.881	G-Mean 5.252
2026-04-26 02:22:39,841 |  * Median: MSE 299.846	L1 15.749	G-Mean 12.828
2026-04-26 02:22:39,841 |  * Low: MSE 652.389	L1 25.121	G-Mean 24.625
2026-04-26 02:22:39,842 | Best L1 Loss: 9.659
2026-04-26 02:22:40,063 | Epoch #49: Train loss [3.3332]; Val loss: MSE [181.0766], L1 [10.9188], G-Mean [7.2139]
2026-04-26 02:22:48,843 | Epoch: [50][  0/254]	Time   8.78 (  8.78)	Data 8.6468 (8.6468)	Loss (L1) 3.194 (3.194)
2026-04-26 02:22:53,758 | Epoch: [50][ 10/254]	Time   0.26 (  1.24)	Data 0.0002 (1.0202)	Loss (L1) 3.323 (3.255)
2026-04-26 02:22:56,505 | Epoch: [50][ 20/254]	Time   0.31 (  0.78)	Data 0.0002 (0.5353)	Loss (L1) 2.958 (3.270)
2026-04-26 02:22:59,205 | Epoch: [50][ 30/254]	Time   0.28 (  0.62)	Data 0.0002 (0.3628)	Loss (L1) 3.404 (3.287)
2026-04-26 02:23:03,045 | Epoch: [50][ 40/254]	Time   0.26 (  0.56)	Data 0.0002 (0.3098)	Loss (L1) 3.203 (3.273)
2026-04-26 02:23:05,729 | Epoch: [50][ 50/254]	Time   0.26 (  0.50)	Data 0.0002 (0.2492)	Loss (L1) 3.508 (3.279)
2026-04-26 02:23:08,484 | Epoch: [50][ 60/254]	Time   0.27 (  0.47)	Data 0.0152 (0.2086)	Loss (L1) 3.446 (3.284)
2026-04-26 02:23:11,380 | Epoch: [50][ 70/254]	Time   0.26 (  0.44)	Data 0.0003 (0.1851)	Loss (L1) 3.220 (3.282)
2026-04-26 02:23:14,061 | Epoch: [50][ 80/254]	Time   0.26 (  0.42)	Data 0.0002 (0.1623)	Loss (L1) 3.252 (3.281)
2026-04-26 02:23:16,823 | Epoch: [50][ 90/254]	Time   0.30 (  0.40)	Data 0.0088 (0.1446)	Loss (L1) 3.505 (3.281)
2026-04-26 02:23:19,523 | Epoch: [50][100/254]	Time   0.26 (  0.39)	Data 0.0002 (0.1308)	Loss (L1) 3.386 (3.278)
2026-04-26 02:23:22,236 | Epoch: [50][110/254]	Time   0.25 (  0.38)	Data 0.0002 (0.1190)	Loss (L1) 3.049 (3.283)
2026-04-26 02:23:24,975 | Epoch: [50][120/254]	Time   0.30 (  0.37)	Data 0.0003 (0.1094)	Loss (L1) 3.397 (3.282)
2026-04-26 02:23:27,746 | Epoch: [50][130/254]	Time   0.27 (  0.36)	Data 0.0002 (0.1023)	Loss (L1) 3.463 (3.288)
2026-04-26 02:23:30,469 | Epoch: [50][140/254]	Time   0.27 (  0.36)	Data 0.0002 (0.0951)	Loss (L1) 3.420 (3.284)
2026-04-26 02:23:33,206 | Epoch: [50][150/254]	Time   0.28 (  0.35)	Data 0.0002 (0.0888)	Loss (L1) 3.385 (3.295)
2026-04-26 02:23:35,893 | Epoch: [50][160/254]	Time   0.31 (  0.35)	Data 0.0002 (0.0834)	Loss (L1) 3.047 (3.293)
2026-04-26 02:23:38,872 | Epoch: [50][170/254]	Time   0.25 (  0.34)	Data 0.0003 (0.0822)	Loss (L1) 3.506 (3.296)
2026-04-26 02:23:41,579 | Epoch: [50][180/254]	Time   0.25 (  0.34)	Data 0.0002 (0.0778)	Loss (L1) 3.141 (3.299)
2026-04-26 02:23:44,291 | Epoch: [50][190/254]	Time   0.28 (  0.34)	Data 0.0001 (0.0738)	Loss (L1) 3.512 (3.304)
2026-04-26 02:23:49,025 | Epoch: [50][200/254]	Time   1.31 (  0.34)	Data 1.2049 (0.0817)	Loss (L1) 3.492 (3.307)
2026-04-26 02:23:51,723 | Epoch: [50][210/254]	Time   0.27 (  0.34)	Data 0.0002 (0.0778)	Loss (L1) 3.188 (3.307)
2026-04-26 02:23:54,380 | Epoch: [50][220/254]	Time   0.26 (  0.34)	Data 0.0001 (0.0743)	Loss (L1) 3.326 (3.309)
2026-04-26 02:23:57,034 | Epoch: [50][230/254]	Time   0.26 (  0.33)	Data 0.0002 (0.0711)	Loss (L1) 3.219 (3.311)
2026-04-26 02:23:59,681 | Epoch: [50][240/254]	Time   0.26 (  0.33)	Data 0.0001 (0.0682)	Loss (L1) 3.417 (3.307)
2026-04-26 02:24:02,330 | Epoch: [50][250/254]	Time   0.26 (  0.33)	Data 0.0002 (0.0655)	Loss (L1) 3.337 (3.306)
2026-04-26 02:24:12,379 | Val: [ 0/25]	Time  9.084 ( 9.084)	Loss (MSE) 273.055 (273.055)	Loss (L1) 15.313 (15.313)
2026-04-26 02:24:13,216 | Val: [10/25]	Time  0.083 ( 0.902)	Loss (MSE) 36.927 (103.304)	Loss (L1) 4.899 (8.266)
2026-04-26 02:24:14,051 | Val: [20/25]	Time  0.083 ( 0.512)	Loss (MSE) 295.468 (111.558)	Loss (L1) 16.347 (8.604)
2026-04-26 02:24:14,523 |  * Overall: MSE 165.116	L1 10.441	G-Mean 6.961
2026-04-26 02:24:14,523 |  * Many: MSE 89.327	L1 7.588	G-Mean 5.056
2026-04-26 02:24:14,523 |  * Median: MSE 268.292	L1 15.004	G-Mean 12.543
2026-04-26 02:24:14,523 |  * Low: MSE 582.443	L1 23.690	G-Mean 23.204
2026-04-26 02:24:14,524 | Best L1 Loss: 9.659
2026-04-26 02:24:14,738 | Epoch #50: Train loss [3.3061]; Val loss: MSE [165.1157], L1 [10.4409], G-Mean [6.9614]
2026-04-26 02:24:25,846 | Epoch: [51][  0/254]	Time  11.11 ( 11.11)	Data 10.9890 (10.9890)	Loss (L1) 3.137 (3.137)
2026-04-26 02:24:28,540 | Epoch: [51][ 10/254]	Time   0.27 (  1.25)	Data 0.0003 (0.9993)	Loss (L1) 3.029 (3.163)
2026-04-26 02:24:31,185 | Epoch: [51][ 20/254]	Time   0.27 (  0.78)	Data 0.0002 (0.5235)	Loss (L1) 3.313 (3.194)
2026-04-26 02:24:33,866 | Epoch: [51][ 30/254]	Time   0.31 (  0.62)	Data 0.0002 (0.3547)	Loss (L1) 3.156 (3.197)
2026-04-26 02:24:37,658 | Epoch: [51][ 40/254]	Time   0.28 (  0.56)	Data 0.0003 (0.3002)	Loss (L1) 2.806 (3.189)
2026-04-26 02:24:40,310 | Epoch: [51][ 50/254]	Time   0.27 (  0.50)	Data 0.0003 (0.2414)	Loss (L1) 2.997 (3.201)
2026-04-26 02:24:43,011 | Epoch: [51][ 60/254]	Time   0.26 (  0.46)	Data 0.0003 (0.2020)	Loss (L1) 3.067 (3.209)
2026-04-26 02:24:46,382 | Epoch: [51][ 70/254]	Time   0.25 (  0.45)	Data 0.0005 (0.1846)	Loss (L1) 3.152 (3.236)
2026-04-26 02:24:49,071 | Epoch: [51][ 80/254]	Time   0.27 (  0.42)	Data 0.0002 (0.1621)	Loss (L1) 3.424 (3.251)
2026-04-26 02:24:51,762 | Epoch: [51][ 90/254]	Time   0.29 (  0.41)	Data 0.0003 (0.1445)	Loss (L1) 3.067 (3.243)
2026-04-26 02:24:56,066 | Epoch: [51][100/254]	Time   0.27 (  0.41)	Data 0.0002 (0.1478)	Loss (L1) 3.275 (3.239)
2026-04-26 02:24:58,785 | Epoch: [51][110/254]	Time   0.28 (  0.40)	Data 0.0002 (0.1346)	Loss (L1) 3.405 (3.247)
2026-04-26 02:25:01,614 | Epoch: [51][120/254]	Time   0.29 (  0.39)	Data 0.0003 (0.1236)	Loss (L1) 3.205 (3.250)
2026-04-26 02:25:05,038 | Epoch: [51][130/254]	Time   0.26 (  0.38)	Data 0.0002 (0.1211)	Loss (L1) 2.886 (3.246)
2026-04-26 02:25:07,777 | Epoch: [51][140/254]	Time   0.28 (  0.38)	Data 0.0003 (0.1127)	Loss (L1) 3.356 (3.255)
2026-04-26 02:25:10,469 | Epoch: [51][150/254]	Time   0.25 (  0.37)	Data 0.0002 (0.1052)	Loss (L1) 3.318 (3.262)
2026-04-26 02:25:13,640 | Epoch: [51][160/254]	Time   0.69 (  0.37)	Data 0.5569 (0.1022)	Loss (L1) 3.465 (3.268)
2026-04-26 02:25:16,390 | Epoch: [51][170/254]	Time   0.30 (  0.36)	Data 0.0003 (0.0962)	Loss (L1) 3.311 (3.271)
2026-04-26 02:25:19,155 | Epoch: [51][180/254]	Time   0.28 (  0.36)	Data 0.0002 (0.0910)	Loss (L1) 3.495 (3.273)
2026-04-26 02:25:21,970 | Epoch: [51][190/254]	Time   0.30 (  0.35)	Data 0.0001 (0.0862)	Loss (L1) 3.285 (3.279)
2026-04-26 02:25:24,925 | Epoch: [51][200/254]	Time   0.27 (  0.35)	Data 0.0001 (0.0841)	Loss (L1) 3.386 (3.279)
2026-04-26 02:25:27,581 | Epoch: [51][210/254]	Time   0.26 (  0.35)	Data 0.0002 (0.0801)	Loss (L1) 3.147 (3.280)
2026-04-26 02:25:30,243 | Epoch: [51][220/254]	Time   0.27 (  0.34)	Data 0.0002 (0.0765)	Loss (L1) 3.354 (3.286)
2026-04-26 02:25:32,895 | Epoch: [51][230/254]	Time   0.26 (  0.34)	Data 0.0001 (0.0732)	Loss (L1) 3.059 (3.294)
2026-04-26 02:25:35,545 | Epoch: [51][240/254]	Time   0.26 (  0.34)	Data 0.0001 (0.0702)	Loss (L1) 2.980 (3.299)
2026-04-26 02:25:38,195 | Epoch: [51][250/254]	Time   0.26 (  0.33)	Data 0.0001 (0.0674)	Loss (L1) 3.574 (3.304)
2026-04-26 02:25:45,039 | Val: [ 0/25]	Time  5.893 ( 5.893)	Loss (MSE) 298.461 (298.461)	Loss (L1) 15.973 (15.973)
2026-04-26 02:25:49,568 | Val: [10/25]	Time  0.084 ( 0.947)	Loss (MSE) 47.945 (125.290)	Loss (L1) 5.636 (9.209)
2026-04-26 02:25:50,406 | Val: [20/25]	Time  0.084 ( 0.536)	Loss (MSE) 292.088 (122.347)	Loss (L1) 16.065 (9.039)
2026-04-26 02:25:50,921 |  * Overall: MSE 175.171	L1 10.824	G-Mean 7.286
2026-04-26 02:25:50,921 |  * Many: MSE 97.433	L1 7.999	G-Mean 5.405
2026-04-26 02:25:50,921 |  * Median: MSE 282.386	L1 15.326	G-Mean 12.467
2026-04-26 02:25:50,921 |  * Low: MSE 598.199	L1 23.998	G-Mean 23.522
2026-04-26 02:25:50,922 | Best L1 Loss: 9.659
2026-04-26 02:25:51,140 | Epoch #51: Train loss [3.3045]; Val loss: MSE [175.1706], L1 [10.8236], G-Mean [7.2863]
2026-04-26 02:26:01,615 | Epoch: [52][  0/254]	Time  10.47 ( 10.47)	Data 10.3142 (10.3142)	Loss (L1) 3.227 (3.227)
2026-04-26 02:26:04,536 | Epoch: [52][ 10/254]	Time   0.26 (  1.22)	Data 0.0004 (0.9756)	Loss (L1) 3.360 (3.219)
2026-04-26 02:26:07,288 | Epoch: [52][ 20/254]	Time   0.27 (  0.77)	Data 0.0003 (0.5125)	Loss (L1) 3.416 (3.263)
2026-04-26 02:26:09,969 | Epoch: [52][ 30/254]	Time   0.27 (  0.61)	Data 0.0002 (0.3473)	Loss (L1) 3.300 (3.311)
2026-04-26 02:26:13,086 | Epoch: [52][ 40/254]	Time   0.27 (  0.54)	Data 0.0004 (0.2760)	Loss (L1) 3.551 (3.332)
2026-04-26 02:26:15,800 | Epoch: [52][ 50/254]	Time   0.27 (  0.48)	Data 0.0005 (0.2223)	Loss (L1) 3.336 (3.306)
2026-04-26 02:26:18,543 | Epoch: [52][ 60/254]	Time   0.27 (  0.45)	Data 0.0002 (0.1861)	Loss (L1) 3.109 (3.285)
2026-04-26 02:26:21,761 | Epoch: [52][ 70/254]	Time   0.26 (  0.43)	Data 0.1224 (0.1710)	Loss (L1) 3.232 (3.273)
2026-04-26 02:26:24,480 | Epoch: [52][ 80/254]	Time   0.29 (  0.41)	Data 0.0002 (0.1499)	Loss (L1) 3.220 (3.266)
2026-04-26 02:26:27,185 | Epoch: [52][ 90/254]	Time   0.29 (  0.40)	Data 0.0002 (0.1335)	Loss (L1) 3.192 (3.263)
2026-04-26 02:26:30,599 | Epoch: [52][100/254]	Time   0.26 (  0.39)	Data 0.0002 (0.1283)	Loss (L1) 2.732 (3.266)
2026-04-26 02:26:33,323 | Epoch: [52][110/254]	Time   0.27 (  0.38)	Data 0.0003 (0.1168)	Loss (L1) 3.107 (3.273)
2026-04-26 02:26:36,035 | Epoch: [52][120/254]	Time   0.27 (  0.37)	Data 0.0002 (0.1071)	Loss (L1) 3.355 (3.277)
2026-04-26 02:26:38,869 | Epoch: [52][130/254]	Time   0.28 (  0.36)	Data 0.0002 (0.1007)	Loss (L1) 2.878 (3.270)
2026-04-26 02:26:41,542 | Epoch: [52][140/254]	Time   0.27 (  0.36)	Data 0.0002 (0.0936)	Loss (L1) 2.830 (3.260)
2026-04-26 02:26:44,235 | Epoch: [52][150/254]	Time   0.26 (  0.35)	Data 0.0002 (0.0874)	Loss (L1) 3.196 (3.259)
2026-04-26 02:26:47,624 | Epoch: [52][160/254]	Time   1.00 (  0.35)	Data 0.8812 (0.0874)	Loss (L1) 3.132 (3.264)
2026-04-26 02:26:50,310 | Epoch: [52][170/254]	Time   0.24 (  0.35)	Data 0.0002 (0.0823)	Loss (L1) 3.218 (3.268)
2026-04-26 02:26:52,984 | Epoch: [52][180/254]	Time   0.26 (  0.34)	Data 0.0002 (0.0778)	Loss (L1) 3.566 (3.267)
2026-04-26 02:26:55,669 | Epoch: [52][190/254]	Time   0.28 (  0.34)	Data 0.0001 (0.0739)	Loss (L1) 3.377 (3.268)
2026-04-26 02:26:59,542 | Epoch: [52][200/254]	Time   0.26 (  0.34)	Data 0.0002 (0.0767)	Loss (L1) 3.399 (3.269)
2026-04-26 02:27:02,219 | Epoch: [52][210/254]	Time   0.27 (  0.34)	Data 0.0001 (0.0731)	Loss (L1) 2.881 (3.272)
2026-04-26 02:27:04,884 | Epoch: [52][220/254]	Time   0.27 (  0.33)	Data 0.0002 (0.0698)	Loss (L1) 3.786 (3.279)
2026-04-26 02:27:07,544 | Epoch: [52][230/254]	Time   0.27 (  0.33)	Data 0.0001 (0.0668)	Loss (L1) 3.262 (3.280)
2026-04-26 02:27:10,203 | Epoch: [52][240/254]	Time   0.27 (  0.33)	Data 0.0001 (0.0640)	Loss (L1) 3.386 (3.286)
2026-04-26 02:27:12,859 | Epoch: [52][250/254]	Time   0.26 (  0.33)	Data 0.0001 (0.0615)	Loss (L1) 3.385 (3.284)
2026-04-26 02:27:21,065 | Val: [ 0/25]	Time  7.260 ( 7.260)	Loss (MSE) 225.683 (225.683)	Loss (L1) 13.693 (13.693)
2026-04-26 02:27:24,252 | Val: [10/25]	Time  0.084 ( 0.950)	Loss (MSE) 42.139 (97.523)	Loss (L1) 5.289 (7.992)
2026-04-26 02:27:25,091 | Val: [20/25]	Time  0.084 ( 0.537)	Loss (MSE) 310.508 (112.568)	Loss (L1) 16.852 (8.656)
2026-04-26 02:27:25,601 |  * Overall: MSE 169.702	L1 10.573	G-Mean 7.011
2026-04-26 02:27:25,601 |  * Many: MSE 95.218	L1 7.857	G-Mean 5.212
2026-04-26 02:27:25,601 |  * Median: MSE 268.095	L1 14.751	G-Mean 11.839
2026-04-26 02:27:25,601 |  * Low: MSE 590.756	L1 23.793	G-Mean 23.207
2026-04-26 02:27:25,602 | Best L1 Loss: 9.659
2026-04-26 02:27:25,829 | Epoch #52: Train loss [3.2834]; Val loss: MSE [169.7018], L1 [10.5734], G-Mean [7.0112]
2026-04-26 02:27:36,825 | Epoch: [53][  0/254]	Time  10.99 ( 10.99)	Data 10.8618 (10.8618)	Loss (L1) 3.200 (3.200)
2026-04-26 02:27:39,535 | Epoch: [53][ 10/254]	Time   0.27 (  1.25)	Data 0.0002 (0.9877)	Loss (L1) 3.090 (3.207)
2026-04-26 02:27:42,247 | Epoch: [53][ 20/254]	Time   0.27 (  0.78)	Data 0.0053 (0.5182)	Loss (L1) 3.009 (3.275)
2026-04-26 02:27:45,007 | Epoch: [53][ 30/254]	Time   0.26 (  0.62)	Data 0.0002 (0.3525)	Loss (L1) 3.331 (3.290)
2026-04-26 02:27:47,690 | Epoch: [53][ 40/254]	Time   0.27 (  0.53)	Data 0.0003 (0.2675)	Loss (L1) 3.323 (3.252)
2026-04-26 02:27:50,379 | Epoch: [53][ 50/254]	Time   0.26 (  0.48)	Data 0.0002 (0.2151)	Loss (L1) 3.326 (3.254)
2026-04-26 02:27:53,064 | Epoch: [53][ 60/254]	Time   0.26 (  0.45)	Data 0.0002 (0.1799)	Loss (L1) 3.266 (3.239)
2026-04-26 02:27:57,339 | Epoch: [53][ 70/254]	Time   0.27 (  0.44)	Data 0.0002 (0.1831)	Loss (L1) 3.251 (3.232)
2026-04-26 02:28:00,009 | Epoch: [53][ 80/254]	Time   0.25 (  0.42)	Data 0.0004 (0.1605)	Loss (L1) 3.787 (3.245)
2026-04-26 02:28:02,756 | Epoch: [53][ 90/254]	Time   0.27 (  0.41)	Data 0.0002 (0.1429)	Loss (L1) 3.165 (3.245)
2026-04-26 02:28:05,456 | Epoch: [53][100/254]	Time   0.27 (  0.39)	Data 0.0002 (0.1292)	Loss (L1) 3.167 (3.244)
2026-04-26 02:28:08,151 | Epoch: [53][110/254]	Time   0.27 (  0.38)	Data 0.0003 (0.1177)	Loss (L1) 3.254 (3.242)
2026-04-26 02:28:10,872 | Epoch: [53][120/254]	Time   0.28 (  0.37)	Data 0.0002 (0.1080)	Loss (L1) 3.091 (3.241)
2026-04-26 02:28:13,544 | Epoch: [53][130/254]	Time   0.27 (  0.36)	Data 0.0002 (0.0998)	Loss (L1) 3.247 (3.249)
2026-04-26 02:28:17,006 | Epoch: [53][140/254]	Time   0.27 (  0.36)	Data 0.0002 (0.0989)	Loss (L1) 3.170 (3.251)
2026-04-26 02:28:19,716 | Epoch: [53][150/254]	Time   0.27 (  0.36)	Data 0.0002 (0.0924)	Loss (L1) 3.114 (3.251)
2026-04-26 02:28:22,502 | Epoch: [53][160/254]	Time   0.31 (  0.35)	Data 0.0006 (0.0867)	Loss (L1) 3.364 (3.254)
2026-04-26 02:28:25,704 | Epoch: [53][170/254]	Time   0.27 (  0.35)	Data 0.0002 (0.0856)	Loss (L1) 3.304 (3.254)
2026-04-26 02:28:28,405 | Epoch: [53][180/254]	Time   0.27 (  0.35)	Data 0.0105 (0.0810)	Loss (L1) 3.387 (3.252)
2026-04-26 02:28:31,158 | Epoch: [53][190/254]	Time   0.29 (  0.34)	Data 0.0001 (0.0768)	Loss (L1) 3.096 (3.249)
2026-04-26 02:28:33,850 | Epoch: [53][200/254]	Time   0.26 (  0.34)	Data 0.0002 (0.0730)	Loss (L1) 3.133 (3.252)
2026-04-26 02:28:36,512 | Epoch: [53][210/254]	Time   0.27 (  0.33)	Data 0.0001 (0.0696)	Loss (L1) 3.131 (3.253)
2026-04-26 02:28:39,171 | Epoch: [53][220/254]	Time   0.27 (  0.33)	Data 0.0001 (0.0664)	Loss (L1) 3.375 (3.256)
2026-04-26 02:28:57,133 | Epoch: [53][230/254]	Time   0.26 (  0.40)	Data 0.0001 (0.1308)	Loss (L1) 3.187 (3.259)
2026-04-26 02:28:59,781 | Epoch: [53][240/254]	Time   0.27 (  0.39)	Data 0.0002 (0.1254)	Loss (L1) 3.007 (3.256)
2026-04-26 02:29:02,435 | Epoch: [53][250/254]	Time   0.27 (  0.38)	Data 0.0001 (0.1204)	Loss (L1) 3.398 (3.254)
2026-04-26 02:29:08,247 | Val: [ 0/25]	Time  4.865 ( 4.865)	Loss (MSE) 285.987 (285.987)	Loss (L1) 15.526 (15.526)
2026-04-26 02:29:13,545 | Val: [10/25]	Time  0.083 ( 0.924)	Loss (MSE) 49.627 (122.639)	Loss (L1) 5.839 (9.090)
2026-04-26 02:29:14,382 | Val: [20/25]	Time  0.084 ( 0.524)	Loss (MSE) 302.777 (121.810)	Loss (L1) 16.476 (9.058)
2026-04-26 02:29:14,893 |  * Overall: MSE 176.160	L1 10.875	G-Mean 7.344
2026-04-26 02:29:14,893 |  * Many: MSE 97.761	L1 8.057	G-Mean 5.438
2026-04-26 02:29:14,893 |  * Median: MSE 287.306	L1 15.424	G-Mean 12.695
2026-04-26 02:29:14,893 |  * Low: MSE 591.836	L1 23.806	G-Mean 23.245
2026-04-26 02:29:14,894 | Best L1 Loss: 9.659
2026-04-26 02:29:15,120 | Epoch #53: Train loss [3.2539]; Val loss: MSE [176.1597], L1 [10.8752], G-Mean [7.3439]
2026-04-26 02:29:26,775 | Epoch: [54][  0/254]	Time  11.65 ( 11.65)	Data 11.5341 (11.5341)	Loss (L1) 3.521 (3.521)
2026-04-26 02:29:29,438 | Epoch: [54][ 10/254]	Time   0.28 (  1.30)	Data 0.0002 (1.0497)	Loss (L1) 2.934 (3.249)
2026-04-26 02:29:32,089 | Epoch: [54][ 20/254]	Time   0.26 (  0.81)	Data 0.0002 (0.5500)	Loss (L1) 3.404 (3.223)
2026-04-26 02:29:34,743 | Epoch: [54][ 30/254]	Time   0.26 (  0.63)	Data 0.0003 (0.3727)	Loss (L1) 3.413 (3.230)
2026-04-26 02:29:38,576 | Epoch: [54][ 40/254]	Time   0.27 (  0.57)	Data 0.0002 (0.3130)	Loss (L1) 2.969 (3.197)
2026-04-26 02:29:41,249 | Epoch: [54][ 50/254]	Time   0.26 (  0.51)	Data 0.0002 (0.2517)	Loss (L1) 3.084 (3.191)
2026-04-26 02:29:43,913 | Epoch: [54][ 60/254]	Time   0.28 (  0.47)	Data 0.0002 (0.2105)	Loss (L1) 3.092 (3.191)
2026-04-26 02:29:46,597 | Epoch: [54][ 70/254]	Time   0.26 (  0.44)	Data 0.0002 (0.1825)	Loss (L1) 3.496 (3.197)
2026-04-26 02:29:49,306 | Epoch: [54][ 80/254]	Time   0.28 (  0.42)	Data 0.0004 (0.1601)	Loss (L1) 3.435 (3.208)
2026-04-26 02:29:51,998 | Epoch: [54][ 90/254]	Time   0.27 (  0.41)	Data 0.0002 (0.1425)	Loss (L1) 3.191 (3.215)
2026-04-26 02:29:55,180 | Epoch: [54][100/254]	Time   0.76 (  0.40)	Data 0.6426 (0.1348)	Loss (L1) 3.319 (3.210)
2026-04-26 02:29:57,867 | Epoch: [54][110/254]	Time   0.27 (  0.39)	Data 0.0002 (0.1227)	Loss (L1) 3.279 (3.214)
2026-04-26 02:30:00,524 | Epoch: [54][120/254]	Time   0.25 (  0.38)	Data 0.0002 (0.1126)	Loss (L1) 3.046 (3.214)
2026-04-26 02:30:03,252 | Epoch: [54][130/254]	Time   0.26 (  0.37)	Data 0.0002 (0.1042)	Loss (L1) 3.394 (3.211)
2026-04-26 02:30:06,022 | Epoch: [54][140/254]	Time   0.27 (  0.36)	Data 0.0002 (0.0984)	Loss (L1) 3.309 (3.215)
2026-04-26 02:30:08,703 | Epoch: [54][150/254]	Time   0.27 (  0.35)	Data 0.0002 (0.0919)	Loss (L1) 3.350 (3.224)
2026-04-26 02:30:11,422 | Epoch: [54][160/254]	Time   0.29 (  0.35)	Data 0.0003 (0.0862)	Loss (L1) 3.350 (3.228)
2026-04-26 02:30:14,879 | Epoch: [54][170/254]	Time   0.27 (  0.35)	Data 0.0002 (0.0862)	Loss (L1) 3.155 (3.225)
2026-04-26 02:30:17,583 | Epoch: [54][180/254]	Time   0.27 (  0.35)	Data 0.0002 (0.0816)	Loss (L1) 3.170 (3.227)
2026-04-26 02:30:20,344 | Epoch: [54][190/254]	Time   0.30 (  0.34)	Data 0.0001 (0.0774)	Loss (L1) 3.117 (3.226)
2026-04-26 02:30:23,040 | Epoch: [54][200/254]	Time   0.27 (  0.34)	Data 0.0001 (0.0736)	Loss (L1) 3.051 (3.227)
2026-04-26 02:30:25,837 | Epoch: [54][210/254]	Time   0.26 (  0.34)	Data 0.0001 (0.0714)	Loss (L1) 3.229 (3.225)
2026-04-26 02:30:28,534 | Epoch: [54][220/254]	Time   0.27 (  0.33)	Data 0.0001 (0.0682)	Loss (L1) 3.158 (3.224)
2026-04-26 02:30:31,200 | Epoch: [54][230/254]	Time   0.27 (  0.33)	Data 0.0001 (0.0652)	Loss (L1) 3.191 (3.224)
2026-04-26 02:30:33,867 | Epoch: [54][240/254]	Time   0.27 (  0.33)	Data 0.0001 (0.0625)	Loss (L1) 3.251 (3.225)
2026-04-26 02:30:36,533 | Epoch: [54][250/254]	Time   0.27 (  0.32)	Data 0.0001 (0.0600)	Loss (L1) 2.991 (3.225)
2026-04-26 02:30:42,114 | Val: [ 0/25]	Time  4.620 ( 4.620)	Loss (MSE) 265.585 (265.585)	Loss (L1) 15.099 (15.099)
2026-04-26 02:30:47,745 | Val: [10/25]	Time  0.084 ( 0.932)	Loss (MSE) 33.527 (98.979)	Loss (L1) 4.786 (8.099)
2026-04-26 02:30:48,582 | Val: [20/25]	Time  0.084 ( 0.528)	Loss (MSE) 325.161 (113.577)	Loss (L1) 17.220 (8.659)
2026-04-26 02:30:49,065 |  * Overall: MSE 173.216	L1 10.623	G-Mean 7.054
2026-04-26 02:30:49,065 |  * Many: MSE 90.835	L1 7.658	G-Mean 5.159
2026-04-26 02:30:49,065 |  * Median: MSE 283.247	L1 15.299	G-Mean 12.387
2026-04-26 02:30:49,065 |  * Low: MSE 634.532	L1 24.633	G-Mean 24.021
2026-04-26 02:30:49,066 | Best L1 Loss: 9.659
2026-04-26 02:30:49,274 | Epoch #54: Train loss [3.2254]; Val loss: MSE [173.2160], L1 [10.6229], G-Mean [7.0537]
2026-04-26 02:31:12,329 | Epoch: [55][  0/254]	Time  23.05 ( 23.05)	Data 22.9288 (22.9288)	Loss (L1) 3.385 (3.385)
2026-04-26 02:31:14,979 | Epoch: [55][ 10/254]	Time   0.26 (  2.34)	Data 0.0002 (2.0849)	Loss (L1) 3.173 (3.171)
2026-04-26 02:31:17,620 | Epoch: [55][ 20/254]	Time   0.26 (  1.35)	Data 0.0002 (1.0922)	Loss (L1) 2.981 (3.237)
2026-04-26 02:31:20,272 | Epoch: [55][ 30/254]	Time   0.26 (  1.00)	Data 0.0002 (0.7406)	Loss (L1) 3.242 (3.195)
2026-04-26 02:31:23,147 | Epoch: [55][ 40/254]	Time   0.28 (  0.83)	Data 0.0003 (0.5688)	Loss (L1) 3.217 (3.197)
2026-04-26 02:31:25,841 | Epoch: [55][ 50/254]	Time   0.29 (  0.72)	Data 0.0002 (0.4576)	Loss (L1) 3.239 (3.186)
2026-04-26 02:31:28,517 | Epoch: [55][ 60/254]	Time   0.29 (  0.64)	Data 0.0002 (0.3830)	Loss (L1) 3.151 (3.191)
2026-04-26 02:31:32,498 | Epoch: [55][ 70/254]	Time   0.28 (  0.61)	Data 0.0002 (0.3493)	Loss (L1) 3.629 (3.206)
2026-04-26 02:31:35,196 | Epoch: [55][ 80/254]	Time   0.27 (  0.57)	Data 0.0002 (0.3063)	Loss (L1) 3.370 (3.221)
2026-04-26 02:31:37,886 | Epoch: [55][ 90/254]	Time   0.26 (  0.53)	Data 0.0002 (0.2726)	Loss (L1) 3.333 (3.211)
2026-04-26 02:31:41,032 | Epoch: [55][100/254]	Time   0.26 (  0.51)	Data 0.0002 (0.2515)	Loss (L1) 3.520 (3.212)
2026-04-26 02:31:43,720 | Epoch: [55][110/254]	Time   0.27 (  0.49)	Data 0.0002 (0.2289)	Loss (L1) 3.114 (3.205)
2026-04-26 02:31:46,430 | Epoch: [55][120/254]	Time   0.29 (  0.47)	Data 0.0002 (0.2101)	Loss (L1) 3.083 (3.198)
2026-04-26 02:31:49,155 | Epoch: [55][130/254]	Time   0.29 (  0.46)	Data 0.0002 (0.1941)	Loss (L1) 3.223 (3.195)
2026-04-26 02:31:51,886 | Epoch: [55][140/254]	Time   0.27 (  0.44)	Data 0.0002 (0.1805)	Loss (L1) 3.180 (3.195)
2026-04-26 02:31:54,640 | Epoch: [55][150/254]	Time   0.28 (  0.43)	Data 0.0002 (0.1686)	Loss (L1) 3.442 (3.198)
2026-04-26 02:31:57,307 | Epoch: [55][160/254]	Time   0.27 (  0.42)	Data 0.0003 (0.1581)	Loss (L1) 3.143 (3.206)
2026-04-26 02:32:00,843 | Epoch: [55][170/254]	Time   0.27 (  0.42)	Data 0.0002 (0.1549)	Loss (L1) 3.585 (3.217)
2026-04-26 02:32:03,585 | Epoch: [55][180/254]	Time   0.27 (  0.41)	Data 0.0002 (0.1465)	Loss (L1) 3.005 (3.214)
2026-04-26 02:32:06,342 | Epoch: [55][190/254]	Time   0.27 (  0.40)	Data 0.0001 (0.1390)	Loss (L1) 3.475 (3.211)
2026-04-26 02:32:09,074 | Epoch: [55][200/254]	Time   0.27 (  0.40)	Data 0.0001 (0.1321)	Loss (L1) 3.256 (3.210)
2026-04-26 02:32:14,252 | Epoch: [55][210/254]	Time   0.27 (  0.40)	Data 0.0001 (0.1384)	Loss (L1) 3.255 (3.210)
2026-04-26 02:32:16,914 | Epoch: [55][220/254]	Time   0.26 (  0.40)	Data 0.0001 (0.1322)	Loss (L1) 3.021 (3.210)
2026-04-26 02:32:19,571 | Epoch: [55][230/254]	Time   0.27 (  0.39)	Data 0.0001 (0.1265)	Loss (L1) 3.101 (3.208)
2026-04-26 02:32:22,230 | Epoch: [55][240/254]	Time   0.27 (  0.39)	Data 0.0001 (0.1212)	Loss (L1) 3.183 (3.210)
2026-04-26 02:32:24,890 | Epoch: [55][250/254]	Time   0.27 (  0.38)	Data 0.0001 (0.1164)	Loss (L1) 3.471 (3.215)
2026-04-26 02:32:33,323 | Val: [ 0/25]	Time  7.500 ( 7.500)	Loss (MSE) 290.909 (290.909)	Loss (L1) 15.731 (15.731)
2026-04-26 02:32:35,860 | Val: [10/25]	Time  0.084 ( 0.912)	Loss (MSE) 30.616 (110.510)	Loss (L1) 4.623 (8.690)
2026-04-26 02:32:36,701 | Val: [20/25]	Time  0.084 ( 0.518)	Loss (MSE) 271.040 (107.281)	Loss (L1) 15.706 (8.480)
2026-04-26 02:32:37,174 |  * Overall: MSE 155.273	L1 10.194	G-Mean 6.949
2026-04-26 02:32:37,174 |  * Many: MSE 81.091	L1 7.342	G-Mean 5.072
2026-04-26 02:32:37,174 |  * Median: MSE 264.660	L1 14.977	G-Mean 12.497
2026-04-26 02:32:37,174 |  * Low: MSE 533.286	L1 22.631	G-Mean 22.136
2026-04-26 02:32:37,175 | Best L1 Loss: 9.659
2026-04-26 02:32:37,380 | Epoch #55: Train loss [3.2167]; Val loss: MSE [155.2729], L1 [10.1938], G-Mean [6.9486]
2026-04-26 02:32:48,798 | Epoch: [56][  0/254]	Time  11.42 ( 11.42)	Data 11.2952 (11.2952)	Loss (L1) 3.218 (3.218)
2026-04-26 02:32:52,117 | Epoch: [56][ 10/254]	Time   0.26 (  1.34)	Data 0.0004 (1.1023)	Loss (L1) 3.310 (3.162)
2026-04-26 02:32:54,765 | Epoch: [56][ 20/254]	Time   0.26 (  0.83)	Data 0.0002 (0.5775)	Loss (L1) 2.992 (3.108)
2026-04-26 02:32:57,478 | Epoch: [56][ 30/254]	Time   0.28 (  0.65)	Data 0.0002 (0.3913)	Loss (L1) 3.231 (3.128)
2026-04-26 02:33:00,167 | Epoch: [56][ 40/254]	Time   0.28 (  0.56)	Data 0.0002 (0.2999)	Loss (L1) 3.002 (3.115)
2026-04-26 02:33:02,870 | Epoch: [56][ 50/254]	Time   0.28 (  0.50)	Data 0.0004 (0.2412)	Loss (L1) 3.154 (3.123)
2026-04-26 02:33:05,554 | Epoch: [56][ 60/254]	Time   0.26 (  0.46)	Data 0.0002 (0.2019)	Loss (L1) 3.409 (3.120)
2026-04-26 02:33:09,360 | Epoch: [56][ 70/254]	Time   0.27 (  0.45)	Data 0.0002 (0.1941)	Loss (L1) 3.006 (3.133)
2026-04-26 02:33:12,033 | Epoch: [56][ 80/254]	Time   0.26 (  0.43)	Data 0.0002 (0.1702)	Loss (L1) 3.285 (3.130)
2026-04-26 02:33:14,728 | Epoch: [56][ 90/254]	Time   0.27 (  0.41)	Data 0.0002 (0.1515)	Loss (L1) 3.039 (3.136)
2026-04-26 02:33:17,967 | Epoch: [56][100/254]	Time   0.28 (  0.40)	Data 0.0002 (0.1430)	Loss (L1) 3.492 (3.149)
2026-04-26 02:33:20,685 | Epoch: [56][110/254]	Time   0.26 (  0.39)	Data 0.0002 (0.1301)	Loss (L1) 3.247 (3.157)
2026-04-26 02:33:23,446 | Epoch: [56][120/254]	Time   0.27 (  0.38)	Data 0.0002 (0.1194)	Loss (L1) 2.991 (3.162)
2026-04-26 02:33:26,147 | Epoch: [56][130/254]	Time   0.25 (  0.37)	Data 0.0003 (0.1116)	Loss (L1) 3.182 (3.167)
2026-04-26 02:33:28,999 | Epoch: [56][140/254]	Time   0.27 (  0.37)	Data 0.0002 (0.1058)	Loss (L1) 3.085 (3.176)
2026-04-26 02:33:31,711 | Epoch: [56][150/254]	Time   0.26 (  0.36)	Data 0.0002 (0.0988)	Loss (L1) 2.677 (3.176)
2026-04-26 02:33:34,368 | Epoch: [56][160/254]	Time   0.27 (  0.35)	Data 0.0003 (0.0927)	Loss (L1) 3.063 (3.178)
2026-04-26 02:33:37,433 | Epoch: [56][170/254]	Time   0.29 (  0.35)	Data 0.0002 (0.0902)	Loss (L1) 3.153 (3.179)
2026-04-26 02:33:40,136 | Epoch: [56][180/254]	Time   0.24 (  0.35)	Data 0.0002 (0.0853)	Loss (L1) 2.777 (3.177)
2026-04-26 02:33:42,934 | Epoch: [56][190/254]	Time   0.30 (  0.34)	Data 0.0001 (0.0810)	Loss (L1) 3.319 (3.177)
2026-04-26 02:33:46,129 | Epoch: [56][200/254]	Time   0.26 (  0.34)	Data 0.0001 (0.0798)	Loss (L1) 3.261 (3.181)
2026-04-26 02:33:48,822 | Epoch: [56][210/254]	Time   0.26 (  0.34)	Data 0.0001 (0.0760)	Loss (L1) 2.995 (3.184)
2026-04-26 02:33:51,486 | Epoch: [56][220/254]	Time   0.27 (  0.34)	Data 0.0001 (0.0726)	Loss (L1) 3.161 (3.183)
2026-04-26 02:33:54,142 | Epoch: [56][230/254]	Time   0.27 (  0.33)	Data 0.0001 (0.0694)	Loss (L1) 3.396 (3.184)
2026-04-26 02:33:56,799 | Epoch: [56][240/254]	Time   0.27 (  0.33)	Data 0.0001 (0.0666)	Loss (L1) 3.238 (3.183)
2026-04-26 02:33:59,457 | Epoch: [56][250/254]	Time   0.27 (  0.33)	Data 0.0001 (0.0639)	Loss (L1) 3.127 (3.183)
2026-04-26 02:34:08,212 | Val: [ 0/25]	Time  7.820 ( 7.820)	Loss (MSE) 231.756 (231.756)	Loss (L1) 13.918 (13.918)
2026-04-26 02:34:10,355 | Val: [10/25]	Time  0.461 ( 0.906)	Loss (MSE) 36.990 (91.741)	Loss (L1) 4.919 (7.776)
2026-04-26 02:34:11,194 | Val: [20/25]	Time  0.084 ( 0.514)	Loss (MSE) 368.461 (122.621)	Loss (L1) 18.395 (9.007)
2026-04-26 02:34:11,696 |  * Overall: MSE 187.274	L1 11.064	G-Mean 7.345
2026-04-26 02:34:11,696 |  * Many: MSE 104.748	L1 8.205	G-Mean 5.461
2026-04-26 02:34:11,696 |  * Median: MSE 293.773	L1 15.413	G-Mean 12.381
2026-04-26 02:34:11,696 |  * Low: MSE 662.919	L1 25.162	G-Mean 24.456
2026-04-26 02:34:11,697 | Best L1 Loss: 9.659
2026-04-26 02:34:11,919 | Epoch #56: Train loss [3.1819]; Val loss: MSE [187.2740], L1 [11.0644], G-Mean [7.3452]
2026-04-26 02:34:21,012 | Epoch: [57][  0/254]	Time   9.09 (  9.09)	Data 8.9700 (8.9700)	Loss (L1) 3.399 (3.399)
2026-04-26 02:34:25,145 | Epoch: [57][ 10/254]	Time   0.27 (  1.20)	Data 0.0002 (0.9657)	Loss (L1) 3.242 (3.213)
2026-04-26 02:34:27,816 | Epoch: [57][ 20/254]	Time   0.26 (  0.76)	Data 0.0002 (0.5060)	Loss (L1) 3.204 (3.295)
2026-04-26 02:34:30,487 | Epoch: [57][ 30/254]	Time   0.26 (  0.60)	Data 0.0002 (0.3430)	Loss (L1) 3.184 (3.243)
2026-04-26 02:34:34,460 | Epoch: [57][ 40/254]	Time   0.29 (  0.55)	Data 0.0003 (0.2940)	Loss (L1) 3.081 (3.211)
2026-04-26 02:34:37,108 | Epoch: [57][ 50/254]	Time   0.26 (  0.49)	Data 0.0003 (0.2364)	Loss (L1) 3.424 (3.222)
2026-04-26 02:34:39,800 | Epoch: [57][ 60/254]	Time   0.28 (  0.46)	Data 0.0003 (0.1977)	Loss (L1) 3.072 (3.211)
2026-04-26 02:34:42,582 | Epoch: [57][ 70/254]	Time   0.26 (  0.43)	Data 0.0002 (0.1711)	Loss (L1) 3.693 (3.223)
2026-04-26 02:34:45,318 | Epoch: [57][ 80/254]	Time   0.26 (  0.41)	Data 0.0002 (0.1500)	Loss (L1) 3.213 (3.208)
2026-04-26 02:34:47,980 | Epoch: [57][ 90/254]	Time   0.24 (  0.40)	Data 0.0002 (0.1335)	Loss (L1) 3.287 (3.208)
2026-04-26 02:34:52,502 | Epoch: [57][100/254]	Time   0.27 (  0.40)	Data 0.0109 (0.1400)	Loss (L1) 3.289 (3.200)
2026-04-26 02:34:55,170 | Epoch: [57][110/254]	Time   0.25 (  0.39)	Data 0.0002 (0.1274)	Loss (L1) 3.053 (3.194)
2026-04-26 02:34:57,882 | Epoch: [57][120/254]	Time   0.26 (  0.38)	Data 0.0002 (0.1174)	Loss (L1) 3.185 (3.183)
2026-04-26 02:35:00,994 | Epoch: [57][130/254]	Time   0.73 (  0.37)	Data 0.6249 (0.1132)	Loss (L1) 3.115 (3.184)
2026-04-26 02:35:11,648 | Epoch: [57][140/254]	Time   0.25 (  0.42)	Data 0.0002 (0.1632)	Loss (L1) 3.504 (3.182)
2026-04-26 02:35:14,301 | Epoch: [57][150/254]	Time   0.26 (  0.41)	Data 0.0002 (0.1524)	Loss (L1) 2.785 (3.168)
2026-04-26 02:35:16,981 | Epoch: [57][160/254]	Time   0.26 (  0.40)	Data 0.0002 (0.1429)	Loss (L1) 3.399 (3.167)
2026-04-26 02:35:19,797 | Epoch: [57][170/254]	Time   0.28 (  0.40)	Data 0.0002 (0.1347)	Loss (L1) 3.414 (3.164)
2026-04-26 02:35:22,524 | Epoch: [57][180/254]	Time   0.26 (  0.39)	Data 0.0002 (0.1272)	Loss (L1) 2.896 (3.164)
2026-04-26 02:35:25,257 | Epoch: [57][190/254]	Time   0.27 (  0.38)	Data 0.0001 (0.1207)	Loss (L1) 3.337 (3.167)
2026-04-26 02:35:28,560 | Epoch: [57][200/254]	Time   0.26 (  0.38)	Data 0.0001 (0.1185)	Loss (L1) 3.277 (3.168)
2026-04-26 02:35:31,267 | Epoch: [57][210/254]	Time   0.25 (  0.38)	Data 0.0002 (0.1129)	Loss (L1) 3.088 (3.167)
2026-04-26 02:35:33,919 | Epoch: [57][220/254]	Time   0.26 (  0.37)	Data 0.0001 (0.1078)	Loss (L1) 3.096 (3.165)
2026-04-26 02:35:36,563 | Epoch: [57][230/254]	Time   0.26 (  0.37)	Data 0.0001 (0.1032)	Loss (L1) 3.340 (3.161)
2026-04-26 02:35:39,211 | Epoch: [57][240/254]	Time   0.26 (  0.36)	Data 0.0001 (0.0989)	Loss (L1) 3.158 (3.163)
2026-04-26 02:35:41,853 | Epoch: [57][250/254]	Time   0.26 (  0.36)	Data 0.0001 (0.0949)	Loss (L1) 3.388 (3.165)
2026-04-26 02:35:50,740 | Val: [ 0/25]	Time  7.956 ( 7.956)	Loss (MSE) 274.036 (274.036)	Loss (L1) 15.248 (15.248)
2026-04-26 02:35:53,298 | Val: [10/25]	Time  0.084 ( 0.956)	Loss (MSE) 41.625 (117.997)	Loss (L1) 5.221 (9.008)
2026-04-26 02:35:54,134 | Val: [20/25]	Time  0.083 ( 0.541)	Loss (MSE) 278.307 (113.381)	Loss (L1) 15.778 (8.705)
2026-04-26 02:35:54,612 |  * Overall: MSE 161.013	L1 10.388	G-Mean 7.033
2026-04-26 02:35:54,612 |  * Many: MSE 89.411	L1 7.659	G-Mean 5.184
2026-04-26 02:35:54,612 |  * Median: MSE 264.937	L1 14.898	G-Mean 12.364
2026-04-26 02:35:54,612 |  * Low: MSE 531.901	L1 22.530	G-Mean 21.965
2026-04-26 02:35:54,613 | Best L1 Loss: 9.659
2026-04-26 02:35:54,831 | Epoch #57: Train loss [3.1659]; Val loss: MSE [161.0131], L1 [10.3879], G-Mean [7.0328]
2026-04-26 02:36:04,445 | Epoch: [58][  0/254]	Time   9.61 (  9.61)	Data 9.4697 (9.4697)	Loss (L1) 3.374 (3.374)
2026-04-26 02:36:07,500 | Epoch: [58][ 10/254]	Time   0.26 (  1.15)	Data 0.0003 (0.9179)	Loss (L1) 3.389 (3.145)
2026-04-26 02:36:10,232 | Epoch: [58][ 20/254]	Time   0.27 (  0.73)	Data 0.0002 (0.4811)	Loss (L1) 3.539 (3.117)
2026-04-26 02:36:12,961 | Epoch: [58][ 30/254]	Time   0.31 (  0.58)	Data 0.0002 (0.3260)	Loss (L1) 3.147 (3.090)
2026-04-26 02:36:17,984 | Epoch: [58][ 40/254]	Time   0.26 (  0.56)	Data 0.0002 (0.3080)	Loss (L1) 3.093 (3.087)
2026-04-26 02:36:20,704 | Epoch: [58][ 50/254]	Time   0.30 (  0.51)	Data 0.0003 (0.2477)	Loss (L1) 3.092 (3.095)
2026-04-26 02:36:23,463 | Epoch: [58][ 60/254]	Time   0.27 (  0.47)	Data 0.0003 (0.2072)	Loss (L1) 2.849 (3.077)
2026-04-26 02:36:26,177 | Epoch: [58][ 70/254]	Time   0.27 (  0.44)	Data 0.0002 (0.1781)	Loss (L1) 3.220 (3.100)
2026-04-26 02:36:28,871 | Epoch: [58][ 80/254]	Time   0.26 (  0.42)	Data 0.0003 (0.1562)	Loss (L1) 3.306 (3.108)
2026-04-26 02:36:31,543 | Epoch: [58][ 90/254]	Time   0.28 (  0.40)	Data 0.0003 (0.1391)	Loss (L1) 3.172 (3.110)
2026-04-26 02:36:34,250 | Epoch: [58][100/254]	Time   0.27 (  0.39)	Data 0.0002 (0.1254)	Loss (L1) 3.144 (3.107)
2026-04-26 02:36:36,927 | Epoch: [58][110/254]	Time   0.27 (  0.38)	Data 0.0002 (0.1141)	Loss (L1) 2.847 (3.109)
2026-04-26 02:36:39,647 | Epoch: [58][120/254]	Time   0.26 (  0.37)	Data 0.0002 (0.1047)	Loss (L1) 3.370 (3.111)
2026-04-26 02:36:43,476 | Epoch: [58][130/254]	Time   0.30 (  0.37)	Data 0.0002 (0.1064)	Loss (L1) 3.135 (3.110)
2026-04-26 02:36:46,170 | Epoch: [58][140/254]	Time   0.25 (  0.36)	Data 0.0002 (0.0988)	Loss (L1) 3.202 (3.113)
2026-04-26 02:36:48,857 | Epoch: [58][150/254]	Time   0.26 (  0.36)	Data 0.0002 (0.0924)	Loss (L1) 3.123 (3.117)
2026-04-26 02:36:51,706 | Epoch: [58][160/254]	Time   0.44 (  0.35)	Data 0.2999 (0.0885)	Loss (L1) 3.550 (3.122)
2026-04-26 02:36:54,396 | Epoch: [58][170/254]	Time   0.25 (  0.35)	Data 0.0002 (0.0834)	Loss (L1) 3.015 (3.122)
2026-04-26 02:36:57,078 | Epoch: [58][180/254]	Time   0.26 (  0.34)	Data 0.0002 (0.0796)	Loss (L1) 3.373 (3.123)
2026-04-26 02:36:59,774 | Epoch: [58][190/254]	Time   0.27 (  0.34)	Data 0.0002 (0.0754)	Loss (L1) 3.112 (3.124)
2026-04-26 02:37:03,531 | Epoch: [58][200/254]	Time   0.28 (  0.34)	Data 0.0001 (0.0774)	Loss (L1) 3.195 (3.126)
2026-04-26 02:37:06,207 | Epoch: [58][210/254]	Time   0.26 (  0.34)	Data 0.0001 (0.0744)	Loss (L1) 3.098 (3.130)
2026-04-26 02:37:08,864 | Epoch: [58][220/254]	Time   0.26 (  0.33)	Data 0.0001 (0.0710)	Loss (L1) 2.839 (3.131)
2026-04-26 02:37:11,515 | Epoch: [58][230/254]	Time   0.26 (  0.33)	Data 0.0001 (0.0680)	Loss (L1) 3.135 (3.139)
2026-04-26 02:37:14,168 | Epoch: [58][240/254]	Time   0.27 (  0.33)	Data 0.0001 (0.0652)	Loss (L1) 3.266 (3.140)
2026-04-26 02:37:16,819 | Epoch: [58][250/254]	Time   0.27 (  0.33)	Data 0.0001 (0.0626)	Loss (L1) 3.056 (3.140)
2026-04-26 02:37:26,215 | Val: [ 0/25]	Time  8.468 ( 8.468)	Loss (MSE) 232.847 (232.847)	Loss (L1) 13.976 (13.976)
2026-04-26 02:37:28,308 | Val: [10/25]	Time  0.084 ( 0.960)	Loss (MSE) 34.183 (90.430)	Loss (L1) 4.866 (7.736)
2026-04-26 02:37:29,146 | Val: [20/25]	Time  0.084 ( 0.543)	Loss (MSE) 296.878 (103.393)	Loss (L1) 16.499 (8.274)
2026-04-26 02:37:29,642 |  * Overall: MSE 163.547	L1 10.274	G-Mean 6.762
2026-04-26 02:37:29,642 |  * Many: MSE 84.365	L1 7.410	G-Mean 4.975
2026-04-26 02:37:29,642 |  * Median: MSE 260.726	L1 14.541	G-Mean 11.527
2026-04-26 02:37:29,643 |  * Low: MSE 638.080	L1 24.713	G-Mean 24.096
2026-04-26 02:37:29,644 | Best L1 Loss: 9.659
2026-04-26 02:37:29,874 | Epoch #58: Train loss [3.1392]; Val loss: MSE [163.5473], L1 [10.2739], G-Mean [6.7622]
2026-04-26 02:37:39,464 | Epoch: [59][  0/254]	Time   9.59 (  9.59)	Data 9.4685 (9.4685)	Loss (L1) 2.995 (2.995)
2026-04-26 02:37:43,006 | Epoch: [59][ 10/254]	Time   0.27 (  1.19)	Data 0.0002 (0.9684)	Loss (L1) 3.182 (3.137)
2026-04-26 02:37:45,815 | Epoch: [59][ 20/254]	Time   0.25 (  0.76)	Data 0.0003 (0.5093)	Loss (L1) 3.117 (3.130)
2026-04-26 02:37:48,571 | Epoch: [59][ 30/254]	Time   0.26 (  0.60)	Data 0.0005 (0.3457)	Loss (L1) 2.913 (3.134)
2026-04-26 02:37:52,524 | Epoch: [59][ 40/254]	Time   0.26 (  0.55)	Data 0.0003 (0.2965)	Loss (L1) 3.003 (3.154)
2026-04-26 02:37:55,229 | Epoch: [59][ 50/254]	Time   0.27 (  0.50)	Data 0.0004 (0.2385)	Loss (L1) 3.090 (3.127)
2026-04-26 02:37:57,920 | Epoch: [59][ 60/254]	Time   0.25 (  0.46)	Data 0.0002 (0.2000)	Loss (L1) 2.981 (3.135)
2026-04-26 02:38:00,959 | Epoch: [59][ 70/254]	Time   0.27 (  0.44)	Data 0.0003 (0.1789)	Loss (L1) 3.007 (3.147)
2026-04-26 02:38:03,781 | Epoch: [59][ 80/254]	Time   0.30 (  0.42)	Data 0.0003 (0.1569)	Loss (L1) 3.203 (3.152)
2026-04-26 02:38:06,543 | Epoch: [59][ 90/254]	Time   0.27 (  0.40)	Data 0.0002 (0.1397)	Loss (L1) 3.376 (3.157)
2026-04-26 02:38:09,243 | Epoch: [59][100/254]	Time   0.27 (  0.39)	Data 0.0002 (0.1260)	Loss (L1) 3.073 (3.163)
2026-04-26 02:38:12,007 | Epoch: [59][110/254]	Time   0.27 (  0.38)	Data 0.0006 (0.1147)	Loss (L1) 3.554 (3.164)
2026-04-26 02:38:14,703 | Epoch: [59][120/254]	Time   0.27 (  0.37)	Data 0.0003 (0.1053)	Loss (L1) 3.226 (3.161)
2026-04-26 02:38:17,497 | Epoch: [59][130/254]	Time   0.28 (  0.36)	Data 0.0002 (0.0973)	Loss (L1) 3.045 (3.168)
2026-04-26 02:38:20,557 | Epoch: [59][140/254]	Time   0.26 (  0.36)	Data 0.0002 (0.0942)	Loss (L1) 3.069 (3.165)
2026-04-26 02:38:23,258 | Epoch: [59][150/254]	Time   0.27 (  0.35)	Data 0.0002 (0.0880)	Loss (L1) 3.178 (3.158)
2026-04-26 02:38:26,096 | Epoch: [59][160/254]	Time   0.30 (  0.35)	Data 0.0005 (0.0825)	Loss (L1) 3.107 (3.155)
2026-04-26 02:38:29,581 | Epoch: [59][170/254]	Time   0.25 (  0.35)	Data 0.0002 (0.0843)	Loss (L1) 3.072 (3.153)
2026-04-26 02:38:32,287 | Epoch: [59][180/254]	Time   0.28 (  0.34)	Data 0.0002 (0.0797)	Loss (L1) 3.147 (3.155)
2026-04-26 02:38:35,106 | Epoch: [59][190/254]	Time   0.27 (  0.34)	Data 0.0001 (0.0756)	Loss (L1) 2.776 (3.150)
2026-04-26 02:38:38,866 | Epoch: [59][200/254]	Time   0.28 (  0.34)	Data 0.0001 (0.0786)	Loss (L1) 3.280 (3.155)
2026-04-26 02:38:41,525 | Epoch: [59][210/254]	Time   0.27 (  0.34)	Data 0.0001 (0.0749)	Loss (L1) 3.369 (3.155)
2026-04-26 02:38:44,183 | Epoch: [59][220/254]	Time   0.27 (  0.34)	Data 0.0001 (0.0715)	Loss (L1) 3.202 (3.153)
2026-04-26 02:38:46,845 | Epoch: [59][230/254]	Time   0.27 (  0.33)	Data 0.0001 (0.0684)	Loss (L1) 3.069 (3.152)
2026-04-26 02:38:49,504 | Epoch: [59][240/254]	Time   0.27 (  0.33)	Data 0.0001 (0.0656)	Loss (L1) 3.260 (3.150)
2026-04-26 02:38:52,163 | Epoch: [59][250/254]	Time   0.27 (  0.33)	Data 0.0001 (0.0630)	Loss (L1) 3.058 (3.149)
2026-04-26 02:39:01,583 | Val: [ 0/25]	Time  8.470 ( 8.470)	Loss (MSE) 279.289 (279.289)	Loss (L1) 15.378 (15.378)
2026-04-26 02:39:03,904 | Val: [10/25]	Time  0.135 ( 0.981)	Loss (MSE) 36.601 (114.498)	Loss (L1) 4.945 (8.861)
2026-04-26 02:39:04,743 | Val: [20/25]	Time  0.084 ( 0.554)	Loss (MSE) 246.457 (104.592)	Loss (L1) 14.887 (8.360)
2026-04-26 02:39:05,215 |  * Overall: MSE 151.929	L1 10.061	G-Mean 6.769
2026-04-26 02:39:05,216 |  * Many: MSE 80.128	L1 7.278	G-Mean 4.939
2026-04-26 02:39:05,216 |  * Median: MSE 250.661	L1 14.548	G-Mean 12.070
2026-04-26 02:39:05,216 |  * Low: MSE 543.719	L1 22.846	G-Mean 22.331
2026-04-26 02:39:05,217 | Best L1 Loss: 9.659
2026-04-26 02:39:05,434 | Epoch #59: Train loss [3.1495]; Val loss: MSE [151.9287], L1 [10.0608], G-Mean [6.7692]
2026-04-26 02:39:16,996 | Epoch: [60][  0/254]	Time  11.56 ( 11.56)	Data 11.4337 (11.4337)	Loss (L1) 2.823 (2.823)
2026-04-26 02:39:19,678 | Epoch: [60][ 10/254]	Time   0.25 (  1.29)	Data 0.0003 (1.0407)	Loss (L1) 3.167 (3.034)
2026-04-26 02:39:22,363 | Epoch: [60][ 20/254]	Time   0.26 (  0.81)	Data 0.0002 (0.5453)	Loss (L1) 2.710 (3.030)
2026-04-26 02:39:25,049 | Epoch: [60][ 30/254]	Time   0.29 (  0.63)	Data 0.0003 (0.3694)	Loss (L1) 2.983 (2.998)
2026-04-26 02:39:29,037 | Epoch: [60][ 40/254]	Time   0.27 (  0.58)	Data 0.0002 (0.3148)	Loss (L1) 2.895 (2.996)
2026-04-26 02:39:31,823 | Epoch: [60][ 50/254]	Time   0.27 (  0.52)	Data 0.0004 (0.2532)	Loss (L1) 2.718 (2.982)
2026-04-26 02:39:34,530 | Epoch: [60][ 60/254]	Time   0.26 (  0.48)	Data 0.0002 (0.2117)	Loss (L1) 2.650 (2.955)
2026-04-26 02:39:37,594 | Epoch: [60][ 70/254]	Time   0.27 (  0.45)	Data 0.0002 (0.1898)	Loss (L1) 3.035 (2.954)
2026-04-26 02:39:40,294 | Epoch: [60][ 80/254]	Time   0.25 (  0.43)	Data 0.0002 (0.1664)	Loss (L1) 2.737 (2.934)
2026-04-26 02:39:42,959 | Epoch: [60][ 90/254]	Time   0.27 (  0.41)	Data 0.0002 (0.1481)	Loss (L1) 2.611 (2.929)
2026-04-26 02:39:56,315 | Epoch: [60][100/254]	Time   0.26 (  0.50)	Data 0.0001 (0.2426)	Loss (L1) 3.009 (2.928)
2026-04-26 02:40:01,369 | Epoch: [60][110/254]	Time   0.26 (  0.50)	Data 0.0001 (0.2440)	Loss (L1) 2.443 (2.913)
2026-04-26 02:40:04,017 | Epoch: [60][120/254]	Time   0.26 (  0.48)	Data 0.0002 (0.2238)	Loss (L1) 2.543 (2.905)
2026-04-26 02:40:10,817 | Epoch: [60][130/254]	Time   0.78 (  0.50)	Data 0.6364 (0.2400)	Loss (L1) 2.747 (2.896)
2026-04-26 02:40:13,544 | Epoch: [60][140/254]	Time   0.28 (  0.48)	Data 0.0002 (0.2245)	Loss (L1) 3.119 (2.895)
2026-04-26 02:40:16,204 | Epoch: [60][150/254]	Time   0.27 (  0.47)	Data 0.0004 (0.2097)	Loss (L1) 2.807 (2.892)
2026-04-26 02:40:31,916 | Epoch: [60][160/254]	Time  13.32 (  0.54)	Data 13.2180 (0.2788)	Loss (L1) 2.742 (2.890)
2026-04-26 02:40:43,036 | Epoch: [60][170/254]	Time   0.26 (  0.57)	Data 0.0002 (0.3139)	Loss (L1) 2.623 (2.888)
2026-04-26 02:40:45,683 | Epoch: [60][180/254]	Time   0.26 (  0.55)	Data 0.0002 (0.2965)	Loss (L1) 2.709 (2.882)
2026-04-26 02:40:48,351 | Epoch: [60][190/254]	Time   0.26 (  0.54)	Data 0.0001 (0.2810)	Loss (L1) 2.697 (2.874)
2026-04-26 02:41:12,488 | Epoch: [60][200/254]	Time   0.29 (  0.63)	Data 0.0001 (0.3768)	Loss (L1) 2.684 (2.871)
2026-04-26 02:41:15,162 | Epoch: [60][210/254]	Time   0.27 (  0.61)	Data 0.0001 (0.3590)	Loss (L1) 2.727 (2.866)
2026-04-26 02:41:17,858 | Epoch: [60][220/254]	Time   0.27 (  0.60)	Data 0.0001 (0.3428)	Loss (L1) 2.799 (2.861)
2026-04-26 02:41:20,515 | Epoch: [60][230/254]	Time   0.27 (  0.58)	Data 0.0001 (0.3279)	Loss (L1) 3.029 (2.860)
2026-04-26 02:41:23,171 | Epoch: [60][240/254]	Time   0.27 (  0.57)	Data 0.0001 (0.3143)	Loss (L1) 2.600 (2.855)
2026-04-26 02:41:25,836 | Epoch: [60][250/254]	Time   0.27 (  0.56)	Data 0.0001 (0.3018)	Loss (L1) 2.825 (2.854)
2026-04-26 02:41:33,550 | Val: [ 0/25]	Time  6.774 ( 6.774)	Loss (MSE) 275.675 (275.675)	Loss (L1) 15.294 (15.294)
2026-04-26 02:41:38,368 | Val: [10/25]	Time  0.084 ( 1.054)	Loss (MSE) 36.735 (105.893)	Loss (L1) 4.871 (8.317)
2026-04-26 02:41:39,213 | Val: [20/25]	Time  0.084 ( 0.592)	Loss (MSE) 292.887 (110.988)	Loss (L1) 16.278 (8.574)
2026-04-26 02:41:39,690 |  * Overall: MSE 162.572	L1 10.363	G-Mean 6.874
2026-04-26 02:41:39,690 |  * Many: MSE 87.379	L1 7.539	G-Mean 5.011
2026-04-26 02:41:39,690 |  * Median: MSE 268.741	L1 14.960	G-Mean 12.301
2026-04-26 02:41:39,690 |  * Low: MSE 562.821	L1 23.185	G-Mean 22.624
2026-04-26 02:41:39,691 | Best L1 Loss: 9.659
2026-04-26 02:41:39,898 | Epoch #60: Train loss [2.8525]; Val loss: MSE [162.5718], L1 [10.3633], G-Mean [6.8745]
2026-04-26 02:41:49,133 | Epoch: [61][  0/254]	Time   9.23 (  9.23)	Data 9.1201 (9.1201)	Loss (L1) 2.647 (2.647)
2026-04-26 02:41:52,815 | Epoch: [61][ 10/254]	Time   0.27 (  1.17)	Data 0.0002 (0.9298)	Loss (L1) 2.615 (2.746)
2026-04-26 02:41:55,528 | Epoch: [61][ 20/254]	Time   0.30 (  0.74)	Data 0.0002 (0.4872)	Loss (L1) 2.728 (2.790)
2026-04-26 02:41:58,227 | Epoch: [61][ 30/254]	Time   0.29 (  0.59)	Data 0.0003 (0.3301)	Loss (L1) 2.746 (2.783)
2026-04-26 02:42:01,443 | Epoch: [61][ 40/254]	Time   0.27 (  0.53)	Data 0.0003 (0.2655)	Loss (L1) 3.019 (2.770)
2026-04-26 02:42:04,160 | Epoch: [61][ 50/254]	Time   0.27 (  0.48)	Data 0.0004 (0.2135)	Loss (L1) 2.562 (2.759)
2026-04-26 02:42:06,873 | Epoch: [61][ 60/254]	Time   0.26 (  0.44)	Data 0.0002 (0.1786)	Loss (L1) 2.727 (2.749)
2026-04-26 02:42:10,191 | Epoch: [61][ 70/254]	Time   0.32 (  0.43)	Data 0.2182 (0.1666)	Loss (L1) 3.262 (2.771)
2026-04-26 02:42:12,880 | Epoch: [61][ 80/254]	Time   0.27 (  0.41)	Data 0.0003 (0.1461)	Loss (L1) 2.986 (2.778)
2026-04-26 02:42:15,605 | Epoch: [61][ 90/254]	Time   0.27 (  0.39)	Data 0.0003 (0.1301)	Loss (L1) 3.028 (2.784)
2026-04-26 02:42:18,461 | Epoch: [61][100/254]	Time   0.27 (  0.38)	Data 0.0002 (0.1172)	Loss (L1) 2.812 (2.786)
2026-04-26 02:42:22,100 | Epoch: [61][110/254]	Time   0.28 (  0.38)	Data 0.0183 (0.1163)	Loss (L1) 2.950 (2.785)
2026-04-26 02:42:24,895 | Epoch: [61][120/254]	Time   0.30 (  0.37)	Data 0.0003 (0.1070)	Loss (L1) 2.754 (2.778)
2026-04-26 02:42:27,646 | Epoch: [61][130/254]	Time   0.27 (  0.36)	Data 0.0003 (0.0989)	Loss (L1) 2.664 (2.775)
2026-04-26 02:42:30,600 | Epoch: [61][140/254]	Time   0.27 (  0.36)	Data 0.0003 (0.0950)	Loss (L1) 2.679 (2.778)
2026-04-26 02:42:33,372 | Epoch: [61][150/254]	Time   0.31 (  0.35)	Data 0.0002 (0.0887)	Loss (L1) 2.593 (2.774)
2026-04-26 02:42:36,112 | Epoch: [61][160/254]	Time   0.28 (  0.35)	Data 0.0077 (0.0835)	Loss (L1) 2.528 (2.772)
2026-04-26 02:42:40,058 | Epoch: [61][170/254]	Time   0.25 (  0.35)	Data 0.0192 (0.0881)	Loss (L1) 2.882 (2.767)
2026-04-26 02:42:42,839 | Epoch: [61][180/254]	Time   0.27 (  0.35)	Data 0.0002 (0.0832)	Loss (L1) 2.807 (2.773)
2026-04-26 02:42:45,563 | Epoch: [61][190/254]	Time   0.27 (  0.34)	Data 0.0001 (0.0789)	Loss (L1) 3.060 (2.774)
2026-04-26 02:42:49,004 | Epoch: [61][200/254]	Time   0.28 (  0.34)	Data 0.0001 (0.0799)	Loss (L1) 2.641 (2.774)
2026-04-26 02:42:51,694 | Epoch: [61][210/254]	Time   0.27 (  0.34)	Data 0.0001 (0.0762)	Loss (L1) 2.955 (2.773)
2026-04-26 02:42:54,376 | Epoch: [61][220/254]	Time   0.27 (  0.34)	Data 0.0001 (0.0727)	Loss (L1) 2.569 (2.772)
2026-04-26 02:42:57,043 | Epoch: [61][230/254]	Time   0.27 (  0.33)	Data 0.0000 (0.0696)	Loss (L1) 2.599 (2.766)
2026-04-26 02:42:59,712 | Epoch: [61][240/254]	Time   0.27 (  0.33)	Data 0.0001 (0.0667)	Loss (L1) 2.741 (2.769)
2026-04-26 02:43:02,377 | Epoch: [61][250/254]	Time   0.27 (  0.33)	Data 0.0001 (0.0641)	Loss (L1) 2.849 (2.767)
2026-04-26 02:43:13,024 | Val: [ 0/25]	Time  9.704 ( 9.704)	Loss (MSE) 279.614 (279.614)	Loss (L1) 15.364 (15.364)
2026-04-26 02:43:14,545 | Val: [10/25]	Time  0.084 ( 1.020)	Loss (MSE) 35.512 (105.434)	Loss (L1) 4.866 (8.294)
2026-04-26 02:43:15,386 | Val: [20/25]	Time  0.084 ( 0.575)	Loss (MSE) 284.917 (109.541)	Loss (L1) 16.051 (8.506)
2026-04-26 02:43:15,865 |  * Overall: MSE 160.110	L1 10.274	G-Mean 6.832
2026-04-26 02:43:15,865 |  * Many: MSE 85.687	L1 7.458	G-Mean 4.975
2026-04-26 02:43:15,865 |  * Median: MSE 264.673	L1 14.850	G-Mean 12.256
2026-04-26 02:43:15,865 |  * Low: MSE 558.142	L1 23.097	G-Mean 22.544
2026-04-26 02:43:15,866 | Best L1 Loss: 9.659
2026-04-26 02:43:16,086 | Epoch #61: Train loss [2.7667]; Val loss: MSE [160.1099], L1 [10.2745], G-Mean [6.8325]
2026-04-26 02:43:28,108 | Epoch: [62][  0/254]	Time  12.02 ( 12.02)	Data 11.9063 (11.9063)	Loss (L1) 2.448 (2.448)
2026-04-26 02:43:30,750 | Epoch: [62][ 10/254]	Time   0.27 (  1.33)	Data 0.0003 (1.0844)	Loss (L1) 2.699 (2.735)
2026-04-26 02:43:33,403 | Epoch: [62][ 20/254]	Time   0.26 (  0.82)	Data 0.0002 (0.5681)	Loss (L1) 2.994 (2.744)
2026-04-26 02:43:36,060 | Epoch: [62][ 30/254]	Time   0.27 (  0.64)	Data 0.0002 (0.3849)	Loss (L1) 2.794 (2.706)
2026-04-26 02:43:39,370 | Epoch: [62][ 40/254]	Time   0.28 (  0.57)	Data 0.0002 (0.3097)	Loss (L1) 2.436 (2.701)
2026-04-26 02:43:42,043 | Epoch: [62][ 50/254]	Time   0.27 (  0.51)	Data 0.0002 (0.2492)	Loss (L1) 2.699 (2.683)
2026-04-26 02:43:44,801 | Epoch: [62][ 60/254]	Time   0.29 (  0.47)	Data 0.0002 (0.2084)	Loss (L1) 2.815 (2.682)
2026-04-26 02:43:47,493 | Epoch: [62][ 70/254]	Time   0.27 (  0.44)	Data 0.0002 (0.1792)	Loss (L1) 2.634 (2.693)
2026-04-26 02:43:50,278 | Epoch: [62][ 80/254]	Time   0.30 (  0.42)	Data 0.0106 (0.1573)	Loss (L1) 2.684 (2.695)
2026-04-26 02:43:53,088 | Epoch: [62][ 90/254]	Time   0.27 (  0.41)	Data 0.0003 (0.1400)	Loss (L1) 2.663 (2.693)
2026-04-26 02:43:55,839 | Epoch: [62][100/254]	Time   0.24 (  0.39)	Data 0.0002 (0.1274)	Loss (L1) 3.017 (2.697)
2026-04-26 02:43:58,566 | Epoch: [62][110/254]	Time   0.27 (  0.38)	Data 0.0002 (0.1177)	Loss (L1) 2.634 (2.701)
2026-04-26 02:44:01,261 | Epoch: [62][120/254]	Time   0.24 (  0.37)	Data 0.0044 (0.1081)	Loss (L1) 2.702 (2.707)
2026-04-26 02:44:03,981 | Epoch: [62][130/254]	Time   0.26 (  0.37)	Data 0.0003 (0.0998)	Loss (L1) 2.594 (2.708)
2026-04-26 02:44:06,746 | Epoch: [62][140/254]	Time   0.28 (  0.36)	Data 0.0680 (0.0933)	Loss (L1) 2.474 (2.708)
2026-04-26 02:44:09,431 | Epoch: [62][150/254]	Time   0.27 (  0.35)	Data 0.0002 (0.0871)	Loss (L1) 3.023 (2.713)
2026-04-26 02:44:12,091 | Epoch: [62][160/254]	Time   0.25 (  0.35)	Data 0.0002 (0.0818)	Loss (L1) 2.992 (2.719)
2026-04-26 02:44:14,854 | Epoch: [62][170/254]	Time   0.26 (  0.34)	Data 0.0002 (0.0778)	Loss (L1) 2.929 (2.720)
2026-04-26 02:44:17,566 | Epoch: [62][180/254]	Time   0.27 (  0.34)	Data 0.0002 (0.0746)	Loss (L1) 2.457 (2.720)
2026-04-26 02:44:20,272 | Epoch: [62][190/254]	Time   0.28 (  0.34)	Data 0.0001 (0.0707)	Loss (L1) 2.580 (2.724)
2026-04-26 02:44:23,139 | Epoch: [62][200/254]	Time   0.27 (  0.33)	Data 0.0002 (0.0687)	Loss (L1) 2.936 (2.731)
2026-04-26 02:44:26,150 | Epoch: [62][210/254]	Time   0.26 (  0.33)	Data 0.0001 (0.0675)	Loss (L1) 2.861 (2.735)
2026-04-26 02:44:28,837 | Epoch: [62][220/254]	Time   0.27 (  0.33)	Data 0.0001 (0.0644)	Loss (L1) 2.806 (2.738)
2026-04-26 02:44:31,497 | Epoch: [62][230/254]	Time   0.27 (  0.33)	Data 0.0001 (0.0616)	Loss (L1) 3.244 (2.739)
2026-04-26 02:44:34,153 | Epoch: [62][240/254]	Time   0.27 (  0.32)	Data 0.0001 (0.0591)	Loss (L1) 2.933 (2.734)
2026-04-26 02:44:36,809 | Epoch: [62][250/254]	Time   0.27 (  0.32)	Data 0.0001 (0.0567)	Loss (L1) 2.719 (2.736)
2026-04-26 02:44:46,715 | Val: [ 0/25]	Time  8.958 ( 8.958)	Loss (MSE) 282.764 (282.764)	Loss (L1) 15.435 (15.435)
2026-04-26 02:44:47,865 | Val: [10/25]	Time  0.084 ( 0.919)	Loss (MSE) 35.198 (107.691)	Loss (L1) 4.843 (8.392)
2026-04-26 02:44:48,705 | Val: [20/25]	Time  0.084 ( 0.521)	Loss (MSE) 285.914 (110.354)	Loss (L1) 16.118 (8.547)
2026-04-26 02:44:49,185 |  * Overall: MSE 162.086	L1 10.345	G-Mean 6.892
2026-04-26 02:44:49,185 |  * Many: MSE 85.725	L1 7.481	G-Mean 5.023
2026-04-26 02:44:49,185 |  * Median: MSE 269.222	L1 14.989	G-Mean 12.311
2026-04-26 02:44:49,185 |  * Low: MSE 571.029	L1 23.415	G-Mean 22.896
2026-04-26 02:44:49,186 | Best L1 Loss: 9.659
2026-04-26 02:44:49,398 | Epoch #62: Train loss [2.7341]; Val loss: MSE [162.0862], L1 [10.3452], G-Mean [6.8923]
2026-04-26 02:45:00,396 | Epoch: [63][  0/254]	Time  11.00 ( 11.00)	Data 10.8815 (10.8815)	Loss (L1) 2.696 (2.696)
2026-04-26 02:45:03,361 | Epoch: [63][ 10/254]	Time   0.30 (  1.27)	Data 0.0002 (1.0248)	Loss (L1) 2.486 (2.692)
2026-04-26 02:45:06,064 | Epoch: [63][ 20/254]	Time   0.24 (  0.79)	Data 0.0002 (0.5369)	Loss (L1) 2.745 (2.695)
2026-04-26 02:45:08,752 | Epoch: [63][ 30/254]	Time   0.26 (  0.62)	Data 0.0003 (0.3649)	Loss (L1) 2.755 (2.679)
2026-04-26 02:45:12,252 | Epoch: [63][ 40/254]	Time   0.27 (  0.56)	Data 0.0002 (0.2995)	Loss (L1) 2.761 (2.680)
2026-04-26 02:45:14,972 | Epoch: [63][ 50/254]	Time   0.26 (  0.50)	Data 0.0002 (0.2413)	Loss (L1) 2.729 (2.690)
2026-04-26 02:45:17,687 | Epoch: [63][ 60/254]	Time   0.26 (  0.46)	Data 0.0048 (0.2019)	Loss (L1) 2.553 (2.683)
2026-04-26 02:45:20,436 | Epoch: [63][ 70/254]	Time   0.27 (  0.44)	Data 0.0002 (0.1744)	Loss (L1) 2.866 (2.692)
2026-04-26 02:45:23,135 | Epoch: [63][ 80/254]	Time   0.26 (  0.42)	Data 0.0002 (0.1529)	Loss (L1) 2.755 (2.696)
2026-04-26 02:45:25,884 | Epoch: [63][ 90/254]	Time   0.27 (  0.40)	Data 0.0002 (0.1361)	Loss (L1) 2.779 (2.695)
2026-04-26 02:45:28,771 | Epoch: [63][100/254]	Time   0.28 (  0.39)	Data 0.0003 (0.1261)	Loss (L1) 2.653 (2.700)
2026-04-26 02:45:31,520 | Epoch: [63][110/254]	Time   0.27 (  0.38)	Data 0.0002 (0.1149)	Loss (L1) 2.762 (2.695)
2026-04-26 02:45:34,198 | Epoch: [63][120/254]	Time   0.26 (  0.37)	Data 0.0004 (0.1054)	Loss (L1) 2.761 (2.701)
2026-04-26 02:45:37,638 | Epoch: [63][130/254]	Time   0.28 (  0.37)	Data 0.0002 (0.1053)	Loss (L1) 2.846 (2.705)
2026-04-26 02:45:40,376 | Epoch: [63][140/254]	Time   0.27 (  0.36)	Data 0.0002 (0.0981)	Loss (L1) 2.621 (2.700)
2026-04-26 02:45:43,084 | Epoch: [63][150/254]	Time   0.26 (  0.36)	Data 0.0005 (0.0916)	Loss (L1) 2.791 (2.698)
2026-04-26 02:45:45,946 | Epoch: [63][160/254]	Time   0.29 (  0.35)	Data 0.0003 (0.0860)	Loss (L1) 2.517 (2.693)
2026-04-26 02:45:49,435 | Epoch: [63][170/254]	Time   0.26 (  0.35)	Data 0.0003 (0.0862)	Loss (L1) 2.752 (2.696)
2026-04-26 02:45:52,121 | Epoch: [63][180/254]	Time   0.28 (  0.35)	Data 0.0003 (0.0815)	Loss (L1) 2.803 (2.699)
2026-04-26 02:45:54,781 | Epoch: [63][190/254]	Time   0.27 (  0.34)	Data 0.0001 (0.0773)	Loss (L1) 2.482 (2.699)
2026-04-26 02:45:58,401 | Epoch: [63][200/254]	Time   0.29 (  0.34)	Data 0.0001 (0.0784)	Loss (L1) 2.744 (2.701)
2026-04-26 02:46:01,045 | Epoch: [63][210/254]	Time   0.27 (  0.34)	Data 0.0001 (0.0747)	Loss (L1) 2.873 (2.700)
2026-04-26 02:46:03,709 | Epoch: [63][220/254]	Time   0.27 (  0.34)	Data 0.0003 (0.0713)	Loss (L1) 2.686 (2.701)
2026-04-26 02:46:06,359 | Epoch: [63][230/254]	Time   0.26 (  0.33)	Data 0.0001 (0.0683)	Loss (L1) 2.356 (2.701)
2026-04-26 02:46:09,011 | Epoch: [63][240/254]	Time   0.27 (  0.33)	Data 0.0000 (0.0654)	Loss (L1) 2.938 (2.702)
2026-04-26 02:46:11,661 | Epoch: [63][250/254]	Time   0.27 (  0.33)	Data 0.0001 (0.0628)	Loss (L1) 2.495 (2.702)
2026-04-26 02:46:22,547 | Val: [ 0/25]	Time  9.946 ( 9.946)	Loss (MSE) 295.270 (295.270)	Loss (L1) 15.779 (15.779)
2026-04-26 02:46:23,386 | Val: [10/25]	Time  0.084 ( 0.980)	Loss (MSE) 40.451 (116.837)	Loss (L1) 5.166 (8.808)
2026-04-26 02:46:24,222 | Val: [20/25]	Time  0.083 ( 0.553)	Loss (MSE) 265.254 (112.171)	Loss (L1) 15.389 (8.624)
2026-04-26 02:46:24,702 |  * Overall: MSE 159.567	L1 10.307	G-Mean 6.847
2026-04-26 02:46:24,702 |  * Many: MSE 86.391	L1 7.522	G-Mean 4.995
2026-04-26 02:46:24,703 |  * Median: MSE 265.137	L1 14.894	G-Mean 12.275
2026-04-26 02:46:24,703 |  * Low: MSE 540.917	L1 22.752	G-Mean 22.222
2026-04-26 02:46:24,703 | Best L1 Loss: 9.659
2026-04-26 02:46:24,905 | Epoch #63: Train loss [2.7031]; Val loss: MSE [159.5666], L1 [10.3068], G-Mean [6.8469]
2026-04-26 02:46:40,229 | Epoch: [64][  0/254]	Time  15.32 ( 15.32)	Data 15.1890 (15.1890)	Loss (L1) 2.737 (2.737)
2026-04-26 02:46:42,950 | Epoch: [64][ 10/254]	Time   0.28 (  1.64)	Data 0.0002 (1.3816)	Loss (L1) 2.514 (2.676)
2026-04-26 02:46:45,619 | Epoch: [64][ 20/254]	Time   0.26 (  0.99)	Data 0.0002 (0.7243)	Loss (L1) 2.869 (2.692)
2026-04-26 02:46:48,271 | Epoch: [64][ 30/254]	Time   0.26 (  0.75)	Data 0.0002 (0.4907)	Loss (L1) 2.764 (2.684)
2026-04-26 02:46:52,230 | Epoch: [64][ 40/254]	Time   0.26 (  0.67)	Data 0.0003 (0.4113)	Loss (L1) 2.810 (2.688)
2026-04-26 02:46:54,910 | Epoch: [64][ 50/254]	Time   0.23 (  0.59)	Data 0.0002 (0.3314)	Loss (L1) 2.740 (2.685)
2026-04-26 02:46:57,568 | Epoch: [64][ 60/254]	Time   0.27 (  0.54)	Data 0.0003 (0.2772)	Loss (L1) 2.483 (2.680)
2026-04-26 02:47:00,650 | Epoch: [64][ 70/254]	Time   0.28 (  0.50)	Data 0.0004 (0.2454)	Loss (L1) 2.486 (2.676)
2026-04-26 02:47:03,366 | Epoch: [64][ 80/254]	Time   0.27 (  0.47)	Data 0.0002 (0.2159)	Loss (L1) 2.606 (2.672)
2026-04-26 02:47:06,099 | Epoch: [64][ 90/254]	Time   0.29 (  0.45)	Data 0.0004 (0.1922)	Loss (L1) 2.691 (2.671)
2026-04-26 02:47:08,944 | Epoch: [64][100/254]	Time   0.28 (  0.44)	Data 0.0010 (0.1759)	Loss (L1) 2.787 (2.677)
2026-04-26 02:47:11,646 | Epoch: [64][110/254]	Time   0.27 (  0.42)	Data 0.0002 (0.1601)	Loss (L1) 2.842 (2.678)
2026-04-26 02:47:14,410 | Epoch: [64][120/254]	Time   0.28 (  0.41)	Data 0.0002 (0.1469)	Loss (L1) 2.533 (2.682)
2026-04-26 02:47:17,158 | Epoch: [64][130/254]	Time   0.26 (  0.40)	Data 0.0002 (0.1358)	Loss (L1) 2.597 (2.682)
2026-04-26 02:47:19,984 | Epoch: [64][140/254]	Time   0.27 (  0.39)	Data 0.0002 (0.1283)	Loss (L1) 2.911 (2.687)
2026-04-26 02:47:22,652 | Epoch: [64][150/254]	Time   0.27 (  0.38)	Data 0.0002 (0.1198)	Loss (L1) 2.571 (2.687)
2026-04-26 02:47:25,345 | Epoch: [64][160/254]	Time   0.27 (  0.38)	Data 0.0112 (0.1125)	Loss (L1) 2.555 (2.691)
2026-04-26 02:47:29,145 | Epoch: [64][170/254]	Time   0.26 (  0.38)	Data 0.0003 (0.1137)	Loss (L1) 2.814 (2.693)
2026-04-26 02:47:31,879 | Epoch: [64][180/254]	Time   0.29 (  0.37)	Data 0.0004 (0.1076)	Loss (L1) 2.678 (2.686)
2026-04-26 02:47:34,586 | Epoch: [64][190/254]	Time   0.26 (  0.36)	Data 0.0001 (0.1021)	Loss (L1) 2.478 (2.686)
2026-04-26 02:47:38,232 | Epoch: [64][200/254]	Time   0.28 (  0.36)	Data 0.0001 (0.1023)	Loss (L1) 2.551 (2.686)
2026-04-26 02:47:40,925 | Epoch: [64][210/254]	Time   0.26 (  0.36)	Data 0.0001 (0.0974)	Loss (L1) 2.780 (2.691)
2026-04-26 02:47:43,624 | Epoch: [64][220/254]	Time   0.27 (  0.36)	Data 0.0001 (0.0930)	Loss (L1) 2.516 (2.687)
2026-04-26 02:47:46,283 | Epoch: [64][230/254]	Time   0.27 (  0.35)	Data 0.0001 (0.0890)	Loss (L1) 2.696 (2.688)
2026-04-26 02:47:48,934 | Epoch: [64][240/254]	Time   0.27 (  0.35)	Data 0.0001 (0.0853)	Loss (L1) 2.827 (2.688)
2026-04-26 02:47:51,587 | Epoch: [64][250/254]	Time   0.27 (  0.35)	Data 0.0000 (0.0819)	Loss (L1) 2.630 (2.688)
2026-04-26 02:48:00,560 | Val: [ 0/25]	Time  8.037 ( 8.037)	Loss (MSE) 272.093 (272.093)	Loss (L1) 15.009 (15.009)
2026-04-26 02:48:02,496 | Val: [10/25]	Time  0.084 ( 0.907)	Loss (MSE) 37.565 (106.274)	Loss (L1) 5.022 (8.331)
2026-04-26 02:48:03,336 | Val: [20/25]	Time  0.084 ( 0.515)	Loss (MSE) 288.137 (111.367)	Loss (L1) 16.142 (8.582)
2026-04-26 02:48:03,819 |  * Overall: MSE 162.987	L1 10.374	G-Mean 6.910
2026-04-26 02:48:03,819 |  * Many: MSE 87.666	L1 7.555	G-Mean 5.068
2026-04-26 02:48:03,819 |  * Median: MSE 268.061	L1 14.918	G-Mean 12.147
2026-04-26 02:48:03,820 |  * Low: MSE 568.553	L1 23.327	G-Mean 22.753
2026-04-26 02:48:03,820 | Best L1 Loss: 9.659
2026-04-26 02:48:04,026 | Epoch #64: Train loss [2.6890]; Val loss: MSE [162.9875], L1 [10.3738], G-Mean [6.9096]
2026-04-26 02:48:13,508 | Epoch: [65][  0/254]	Time   9.48 (  9.48)	Data 9.3659 (9.3659)	Loss (L1) 2.759 (2.759)
2026-04-26 02:48:17,357 | Epoch: [65][ 10/254]	Time   0.26 (  1.21)	Data 0.0002 (0.9713)	Loss (L1) 2.459 (2.679)
2026-04-26 02:48:20,047 | Epoch: [65][ 20/254]	Time   0.28 (  0.76)	Data 0.0002 (0.5089)	Loss (L1) 2.651 (2.658)
2026-04-26 02:48:22,740 | Epoch: [65][ 30/254]	Time   0.25 (  0.60)	Data 0.0002 (0.3452)	Loss (L1) 2.765 (2.689)
2026-04-26 02:48:26,029 | Epoch: [65][ 40/254]	Time   0.27 (  0.54)	Data 0.0003 (0.2822)	Loss (L1) 2.636 (2.695)
2026-04-26 02:48:28,725 | Epoch: [65][ 50/254]	Time   0.26 (  0.48)	Data 0.0002 (0.2271)	Loss (L1) 2.750 (2.704)
2026-04-26 02:48:31,423 | Epoch: [65][ 60/254]	Time   0.30 (  0.45)	Data 0.0003 (0.1899)	Loss (L1) 2.563 (2.697)
2026-04-26 02:48:34,659 | Epoch: [65][ 70/254]	Time   0.27 (  0.43)	Data 0.0002 (0.1727)	Loss (L1) 2.223 (2.682)
2026-04-26 02:48:37,399 | Epoch: [65][ 80/254]	Time   0.31 (  0.41)	Data 0.0002 (0.1514)	Loss (L1) 2.788 (2.674)
2026-04-26 02:48:40,124 | Epoch: [65][ 90/254]	Time   0.28 (  0.40)	Data 0.0002 (0.1348)	Loss (L1) 2.727 (2.665)
2026-04-26 02:48:44,659 | Epoch: [65][100/254]	Time   0.27 (  0.40)	Data 0.0002 (0.1412)	Loss (L1) 2.632 (2.671)
2026-04-26 02:48:47,348 | Epoch: [65][110/254]	Time   0.27 (  0.39)	Data 0.0003 (0.1285)	Loss (L1) 2.644 (2.669)
2026-04-26 02:48:50,059 | Epoch: [65][120/254]	Time   0.26 (  0.38)	Data 0.0002 (0.1179)	Loss (L1) 2.618 (2.673)
2026-04-26 02:48:52,767 | Epoch: [65][130/254]	Time   0.28 (  0.37)	Data 0.0002 (0.1090)	Loss (L1) 2.626 (2.674)
2026-04-26 02:48:55,502 | Epoch: [65][140/254]	Time   0.29 (  0.37)	Data 0.0002 (0.1013)	Loss (L1) 2.591 (2.672)
2026-04-26 02:48:58,252 | Epoch: [65][150/254]	Time   0.28 (  0.36)	Data 0.0002 (0.0946)	Loss (L1) 2.435 (2.669)
2026-04-26 02:49:01,194 | Epoch: [65][160/254]	Time   0.52 (  0.36)	Data 0.4041 (0.0913)	Loss (L1) 2.603 (2.670)
2026-04-26 02:49:04,286 | Epoch: [65][170/254]	Time   0.27 (  0.35)	Data 0.0002 (0.0891)	Loss (L1) 2.477 (2.669)
2026-04-26 02:49:06,998 | Epoch: [65][180/254]	Time   0.27 (  0.35)	Data 0.0002 (0.0842)	Loss (L1) 2.574 (2.667)
2026-04-26 02:49:09,827 | Epoch: [65][190/254]	Time   0.32 (  0.34)	Data 0.0001 (0.0798)	Loss (L1) 2.919 (2.675)
2026-04-26 02:49:12,585 | Epoch: [65][200/254]	Time   0.29 (  0.34)	Data 0.0001 (0.0759)	Loss (L1) 2.673 (2.673)
2026-04-26 02:49:15,297 | Epoch: [65][210/254]	Time   0.29 (  0.34)	Data 0.0001 (0.0730)	Loss (L1) 2.716 (2.675)
2026-04-26 02:49:17,975 | Epoch: [65][220/254]	Time   0.27 (  0.33)	Data 0.0001 (0.0697)	Loss (L1) 2.902 (2.677)
2026-04-26 02:49:20,622 | Epoch: [65][230/254]	Time   0.27 (  0.33)	Data 0.0001 (0.0667)	Loss (L1) 2.574 (2.675)
2026-04-26 02:49:23,274 | Epoch: [65][240/254]	Time   0.27 (  0.33)	Data 0.0001 (0.0639)	Loss (L1) 2.685 (2.678)
2026-04-26 02:49:25,926 | Epoch: [65][250/254]	Time   0.27 (  0.33)	Data 0.0001 (0.0614)	Loss (L1) 2.528 (2.675)
2026-04-26 02:49:31,950 | Val: [ 0/25]	Time  5.085 ( 5.085)	Loss (MSE) 266.623 (266.623)	Loss (L1) 14.905 (14.905)
2026-04-26 02:49:36,801 | Val: [10/25]	Time  0.084 ( 0.903)	Loss (MSE) 36.457 (103.014)	Loss (L1) 4.924 (8.184)
2026-04-26 02:49:37,640 | Val: [20/25]	Time  0.084 ( 0.513)	Loss (MSE) 287.771 (109.431)	Loss (L1) 16.080 (8.498)
2026-04-26 02:49:38,138 |  * Overall: MSE 160.809	L1 10.287	G-Mean 6.847
2026-04-26 02:49:38,138 |  * Many: MSE 86.323	L1 7.484	G-Mean 5.018
2026-04-26 02:49:38,138 |  * Median: MSE 264.213	L1 14.794	G-Mean 12.048
2026-04-26 02:49:38,138 |  * Low: MSE 563.715	L1 23.212	G-Mean 22.634
2026-04-26 02:49:38,139 | Best L1 Loss: 9.659
2026-04-26 02:49:38,360 | Epoch #65: Train loss [2.6766]; Val loss: MSE [160.8095], L1 [10.2865], G-Mean [6.8467]
2026-04-26 02:49:50,225 | Epoch: [66][  0/254]	Time  11.86 ( 11.86)	Data 11.7299 (11.7299)	Loss (L1) 2.677 (2.677)
2026-04-26 02:49:53,400 | Epoch: [66][ 10/254]	Time   0.26 (  1.37)	Data 0.0001 (1.1155)	Loss (L1) 2.732 (2.622)
2026-04-26 02:49:56,042 | Epoch: [66][ 20/254]	Time   0.26 (  0.84)	Data 0.0001 (0.5844)	Loss (L1) 2.724 (2.626)
2026-04-26 02:49:58,688 | Epoch: [66][ 30/254]	Time   0.26 (  0.66)	Data 0.0002 (0.3959)	Loss (L1) 2.507 (2.652)
2026-04-26 02:50:07,170 | Epoch: [66][ 40/254]	Time   0.27 (  0.70)	Data 0.0002 (0.4466)	Loss (L1) 2.311 (2.648)
2026-04-26 02:50:09,868 | Epoch: [66][ 50/254]	Time   0.27 (  0.62)	Data 0.0004 (0.3591)	Loss (L1) 2.974 (2.675)
2026-04-26 02:50:12,585 | Epoch: [66][ 60/254]	Time   0.27 (  0.56)	Data 0.0004 (0.3003)	Loss (L1) 2.466 (2.665)
2026-04-26 02:50:15,311 | Epoch: [66][ 70/254]	Time   0.28 (  0.52)	Data 0.0003 (0.2585)	Loss (L1) 2.681 (2.658)
2026-04-26 02:50:18,073 | Epoch: [66][ 80/254]	Time   0.29 (  0.49)	Data 0.0002 (0.2274)	Loss (L1) 2.527 (2.661)
2026-04-26 02:50:20,796 | Epoch: [66][ 90/254]	Time   0.25 (  0.47)	Data 0.0002 (0.2027)	Loss (L1) 2.667 (2.654)
2026-04-26 02:50:23,456 | Epoch: [66][100/254]	Time   0.26 (  0.45)	Data 0.0087 (0.1827)	Loss (L1) 2.366 (2.648)
2026-04-26 02:50:26,149 | Epoch: [66][110/254]	Time   0.26 (  0.43)	Data 0.0002 (0.1663)	Loss (L1) 2.612 (2.648)
2026-04-26 02:50:28,833 | Epoch: [66][120/254]	Time   0.27 (  0.42)	Data 0.0004 (0.1526)	Loss (L1) 2.392 (2.644)
2026-04-26 02:50:31,581 | Epoch: [66][130/254]	Time   0.26 (  0.41)	Data 0.1114 (0.1418)	Loss (L1) 2.909 (2.653)
2026-04-26 02:50:34,283 | Epoch: [66][140/254]	Time   0.26 (  0.40)	Data 0.0002 (0.1318)	Loss (L1) 2.620 (2.651)
2026-04-26 02:50:37,005 | Epoch: [66][150/254]	Time   0.27 (  0.39)	Data 0.0002 (0.1230)	Loss (L1) 2.794 (2.658)
2026-04-26 02:50:39,713 | Epoch: [66][160/254]	Time   0.27 (  0.38)	Data 0.0002 (0.1154)	Loss (L1) 2.599 (2.657)
2026-04-26 02:50:42,662 | Epoch: [66][170/254]	Time   0.28 (  0.38)	Data 0.0001 (0.1112)	Loss (L1) 2.872 (2.658)
2026-04-26 02:50:45,311 | Epoch: [66][180/254]	Time   0.27 (  0.37)	Data 0.0002 (0.1051)	Loss (L1) 2.412 (2.655)
2026-04-26 02:50:48,003 | Epoch: [66][190/254]	Time   0.28 (  0.36)	Data 0.0002 (0.0996)	Loss (L1) 2.670 (2.652)
2026-04-26 02:50:50,918 | Epoch: [66][200/254]	Time   0.27 (  0.36)	Data 0.0002 (0.0963)	Loss (L1) 2.666 (2.656)
2026-04-26 02:50:53,585 | Epoch: [66][210/254]	Time   0.26 (  0.36)	Data 0.0001 (0.0917)	Loss (L1) 2.647 (2.654)
2026-04-26 02:50:56,250 | Epoch: [66][220/254]	Time   0.26 (  0.35)	Data 0.0002 (0.0876)	Loss (L1) 2.633 (2.657)
2026-04-26 02:50:58,910 | Epoch: [66][230/254]	Time   0.26 (  0.35)	Data 0.0001 (0.0838)	Loss (L1) 2.902 (2.659)
2026-04-26 02:51:01,564 | Epoch: [66][240/254]	Time   0.27 (  0.35)	Data 0.0001 (0.0803)	Loss (L1) 2.557 (2.658)
2026-04-26 02:51:04,219 | Epoch: [66][250/254]	Time   0.27 (  0.34)	Data 0.0001 (0.0771)	Loss (L1) 2.420 (2.659)
2026-04-26 02:51:14,705 | Val: [ 0/25]	Time  9.528 ( 9.528)	Loss (MSE) 277.593 (277.593)	Loss (L1) 15.330 (15.330)
2026-04-26 02:51:15,548 | Val: [10/25]	Time  0.084 ( 0.943)	Loss (MSE) 38.770 (109.897)	Loss (L1) 5.092 (8.504)
2026-04-26 02:51:16,388 | Val: [20/25]	Time  0.084 ( 0.534)	Loss (MSE) 271.344 (109.464)	Loss (L1) 15.547 (8.520)
2026-04-26 02:51:16,903 |  * Overall: MSE 157.369	L1 10.221	G-Mean 6.813
2026-04-26 02:51:16,903 |  * Many: MSE 85.298	L1 7.464	G-Mean 4.984
2026-04-26 02:51:16,903 |  * Median: MSE 259.056	L1 14.704	G-Mean 12.104
2026-04-26 02:51:16,903 |  * Low: MSE 541.265	L1 22.749	G-Mean 22.198
2026-04-26 02:51:16,904 | Best L1 Loss: 9.659
2026-04-26 02:51:17,138 | Epoch #66: Train loss [2.6604]; Val loss: MSE [157.3689], L1 [10.2206], G-Mean [6.8133]
2026-04-26 02:51:23,918 | Epoch: [67][  0/254]	Time   6.78 (  6.78)	Data 6.6499 (6.6499)	Loss (L1) 2.828 (2.828)
2026-04-26 02:51:30,992 | Epoch: [67][ 10/254]	Time   0.27 (  1.26)	Data 0.0002 (0.9977)	Loss (L1) 2.761 (2.664)
2026-04-26 02:51:33,654 | Epoch: [67][ 20/254]	Time   0.26 (  0.79)	Data 0.0002 (0.5250)	Loss (L1) 2.603 (2.650)
2026-04-26 02:51:36,320 | Epoch: [67][ 30/254]	Time   0.26 (  0.62)	Data 0.0002 (0.3559)	Loss (L1) 2.934 (2.651)
2026-04-26 02:51:41,636 | Epoch: [67][ 40/254]	Time   0.26 (  0.60)	Data 0.0002 (0.3413)	Loss (L1) 2.470 (2.644)
2026-04-26 02:51:44,323 | Epoch: [67][ 50/254]	Time   0.26 (  0.53)	Data 0.0002 (0.2744)	Loss (L1) 2.707 (2.648)
2026-04-26 02:51:46,982 | Epoch: [67][ 60/254]	Time   0.27 (  0.49)	Data 0.0002 (0.2295)	Loss (L1) 2.825 (2.651)
2026-04-26 02:51:49,662 | Epoch: [67][ 70/254]	Time   0.26 (  0.46)	Data 0.0002 (0.1972)	Loss (L1) 2.400 (2.641)
2026-04-26 02:51:52,362 | Epoch: [67][ 80/254]	Time   0.26 (  0.43)	Data 0.0002 (0.1729)	Loss (L1) 2.501 (2.640)
2026-04-26 02:51:55,116 | Epoch: [67][ 90/254]	Time   0.28 (  0.42)	Data 0.0002 (0.1539)	Loss (L1) 2.732 (2.646)
2026-04-26 02:51:57,834 | Epoch: [67][100/254]	Time   0.26 (  0.40)	Data 0.0002 (0.1387)	Loss (L1) 2.303 (2.650)
2026-04-26 02:52:00,511 | Epoch: [67][110/254]	Time   0.25 (  0.39)	Data 0.0002 (0.1262)	Loss (L1) 2.937 (2.650)
2026-04-26 02:52:03,243 | Epoch: [67][120/254]	Time   0.28 (  0.38)	Data 0.0002 (0.1158)	Loss (L1) 2.766 (2.648)
2026-04-26 02:52:06,076 | Epoch: [67][130/254]	Time   0.27 (  0.37)	Data 0.0002 (0.1070)	Loss (L1) 2.779 (2.644)
2026-04-26 02:52:08,777 | Epoch: [67][140/254]	Time   0.26 (  0.37)	Data 0.0002 (0.0994)	Loss (L1) 2.476 (2.642)
2026-04-26 02:52:11,517 | Epoch: [67][150/254]	Time   0.26 (  0.36)	Data 0.0062 (0.0929)	Loss (L1) 2.904 (2.644)
2026-04-26 02:52:14,206 | Epoch: [67][160/254]	Time   0.24 (  0.35)	Data 0.0214 (0.0873)	Loss (L1) 2.709 (2.643)
2026-04-26 02:52:16,943 | Epoch: [67][170/254]	Time   0.26 (  0.35)	Data 0.0002 (0.0822)	Loss (L1) 2.736 (2.648)
2026-04-26 02:52:19,681 | Epoch: [67][180/254]	Time   0.27 (  0.35)	Data 0.0002 (0.0777)	Loss (L1) 2.799 (2.650)
2026-04-26 02:52:22,403 | Epoch: [67][190/254]	Time   0.27 (  0.34)	Data 0.0001 (0.0737)	Loss (L1) 2.644 (2.644)
2026-04-26 02:52:25,192 | Epoch: [67][200/254]	Time   0.29 (  0.34)	Data 0.0001 (0.0701)	Loss (L1) 2.860 (2.647)
2026-04-26 02:52:27,860 | Epoch: [67][210/254]	Time   0.25 (  0.34)	Data 0.0001 (0.0668)	Loss (L1) 2.788 (2.652)
2026-04-26 02:52:30,522 | Epoch: [67][220/254]	Time   0.27 (  0.33)	Data 0.0001 (0.0637)	Loss (L1) 2.550 (2.647)
2026-04-26 02:52:33,179 | Epoch: [67][230/254]	Time   0.27 (  0.33)	Data 0.0001 (0.0610)	Loss (L1) 2.616 (2.648)
2026-04-26 02:52:35,832 | Epoch: [67][240/254]	Time   0.27 (  0.33)	Data 0.0001 (0.0585)	Loss (L1) 2.600 (2.648)
2026-04-26 02:52:38,487 | Epoch: [67][250/254]	Time   0.27 (  0.32)	Data 0.0001 (0.0561)	Loss (L1) 2.429 (2.651)
2026-04-26 02:52:48,337 | Val: [ 0/25]	Time  8.917 ( 8.917)	Loss (MSE) 280.698 (280.698)	Loss (L1) 15.376 (15.376)
2026-04-26 02:52:49,592 | Val: [10/25]	Time  0.084 ( 0.925)	Loss (MSE) 37.070 (107.203)	Loss (L1) 4.950 (8.384)
2026-04-26 02:52:50,430 | Val: [20/25]	Time  0.084 ( 0.524)	Loss (MSE) 290.117 (111.507)	Loss (L1) 16.208 (8.596)
2026-04-26 02:52:50,935 |  * Overall: MSE 164.396	L1 10.418	G-Mean 6.970
2026-04-26 02:52:50,935 |  * Many: MSE 87.274	L1 7.542	G-Mean 5.088
2026-04-26 02:52:50,935 |  * Median: MSE 270.774	L1 15.041	G-Mean 12.390
2026-04-26 02:52:50,935 |  * Low: MSE 584.031	L1 23.682	G-Mean 23.146
2026-04-26 02:52:50,936 | Best L1 Loss: 9.659
2026-04-26 02:52:51,162 | Epoch #67: Train loss [2.6521]; Val loss: MSE [164.3956], L1 [10.4179], G-Mean [6.9700]
2026-04-26 02:53:01,262 | Epoch: [68][  0/254]	Time  10.10 ( 10.10)	Data 9.9821 (9.9821)	Loss (L1) 2.688 (2.688)
2026-04-26 02:53:04,431 | Epoch: [68][ 10/254]	Time   0.27 (  1.21)	Data 0.0004 (0.9937)	Loss (L1) 2.438 (2.608)
2026-04-26 02:53:07,095 | Epoch: [68][ 20/254]	Time   0.26 (  0.76)	Data 0.0057 (0.5209)	Loss (L1) 2.582 (2.629)
2026-04-26 02:53:09,760 | Epoch: [68][ 30/254]	Time   0.26 (  0.60)	Data 0.0002 (0.3529)	Loss (L1) 2.501 (2.620)
2026-04-26 02:53:14,298 | Epoch: [68][ 40/254]	Time   0.26 (  0.56)	Data 0.0002 (0.3251)	Loss (L1) 2.650 (2.618)
2026-04-26 02:53:16,947 | Epoch: [68][ 50/254]	Time   0.26 (  0.51)	Data 0.0002 (0.2614)	Loss (L1) 2.728 (2.624)
2026-04-26 02:53:19,635 | Epoch: [68][ 60/254]	Time   0.26 (  0.47)	Data 0.0003 (0.2186)	Loss (L1) 2.849 (2.636)
2026-04-26 02:53:22,374 | Epoch: [68][ 70/254]	Time   0.27 (  0.44)	Data 0.0004 (0.1879)	Loss (L1) 2.846 (2.659)
2026-04-26 02:53:25,202 | Epoch: [68][ 80/254]	Time   0.30 (  0.42)	Data 0.0062 (0.1653)	Loss (L1) 2.467 (2.652)
2026-04-26 02:53:27,877 | Epoch: [68][ 90/254]	Time   0.25 (  0.40)	Data 0.0002 (0.1471)	Loss (L1) 2.795 (2.645)
2026-04-26 02:53:30,695 | Epoch: [68][100/254]	Time   0.26 (  0.39)	Data 0.0002 (0.1327)	Loss (L1) 2.600 (2.641)
2026-04-26 02:53:33,412 | Epoch: [68][110/254]	Time   0.27 (  0.38)	Data 0.0002 (0.1208)	Loss (L1) 2.692 (2.645)
2026-04-26 02:53:36,168 | Epoch: [68][120/254]	Time   0.28 (  0.37)	Data 0.0002 (0.1109)	Loss (L1) 2.878 (2.645)
2026-04-26 02:53:38,893 | Epoch: [68][130/254]	Time   0.27 (  0.36)	Data 0.0004 (0.1025)	Loss (L1) 2.311 (2.644)
2026-04-26 02:53:41,625 | Epoch: [68][140/254]	Time   0.29 (  0.36)	Data 0.0002 (0.0953)	Loss (L1) 2.908 (2.648)
2026-04-26 02:53:44,328 | Epoch: [68][150/254]	Time   0.28 (  0.35)	Data 0.0003 (0.0890)	Loss (L1) 2.627 (2.644)
2026-04-26 02:53:47,040 | Epoch: [68][160/254]	Time   0.26 (  0.35)	Data 0.0002 (0.0835)	Loss (L1) 2.648 (2.648)
2026-04-26 02:53:49,727 | Epoch: [68][170/254]	Time   0.26 (  0.34)	Data 0.0002 (0.0786)	Loss (L1) 2.429 (2.646)
2026-04-26 02:53:52,448 | Epoch: [68][180/254]	Time   0.27 (  0.34)	Data 0.0002 (0.0743)	Loss (L1) 2.667 (2.648)
2026-04-26 02:53:55,140 | Epoch: [68][190/254]	Time   0.25 (  0.33)	Data 0.0001 (0.0704)	Loss (L1) 2.631 (2.648)
2026-04-26 02:53:58,649 | Epoch: [68][200/254]	Time   0.27 (  0.34)	Data 0.0001 (0.0715)	Loss (L1) 2.395 (2.648)
2026-04-26 02:54:01,367 | Epoch: [68][210/254]	Time   0.29 (  0.33)	Data 0.0002 (0.0682)	Loss (L1) 2.676 (2.650)
2026-04-26 02:54:04,030 | Epoch: [68][220/254]	Time   0.27 (  0.33)	Data 0.0001 (0.0651)	Loss (L1) 2.657 (2.648)
2026-04-26 02:54:06,688 | Epoch: [68][230/254]	Time   0.27 (  0.33)	Data 0.0001 (0.0623)	Loss (L1) 2.628 (2.644)
2026-04-26 02:54:09,345 | Epoch: [68][240/254]	Time   0.26 (  0.32)	Data 0.0001 (0.0597)	Loss (L1) 2.870 (2.641)
2026-04-26 02:54:12,004 | Epoch: [68][250/254]	Time   0.27 (  0.32)	Data 0.0002 (0.0573)	Loss (L1) 2.902 (2.641)
2026-04-26 02:54:21,653 | Val: [ 0/25]	Time  8.688 ( 8.688)	Loss (MSE) 265.500 (265.500)	Loss (L1) 14.860 (14.860)
2026-04-26 02:54:22,778 | Val: [10/25]	Time  0.084 ( 0.892)	Loss (MSE) 38.625 (106.567)	Loss (L1) 5.071 (8.374)
2026-04-26 02:54:23,616 | Val: [20/25]	Time  0.084 ( 0.507)	Loss (MSE) 282.916 (109.802)	Loss (L1) 15.975 (8.551)
2026-04-26 02:54:24,095 |  * Overall: MSE 161.632	L1 10.348	G-Mean 6.929
2026-04-26 02:54:24,095 |  * Many: MSE 86.700	L1 7.542	G-Mean 5.090
2026-04-26 02:54:24,095 |  * Median: MSE 263.638	L1 14.814	G-Mean 12.116
2026-04-26 02:54:24,095 |  * Low: MSE 574.264	L1 23.457	G-Mean 22.866
2026-04-26 02:54:24,096 | Best L1 Loss: 9.659
2026-04-26 02:54:24,316 | Epoch #68: Train loss [2.6409]; Val loss: MSE [161.6323], L1 [10.3480], G-Mean [6.9286]
2026-04-26 02:54:35,648 | Epoch: [69][  0/254]	Time  11.33 ( 11.33)	Data 11.1969 (11.1969)	Loss (L1) 2.499 (2.499)
2026-04-26 02:54:38,330 | Epoch: [69][ 10/254]	Time   0.28 (  1.27)	Data 0.0002 (1.0182)	Loss (L1) 2.453 (2.545)
2026-04-26 02:54:41,022 | Epoch: [69][ 20/254]	Time   0.28 (  0.80)	Data 0.0002 (0.5335)	Loss (L1) 2.566 (2.607)
2026-04-26 02:54:43,714 | Epoch: [69][ 30/254]	Time   0.26 (  0.63)	Data 0.0002 (0.3614)	Loss (L1) 2.479 (2.602)
2026-04-26 02:54:46,558 | Epoch: [69][ 40/254]	Time   0.27 (  0.54)	Data 0.0002 (0.2806)	Loss (L1) 2.754 (2.605)
2026-04-26 02:54:49,241 | Epoch: [69][ 50/254]	Time   0.28 (  0.49)	Data 0.0002 (0.2256)	Loss (L1) 2.702 (2.618)
2026-04-26 02:54:51,954 | Epoch: [69][ 60/254]	Time   0.28 (  0.45)	Data 0.0059 (0.1895)	Loss (L1) 2.847 (2.632)
2026-04-26 02:54:57,821 | Epoch: [69][ 70/254]	Time   0.29 (  0.47)	Data 0.0003 (0.2082)	Loss (L1) 2.600 (2.641)
2026-04-26 02:55:00,544 | Epoch: [69][ 80/254]	Time   0.27 (  0.45)	Data 0.0004 (0.1826)	Loss (L1) 2.805 (2.639)
2026-04-26 02:55:03,268 | Epoch: [69][ 90/254]	Time   0.26 (  0.43)	Data 0.0002 (0.1625)	Loss (L1) 2.848 (2.643)
2026-04-26 02:55:05,980 | Epoch: [69][100/254]	Time   0.27 (  0.41)	Data 0.0002 (0.1465)	Loss (L1) 2.720 (2.638)
2026-04-26 02:55:08,696 | Epoch: [69][110/254]	Time   0.27 (  0.40)	Data 0.0002 (0.1333)	Loss (L1) 2.804 (2.638)
2026-04-26 02:55:11,415 | Epoch: [69][120/254]	Time   0.28 (  0.39)	Data 0.0003 (0.1223)	Loss (L1) 2.898 (2.645)
2026-04-26 02:55:14,140 | Epoch: [69][130/254]	Time   0.22 (  0.38)	Data 0.0103 (0.1131)	Loss (L1) 2.713 (2.642)
2026-04-26 02:55:16,922 | Epoch: [69][140/254]	Time   0.29 (  0.37)	Data 0.0002 (0.1051)	Loss (L1) 2.787 (2.645)
2026-04-26 02:55:19,611 | Epoch: [69][150/254]	Time   0.27 (  0.37)	Data 0.0002 (0.0982)	Loss (L1) 3.106 (2.643)
2026-04-26 02:55:22,332 | Epoch: [69][160/254]	Time   0.27 (  0.36)	Data 0.0002 (0.0921)	Loss (L1) 2.406 (2.639)
2026-04-26 02:55:25,029 | Epoch: [69][170/254]	Time   0.25 (  0.36)	Data 0.0002 (0.0868)	Loss (L1) 2.560 (2.644)
2026-04-26 02:55:27,790 | Epoch: [69][180/254]	Time   0.26 (  0.35)	Data 0.0002 (0.0820)	Loss (L1) 2.616 (2.643)
2026-04-26 02:55:30,492 | Epoch: [69][190/254]	Time   0.27 (  0.35)	Data 0.0001 (0.0777)	Loss (L1) 2.323 (2.638)
2026-04-26 02:55:33,427 | Epoch: [69][200/254]	Time   0.29 (  0.34)	Data 0.0001 (0.0757)	Loss (L1) 2.368 (2.633)
2026-04-26 02:55:36,137 | Epoch: [69][210/254]	Time   0.27 (  0.34)	Data 0.0003 (0.0726)	Loss (L1) 2.723 (2.630)
2026-04-26 02:55:38,812 | Epoch: [69][220/254]	Time   0.27 (  0.34)	Data 0.0001 (0.0693)	Loss (L1) 2.488 (2.628)
2026-04-26 02:55:41,473 | Epoch: [69][230/254]	Time   0.27 (  0.33)	Data 0.0001 (0.0663)	Loss (L1) 2.494 (2.628)
2026-04-26 02:55:44,140 | Epoch: [69][240/254]	Time   0.27 (  0.33)	Data 0.0001 (0.0636)	Loss (L1) 2.578 (2.626)
2026-04-26 02:55:46,804 | Epoch: [69][250/254]	Time   0.27 (  0.33)	Data 0.0001 (0.0611)	Loss (L1) 2.634 (2.626)
2026-04-26 02:55:59,359 | Val: [ 0/25]	Time 11.617 (11.617)	Loss (MSE) 282.139 (282.139)	Loss (L1) 15.301 (15.301)
2026-04-26 02:56:01,206 | Val: [10/25]	Time  0.083 ( 1.224)	Loss (MSE) 38.483 (112.247)	Loss (L1) 5.031 (8.610)
2026-04-26 02:56:02,042 | Val: [20/25]	Time  0.084 ( 0.681)	Loss (MSE) 269.617 (110.064)	Loss (L1) 15.616 (8.543)
2026-04-26 02:56:02,531 |  * Overall: MSE 159.975	L1 10.300	G-Mean 6.891
2026-04-26 02:56:02,531 |  * Many: MSE 85.225	L1 7.486	G-Mean 5.059
2026-04-26 02:56:02,531 |  * Median: MSE 264.276	L1 14.836	G-Mean 12.080
2026-04-26 02:56:02,531 |  * Low: MSE 562.380	L1 23.233	G-Mean 22.689
2026-04-26 02:56:02,532 | Best L1 Loss: 9.659
2026-04-26 02:56:02,741 | Epoch #69: Train loss [2.6272]; Val loss: MSE [159.9754], L1 [10.2997], G-Mean [6.8911]
2026-04-26 02:56:15,361 | Epoch: [70][  0/254]	Time  12.62 ( 12.62)	Data 12.5030 (12.5030)	Loss (L1) 2.554 (2.554)
2026-04-26 02:56:18,013 | Epoch: [70][ 10/254]	Time   0.26 (  1.39)	Data 0.0002 (1.1369)	Loss (L1) 2.442 (2.511)
2026-04-26 02:56:20,666 | Epoch: [70][ 20/254]	Time   0.26 (  0.85)	Data 0.0002 (0.5956)	Loss (L1) 2.582 (2.551)
2026-04-26 02:56:23,328 | Epoch: [70][ 30/254]	Time   0.26 (  0.66)	Data 0.0002 (0.4035)	Loss (L1) 2.840 (2.561)
2026-04-26 02:56:26,039 | Epoch: [70][ 40/254]	Time   0.26 (  0.57)	Data 0.0002 (0.3098)	Loss (L1) 2.401 (2.565)
2026-04-26 02:56:28,714 | Epoch: [70][ 50/254]	Time   0.27 (  0.51)	Data 0.0001 (0.2491)	Loss (L1) 2.542 (2.557)
2026-04-26 02:56:31,367 | Epoch: [70][ 60/254]	Time   0.27 (  0.47)	Data 0.0001 (0.2083)	Loss (L1) 2.698 (2.560)
2026-04-26 02:56:38,841 | Epoch: [70][ 70/254]	Time   0.26 (  0.51)	Data 0.0003 (0.2510)	Loss (L1) 2.579 (2.567)
2026-04-26 02:56:41,552 | Epoch: [70][ 80/254]	Time   0.28 (  0.48)	Data 0.0002 (0.2201)	Loss (L1) 2.612 (2.576)
2026-04-26 02:56:44,218 | Epoch: [70][ 90/254]	Time   0.27 (  0.46)	Data 0.0002 (0.1959)	Loss (L1) 2.722 (2.589)
2026-04-26 02:56:47,842 | Epoch: [70][100/254]	Time   0.25 (  0.45)	Data 0.0002 (0.1883)	Loss (L1) 2.660 (2.588)
2026-04-26 02:56:50,544 | Epoch: [70][110/254]	Time   0.27 (  0.43)	Data 0.0002 (0.1716)	Loss (L1) 2.609 (2.589)
2026-04-26 02:56:53,263 | Epoch: [70][120/254]	Time   0.25 (  0.42)	Data 0.0002 (0.1575)	Loss (L1) 2.372 (2.588)
2026-04-26 02:56:56,673 | Epoch: [70][130/254]	Time   0.27 (  0.41)	Data 0.0004 (0.1520)	Loss (L1) 2.552 (2.591)
2026-04-26 02:56:59,438 | Epoch: [70][140/254]	Time   0.26 (  0.40)	Data 0.0070 (0.1413)	Loss (L1) 2.796 (2.594)
2026-04-26 02:57:02,211 | Epoch: [70][150/254]	Time   0.26 (  0.39)	Data 0.0002 (0.1319)	Loss (L1) 2.533 (2.599)
2026-04-26 02:57:04,944 | Epoch: [70][160/254]	Time   0.25 (  0.39)	Data 0.0518 (0.1242)	Loss (L1) 2.834 (2.599)
2026-04-26 02:57:07,686 | Epoch: [70][170/254]	Time   0.24 (  0.38)	Data 0.0002 (0.1176)	Loss (L1) 2.750 (2.600)
2026-04-26 02:57:10,434 | Epoch: [70][180/254]	Time   0.28 (  0.37)	Data 0.0002 (0.1111)	Loss (L1) 2.903 (2.602)
2026-04-26 02:57:13,160 | Epoch: [70][190/254]	Time   0.27 (  0.37)	Data 0.0001 (0.1054)	Loss (L1) 2.824 (2.604)
2026-04-26 02:57:16,980 | Epoch: [70][200/254]	Time   0.27 (  0.37)	Data 0.0001 (0.1072)	Loss (L1) 2.693 (2.604)
2026-04-26 02:57:19,651 | Epoch: [70][210/254]	Time   0.27 (  0.36)	Data 0.0001 (0.1021)	Loss (L1) 2.719 (2.605)
2026-04-26 02:57:22,317 | Epoch: [70][220/254]	Time   0.27 (  0.36)	Data 0.0001 (0.0975)	Loss (L1) 2.775 (2.605)
2026-04-26 02:57:24,984 | Epoch: [70][230/254]	Time   0.27 (  0.36)	Data 0.0001 (0.0933)	Loss (L1) 2.655 (2.606)
2026-04-26 02:57:27,653 | Epoch: [70][240/254]	Time   0.27 (  0.35)	Data 0.0001 (0.0894)	Loss (L1) 2.559 (2.606)
2026-04-26 02:57:30,322 | Epoch: [70][250/254]	Time   0.27 (  0.35)	Data 0.0001 (0.0859)	Loss (L1) 2.817 (2.611)
2026-04-26 02:57:40,559 | Val: [ 0/25]	Time  9.277 ( 9.277)	Loss (MSE) 274.009 (274.009)	Loss (L1) 15.075 (15.075)
2026-04-26 02:57:41,707 | Val: [10/25]	Time  0.084 ( 0.948)	Loss (MSE) 37.302 (108.096)	Loss (L1) 4.988 (8.443)
2026-04-26 02:57:42,547 | Val: [20/25]	Time  0.084 ( 0.536)	Loss (MSE) 286.806 (110.757)	Loss (L1) 16.172 (8.583)
2026-04-26 02:57:43,034 |  * Overall: MSE 163.780	L1 10.411	G-Mean 6.885
2026-04-26 02:57:43,034 |  * Many: MSE 86.553	L1 7.547	G-Mean 5.030
2026-04-26 02:57:43,034 |  * Median: MSE 269.537	L1 14.979	G-Mean 12.156
2026-04-26 02:57:43,034 |  * Low: MSE 586.775	L1 23.753	G-Mean 23.203
2026-04-26 02:57:43,035 | Best L1 Loss: 9.659
2026-04-26 02:57:43,237 | Epoch #70: Train loss [2.6119]; Val loss: MSE [163.7801], L1 [10.4110], G-Mean [6.8845]
2026-04-26 02:57:51,743 | Epoch: [71][  0/254]	Time   8.51 (  8.51)	Data 8.3742 (8.3742)	Loss (L1) 2.682 (2.682)
2026-04-26 02:57:56,544 | Epoch: [71][ 10/254]	Time   0.27 (  1.21)	Data 0.0002 (0.9687)	Loss (L1) 2.900 (2.749)
2026-04-26 02:57:59,251 | Epoch: [71][ 20/254]	Time   0.26 (  0.76)	Data 0.0067 (0.5078)	Loss (L1) 2.479 (2.656)
2026-04-26 02:58:01,944 | Epoch: [71][ 30/254]	Time   0.27 (  0.60)	Data 0.0002 (0.3444)	Loss (L1) 2.484 (2.631)
2026-04-26 02:58:04,639 | Epoch: [71][ 40/254]	Time   0.26 (  0.52)	Data 0.0004 (0.2604)	Loss (L1) 2.553 (2.622)
2026-04-26 02:58:07,392 | Epoch: [71][ 50/254]	Time   0.29 (  0.47)	Data 0.0003 (0.2095)	Loss (L1) 2.839 (2.636)
2026-04-26 02:58:10,131 | Epoch: [71][ 60/254]	Time   0.27 (  0.44)	Data 0.0002 (0.1755)	Loss (L1) 2.562 (2.629)
2026-04-26 02:58:13,248 | Epoch: [71][ 70/254]	Time   0.27 (  0.42)	Data 0.0002 (0.1591)	Loss (L1) 2.538 (2.624)
2026-04-26 02:58:15,938 | Epoch: [71][ 80/254]	Time   0.27 (  0.40)	Data 0.0002 (0.1395)	Loss (L1) 2.621 (2.615)
2026-04-26 02:58:18,631 | Epoch: [71][ 90/254]	Time   0.27 (  0.39)	Data 0.0003 (0.1242)	Loss (L1) 2.479 (2.620)
2026-04-26 02:58:22,612 | Epoch: [71][100/254]	Time   0.27 (  0.39)	Data 0.0002 (0.1260)	Loss (L1) 2.736 (2.616)
2026-04-26 02:58:25,338 | Epoch: [71][110/254]	Time   0.28 (  0.38)	Data 0.0002 (0.1147)	Loss (L1) 2.599 (2.621)
2026-04-26 02:58:28,060 | Epoch: [71][120/254]	Time   0.27 (  0.37)	Data 0.0003 (0.1052)	Loss (L1) 2.433 (2.614)
2026-04-26 02:58:30,844 | Epoch: [71][130/254]	Time   0.27 (  0.36)	Data 0.0102 (0.0989)	Loss (L1) 2.572 (2.612)
2026-04-26 02:58:33,564 | Epoch: [71][140/254]	Time   0.27 (  0.36)	Data 0.0002 (0.0920)	Loss (L1) 2.539 (2.604)
2026-04-26 02:58:36,273 | Epoch: [71][150/254]	Time   0.27 (  0.35)	Data 0.0002 (0.0860)	Loss (L1) 2.714 (2.611)
2026-04-26 02:58:39,015 | Epoch: [71][160/254]	Time   0.26 (  0.35)	Data 0.0104 (0.0808)	Loss (L1) 2.610 (2.615)
2026-04-26 02:58:42,085 | Epoch: [71][170/254]	Time   0.26 (  0.34)	Data 0.0002 (0.0793)	Loss (L1) 2.810 (2.615)
2026-04-26 02:58:44,793 | Epoch: [71][180/254]	Time   0.29 (  0.34)	Data 0.0002 (0.0750)	Loss (L1) 2.677 (2.615)
2026-04-26 02:58:47,516 | Epoch: [71][190/254]	Time   0.28 (  0.34)	Data 0.0002 (0.0711)	Loss (L1) 2.777 (2.615)
2026-04-26 02:58:50,348 | Epoch: [71][200/254]	Time   0.26 (  0.33)	Data 0.0002 (0.0690)	Loss (L1) 2.662 (2.616)
2026-04-26 02:58:53,023 | Epoch: [71][210/254]	Time   0.27 (  0.33)	Data 0.0001 (0.0657)	Loss (L1) 2.524 (2.617)
2026-04-26 02:58:55,686 | Epoch: [71][220/254]	Time   0.27 (  0.33)	Data 0.0001 (0.0628)	Loss (L1) 2.369 (2.615)
2026-04-26 02:58:58,348 | Epoch: [71][230/254]	Time   0.27 (  0.33)	Data 0.0001 (0.0600)	Loss (L1) 2.329 (2.614)
2026-04-26 02:59:01,010 | Epoch: [71][240/254]	Time   0.27 (  0.32)	Data 0.0001 (0.0576)	Loss (L1) 2.522 (2.614)
2026-04-26 02:59:03,671 | Epoch: [71][250/254]	Time   0.27 (  0.32)	Data 0.0001 (0.0553)	Loss (L1) 2.425 (2.610)
2026-04-26 02:59:14,142 | Val: [ 0/25]	Time  9.521 ( 9.521)	Loss (MSE) 274.631 (274.631)	Loss (L1) 15.133 (15.133)
2026-04-26 02:59:14,985 | Val: [10/25]	Time  0.084 ( 0.942)	Loss (MSE) 37.106 (108.957)	Loss (L1) 4.930 (8.475)
2026-04-26 02:59:15,826 | Val: [20/25]	Time  0.085 ( 0.534)	Loss (MSE) 275.899 (108.662)	Loss (L1) 15.821 (8.497)
2026-04-26 02:59:16,305 |  * Overall: MSE 160.809	L1 10.309	G-Mean 6.885
2026-04-26 02:59:16,305 |  * Many: MSE 84.056	L1 7.441	G-Mean 5.039
2026-04-26 02:59:16,305 |  * Median: MSE 265.864	L1 14.893	G-Mean 12.125
2026-04-26 02:59:16,305 |  * Low: MSE 581.405	L1 23.632	G-Mean 23.068
2026-04-26 02:59:16,306 | Best L1 Loss: 9.659
2026-04-26 02:59:16,509 | Epoch #71: Train loss [2.6107]; Val loss: MSE [160.8094], L1 [10.3085], G-Mean [6.8854]
2026-04-26 02:59:27,018 | Epoch: [72][  0/254]	Time  10.51 ( 10.51)	Data 10.3247 (10.3247)	Loss (L1) 2.728 (2.728)
2026-04-26 02:59:29,653 | Epoch: [72][ 10/254]	Time   0.27 (  1.19)	Data 0.0003 (0.9394)	Loss (L1) 2.861 (2.626)
2026-04-26 02:59:32,339 | Epoch: [72][ 20/254]	Time   0.27 (  0.75)	Data 0.0135 (0.4934)	Loss (L1) 2.682 (2.628)
2026-04-26 02:59:35,082 | Epoch: [72][ 30/254]	Time   0.27 (  0.60)	Data 0.0003 (0.3344)	Loss (L1) 2.606 (2.607)
2026-04-26 02:59:38,393 | Epoch: [72][ 40/254]	Time   0.27 (  0.53)	Data 0.0046 (0.2717)	Loss (L1) 2.843 (2.581)
2026-04-26 02:59:41,077 | Epoch: [72][ 50/254]	Time   0.26 (  0.48)	Data 0.0004 (0.2185)	Loss (L1) 2.695 (2.563)
2026-04-26 02:59:43,769 | Epoch: [72][ 60/254]	Time   0.24 (  0.45)	Data 0.0002 (0.1832)	Loss (L1) 2.484 (2.564)
2026-04-26 02:59:46,434 | Epoch: [72][ 70/254]	Time   0.27 (  0.42)	Data 0.0003 (0.1577)	Loss (L1) 2.509 (2.563)
2026-04-26 02:59:49,167 | Epoch: [72][ 80/254]	Time   0.25 (  0.40)	Data 0.0002 (0.1384)	Loss (L1) 2.852 (2.583)
2026-04-26 02:59:51,882 | Epoch: [72][ 90/254]	Time   0.29 (  0.39)	Data 0.0004 (0.1233)	Loss (L1) 2.749 (2.577)
2026-04-26 02:59:54,685 | Epoch: [72][100/254]	Time   0.28 (  0.38)	Data 0.0004 (0.1130)	Loss (L1) 2.887 (2.585)
2026-04-26 02:59:57,376 | Epoch: [72][110/254]	Time   0.26 (  0.37)	Data 0.0003 (0.1029)	Loss (L1) 2.563 (2.586)
2026-04-26 03:00:00,052 | Epoch: [72][120/254]	Time   0.26 (  0.36)	Data 0.0002 (0.0945)	Loss (L1) 2.600 (2.587)
2026-04-26 03:00:03,749 | Epoch: [72][130/254]	Time   0.26 (  0.36)	Data 0.0204 (0.0963)	Loss (L1) 2.695 (2.586)
2026-04-26 03:00:06,435 | Epoch: [72][140/254]	Time   0.29 (  0.35)	Data 0.0002 (0.0895)	Loss (L1) 2.414 (2.589)
2026-04-26 03:00:09,113 | Epoch: [72][150/254]	Time   0.27 (  0.35)	Data 0.0002 (0.0836)	Loss (L1) 2.534 (2.584)
2026-04-26 03:00:12,756 | Epoch: [72][160/254]	Time   1.20 (  0.35)	Data 1.0895 (0.0852)	Loss (L1) 2.487 (2.580)
2026-04-26 03:00:15,449 | Epoch: [72][170/254]	Time   0.26 (  0.34)	Data 0.0002 (0.0802)	Loss (L1) 2.421 (2.578)
2026-04-26 03:00:18,150 | Epoch: [72][180/254]	Time   0.25 (  0.34)	Data 0.0004 (0.0758)	Loss (L1) 2.642 (2.580)
2026-04-26 03:00:20,925 | Epoch: [72][190/254]	Time   0.27 (  0.34)	Data 0.0001 (0.0719)	Loss (L1) 2.266 (2.586)
2026-04-26 03:00:24,196 | Epoch: [72][200/254]	Time   0.25 (  0.34)	Data 0.0002 (0.0719)	Loss (L1) 2.843 (2.590)
2026-04-26 03:00:26,861 | Epoch: [72][210/254]	Time   0.27 (  0.33)	Data 0.0001 (0.0685)	Loss (L1) 2.696 (2.587)
2026-04-26 03:00:29,514 | Epoch: [72][220/254]	Time   0.27 (  0.33)	Data 0.0001 (0.0654)	Loss (L1) 2.524 (2.590)
2026-04-26 03:00:32,170 | Epoch: [72][230/254]	Time   0.27 (  0.33)	Data 0.0001 (0.0626)	Loss (L1) 2.600 (2.587)
2026-04-26 03:00:34,824 | Epoch: [72][240/254]	Time   0.27 (  0.32)	Data 0.0001 (0.0600)	Loss (L1) 2.557 (2.589)
2026-04-26 03:00:37,484 | Epoch: [72][250/254]	Time   0.27 (  0.32)	Data 0.0001 (0.0576)	Loss (L1) 2.696 (2.593)
2026-04-26 03:00:48,074 | Val: [ 0/25]	Time  9.627 ( 9.627)	Loss (MSE) 272.244 (272.244)	Loss (L1) 15.063 (15.063)
2026-04-26 03:00:48,964 | Val: [10/25]	Time  0.084 ( 0.956)	Loss (MSE) 38.118 (108.623)	Loss (L1) 5.006 (8.459)
2026-04-26 03:00:49,803 | Val: [20/25]	Time  0.084 ( 0.541)	Loss (MSE) 282.655 (110.550)	Loss (L1) 16.018 (8.577)
2026-04-26 03:00:50,308 |  * Overall: MSE 163.318	L1 10.396	G-Mean 6.933
2026-04-26 03:00:50,308 |  * Many: MSE 86.597	L1 7.541	G-Mean 5.082
2026-04-26 03:00:50,308 |  * Median: MSE 267.523	L1 14.938	G-Mean 12.157
2026-04-26 03:00:50,308 |  * Low: MSE 586.650	L1 23.731	G-Mean 23.159
2026-04-26 03:00:50,309 | Best L1 Loss: 9.659
2026-04-26 03:00:50,536 | Epoch #72: Train loss [2.5927]; Val loss: MSE [163.3176], L1 [10.3958], G-Mean [6.9331]
2026-04-26 03:01:00,536 | Epoch: [73][  0/254]	Time  10.00 ( 10.00)	Data 9.8923 (9.8923)	Loss (L1) 2.571 (2.571)
2026-04-26 03:01:03,601 | Epoch: [73][ 10/254]	Time   0.26 (  1.19)	Data 0.0002 (0.9512)	Loss (L1) 2.806 (2.551)
2026-04-26 03:01:06,255 | Epoch: [73][ 20/254]	Time   0.26 (  0.75)	Data 0.0006 (0.4984)	Loss (L1) 2.621 (2.579)
2026-04-26 03:01:08,896 | Epoch: [73][ 30/254]	Time   0.26 (  0.59)	Data 0.0002 (0.3377)	Loss (L1) 2.349 (2.553)
2026-04-26 03:01:15,508 | Epoch: [73][ 40/254]	Time   0.26 (  0.61)	Data 0.0002 (0.3550)	Loss (L1) 2.702 (2.544)
2026-04-26 03:01:18,173 | Epoch: [73][ 50/254]	Time   0.27 (  0.54)	Data 0.0002 (0.2854)	Loss (L1) 2.440 (2.562)
2026-04-26 03:01:20,821 | Epoch: [73][ 60/254]	Time   0.27 (  0.50)	Data 0.0002 (0.2387)	Loss (L1) 2.844 (2.565)
2026-04-26 03:01:23,546 | Epoch: [73][ 70/254]	Time   0.26 (  0.46)	Data 0.0002 (0.2051)	Loss (L1) 2.689 (2.574)
2026-04-26 03:01:26,229 | Epoch: [73][ 80/254]	Time   0.26 (  0.44)	Data 0.0002 (0.1821)	Loss (L1) 2.749 (2.579)
2026-04-26 03:01:29,023 | Epoch: [73][ 90/254]	Time   0.26 (  0.42)	Data 0.0002 (0.1621)	Loss (L1) 2.509 (2.578)
2026-04-26 03:01:31,736 | Epoch: [73][100/254]	Time   0.27 (  0.41)	Data 0.0002 (0.1461)	Loss (L1) 2.487 (2.579)
2026-04-26 03:01:34,838 | Epoch: [73][110/254]	Time   0.27 (  0.40)	Data 0.0004 (0.1375)	Loss (L1) 2.613 (2.573)
2026-04-26 03:01:37,506 | Epoch: [73][120/254]	Time   0.28 (  0.39)	Data 0.0002 (0.1263)	Loss (L1) 2.537 (2.573)
2026-04-26 03:01:40,218 | Epoch: [73][130/254]	Time   0.27 (  0.38)	Data 0.0002 (0.1167)	Loss (L1) 2.738 (2.569)
2026-04-26 03:01:43,728 | Epoch: [73][140/254]	Time   0.27 (  0.38)	Data 0.0002 (0.1167)	Loss (L1) 2.467 (2.569)
2026-04-26 03:01:46,408 | Epoch: [73][150/254]	Time   0.27 (  0.37)	Data 0.0002 (0.1090)	Loss (L1) 2.865 (2.567)
2026-04-26 03:01:49,139 | Epoch: [73][160/254]	Time   0.27 (  0.36)	Data 0.0002 (0.1022)	Loss (L1) 2.730 (2.568)
2026-04-26 03:01:52,576 | Epoch: [73][170/254]	Time   0.26 (  0.36)	Data 0.0002 (0.1015)	Loss (L1) 2.475 (2.570)
2026-04-26 03:01:55,258 | Epoch: [73][180/254]	Time   0.26 (  0.36)	Data 0.0002 (0.0960)	Loss (L1) 2.338 (2.574)
2026-04-26 03:01:58,042 | Epoch: [73][190/254]	Time   0.26 (  0.35)	Data 0.0001 (0.0910)	Loss (L1) 2.638 (2.573)
2026-04-26 03:02:00,770 | Epoch: [73][200/254]	Time   0.26 (  0.35)	Data 0.0001 (0.0865)	Loss (L1) 2.635 (2.575)
2026-04-26 03:02:03,445 | Epoch: [73][210/254]	Time   0.27 (  0.35)	Data 0.0001 (0.0824)	Loss (L1) 2.549 (2.578)
2026-04-26 03:02:06,093 | Epoch: [73][220/254]	Time   0.26 (  0.34)	Data 0.0001 (0.0786)	Loss (L1) 2.918 (2.583)
2026-04-26 03:02:08,743 | Epoch: [73][230/254]	Time   0.27 (  0.34)	Data 0.0001 (0.0752)	Loss (L1) 2.389 (2.584)
2026-04-26 03:02:11,395 | Epoch: [73][240/254]	Time   0.27 (  0.34)	Data 0.0001 (0.0721)	Loss (L1) 2.487 (2.585)
2026-04-26 03:02:14,046 | Epoch: [73][250/254]	Time   0.27 (  0.33)	Data 0.0001 (0.0693)	Loss (L1) 2.803 (2.584)
2026-04-26 03:02:24,583 | Val: [ 0/25]	Time  9.572 ( 9.572)	Loss (MSE) 279.004 (279.004)	Loss (L1) 15.256 (15.256)
2026-04-26 03:02:25,424 | Val: [10/25]	Time  0.084 ( 0.947)	Loss (MSE) 37.734 (110.531)	Loss (L1) 4.962 (8.508)
2026-04-26 03:02:26,264 | Val: [20/25]	Time  0.084 ( 0.536)	Loss (MSE) 278.380 (111.082)	Loss (L1) 15.852 (8.576)
2026-04-26 03:02:26,760 |  * Overall: MSE 162.320	L1 10.358	G-Mean 6.892
2026-04-26 03:02:26,760 |  * Many: MSE 86.066	L1 7.505	G-Mean 5.041
2026-04-26 03:02:26,760 |  * Median: MSE 268.117	L1 14.959	G-Mean 12.183
2026-04-26 03:02:26,760 |  * Low: MSE 575.004	L1 23.468	G-Mean 22.877
2026-04-26 03:02:26,762 | Best L1 Loss: 9.659
2026-04-26 03:02:26,980 | Epoch #73: Train loss [2.5851]; Val loss: MSE [162.3200], L1 [10.3581], G-Mean [6.8916]
2026-04-26 03:02:38,921 | Epoch: [74][  0/254]	Time  11.94 ( 11.94)	Data 11.8290 (11.8290)	Loss (L1) 2.575 (2.575)
2026-04-26 03:02:41,675 | Epoch: [74][ 10/254]	Time   0.26 (  1.34)	Data 0.0004 (1.0997)	Loss (L1) 2.921 (2.544)
2026-04-26 03:02:44,359 | Epoch: [74][ 20/254]	Time   0.26 (  0.83)	Data 0.0002 (0.5763)	Loss (L1) 2.536 (2.558)
2026-04-26 03:02:47,096 | Epoch: [74][ 30/254]	Time   0.26 (  0.65)	Data 0.0002 (0.3917)	Loss (L1) 2.716 (2.561)
2026-04-26 03:02:49,923 | Epoch: [74][ 40/254]	Time   0.29 (  0.56)	Data 0.0002 (0.3029)	Loss (L1) 2.639 (2.564)
2026-04-26 03:02:52,646 | Epoch: [74][ 50/254]	Time   0.24 (  0.50)	Data 0.0002 (0.2436)	Loss (L1) 2.302 (2.555)
2026-04-26 03:02:55,393 | Epoch: [74][ 60/254]	Time   0.29 (  0.47)	Data 0.0002 (0.2039)	Loss (L1) 2.557 (2.556)
2026-04-26 03:02:58,150 | Epoch: [74][ 70/254]	Time   0.28 (  0.44)	Data 0.0003 (0.1782)	Loss (L1) 2.645 (2.552)
2026-04-26 03:03:00,977 | Epoch: [74][ 80/254]	Time   0.32 (  0.42)	Data 0.0003 (0.1562)	Loss (L1) 2.764 (2.552)
2026-04-26 03:03:03,667 | Epoch: [74][ 90/254]	Time   0.27 (  0.40)	Data 0.0002 (0.1391)	Loss (L1) 2.896 (2.550)
2026-04-26 03:03:06,901 | Epoch: [74][100/254]	Time   0.26 (  0.40)	Data 0.0002 (0.1323)	Loss (L1) 2.787 (2.558)
2026-04-26 03:03:09,607 | Epoch: [74][110/254]	Time   0.28 (  0.38)	Data 0.0002 (0.1204)	Loss (L1) 2.663 (2.560)
2026-04-26 03:03:12,304 | Epoch: [74][120/254]	Time   0.27 (  0.37)	Data 0.0002 (0.1105)	Loss (L1) 2.725 (2.565)
2026-04-26 03:03:15,951 | Epoch: [74][130/254]	Time   0.25 (  0.37)	Data 0.0002 (0.1106)	Loss (L1) 2.246 (2.571)
2026-04-26 03:03:18,727 | Epoch: [74][140/254]	Time   0.27 (  0.37)	Data 0.0002 (0.1032)	Loss (L1) 2.679 (2.577)
2026-04-26 03:03:21,477 | Epoch: [74][150/254]	Time   0.29 (  0.36)	Data 0.0002 (0.0965)	Loss (L1) 2.568 (2.580)
2026-04-26 03:03:24,267 | Epoch: [74][160/254]	Time   0.27 (  0.36)	Data 0.0003 (0.0905)	Loss (L1) 2.469 (2.574)
2026-04-26 03:03:26,958 | Epoch: [74][170/254]	Time   0.26 (  0.35)	Data 0.0002 (0.0853)	Loss (L1) 2.494 (2.577)
2026-04-26 03:03:29,748 | Epoch: [74][180/254]	Time   0.29 (  0.35)	Data 0.0002 (0.0806)	Loss (L1) 2.617 (2.575)
2026-04-26 03:03:32,569 | Epoch: [74][190/254]	Time   0.33 (  0.34)	Data 0.0001 (0.0765)	Loss (L1) 2.602 (2.578)
2026-04-26 03:03:35,277 | Epoch: [74][200/254]	Time   0.27 (  0.34)	Data 0.1617 (0.0746)	Loss (L1) 2.526 (2.579)
2026-04-26 03:03:38,052 | Epoch: [74][210/254]	Time   0.28 (  0.34)	Data 0.0001 (0.0711)	Loss (L1) 2.417 (2.580)
2026-04-26 03:03:40,738 | Epoch: [74][220/254]	Time   0.26 (  0.33)	Data 0.0001 (0.0679)	Loss (L1) 2.459 (2.580)
2026-04-26 03:03:43,399 | Epoch: [74][230/254]	Time   0.27 (  0.33)	Data 0.0001 (0.0649)	Loss (L1) 2.531 (2.578)
2026-04-26 03:03:46,062 | Epoch: [74][240/254]	Time   0.27 (  0.33)	Data 0.0001 (0.0622)	Loss (L1) 2.470 (2.578)
2026-04-26 03:03:48,725 | Epoch: [74][250/254]	Time   0.27 (  0.33)	Data 0.0001 (0.0598)	Loss (L1) 2.446 (2.579)
2026-04-26 03:03:56,640 | Val: [ 0/25]	Time  6.958 ( 6.958)	Loss (MSE) 269.020 (269.020)	Loss (L1) 15.004 (15.004)
2026-04-26 03:04:00,451 | Val: [10/25]	Time  0.084 ( 0.979)	Loss (MSE) 37.656 (105.412)	Loss (L1) 5.034 (8.310)
2026-04-26 03:04:01,290 | Val: [20/25]	Time  0.084 ( 0.553)	Loss (MSE) 284.223 (109.695)	Loss (L1) 16.055 (8.526)
2026-04-26 03:04:01,794 |  * Overall: MSE 161.983	L1 10.336	G-Mean 6.891
2026-04-26 03:04:01,794 |  * Many: MSE 86.291	L1 7.508	G-Mean 5.055
2026-04-26 03:04:01,794 |  * Median: MSE 265.198	L1 14.839	G-Mean 12.062
2026-04-26 03:04:01,794 |  * Low: MSE 578.162	L1 23.547	G-Mean 22.982
2026-04-26 03:04:01,796 | Best L1 Loss: 9.659
2026-04-26 03:04:02,016 | Epoch #74: Train loss [2.5796]; Val loss: MSE [161.9831], L1 [10.3363], G-Mean [6.8910]
2026-04-26 03:04:12,354 | Epoch: [75][  0/254]	Time  10.34 ( 10.34)	Data 10.2282 (10.2282)	Loss (L1) 2.684 (2.684)
2026-04-26 03:04:15,260 | Epoch: [75][ 10/254]	Time   0.26 (  1.20)	Data 0.0003 (0.9834)	Loss (L1) 2.580 (2.610)
2026-04-26 03:04:17,905 | Epoch: [75][ 20/254]	Time   0.27 (  0.76)	Data 0.0002 (0.5152)	Loss (L1) 2.579 (2.604)
2026-04-26 03:04:20,553 | Epoch: [75][ 30/254]	Time   0.26 (  0.60)	Data 0.0002 (0.3493)	Loss (L1) 2.612 (2.609)
2026-04-26 03:04:24,164 | Epoch: [75][ 40/254]	Time   0.27 (  0.54)	Data 0.0001 (0.2972)	Loss (L1) 2.265 (2.613)
2026-04-26 03:04:26,846 | Epoch: [75][ 50/254]	Time   0.27 (  0.49)	Data 0.0002 (0.2390)	Loss (L1) 2.394 (2.584)
2026-04-26 03:04:29,501 | Epoch: [75][ 60/254]	Time   0.26 (  0.45)	Data 0.0002 (0.1999)	Loss (L1) 2.589 (2.582)
2026-04-26 03:04:33,281 | Epoch: [75][ 70/254]	Time   0.26 (  0.44)	Data 0.1015 (0.1932)	Loss (L1) 2.477 (2.594)
2026-04-26 03:04:35,936 | Epoch: [75][ 80/254]	Time   0.26 (  0.42)	Data 0.0002 (0.1693)	Loss (L1) 2.514 (2.585)
2026-04-26 03:04:38,610 | Epoch: [75][ 90/254]	Time   0.27 (  0.40)	Data 0.0002 (0.1508)	Loss (L1) 2.718 (2.584)
2026-04-26 03:04:42,521 | Epoch: [75][100/254]	Time   0.27 (  0.40)	Data 0.0110 (0.1510)	Loss (L1) 2.505 (2.583)
2026-04-26 03:04:45,384 | Epoch: [75][110/254]	Time   0.27 (  0.39)	Data 0.0002 (0.1407)	Loss (L1) 2.612 (2.582)
2026-04-26 03:04:48,068 | Epoch: [75][120/254]	Time   0.29 (  0.38)	Data 0.0002 (0.1291)	Loss (L1) 2.396 (2.579)
2026-04-26 03:04:50,766 | Epoch: [75][130/254]	Time   0.26 (  0.37)	Data 0.0002 (0.1203)	Loss (L1) 2.752 (2.579)
2026-04-26 03:04:53,445 | Epoch: [75][140/254]	Time   0.25 (  0.36)	Data 0.0002 (0.1118)	Loss (L1) 2.566 (2.580)
2026-04-26 03:04:56,161 | Epoch: [75][150/254]	Time   0.28 (  0.36)	Data 0.0003 (0.1044)	Loss (L1) 2.448 (2.580)
2026-04-26 03:04:58,986 | Epoch: [75][160/254]	Time   0.30 (  0.35)	Data 0.0003 (0.0979)	Loss (L1) 2.626 (2.577)
2026-04-26 03:05:01,965 | Epoch: [75][170/254]	Time   0.27 (  0.35)	Data 0.0002 (0.0955)	Loss (L1) 2.809 (2.579)
2026-04-26 03:05:04,665 | Epoch: [75][180/254]	Time   0.27 (  0.35)	Data 0.0002 (0.0902)	Loss (L1) 2.410 (2.578)
2026-04-26 03:05:07,357 | Epoch: [75][190/254]	Time   0.24 (  0.34)	Data 0.0001 (0.0856)	Loss (L1) 2.689 (2.577)
2026-04-26 03:05:10,305 | Epoch: [75][200/254]	Time   0.28 (  0.34)	Data 0.0001 (0.0831)	Loss (L1) 2.360 (2.578)
2026-04-26 03:05:13,022 | Epoch: [75][210/254]	Time   0.27 (  0.34)	Data 0.0001 (0.0791)	Loss (L1) 2.621 (2.580)
2026-04-26 03:05:15,694 | Epoch: [75][220/254]	Time   0.26 (  0.33)	Data 0.0001 (0.0755)	Loss (L1) 2.691 (2.583)
2026-04-26 03:05:18,359 | Epoch: [75][230/254]	Time   0.27 (  0.33)	Data 0.0001 (0.0723)	Loss (L1) 2.317 (2.583)
2026-04-26 03:05:21,024 | Epoch: [75][240/254]	Time   0.27 (  0.33)	Data 0.0001 (0.0693)	Loss (L1) 2.357 (2.583)
2026-04-26 03:05:23,689 | Epoch: [75][250/254]	Time   0.27 (  0.33)	Data 0.0001 (0.0665)	Loss (L1) 2.607 (2.587)
2026-04-26 03:05:33,900 | Val: [ 0/25]	Time  9.240 ( 9.240)	Loss (MSE) 278.796 (278.796)	Loss (L1) 15.279 (15.279)
2026-04-26 03:05:35,095 | Val: [10/25]	Time  0.084 ( 0.949)	Loss (MSE) 38.896 (110.370)	Loss (L1) 5.107 (8.514)
2026-04-26 03:05:35,937 | Val: [20/25]	Time  0.084 ( 0.537)	Loss (MSE) 277.951 (110.629)	Loss (L1) 15.886 (8.578)
2026-04-26 03:05:36,440 |  * Overall: MSE 162.338	L1 10.372	G-Mean 6.931
2026-04-26 03:05:36,440 |  * Many: MSE 86.083	L1 7.527	G-Mean 5.075
2026-04-26 03:05:36,440 |  * Median: MSE 266.883	L1 14.918	G-Mean 12.209
2026-04-26 03:05:36,440 |  * Low: MSE 579.574	L1 23.602	G-Mean 23.057
2026-04-26 03:05:36,441 | Best L1 Loss: 9.659
2026-04-26 03:05:36,670 | Epoch #75: Train loss [2.5870]; Val loss: MSE [162.3381], L1 [10.3723], G-Mean [6.9308]
2026-04-26 03:05:42,964 | Epoch: [76][  0/254]	Time   6.29 (  6.29)	Data 6.1692 (6.1692)	Loss (L1) 2.549 (2.549)
2026-04-26 03:05:51,405 | Epoch: [76][ 10/254]	Time   0.26 (  1.34)	Data 0.0002 (1.1173)	Loss (L1) 2.697 (2.592)
2026-04-26 03:05:54,049 | Epoch: [76][ 20/254]	Time   0.26 (  0.83)	Data 0.0002 (0.5854)	Loss (L1) 2.428 (2.576)
2026-04-26 03:05:56,724 | Epoch: [76][ 30/254]	Time   0.26 (  0.65)	Data 0.0055 (0.3968)	Loss (L1) 2.303 (2.561)
2026-04-26 03:05:59,864 | Epoch: [76][ 40/254]	Time   0.27 (  0.57)	Data 0.0003 (0.3168)	Loss (L1) 2.641 (2.566)
2026-04-26 03:06:02,566 | Epoch: [76][ 50/254]	Time   0.25 (  0.51)	Data 0.0002 (0.2547)	Loss (L1) 2.556 (2.571)
2026-04-26 03:06:05,210 | Epoch: [76][ 60/254]	Time   0.26 (  0.47)	Data 0.0002 (0.2130)	Loss (L1) 2.509 (2.570)
2026-04-26 03:06:08,536 | Epoch: [76][ 70/254]	Time   0.29 (  0.45)	Data 0.0002 (0.1952)	Loss (L1) 2.525 (2.567)
2026-04-26 03:06:11,189 | Epoch: [76][ 80/254]	Time   0.26 (  0.43)	Data 0.0005 (0.1711)	Loss (L1) 2.786 (2.570)
2026-04-26 03:06:13,884 | Epoch: [76][ 90/254]	Time   0.26 (  0.41)	Data 0.0002 (0.1527)	Loss (L1) 2.532 (2.559)
2026-04-26 03:06:17,924 | Epoch: [76][100/254]	Time   0.26 (  0.41)	Data 0.0002 (0.1544)	Loss (L1) 2.663 (2.562)
2026-04-26 03:06:20,622 | Epoch: [76][110/254]	Time   0.26 (  0.40)	Data 0.0002 (0.1405)	Loss (L1) 2.605 (2.571)
2026-04-26 03:06:23,302 | Epoch: [76][120/254]	Time   0.26 (  0.39)	Data 0.0002 (0.1290)	Loss (L1) 2.405 (2.569)
2026-04-26 03:06:26,713 | Epoch: [76][130/254]	Time   0.27 (  0.38)	Data 0.0002 (0.1259)	Loss (L1) 2.661 (2.571)
2026-04-26 03:06:29,425 | Epoch: [76][140/254]	Time   0.27 (  0.37)	Data 0.0002 (0.1184)	Loss (L1) 2.531 (2.570)
2026-04-26 03:06:32,171 | Epoch: [76][150/254]	Time   0.28 (  0.37)	Data 0.0113 (0.1107)	Loss (L1) 2.857 (2.573)
2026-04-26 03:06:34,872 | Epoch: [76][160/254]	Time   0.26 (  0.36)	Data 0.0002 (0.1038)	Loss (L1) 2.647 (2.573)
2026-04-26 03:06:37,637 | Epoch: [76][170/254]	Time   0.27 (  0.36)	Data 0.0002 (0.0998)	Loss (L1) 2.519 (2.574)
2026-04-26 03:06:40,342 | Epoch: [76][180/254]	Time   0.28 (  0.35)	Data 0.0002 (0.0943)	Loss (L1) 2.335 (2.573)
2026-04-26 03:06:43,079 | Epoch: [76][190/254]	Time   0.29 (  0.35)	Data 0.0001 (0.0894)	Loss (L1) 2.480 (2.572)
2026-04-26 03:06:46,913 | Epoch: [76][200/254]	Time   0.27 (  0.35)	Data 0.0001 (0.0915)	Loss (L1) 2.699 (2.575)
2026-04-26 03:06:49,576 | Epoch: [76][210/254]	Time   0.27 (  0.35)	Data 0.0001 (0.0871)	Loss (L1) 2.456 (2.573)
2026-04-26 03:06:52,233 | Epoch: [76][220/254]	Time   0.27 (  0.34)	Data 0.0001 (0.0832)	Loss (L1) 2.463 (2.572)
2026-04-26 03:06:54,892 | Epoch: [76][230/254]	Time   0.27 (  0.34)	Data 0.0001 (0.0796)	Loss (L1) 2.561 (2.572)
2026-04-26 03:06:57,550 | Epoch: [76][240/254]	Time   0.27 (  0.34)	Data 0.0001 (0.0763)	Loss (L1) 2.578 (2.569)
2026-04-26 03:07:00,211 | Epoch: [76][250/254]	Time   0.27 (  0.33)	Data 0.0001 (0.0733)	Loss (L1) 2.626 (2.566)
2026-04-26 03:07:09,556 | Val: [ 0/25]	Time  8.389 ( 8.389)	Loss (MSE) 273.517 (273.517)	Loss (L1) 15.131 (15.131)
2026-04-26 03:07:11,593 | Val: [10/25]	Time  0.084 ( 0.948)	Loss (MSE) 37.511 (108.148)	Loss (L1) 4.993 (8.418)
2026-04-26 03:07:12,432 | Val: [20/25]	Time  0.084 ( 0.536)	Loss (MSE) 266.455 (107.113)	Loss (L1) 15.532 (8.423)
2026-04-26 03:07:12,905 |  * Overall: MSE 156.992	L1 10.183	G-Mean 6.823
2026-04-26 03:07:12,905 |  * Many: MSE 82.775	L1 7.370	G-Mean 5.005
2026-04-26 03:07:12,905 |  * Median: MSE 259.321	L1 14.696	G-Mean 11.959
2026-04-26 03:07:12,905 |  * Low: MSE 560.986	L1 23.191	G-Mean 22.636
2026-04-26 03:07:12,906 | Best L1 Loss: 9.659
2026-04-26 03:07:13,131 | Epoch #76: Train loss [2.5664]; Val loss: MSE [156.9922], L1 [10.1830], G-Mean [6.8226]
2026-04-26 03:07:23,945 | Epoch: [77][  0/254]	Time  10.81 ( 10.81)	Data 10.6953 (10.6953)	Loss (L1) 2.737 (2.737)
2026-04-26 03:07:26,788 | Epoch: [77][ 10/254]	Time   0.26 (  1.24)	Data 0.0002 (1.0289)	Loss (L1) 2.640 (2.605)
2026-04-26 03:07:29,431 | Epoch: [77][ 20/254]	Time   0.26 (  0.78)	Data 0.0002 (0.5390)	Loss (L1) 2.847 (2.606)
2026-04-26 03:07:32,081 | Epoch: [77][ 30/254]	Time   0.26 (  0.61)	Data 0.0002 (0.3652)	Loss (L1) 2.272 (2.587)
2026-04-26 03:07:35,965 | Epoch: [77][ 40/254]	Time   0.26 (  0.56)	Data 0.0002 (0.3171)	Loss (L1) 2.835 (2.602)
2026-04-26 03:07:38,621 | Epoch: [77][ 50/254]	Time   0.26 (  0.50)	Data 0.0002 (0.2550)	Loss (L1) 2.505 (2.599)
2026-04-26 03:07:41,273 | Epoch: [77][ 60/254]	Time   0.27 (  0.46)	Data 0.0002 (0.2132)	Loss (L1) 2.666 (2.595)
2026-04-26 03:07:43,959 | Epoch: [77][ 70/254]	Time   0.28 (  0.43)	Data 0.0002 (0.1835)	Loss (L1) 2.501 (2.600)
2026-04-26 03:07:46,628 | Epoch: [77][ 80/254]	Time   0.28 (  0.41)	Data 0.0003 (0.1608)	Loss (L1) 2.310 (2.599)
2026-04-26 03:07:49,280 | Epoch: [77][ 90/254]	Time   0.26 (  0.40)	Data 0.0002 (0.1433)	Loss (L1) 2.484 (2.585)
2026-04-26 03:07:52,989 | Epoch: [77][100/254]	Time   0.28 (  0.39)	Data 0.0004 (0.1422)	Loss (L1) 2.492 (2.573)
2026-04-26 03:07:55,715 | Epoch: [77][110/254]	Time   0.27 (  0.38)	Data 0.0003 (0.1295)	Loss (L1) 2.853 (2.578)
2026-04-26 03:07:58,443 | Epoch: [77][120/254]	Time   0.27 (  0.37)	Data 0.0002 (0.1188)	Loss (L1) 2.425 (2.569)
2026-04-26 03:08:01,141 | Epoch: [77][130/254]	Time   0.27 (  0.37)	Data 0.0002 (0.1098)	Loss (L1) 2.546 (2.566)
2026-04-26 03:08:03,821 | Epoch: [77][140/254]	Time   0.27 (  0.36)	Data 0.0002 (0.1021)	Loss (L1) 2.481 (2.568)
2026-04-26 03:08:06,483 | Epoch: [77][150/254]	Time   0.27 (  0.35)	Data 0.0002 (0.0954)	Loss (L1) 2.461 (2.566)
2026-04-26 03:08:09,170 | Epoch: [77][160/254]	Time   0.27 (  0.35)	Data 0.0003 (0.0895)	Loss (L1) 2.558 (2.567)
2026-04-26 03:08:12,219 | Epoch: [77][170/254]	Time   0.27 (  0.35)	Data 0.0002 (0.0875)	Loss (L1) 2.649 (2.564)
2026-04-26 03:08:14,905 | Epoch: [77][180/254]	Time   0.28 (  0.34)	Data 0.0002 (0.0827)	Loss (L1) 2.639 (2.563)
2026-04-26 03:08:17,713 | Epoch: [77][190/254]	Time   0.25 (  0.34)	Data 0.0001 (0.0784)	Loss (L1) 2.351 (2.555)
2026-04-26 03:08:20,438 | Epoch: [77][200/254]	Time   0.26 (  0.33)	Data 0.0001 (0.0745)	Loss (L1) 2.232 (2.557)
2026-04-26 03:08:23,140 | Epoch: [77][210/254]	Time   0.28 (  0.33)	Data 0.0001 (0.0710)	Loss (L1) 2.680 (2.558)
2026-04-26 03:08:25,815 | Epoch: [77][220/254]	Time   0.27 (  0.33)	Data 0.0001 (0.0678)	Loss (L1) 2.503 (2.557)
2026-04-26 03:08:28,479 | Epoch: [77][230/254]	Time   0.27 (  0.33)	Data 0.0001 (0.0648)	Loss (L1) 2.499 (2.556)
2026-04-26 03:08:31,142 | Epoch: [77][240/254]	Time   0.27 (  0.32)	Data 0.0001 (0.0622)	Loss (L1) 2.730 (2.555)
2026-04-26 03:08:33,806 | Epoch: [77][250/254]	Time   0.27 (  0.32)	Data 0.0001 (0.0597)	Loss (L1) 2.718 (2.554)
2026-04-26 03:08:43,529 | Val: [ 0/25]	Time  8.769 ( 8.769)	Loss (MSE) 268.908 (268.908)	Loss (L1) 14.998 (14.998)
2026-04-26 03:08:45,096 | Val: [10/25]	Time  0.084 ( 0.940)	Loss (MSE) 38.810 (107.445)	Loss (L1) 5.129 (8.409)
2026-04-26 03:08:45,936 | Val: [20/25]	Time  0.084 ( 0.532)	Loss (MSE) 276.410 (109.089)	Loss (L1) 15.846 (8.516)
2026-04-26 03:08:46,433 |  * Overall: MSE 160.851	L1 10.314	G-Mean 6.917
2026-04-26 03:08:46,434 |  * Many: MSE 85.378	L1 7.482	G-Mean 5.062
2026-04-26 03:08:46,434 |  * Median: MSE 263.635	L1 14.831	G-Mean 12.212
2026-04-26 03:08:46,434 |  * Low: MSE 576.314	L1 23.513	G-Mean 22.943
2026-04-26 03:08:46,435 | Best L1 Loss: 9.659
2026-04-26 03:08:46,662 | Epoch #77: Train loss [2.5541]; Val loss: MSE [160.8514], L1 [10.3141], G-Mean [6.9172]
2026-04-26 03:08:53,478 | Epoch: [78][  0/254]	Time   6.81 (  6.81)	Data 6.7075 (6.7075)	Loss (L1) 2.339 (2.339)
2026-04-26 03:08:58,337 | Epoch: [78][ 10/254]	Time   0.27 (  1.06)	Data 0.0003 (0.8342)	Loss (L1) 2.418 (2.561)
2026-04-26 03:09:00,960 | Epoch: [78][ 20/254]	Time   0.26 (  0.68)	Data 0.0002 (0.4371)	Loss (L1) 2.765 (2.562)
2026-04-26 03:09:03,608 | Epoch: [78][ 30/254]	Time   0.26 (  0.55)	Data 0.0002 (0.2962)	Loss (L1) 2.634 (2.557)
2026-04-26 03:09:09,645 | Epoch: [78][ 40/254]	Time   0.26 (  0.56)	Data 0.0001 (0.3105)	Loss (L1) 2.301 (2.552)
2026-04-26 03:09:12,292 | Epoch: [78][ 50/254]	Time   0.26 (  0.50)	Data 0.0002 (0.2497)	Loss (L1) 2.926 (2.560)
2026-04-26 03:09:14,982 | Epoch: [78][ 60/254]	Time   0.27 (  0.46)	Data 0.0002 (0.2088)	Loss (L1) 2.482 (2.551)
2026-04-26 03:09:18,105 | Epoch: [78][ 70/254]	Time   0.27 (  0.44)	Data 0.0002 (0.1882)	Loss (L1) 2.463 (2.555)
2026-04-26 03:09:20,823 | Epoch: [78][ 80/254]	Time   0.27 (  0.42)	Data 0.0002 (0.1650)	Loss (L1) 2.580 (2.557)
2026-04-26 03:09:23,487 | Epoch: [78][ 90/254]	Time   0.27 (  0.40)	Data 0.0002 (0.1469)	Loss (L1) 2.536 (2.557)
2026-04-26 03:09:26,386 | Epoch: [78][100/254]	Time   0.27 (  0.39)	Data 0.0002 (0.1358)	Loss (L1) 2.498 (2.554)
2026-04-26 03:09:29,063 | Epoch: [78][110/254]	Time   0.27 (  0.38)	Data 0.0002 (0.1236)	Loss (L1) 2.705 (2.551)
2026-04-26 03:09:31,755 | Epoch: [78][120/254]	Time   0.27 (  0.37)	Data 0.0003 (0.1134)	Loss (L1) 2.485 (2.553)
2026-04-26 03:09:35,279 | Epoch: [78][130/254]	Time   0.25 (  0.37)	Data 0.0002 (0.1125)	Loss (L1) 2.485 (2.550)
2026-04-26 03:09:37,950 | Epoch: [78][140/254]	Time   0.26 (  0.36)	Data 0.0002 (0.1047)	Loss (L1) 2.349 (2.552)
2026-04-26 03:09:40,717 | Epoch: [78][150/254]	Time   0.29 (  0.36)	Data 0.0003 (0.0978)	Loss (L1) 2.506 (2.548)
2026-04-26 03:09:43,405 | Epoch: [78][160/254]	Time   0.27 (  0.35)	Data 0.0002 (0.0918)	Loss (L1) 2.905 (2.548)
2026-04-26 03:09:46,834 | Epoch: [78][170/254]	Time   0.27 (  0.35)	Data 0.0002 (0.0917)	Loss (L1) 2.524 (2.545)
2026-04-26 03:09:49,519 | Epoch: [78][180/254]	Time   0.27 (  0.35)	Data 0.0002 (0.0866)	Loss (L1) 2.665 (2.541)
2026-04-26 03:09:52,218 | Epoch: [78][190/254]	Time   0.26 (  0.34)	Data 0.0001 (0.0822)	Loss (L1) 3.010 (2.544)
2026-04-26 03:09:56,460 | Epoch: [78][200/254]	Time   0.27 (  0.35)	Data 0.0001 (0.0868)	Loss (L1) 2.329 (2.543)
2026-04-26 03:09:59,116 | Epoch: [78][210/254]	Time   0.27 (  0.34)	Data 0.0001 (0.0827)	Loss (L1) 2.621 (2.544)
2026-04-26 03:10:01,772 | Epoch: [78][220/254]	Time   0.27 (  0.34)	Data 0.0001 (0.0789)	Loss (L1) 2.354 (2.540)
2026-04-26 03:10:04,429 | Epoch: [78][230/254]	Time   0.27 (  0.34)	Data 0.0001 (0.0755)	Loss (L1) 2.335 (2.537)
2026-04-26 03:10:07,089 | Epoch: [78][240/254]	Time   0.27 (  0.33)	Data 0.0001 (0.0724)	Loss (L1) 2.485 (2.537)
2026-04-26 03:10:09,749 | Epoch: [78][250/254]	Time   0.27 (  0.33)	Data 0.0001 (0.0695)	Loss (L1) 2.634 (2.537)
2026-04-26 03:10:17,242 | Val: [ 0/25]	Time  6.531 ( 6.531)	Loss (MSE) 269.594 (269.594)	Loss (L1) 14.962 (14.962)
2026-04-26 03:10:21,600 | Val: [10/25]	Time  0.084 ( 0.990)	Loss (MSE) 36.286 (107.522)	Loss (L1) 4.922 (8.398)
2026-04-26 03:10:22,441 | Val: [20/25]	Time  0.084 ( 0.559)	Loss (MSE) 271.538 (108.098)	Loss (L1) 15.669 (8.454)
2026-04-26 03:10:22,921 |  * Overall: MSE 158.997	L1 10.234	G-Mean 6.841
2026-04-26 03:10:22,921 |  * Many: MSE 83.951	L1 7.404	G-Mean 5.004
2026-04-26 03:10:22,921 |  * Median: MSE 261.341	L1 14.757	G-Mean 12.082
2026-04-26 03:10:22,922 |  * Low: MSE 571.597	L1 23.385	G-Mean 22.774
2026-04-26 03:10:22,922 | Best L1 Loss: 9.659
2026-04-26 03:10:23,131 | Epoch #78: Train loss [2.5363]; Val loss: MSE [158.9973], L1 [10.2340], G-Mean [6.8409]
2026-04-26 03:10:29,798 | Epoch: [79][  0/254]	Time   6.67 (  6.67)	Data 6.5415 (6.5415)	Loss (L1) 2.658 (2.658)
2026-04-26 03:10:35,461 | Epoch: [79][ 10/254]	Time   0.27 (  1.12)	Data 0.0002 (0.8906)	Loss (L1) 2.360 (2.507)
2026-04-26 03:10:38,163 | Epoch: [79][ 20/254]	Time   0.26 (  0.72)	Data 0.0002 (0.4678)	Loss (L1) 2.339 (2.509)
2026-04-26 03:10:40,834 | Epoch: [79][ 30/254]	Time   0.26 (  0.57)	Data 0.0017 (0.3172)	Loss (L1) 2.344 (2.500)
2026-04-26 03:10:44,445 | Epoch: [79][ 40/254]	Time   0.26 (  0.52)	Data 0.0002 (0.2670)	Loss (L1) 2.392 (2.495)
2026-04-26 03:10:47,116 | Epoch: [79][ 50/254]	Time   0.26 (  0.47)	Data 0.0002 (0.2147)	Loss (L1) 2.457 (2.485)
2026-04-26 03:10:49,867 | Epoch: [79][ 60/254]	Time   0.26 (  0.44)	Data 0.0002 (0.1795)	Loss (L1) 2.639 (2.508)
2026-04-26 03:10:54,311 | Epoch: [79][ 70/254]	Time   0.27 (  0.44)	Data 0.0002 (0.1817)	Loss (L1) 2.734 (2.508)
2026-04-26 03:10:56,957 | Epoch: [79][ 80/254]	Time   0.26 (  0.42)	Data 0.0002 (0.1593)	Loss (L1) 2.649 (2.510)
2026-04-26 03:10:59,604 | Epoch: [79][ 90/254]	Time   0.26 (  0.40)	Data 0.0002 (0.1418)	Loss (L1) 2.299 (2.512)
2026-04-26 03:11:06,030 | Epoch: [79][100/254]	Time   0.27 (  0.42)	Data 0.0002 (0.1697)	Loss (L1) 2.652 (2.517)
2026-04-26 03:11:08,677 | Epoch: [79][110/254]	Time   0.27 (  0.41)	Data 0.0002 (0.1546)	Loss (L1) 2.637 (2.523)
2026-04-26 03:11:11,344 | Epoch: [79][120/254]	Time   0.26 (  0.40)	Data 0.0002 (0.1418)	Loss (L1) 2.463 (2.522)
2026-04-26 03:11:14,620 | Epoch: [79][130/254]	Time   0.87 (  0.39)	Data 0.7597 (0.1368)	Loss (L1) 2.274 (2.524)
2026-04-26 03:11:17,297 | Epoch: [79][140/254]	Time   0.27 (  0.38)	Data 0.0002 (0.1271)	Loss (L1) 2.686 (2.523)
2026-04-26 03:11:19,995 | Epoch: [79][150/254]	Time   0.29 (  0.38)	Data 0.0002 (0.1187)	Loss (L1) 2.621 (2.528)
2026-04-26 03:11:22,690 | Epoch: [79][160/254]	Time   0.26 (  0.37)	Data 0.0002 (0.1113)	Loss (L1) 2.699 (2.535)
2026-04-26 03:11:25,406 | Epoch: [79][170/254]	Time   0.27 (  0.36)	Data 0.0002 (0.1048)	Loss (L1) 2.531 (2.535)
2026-04-26 03:11:28,156 | Epoch: [79][180/254]	Time   0.27 (  0.36)	Data 0.0002 (0.0992)	Loss (L1) 2.723 (2.536)
2026-04-26 03:11:30,899 | Epoch: [79][190/254]	Time   0.28 (  0.35)	Data 0.0001 (0.0940)	Loss (L1) 2.506 (2.538)
2026-04-26 03:11:33,726 | Epoch: [79][200/254]	Time   0.26 (  0.35)	Data 0.0001 (0.0906)	Loss (L1) 2.640 (2.533)
2026-04-26 03:11:36,417 | Epoch: [79][210/254]	Time   0.27 (  0.35)	Data 0.0001 (0.0863)	Loss (L1) 2.646 (2.533)
2026-04-26 03:11:39,070 | Epoch: [79][220/254]	Time   0.27 (  0.34)	Data 0.0001 (0.0824)	Loss (L1) 2.666 (2.532)
2026-04-26 03:11:41,722 | Epoch: [79][230/254]	Time   0.27 (  0.34)	Data 0.0001 (0.0789)	Loss (L1) 2.505 (2.533)
2026-04-26 03:11:44,377 | Epoch: [79][240/254]	Time   0.27 (  0.34)	Data 0.0001 (0.0756)	Loss (L1) 2.374 (2.536)
2026-04-26 03:11:47,030 | Epoch: [79][250/254]	Time   0.27 (  0.33)	Data 0.0001 (0.0726)	Loss (L1) 2.355 (2.535)
2026-04-26 03:11:57,888 | Val: [ 0/25]	Time  9.910 ( 9.910)	Loss (MSE) 263.633 (263.633)	Loss (L1) 14.816 (14.816)
2026-04-26 03:11:58,883 | Val: [10/25]	Time  0.084 ( 0.991)	Loss (MSE) 37.491 (103.147)	Loss (L1) 4.984 (8.186)
2026-04-26 03:11:59,723 | Val: [20/25]	Time  0.084 ( 0.559)	Loss (MSE) 285.619 (108.972)	Loss (L1) 16.152 (8.497)
2026-04-26 03:12:00,194 |  * Overall: MSE 163.837	L1 10.370	G-Mean 6.887
2026-04-26 03:12:00,194 |  * Many: MSE 86.311	L1 7.510	G-Mean 5.062
2026-04-26 03:12:00,194 |  * Median: MSE 265.711	L1 14.823	G-Mean 11.919
2026-04-26 03:12:00,194 |  * Low: MSE 604.037	L1 24.089	G-Mean 23.508
2026-04-26 03:12:00,195 | Best L1 Loss: 9.659
2026-04-26 03:12:00,414 | Epoch #79: Train loss [2.5363]; Val loss: MSE [163.8373], L1 [10.3703], G-Mean [6.8875]
2026-04-26 03:12:09,745 | Epoch: [80][  0/254]	Time   9.33 (  9.33)	Data 9.1966 (9.1966)	Loss (L1) 2.421 (2.421)
2026-04-26 03:12:13,437 | Epoch: [80][ 10/254]	Time   0.27 (  1.18)	Data 0.0068 (0.9559)	Loss (L1) 2.480 (2.528)
2026-04-26 03:12:16,151 | Epoch: [80][ 20/254]	Time   0.27 (  0.75)	Data 0.0003 (0.5009)	Loss (L1) 2.878 (2.540)
2026-04-26 03:12:18,842 | Epoch: [80][ 30/254]	Time   0.26 (  0.59)	Data 0.0003 (0.3394)	Loss (L1) 2.612 (2.560)
2026-04-26 03:12:22,026 | Epoch: [80][ 40/254]	Time   0.29 (  0.53)	Data 0.0002 (0.2705)	Loss (L1) 2.492 (2.538)
2026-04-26 03:12:24,697 | Epoch: [80][ 50/254]	Time   0.27 (  0.48)	Data 0.0002 (0.2175)	Loss (L1) 2.243 (2.516)
2026-04-26 03:12:27,371 | Epoch: [80][ 60/254]	Time   0.26 (  0.44)	Data 0.0002 (0.1819)	Loss (L1) 2.508 (2.512)
2026-04-26 03:12:31,267 | Epoch: [80][ 70/254]	Time   0.26 (  0.43)	Data 0.0002 (0.1751)	Loss (L1) 2.549 (2.514)
2026-04-26 03:12:33,958 | Epoch: [80][ 80/254]	Time   0.27 (  0.41)	Data 0.0036 (0.1535)	Loss (L1) 2.171 (2.516)
2026-04-26 03:12:36,636 | Epoch: [80][ 90/254]	Time   0.27 (  0.40)	Data 0.0002 (0.1367)	Loss (L1) 2.651 (2.507)
2026-04-26 03:12:39,650 | Epoch: [80][100/254]	Time   0.26 (  0.39)	Data 0.0006 (0.1283)	Loss (L1) 2.619 (2.509)
2026-04-26 03:12:42,330 | Epoch: [80][110/254]	Time   0.27 (  0.38)	Data 0.0003 (0.1169)	Loss (L1) 2.461 (2.504)
2026-04-26 03:12:45,048 | Epoch: [80][120/254]	Time   0.29 (  0.37)	Data 0.0003 (0.1072)	Loss (L1) 2.672 (2.505)
2026-04-26 03:12:49,263 | Epoch: [80][130/254]	Time   0.27 (  0.37)	Data 0.0003 (0.1117)	Loss (L1) 2.761 (2.504)
2026-04-26 03:12:51,939 | Epoch: [80][140/254]	Time   0.27 (  0.37)	Data 0.0002 (0.1038)	Loss (L1) 2.333 (2.506)
2026-04-26 03:12:54,717 | Epoch: [80][150/254]	Time   0.29 (  0.36)	Data 0.0002 (0.0970)	Loss (L1) 2.431 (2.501)
2026-04-26 03:12:58,028 | Epoch: [80][160/254]	Time   0.92 (  0.36)	Data 0.7935 (0.0960)	Loss (L1) 2.389 (2.497)
2026-04-26 03:13:00,724 | Epoch: [80][170/254]	Time   0.29 (  0.35)	Data 0.0002 (0.0906)	Loss (L1) 2.566 (2.499)
2026-04-26 03:13:03,406 | Epoch: [80][180/254]	Time   0.28 (  0.35)	Data 0.0002 (0.0856)	Loss (L1) 2.689 (2.500)
2026-04-26 03:13:06,142 | Epoch: [80][190/254]	Time   0.26 (  0.34)	Data 0.0001 (0.0812)	Loss (L1) 2.634 (2.499)
2026-04-26 03:13:09,331 | Epoch: [80][200/254]	Time   0.28 (  0.34)	Data 0.0001 (0.0804)	Loss (L1) 2.436 (2.497)
2026-04-26 03:13:12,004 | Epoch: [80][210/254]	Time   0.25 (  0.34)	Data 0.0001 (0.0766)	Loss (L1) 2.515 (2.500)
2026-04-26 03:13:14,664 | Epoch: [80][220/254]	Time   0.27 (  0.34)	Data 0.0001 (0.0731)	Loss (L1) 2.551 (2.503)
2026-04-26 03:13:17,319 | Epoch: [80][230/254]	Time   0.27 (  0.33)	Data 0.0001 (0.0700)	Loss (L1) 2.706 (2.505)
2026-04-26 03:13:19,976 | Epoch: [80][240/254]	Time   0.27 (  0.33)	Data 0.0001 (0.0671)	Loss (L1) 2.591 (2.506)
2026-04-26 03:13:22,632 | Epoch: [80][250/254]	Time   0.27 (  0.33)	Data 0.0001 (0.0644)	Loss (L1) 2.676 (2.507)
2026-04-26 03:13:32,973 | Val: [ 0/25]	Time  9.368 ( 9.368)	Loss (MSE) 274.248 (274.248)	Loss (L1) 15.125 (15.125)
2026-04-26 03:13:33,813 | Val: [10/25]	Time  0.084 ( 0.928)	Loss (MSE) 38.785 (109.182)	Loss (L1) 5.059 (8.440)
2026-04-26 03:13:34,651 | Val: [20/25]	Time  0.084 ( 0.526)	Loss (MSE) 275.475 (109.946)	Loss (L1) 15.800 (8.536)
2026-04-26 03:13:35,116 |  * Overall: MSE 161.974	L1 10.340	G-Mean 6.934
2026-04-26 03:13:35,116 |  * Many: MSE 85.644	L1 7.491	G-Mean 5.077
2026-04-26 03:13:35,116 |  * Median: MSE 265.314	L1 14.866	G-Mean 12.207
2026-04-26 03:13:35,116 |  * Low: MSE 584.369	L1 23.680	G-Mean 23.103
2026-04-26 03:13:35,117 | Best L1 Loss: 9.659
2026-04-26 03:13:35,324 | Epoch #80: Train loss [2.5057]; Val loss: MSE [161.9740], L1 [10.3401], G-Mean [6.9340]
2026-04-26 03:13:43,573 | Epoch: [81][  0/254]	Time   8.25 (  8.25)	Data 8.1405 (8.1405)	Loss (L1) 2.811 (2.811)
2026-04-26 03:13:48,931 | Epoch: [81][ 10/254]	Time   0.26 (  1.24)	Data 0.0002 (0.9957)	Loss (L1) 2.619 (2.526)
2026-04-26 03:13:51,612 | Epoch: [81][ 20/254]	Time   0.29 (  0.78)	Data 0.0002 (0.5217)	Loss (L1) 2.513 (2.520)
2026-04-26 03:13:54,256 | Epoch: [81][ 30/254]	Time   0.26 (  0.61)	Data 0.0002 (0.3535)	Loss (L1) 2.452 (2.495)
2026-04-26 03:13:56,940 | Epoch: [81][ 40/254]	Time   0.26 (  0.53)	Data 0.0003 (0.2689)	Loss (L1) 2.753 (2.491)
2026-04-26 03:13:59,620 | Epoch: [81][ 50/254]	Time   0.25 (  0.48)	Data 0.0002 (0.2162)	Loss (L1) 2.523 (2.486)
2026-04-26 03:14:02,325 | Epoch: [81][ 60/254]	Time   0.28 (  0.44)	Data 0.0002 (0.1808)	Loss (L1) 2.301 (2.494)
2026-04-26 03:14:05,987 | Epoch: [81][ 70/254]	Time   0.26 (  0.43)	Data 0.0002 (0.1714)	Loss (L1) 2.545 (2.487)
2026-04-26 03:14:08,677 | Epoch: [81][ 80/254]	Time   0.30 (  0.41)	Data 0.0002 (0.1503)	Loss (L1) 2.619 (2.484)
2026-04-26 03:14:11,354 | Epoch: [81][ 90/254]	Time   0.27 (  0.40)	Data 0.0002 (0.1338)	Loss (L1) 2.260 (2.474)
2026-04-26 03:14:14,859 | Epoch: [81][100/254]	Time   0.26 (  0.39)	Data 0.0003 (0.1301)	Loss (L1) 2.615 (2.480)
2026-04-26 03:14:17,587 | Epoch: [81][110/254]	Time   0.27 (  0.38)	Data 0.0002 (0.1184)	Loss (L1) 2.340 (2.483)
2026-04-26 03:14:20,322 | Epoch: [81][120/254]	Time   0.29 (  0.37)	Data 0.0056 (0.1087)	Loss (L1) 2.312 (2.487)
2026-04-26 03:14:23,682 | Epoch: [81][130/254]	Time   0.27 (  0.37)	Data 0.0002 (0.1069)	Loss (L1) 2.487 (2.493)
2026-04-26 03:14:26,360 | Epoch: [81][140/254]	Time   0.26 (  0.36)	Data 0.0003 (0.0993)	Loss (L1) 2.378 (2.489)
2026-04-26 03:14:29,108 | Epoch: [81][150/254]	Time   0.32 (  0.36)	Data 0.0003 (0.0927)	Loss (L1) 2.467 (2.490)
2026-04-26 03:14:31,759 | Epoch: [81][160/254]	Time   0.27 (  0.35)	Data 0.0004 (0.0870)	Loss (L1) 2.516 (2.491)
2026-04-26 03:14:34,840 | Epoch: [81][170/254]	Time   0.28 (  0.35)	Data 0.0002 (0.0850)	Loss (L1) 2.471 (2.490)
2026-04-26 03:14:37,502 | Epoch: [81][180/254]	Time   0.27 (  0.34)	Data 0.0002 (0.0803)	Loss (L1) 2.696 (2.491)
2026-04-26 03:14:40,201 | Epoch: [81][190/254]	Time   0.27 (  0.34)	Data 0.0002 (0.0763)	Loss (L1) 2.368 (2.493)
2026-04-26 03:14:43,978 | Epoch: [81][200/254]	Time   0.27 (  0.34)	Data 0.0001 (0.0786)	Loss (L1) 2.547 (2.493)
2026-04-26 03:14:46,696 | Epoch: [81][210/254]	Time   0.26 (  0.34)	Data 0.0001 (0.0749)	Loss (L1) 2.561 (2.490)
2026-04-26 03:14:49,356 | Epoch: [81][220/254]	Time   0.27 (  0.33)	Data 0.0001 (0.0715)	Loss (L1) 2.338 (2.491)
2026-04-26 03:14:52,009 | Epoch: [81][230/254]	Time   0.27 (  0.33)	Data 0.0001 (0.0684)	Loss (L1) 2.448 (2.487)
2026-04-26 03:14:54,663 | Epoch: [81][240/254]	Time   0.27 (  0.33)	Data 0.0001 (0.0656)	Loss (L1) 2.464 (2.487)
2026-04-26 03:14:57,314 | Epoch: [81][250/254]	Time   0.26 (  0.33)	Data 0.0001 (0.0630)	Loss (L1) 2.313 (2.487)
2026-04-26 03:15:06,295 | Val: [ 0/25]	Time  8.024 ( 8.024)	Loss (MSE) 274.379 (274.379)	Loss (L1) 15.159 (15.159)
2026-04-26 03:15:08,918 | Val: [10/25]	Time  0.083 ( 0.968)	Loss (MSE) 38.928 (108.999)	Loss (L1) 5.071 (8.447)
2026-04-26 03:15:09,754 | Val: [20/25]	Time  0.083 ( 0.547)	Loss (MSE) 279.732 (110.321)	Loss (L1) 15.935 (8.556)
2026-04-26 03:15:10,236 |  * Overall: MSE 162.705	L1 10.368	G-Mean 6.935
2026-04-26 03:15:10,236 |  * Many: MSE 86.151	L1 7.514	G-Mean 5.071
2026-04-26 03:15:10,237 |  * Median: MSE 266.382	L1 14.901	G-Mean 12.250
2026-04-26 03:15:10,237 |  * Low: MSE 586.218	L1 23.727	G-Mean 23.164
2026-04-26 03:15:10,237 | Best L1 Loss: 9.659
2026-04-26 03:15:10,443 | Epoch #81: Train loss [2.4876]; Val loss: MSE [162.7055], L1 [10.3678], G-Mean [6.9350]
2026-04-26 03:15:18,946 | Epoch: [82][  0/254]	Time   8.50 (  8.50)	Data 8.3923 (8.3923)	Loss (L1) 2.215 (2.215)
2026-04-26 03:15:23,977 | Epoch: [82][ 10/254]	Time   0.26 (  1.23)	Data 0.0003 (0.9892)	Loss (L1) 2.556 (2.433)
2026-04-26 03:15:26,695 | Epoch: [82][ 20/254]	Time   0.24 (  0.77)	Data 0.0003 (0.5189)	Loss (L1) 2.475 (2.420)
2026-04-26 03:15:29,374 | Epoch: [82][ 30/254]	Time   0.24 (  0.61)	Data 0.0003 (0.3518)	Loss (L1) 2.458 (2.448)
2026-04-26 03:15:33,097 | Epoch: [82][ 40/254]	Time   0.28 (  0.55)	Data 0.0003 (0.2951)	Loss (L1) 2.320 (2.470)
2026-04-26 03:15:35,779 | Epoch: [82][ 50/254]	Time   0.28 (  0.50)	Data 0.0002 (0.2373)	Loss (L1) 2.552 (2.480)
2026-04-26 03:15:38,459 | Epoch: [82][ 60/254]	Time   0.27 (  0.46)	Data 0.0002 (0.1985)	Loss (L1) 2.495 (2.486)
2026-04-26 03:15:42,398 | Epoch: [82][ 70/254]	Time   0.27 (  0.45)	Data 0.0002 (0.1909)	Loss (L1) 2.388 (2.497)
2026-04-26 03:15:45,060 | Epoch: [82][ 80/254]	Time   0.27 (  0.43)	Data 0.0002 (0.1676)	Loss (L1) 2.418 (2.496)
2026-04-26 03:15:47,792 | Epoch: [82][ 90/254]	Time   0.27 (  0.41)	Data 0.0002 (0.1493)	Loss (L1) 2.440 (2.493)
2026-04-26 03:15:50,498 | Epoch: [82][100/254]	Time   0.26 (  0.40)	Data 0.0002 (0.1348)	Loss (L1) 2.196 (2.488)
2026-04-26 03:15:53,185 | Epoch: [82][110/254]	Time   0.28 (  0.39)	Data 0.0003 (0.1227)	Loss (L1) 2.833 (2.494)
2026-04-26 03:15:55,863 | Epoch: [82][120/254]	Time   0.29 (  0.38)	Data 0.0002 (0.1126)	Loss (L1) 2.598 (2.502)
2026-04-26 03:15:59,322 | Epoch: [82][130/254]	Time   0.26 (  0.37)	Data 0.0002 (0.1114)	Loss (L1) 2.604 (2.505)
2026-04-26 03:16:02,024 | Epoch: [82][140/254]	Time   0.25 (  0.37)	Data 0.0003 (0.1035)	Loss (L1) 2.422 (2.501)
2026-04-26 03:16:04,758 | Epoch: [82][150/254]	Time   0.27 (  0.36)	Data 0.0003 (0.0968)	Loss (L1) 2.213 (2.498)
2026-04-26 03:16:07,431 | Epoch: [82][160/254]	Time   0.26 (  0.35)	Data 0.0004 (0.0909)	Loss (L1) 2.430 (2.496)
2026-04-26 03:16:10,285 | Epoch: [82][170/254]	Time   0.27 (  0.35)	Data 0.0002 (0.0873)	Loss (L1) 2.579 (2.495)
2026-04-26 03:16:12,980 | Epoch: [82][180/254]	Time   0.27 (  0.35)	Data 0.0003 (0.0825)	Loss (L1) 2.243 (2.493)
2026-04-26 03:16:15,652 | Epoch: [82][190/254]	Time   0.26 (  0.34)	Data 0.0003 (0.0782)	Loss (L1) 2.300 (2.491)
2026-04-26 03:16:18,521 | Epoch: [82][200/254]	Time   0.28 (  0.34)	Data 0.0001 (0.0760)	Loss (L1) 2.315 (2.493)
2026-04-26 03:16:21,182 | Epoch: [82][210/254]	Time   0.27 (  0.34)	Data 0.0001 (0.0724)	Loss (L1) 2.472 (2.491)
2026-04-26 03:16:23,837 | Epoch: [82][220/254]	Time   0.27 (  0.33)	Data 0.0001 (0.0691)	Loss (L1) 2.675 (2.493)
2026-04-26 03:16:26,488 | Epoch: [82][230/254]	Time   0.26 (  0.33)	Data 0.0001 (0.0661)	Loss (L1) 2.651 (2.496)
2026-04-26 03:16:29,141 | Epoch: [82][240/254]	Time   0.26 (  0.33)	Data 0.0002 (0.0634)	Loss (L1) 2.471 (2.495)
2026-04-26 03:16:31,793 | Epoch: [82][250/254]	Time   0.26 (  0.32)	Data 0.0001 (0.0609)	Loss (L1) 2.350 (2.493)
2026-04-26 03:16:42,354 | Val: [ 0/25]	Time  9.609 ( 9.609)	Loss (MSE) 266.381 (266.381)	Loss (L1) 14.907 (14.907)
2026-04-26 03:16:43,192 | Val: [10/25]	Time  0.083 ( 0.950)	Loss (MSE) 38.574 (105.218)	Loss (L1) 5.073 (8.280)
2026-04-26 03:16:44,031 | Val: [20/25]	Time  0.084 ( 0.537)	Loss (MSE) 284.805 (109.780)	Loss (L1) 16.085 (8.530)
2026-04-26 03:16:44,526 |  * Overall: MSE 162.867	L1 10.358	G-Mean 6.909
2026-04-26 03:16:44,526 |  * Many: MSE 86.600	L1 7.521	G-Mean 5.061
2026-04-26 03:16:44,526 |  * Median: MSE 265.251	L1 14.838	G-Mean 12.133
2026-04-26 03:16:44,526 |  * Low: MSE 588.063	L1 23.750	G-Mean 23.168
2026-04-26 03:16:44,527 | Best L1 Loss: 9.659
2026-04-26 03:16:44,757 | Epoch #82: Train loss [2.4910]; Val loss: MSE [162.8665], L1 [10.3585], G-Mean [6.9094]
2026-04-26 03:16:54,628 | Epoch: [83][  0/254]	Time   9.87 (  9.87)	Data 9.7401 (9.7401)	Loss (L1) 2.570 (2.570)
2026-04-26 03:16:57,714 | Epoch: [83][ 10/254]	Time   0.27 (  1.18)	Data 0.0002 (0.9398)	Loss (L1) 2.308 (2.479)
2026-04-26 03:17:00,396 | Epoch: [83][ 20/254]	Time   0.29 (  0.74)	Data 0.0002 (0.4924)	Loss (L1) 2.607 (2.468)
2026-04-26 03:17:03,148 | Epoch: [83][ 30/254]	Time   0.32 (  0.59)	Data 0.0002 (0.3351)	Loss (L1) 2.535 (2.491)
2026-04-26 03:17:06,930 | Epoch: [83][ 40/254]	Time   0.27 (  0.54)	Data 0.0002 (0.2878)	Loss (L1) 2.162 (2.467)
2026-04-26 03:17:09,598 | Epoch: [83][ 50/254]	Time   0.25 (  0.49)	Data 0.0069 (0.2316)	Loss (L1) 2.515 (2.452)
2026-04-26 03:17:12,279 | Epoch: [83][ 60/254]	Time   0.28 (  0.45)	Data 0.0003 (0.1938)	Loss (L1) 2.404 (2.460)
2026-04-26 03:17:15,560 | Epoch: [83][ 70/254]	Time   0.26 (  0.43)	Data 0.0002 (0.1780)	Loss (L1) 2.756 (2.466)
2026-04-26 03:17:18,307 | Epoch: [83][ 80/254]	Time   0.22 (  0.41)	Data 0.0002 (0.1562)	Loss (L1) 2.465 (2.467)
2026-04-26 03:17:21,013 | Epoch: [83][ 90/254]	Time   0.26 (  0.40)	Data 0.0002 (0.1390)	Loss (L1) 2.509 (2.471)
2026-04-26 03:17:24,816 | Epoch: [83][100/254]	Time   0.28 (  0.40)	Data 0.0002 (0.1390)	Loss (L1) 2.602 (2.479)
2026-04-26 03:17:27,501 | Epoch: [83][110/254]	Time   0.26 (  0.39)	Data 0.0002 (0.1265)	Loss (L1) 2.301 (2.480)
2026-04-26 03:17:30,251 | Epoch: [83][120/254]	Time   0.27 (  0.38)	Data 0.0002 (0.1166)	Loss (L1) 2.551 (2.486)
2026-04-26 03:17:33,833 | Epoch: [83][130/254]	Time   1.09 (  0.37)	Data 0.9602 (0.1151)	Loss (L1) 2.792 (2.487)
2026-04-26 03:17:36,619 | Epoch: [83][140/254]	Time   0.28 (  0.37)	Data 0.0002 (0.1069)	Loss (L1) 2.470 (2.484)
2026-04-26 03:17:39,298 | Epoch: [83][150/254]	Time   0.26 (  0.36)	Data 0.0004 (0.1000)	Loss (L1) 2.587 (2.485)
2026-04-26 03:17:42,088 | Epoch: [83][160/254]	Time   0.29 (  0.36)	Data 0.0002 (0.0938)	Loss (L1) 2.493 (2.488)
2026-04-26 03:17:45,310 | Epoch: [83][170/254]	Time   0.26 (  0.35)	Data 0.0002 (0.0924)	Loss (L1) 2.583 (2.486)
2026-04-26 03:17:48,044 | Epoch: [83][180/254]	Time   0.28 (  0.35)	Data 0.0003 (0.0873)	Loss (L1) 2.471 (2.491)
2026-04-26 03:17:50,767 | Epoch: [83][190/254]	Time   0.27 (  0.35)	Data 0.0001 (0.0828)	Loss (L1) 2.533 (2.490)
2026-04-26 03:17:53,719 | Epoch: [83][200/254]	Time   0.27 (  0.34)	Data 0.0002 (0.0804)	Loss (L1) 2.270 (2.486)
2026-04-26 03:17:56,402 | Epoch: [83][210/254]	Time   0.26 (  0.34)	Data 0.0001 (0.0766)	Loss (L1) 2.684 (2.489)
2026-04-26 03:17:59,066 | Epoch: [83][220/254]	Time   0.27 (  0.34)	Data 0.0001 (0.0732)	Loss (L1) 2.463 (2.488)
2026-04-26 03:18:01,730 | Epoch: [83][230/254]	Time   0.27 (  0.33)	Data 0.0001 (0.0700)	Loss (L1) 2.348 (2.486)
2026-04-26 03:18:04,393 | Epoch: [83][240/254]	Time   0.27 (  0.33)	Data 0.0001 (0.0671)	Loss (L1) 2.598 (2.487)
2026-04-26 03:18:07,058 | Epoch: [83][250/254]	Time   0.27 (  0.33)	Data 0.0001 (0.0645)	Loss (L1) 2.503 (2.489)
2026-04-26 03:18:18,283 | Val: [ 0/25]	Time 10.263 (10.263)	Loss (MSE) 272.252 (272.252)	Loss (L1) 15.083 (15.083)
2026-04-26 03:18:19,123 | Val: [10/25]	Time  0.084 ( 1.009)	Loss (MSE) 39.010 (108.372)	Loss (L1) 5.097 (8.420)
2026-04-26 03:18:19,962 | Val: [20/25]	Time  0.084 ( 0.569)	Loss (MSE) 278.988 (110.136)	Loss (L1) 15.897 (8.548)
2026-04-26 03:18:20,450 |  * Overall: MSE 162.290	L1 10.353	G-Mean 6.924
2026-04-26 03:18:20,451 |  * Many: MSE 86.084	L1 7.510	G-Mean 5.065
2026-04-26 03:18:20,451 |  * Median: MSE 265.734	L1 14.875	G-Mean 12.231
2026-04-26 03:18:20,451 |  * Low: MSE 583.013	L1 23.646	G-Mean 23.062
2026-04-26 03:18:20,452 | Best L1 Loss: 9.659
2026-04-26 03:18:20,676 | Epoch #83: Train loss [2.4877]; Val loss: MSE [162.2905], L1 [10.3529], G-Mean [6.9244]
2026-04-26 03:18:32,632 | Epoch: [84][  0/254]	Time  11.95 ( 11.95)	Data 11.8447 (11.8447)	Loss (L1) 2.524 (2.524)
2026-04-26 03:18:35,593 | Epoch: [84][ 10/254]	Time   0.27 (  1.36)	Data 0.0002 (1.1208)	Loss (L1) 2.325 (2.375)
2026-04-26 03:18:38,234 | Epoch: [84][ 20/254]	Time   0.26 (  0.84)	Data 0.0002 (0.5872)	Loss (L1) 2.525 (2.467)
2026-04-26 03:18:40,912 | Epoch: [84][ 30/254]	Time   0.28 (  0.65)	Data 0.0002 (0.3978)	Loss (L1) 2.330 (2.467)
2026-04-26 03:18:43,818 | Epoch: [84][ 40/254]	Time   0.26 (  0.56)	Data 0.0002 (0.3105)	Loss (L1) 2.274 (2.477)
2026-04-26 03:18:46,470 | Epoch: [84][ 50/254]	Time   0.27 (  0.51)	Data 0.0002 (0.2497)	Loss (L1) 2.365 (2.480)
2026-04-26 03:18:49,171 | Epoch: [84][ 60/254]	Time   0.29 (  0.47)	Data 0.0002 (0.2088)	Loss (L1) 2.448 (2.487)
2026-04-26 03:18:52,831 | Epoch: [84][ 70/254]	Time   0.28 (  0.45)	Data 0.0002 (0.1945)	Loss (L1) 2.525 (2.489)
2026-04-26 03:18:55,483 | Epoch: [84][ 80/254]	Time   0.26 (  0.43)	Data 0.0002 (0.1705)	Loss (L1) 2.520 (2.495)
2026-04-26 03:18:58,156 | Epoch: [84][ 90/254]	Time   0.27 (  0.41)	Data 0.0002 (0.1518)	Loss (L1) 2.483 (2.494)
2026-04-26 03:19:01,892 | Epoch: [84][100/254]	Time   0.28 (  0.41)	Data 0.0002 (0.1482)	Loss (L1) 2.492 (2.483)
2026-04-26 03:19:04,628 | Epoch: [84][110/254]	Time   0.26 (  0.40)	Data 0.0002 (0.1349)	Loss (L1) 2.512 (2.491)
2026-04-26 03:19:07,368 | Epoch: [84][120/254]	Time   0.25 (  0.39)	Data 0.0002 (0.1237)	Loss (L1) 2.673 (2.493)
2026-04-26 03:19:10,987 | Epoch: [84][130/254]	Time   0.27 (  0.38)	Data 0.0002 (0.1227)	Loss (L1) 2.560 (2.494)
2026-04-26 03:19:13,675 | Epoch: [84][140/254]	Time   0.27 (  0.38)	Data 0.0002 (0.1140)	Loss (L1) 2.439 (2.487)
2026-04-26 03:19:16,436 | Epoch: [84][150/254]	Time   0.25 (  0.37)	Data 0.0002 (0.1065)	Loss (L1) 2.289 (2.489)
2026-04-26 03:19:20,506 | Epoch: [84][160/254]	Time   1.64 (  0.37)	Data 1.5214 (0.1093)	Loss (L1) 2.663 (2.490)
2026-04-26 03:19:23,187 | Epoch: [84][170/254]	Time   0.27 (  0.37)	Data 0.0002 (0.1029)	Loss (L1) 2.350 (2.487)
2026-04-26 03:19:25,946 | Epoch: [84][180/254]	Time   0.28 (  0.36)	Data 0.0002 (0.0973)	Loss (L1) 2.802 (2.487)
2026-04-26 03:19:28,622 | Epoch: [84][190/254]	Time   0.28 (  0.36)	Data 0.0001 (0.0923)	Loss (L1) 2.459 (2.484)
2026-04-26 03:19:32,799 | Epoch: [84][200/254]	Time   0.26 (  0.36)	Data 0.0001 (0.0957)	Loss (L1) 2.355 (2.486)
2026-04-26 03:19:35,463 | Epoch: [84][210/254]	Time   0.26 (  0.35)	Data 0.0001 (0.0912)	Loss (L1) 2.497 (2.484)
2026-04-26 03:19:38,121 | Epoch: [84][220/254]	Time   0.27 (  0.35)	Data 0.0001 (0.0871)	Loss (L1) 2.263 (2.487)
2026-04-26 03:19:40,779 | Epoch: [84][230/254]	Time   0.27 (  0.35)	Data 0.0001 (0.0833)	Loss (L1) 2.576 (2.484)
2026-04-26 03:19:43,437 | Epoch: [84][240/254]	Time   0.27 (  0.34)	Data 0.0001 (0.0799)	Loss (L1) 2.311 (2.483)
2026-04-26 03:19:46,098 | Epoch: [84][250/254]	Time   0.27 (  0.34)	Data 0.0001 (0.0767)	Loss (L1) 2.376 (2.483)
2026-04-26 03:19:57,108 | Val: [ 0/25]	Time 10.050 (10.050)	Loss (MSE) 269.306 (269.306)	Loss (L1) 15.000 (15.000)
2026-04-26 03:19:57,949 | Val: [10/25]	Time  0.084 ( 0.990)	Loss (MSE) 38.685 (106.481)	Loss (L1) 5.093 (8.347)
2026-04-26 03:19:58,789 | Val: [20/25]	Time  0.084 ( 0.559)	Loss (MSE) 281.934 (110.001)	Loss (L1) 15.978 (8.541)
2026-04-26 03:19:59,269 |  * Overall: MSE 162.500	L1 10.353	G-Mean 6.926
2026-04-26 03:19:59,269 |  * Many: MSE 86.561	L1 7.521	G-Mean 5.090
2026-04-26 03:19:59,269 |  * Median: MSE 265.166	L1 14.844	G-Mean 12.067
2026-04-26 03:19:59,269 |  * Low: MSE 583.253	L1 23.644	G-Mean 23.055
2026-04-26 03:19:59,270 | Best L1 Loss: 9.659
2026-04-26 03:19:59,478 | Epoch #84: Train loss [2.4837]; Val loss: MSE [162.5003], L1 [10.3535], G-Mean [6.9256]
2026-04-26 03:20:07,413 | Epoch: [85][  0/254]	Time   7.93 (  7.93)	Data 7.8091 (7.8091)	Loss (L1) 2.238 (2.238)
2026-04-26 03:20:11,072 | Epoch: [85][ 10/254]	Time   0.27 (  1.05)	Data 0.0002 (0.8167)	Loss (L1) 2.316 (2.464)
2026-04-26 03:20:13,756 | Epoch: [85][ 20/254]	Time   0.25 (  0.68)	Data 0.0002 (0.4279)	Loss (L1) 2.843 (2.463)
2026-04-26 03:20:16,535 | Epoch: [85][ 30/254]	Time   0.29 (  0.55)	Data 0.0002 (0.2899)	Loss (L1) 2.756 (2.485)
2026-04-26 03:20:19,933 | Epoch: [85][ 40/254]	Time   0.27 (  0.50)	Data 0.0002 (0.2395)	Loss (L1) 2.849 (2.494)
2026-04-26 03:20:22,624 | Epoch: [85][ 50/254]	Time   0.27 (  0.45)	Data 0.0005 (0.1929)	Loss (L1) 2.421 (2.483)
2026-04-26 03:20:25,291 | Epoch: [85][ 60/254]	Time   0.26 (  0.42)	Data 0.0002 (0.1613)	Loss (L1) 2.457 (2.481)
2026-04-26 03:20:28,618 | Epoch: [85][ 70/254]	Time   0.30 (  0.41)	Data 0.0002 (0.1491)	Loss (L1) 2.484 (2.480)
2026-04-26 03:20:31,372 | Epoch: [85][ 80/254]	Time   0.33 (  0.39)	Data 0.0003 (0.1307)	Loss (L1) 2.344 (2.487)
2026-04-26 03:20:34,002 | Epoch: [85][ 90/254]	Time   0.28 (  0.38)	Data 0.0002 (0.1164)	Loss (L1) 2.635 (2.484)
2026-04-26 03:20:36,721 | Epoch: [85][100/254]	Time   0.27 (  0.37)	Data 0.0002 (0.1051)	Loss (L1) 2.513 (2.486)
2026-04-26 03:20:40,140 | Epoch: [85][110/254]	Time   0.26 (  0.37)	Data 0.0004 (0.1029)	Loss (L1) 2.381 (2.487)
2026-04-26 03:20:42,866 | Epoch: [85][120/254]	Time   0.27 (  0.36)	Data 0.0002 (0.0945)	Loss (L1) 2.282 (2.492)
2026-04-26 03:20:45,611 | Epoch: [85][130/254]	Time   0.30 (  0.35)	Data 0.0445 (0.0877)	Loss (L1) 2.696 (2.491)
2026-04-26 03:20:48,555 | Epoch: [85][140/254]	Time   0.27 (  0.35)	Data 0.0002 (0.0844)	Loss (L1) 2.307 (2.484)
2026-04-26 03:20:51,223 | Epoch: [85][150/254]	Time   0.26 (  0.34)	Data 0.0002 (0.0788)	Loss (L1) 2.740 (2.481)
2026-04-26 03:20:53,999 | Epoch: [85][160/254]	Time   0.30 (  0.34)	Data 0.0003 (0.0740)	Loss (L1) 2.533 (2.481)
2026-04-26 03:20:57,188 | Epoch: [85][170/254]	Time   0.26 (  0.34)	Data 0.0002 (0.0730)	Loss (L1) 2.561 (2.481)
2026-04-26 03:20:59,906 | Epoch: [85][180/254]	Time   0.28 (  0.33)	Data 0.0002 (0.0690)	Loss (L1) 2.533 (2.482)
2026-04-26 03:21:02,710 | Epoch: [85][190/254]	Time   0.28 (  0.33)	Data 0.0001 (0.0654)	Loss (L1) 2.531 (2.486)
2026-04-26 03:21:05,474 | Epoch: [85][200/254]	Time   0.27 (  0.33)	Data 0.0002 (0.0621)	Loss (L1) 2.470 (2.490)
2026-04-26 03:21:08,166 | Epoch: [85][210/254]	Time   0.27 (  0.33)	Data 0.0001 (0.0592)	Loss (L1) 2.488 (2.489)
2026-04-26 03:21:10,879 | Epoch: [85][220/254]	Time   0.27 (  0.32)	Data 0.0001 (0.0565)	Loss (L1) 2.547 (2.485)
2026-04-26 03:21:13,546 | Epoch: [85][230/254]	Time   0.27 (  0.32)	Data 0.0001 (0.0541)	Loss (L1) 2.765 (2.489)
2026-04-26 03:21:16,212 | Epoch: [85][240/254]	Time   0.27 (  0.32)	Data 0.0001 (0.0519)	Loss (L1) 2.298 (2.486)
2026-04-26 03:21:18,877 | Epoch: [85][250/254]	Time   0.27 (  0.32)	Data 0.0001 (0.0498)	Loss (L1) 2.631 (2.485)
2026-04-26 03:21:28,775 | Val: [ 0/25]	Time  8.946 ( 8.946)	Loss (MSE) 272.089 (272.089)	Loss (L1) 15.088 (15.088)
2026-04-26 03:21:30,485 | Val: [10/25]	Time  0.085 ( 0.969)	Loss (MSE) 38.623 (107.985)	Loss (L1) 5.072 (8.406)
2026-04-26 03:21:31,327 | Val: [20/25]	Time  0.084 ( 0.548)	Loss (MSE) 279.439 (109.985)	Loss (L1) 15.924 (8.544)
2026-04-26 03:21:31,821 |  * Overall: MSE 162.817	L1 10.366	G-Mean 6.946
2026-04-26 03:21:31,821 |  * Many: MSE 86.084	L1 7.509	G-Mean 5.078
2026-04-26 03:21:31,821 |  * Median: MSE 266.139	L1 14.890	G-Mean 12.276
2026-04-26 03:21:31,821 |  * Low: MSE 589.488	L1 23.788	G-Mean 23.210
2026-04-26 03:21:31,822 | Best L1 Loss: 9.659
2026-04-26 03:21:32,051 | Epoch #85: Train loss [2.4852]; Val loss: MSE [162.8173], L1 [10.3657], G-Mean [6.9464]
2026-04-26 03:21:41,589 | Epoch: [86][  0/254]	Time   9.54 (  9.54)	Data 9.3761 (9.3761)	Loss (L1) 2.445 (2.445)
2026-04-26 03:21:44,232 | Epoch: [86][ 10/254]	Time   0.26 (  1.11)	Data 0.0002 (0.8526)	Loss (L1) 2.303 (2.467)
2026-04-26 03:21:46,921 | Epoch: [86][ 20/254]	Time   0.28 (  0.71)	Data 0.0002 (0.4467)	Loss (L1) 2.587 (2.504)
2026-04-26 03:21:49,630 | Epoch: [86][ 30/254]	Time   0.29 (  0.57)	Data 0.0002 (0.3027)	Loss (L1) 2.168 (2.493)
2026-04-26 03:21:53,365 | Epoch: [86][ 40/254]	Time   0.27 (  0.52)	Data 0.0003 (0.2592)	Loss (L1) 2.246 (2.490)
2026-04-26 03:21:56,053 | Epoch: [86][ 50/254]	Time   0.28 (  0.47)	Data 0.0003 (0.2084)	Loss (L1) 2.433 (2.492)
2026-04-26 03:21:58,713 | Epoch: [86][ 60/254]	Time   0.27 (  0.44)	Data 0.0002 (0.1743)	Loss (L1) 2.510 (2.490)
2026-04-26 03:22:01,787 | Epoch: [86][ 70/254]	Time   0.26 (  0.42)	Data 0.0002 (0.1573)	Loss (L1) 2.522 (2.499)
2026-04-26 03:22:04,445 | Epoch: [86][ 80/254]	Time   0.26 (  0.40)	Data 0.0002 (0.1379)	Loss (L1) 2.719 (2.494)
2026-04-26 03:22:07,169 | Epoch: [86][ 90/254]	Time   0.28 (  0.39)	Data 0.0002 (0.1228)	Loss (L1) 2.578 (2.496)
2026-04-26 03:22:11,151 | Epoch: [86][100/254]	Time   0.26 (  0.39)	Data 0.0002 (0.1253)	Loss (L1) 2.415 (2.498)
2026-04-26 03:22:13,856 | Epoch: [86][110/254]	Time   0.27 (  0.38)	Data 0.0103 (0.1141)	Loss (L1) 2.459 (2.492)
2026-04-26 03:22:16,516 | Epoch: [86][120/254]	Time   0.27 (  0.37)	Data 0.0002 (0.1047)	Loss (L1) 2.128 (2.487)
2026-04-26 03:22:20,677 | Epoch: [86][130/254]	Time   0.27 (  0.37)	Data 0.0002 (0.1088)	Loss (L1) 2.568 (2.490)
2026-04-26 03:22:23,371 | Epoch: [86][140/254]	Time   0.28 (  0.36)	Data 0.0002 (0.1011)	Loss (L1) 2.403 (2.486)
2026-04-26 03:22:26,101 | Epoch: [86][150/254]	Time   0.27 (  0.36)	Data 0.0002 (0.0944)	Loss (L1) 2.380 (2.487)
2026-04-26 03:22:29,585 | Epoch: [86][160/254]	Time   1.06 (  0.36)	Data 0.9299 (0.0944)	Loss (L1) 2.394 (2.488)
2026-04-26 03:22:32,273 | Epoch: [86][170/254]	Time   0.27 (  0.35)	Data 0.0002 (0.0889)	Loss (L1) 2.352 (2.486)
2026-04-26 03:22:34,965 | Epoch: [86][180/254]	Time   0.27 (  0.35)	Data 0.0002 (0.0840)	Loss (L1) 2.403 (2.485)
2026-04-26 03:22:37,716 | Epoch: [86][190/254]	Time   0.26 (  0.34)	Data 0.0002 (0.0796)	Loss (L1) 2.379 (2.483)
2026-04-26 03:22:40,433 | Epoch: [86][200/254]	Time   0.27 (  0.34)	Data 0.0002 (0.0767)	Loss (L1) 2.753 (2.486)
2026-04-26 03:22:43,111 | Epoch: [86][210/254]	Time   0.27 (  0.34)	Data 0.0001 (0.0730)	Loss (L1) 2.511 (2.488)
2026-04-26 03:22:45,777 | Epoch: [86][220/254]	Time   0.27 (  0.33)	Data 0.0001 (0.0697)	Loss (L1) 2.439 (2.489)
2026-04-26 03:22:48,441 | Epoch: [86][230/254]	Time   0.27 (  0.33)	Data 0.0001 (0.0667)	Loss (L1) 2.736 (2.488)
2026-04-26 03:22:51,108 | Epoch: [86][240/254]	Time   0.27 (  0.33)	Data 0.0001 (0.0639)	Loss (L1) 2.530 (2.484)
2026-04-26 03:22:53,773 | Epoch: [86][250/254]	Time   0.27 (  0.33)	Data 0.0001 (0.0614)	Loss (L1) 2.567 (2.480)
2026-04-26 03:23:03,867 | Val: [ 0/25]	Time  9.137 ( 9.137)	Loss (MSE) 272.407 (272.407)	Loss (L1) 15.131 (15.131)
2026-04-26 03:23:05,107 | Val: [10/25]	Time  0.084 ( 0.943)	Loss (MSE) 38.938 (107.849)	Loss (L1) 5.078 (8.390)
2026-04-26 03:23:05,948 | Val: [20/25]	Time  0.084 ( 0.534)	Loss (MSE) 277.391 (109.308)	Loss (L1) 15.865 (8.510)
2026-04-26 03:23:06,440 |  * Overall: MSE 160.835	L1 10.305	G-Mean 6.867
2026-04-26 03:23:06,440 |  * Many: MSE 85.508	L1 7.477	G-Mean 5.022
2026-04-26 03:23:06,440 |  * Median: MSE 263.233	L1 14.802	G-Mean 12.120
2026-04-26 03:23:06,440 |  * Low: MSE 576.173	L1 23.522	G-Mean 22.971
2026-04-26 03:23:06,441 | Best L1 Loss: 9.659
2026-04-26 03:23:06,674 | Epoch #86: Train loss [2.4787]; Val loss: MSE [160.8355], L1 [10.3045], G-Mean [6.8673]
2026-04-26 03:23:16,746 | Epoch: [87][  0/254]	Time  10.07 ( 10.07)	Data 9.9338 (9.9338)	Loss (L1) 2.371 (2.371)
2026-04-26 03:23:20,078 | Epoch: [87][ 10/254]	Time   0.26 (  1.22)	Data 0.0002 (0.9895)	Loss (L1) 2.608 (2.511)
2026-04-26 03:23:22,766 | Epoch: [87][ 20/254]	Time   0.27 (  0.77)	Data 0.0002 (0.5184)	Loss (L1) 2.342 (2.492)
2026-04-26 03:23:25,494 | Epoch: [87][ 30/254]	Time   0.27 (  0.61)	Data 0.0002 (0.3512)	Loss (L1) 2.786 (2.491)
2026-04-26 03:23:30,584 | Epoch: [87][ 40/254]	Time   0.27 (  0.58)	Data 0.0002 (0.3286)	Loss (L1) 2.288 (2.505)
2026-04-26 03:23:33,234 | Epoch: [87][ 50/254]	Time   0.27 (  0.52)	Data 0.0002 (0.2642)	Loss (L1) 2.239 (2.488)
2026-04-26 03:23:35,909 | Epoch: [87][ 60/254]	Time   0.26 (  0.48)	Data 0.0002 (0.2209)	Loss (L1) 2.561 (2.497)
2026-04-26 03:23:40,127 | Epoch: [87][ 70/254]	Time   0.28 (  0.47)	Data 0.0002 (0.2138)	Loss (L1) 2.411 (2.490)
2026-04-26 03:23:42,807 | Epoch: [87][ 80/254]	Time   0.26 (  0.45)	Data 0.0002 (0.1875)	Loss (L1) 2.651 (2.491)
2026-04-26 03:23:45,496 | Epoch: [87][ 90/254]	Time   0.27 (  0.43)	Data 0.0002 (0.1669)	Loss (L1) 2.264 (2.486)
2026-04-26 03:23:48,650 | Epoch: [87][100/254]	Time   0.27 (  0.42)	Data 0.0002 (0.1562)	Loss (L1) 2.722 (2.494)
2026-04-26 03:23:51,347 | Epoch: [87][110/254]	Time   0.27 (  0.40)	Data 0.0002 (0.1421)	Loss (L1) 2.376 (2.485)
2026-04-26 03:23:54,042 | Epoch: [87][120/254]	Time   0.26 (  0.39)	Data 0.0002 (0.1304)	Loss (L1) 2.569 (2.481)
2026-04-26 03:23:57,924 | Epoch: [87][130/254]	Time   0.26 (  0.39)	Data 0.0002 (0.1306)	Loss (L1) 2.290 (2.478)
2026-04-26 03:24:00,623 | Epoch: [87][140/254]	Time   0.28 (  0.38)	Data 0.0002 (0.1213)	Loss (L1) 2.337 (2.478)
2026-04-26 03:24:03,301 | Epoch: [87][150/254]	Time   0.26 (  0.38)	Data 0.0002 (0.1133)	Loss (L1) 2.592 (2.479)
2026-04-26 03:24:06,896 | Epoch: [87][160/254]	Time   1.19 (  0.37)	Data 1.0634 (0.1130)	Loss (L1) 2.371 (2.479)
2026-04-26 03:24:09,571 | Epoch: [87][170/254]	Time   0.26 (  0.37)	Data 0.0002 (0.1064)	Loss (L1) 2.614 (2.479)
2026-04-26 03:24:12,273 | Epoch: [87][180/254]	Time   0.28 (  0.36)	Data 0.0002 (0.1006)	Loss (L1) 2.467 (2.483)
2026-04-26 03:24:14,959 | Epoch: [87][190/254]	Time   0.27 (  0.36)	Data 0.0001 (0.0953)	Loss (L1) 2.250 (2.482)
2026-04-26 03:24:17,930 | Epoch: [87][200/254]	Time   0.28 (  0.35)	Data 0.0001 (0.0928)	Loss (L1) 2.465 (2.480)
2026-04-26 03:24:20,594 | Epoch: [87][210/254]	Time   0.27 (  0.35)	Data 0.0001 (0.0884)	Loss (L1) 2.615 (2.479)
2026-04-26 03:24:23,258 | Epoch: [87][220/254]	Time   0.27 (  0.35)	Data 0.0001 (0.0844)	Loss (L1) 2.299 (2.479)
2026-04-26 03:24:25,925 | Epoch: [87][230/254]	Time   0.27 (  0.34)	Data 0.0001 (0.0808)	Loss (L1) 2.536 (2.480)
2026-04-26 03:24:28,592 | Epoch: [87][240/254]	Time   0.27 (  0.34)	Data 0.0001 (0.0774)	Loss (L1) 2.383 (2.479)
2026-04-26 03:24:31,260 | Epoch: [87][250/254]	Time   0.27 (  0.34)	Data 0.0001 (0.0743)	Loss (L1) 2.376 (2.476)
2026-04-26 03:24:41,370 | Val: [ 0/25]	Time  9.144 ( 9.144)	Loss (MSE) 271.729 (271.729)	Loss (L1) 15.095 (15.095)
2026-04-26 03:24:42,245 | Val: [10/25]	Time  0.085 ( 0.911)	Loss (MSE) 38.132 (107.036)	Loss (L1) 5.034 (8.362)
2026-04-26 03:24:43,103 | Val: [20/25]	Time  0.084 ( 0.518)	Loss (MSE) 278.719 (109.255)	Loss (L1) 15.908 (8.504)
2026-04-26 03:24:43,595 |  * Overall: MSE 160.838	L1 10.300	G-Mean 6.872
2026-04-26 03:24:43,595 |  * Many: MSE 85.501	L1 7.471	G-Mean 5.028
2026-04-26 03:24:43,595 |  * Median: MSE 263.647	L1 14.813	G-Mean 12.118
2026-04-26 03:24:43,595 |  * Low: MSE 574.784	L1 23.485	G-Mean 22.922
2026-04-26 03:24:43,596 | Best L1 Loss: 9.659
2026-04-26 03:24:43,824 | Epoch #87: Train loss [2.4771]; Val loss: MSE [160.8378], L1 [10.3004], G-Mean [6.8719]
2026-04-26 03:24:51,558 | Epoch: [88][  0/254]	Time   7.73 (  7.73)	Data 7.6242 (7.6242)	Loss (L1) 2.240 (2.240)
2026-04-26 03:24:57,073 | Epoch: [88][ 10/254]	Time   0.26 (  1.20)	Data 0.0002 (0.9801)	Loss (L1) 2.801 (2.495)
2026-04-26 03:24:59,742 | Epoch: [88][ 20/254]	Time   0.28 (  0.76)	Data 0.0002 (0.5135)	Loss (L1) 2.563 (2.481)
2026-04-26 03:25:02,416 | Epoch: [88][ 30/254]	Time   0.29 (  0.60)	Data 0.0002 (0.3479)	Loss (L1) 2.542 (2.485)
2026-04-26 03:25:06,346 | Epoch: [88][ 40/254]	Time   0.26 (  0.55)	Data 0.0002 (0.2978)	Loss (L1) 2.146 (2.507)
2026-04-26 03:25:09,052 | Epoch: [88][ 50/254]	Time   0.28 (  0.49)	Data 0.0002 (0.2395)	Loss (L1) 2.361 (2.501)
2026-04-26 03:25:11,722 | Epoch: [88][ 60/254]	Time   0.27 (  0.46)	Data 0.0095 (0.2004)	Loss (L1) 2.357 (2.490)
2026-04-26 03:25:14,467 | Epoch: [88][ 70/254]	Time   0.30 (  0.43)	Data 0.0003 (0.1734)	Loss (L1) 2.207 (2.486)
2026-04-26 03:25:17,146 | Epoch: [88][ 80/254]	Time   0.25 (  0.41)	Data 0.0002 (0.1520)	Loss (L1) 2.348 (2.501)
2026-04-26 03:25:19,822 | Epoch: [88][ 90/254]	Time   0.27 (  0.40)	Data 0.0002 (0.1353)	Loss (L1) 2.542 (2.501)
2026-04-26 03:25:23,017 | Epoch: [88][100/254]	Time   0.25 (  0.39)	Data 0.0002 (0.1280)	Loss (L1) 2.357 (2.494)
2026-04-26 03:25:25,698 | Epoch: [88][110/254]	Time   0.27 (  0.38)	Data 0.0002 (0.1165)	Loss (L1) 2.566 (2.495)
2026-04-26 03:25:28,417 | Epoch: [88][120/254]	Time   0.28 (  0.37)	Data 0.0002 (0.1069)	Loss (L1) 2.270 (2.492)
2026-04-26 03:25:31,140 | Epoch: [88][130/254]	Time   0.26 (  0.36)	Data 0.0004 (0.0988)	Loss (L1) 2.462 (2.494)
2026-04-26 03:25:34,386 | Epoch: [88][140/254]	Time   0.28 (  0.36)	Data 0.0002 (0.0965)	Loss (L1) 2.602 (2.493)
2026-04-26 03:25:37,086 | Epoch: [88][150/254]	Time   0.27 (  0.35)	Data 0.0002 (0.0901)	Loss (L1) 2.122 (2.487)
2026-04-26 03:25:39,901 | Epoch: [88][160/254]	Time   0.28 (  0.35)	Data 0.0002 (0.0846)	Loss (L1) 2.634 (2.490)
2026-04-26 03:25:42,633 | Epoch: [88][170/254]	Time   0.27 (  0.34)	Data 0.0002 (0.0797)	Loss (L1) 2.441 (2.491)
2026-04-26 03:25:45,296 | Epoch: [88][180/254]	Time   0.27 (  0.34)	Data 0.0002 (0.0753)	Loss (L1) 2.804 (2.488)
2026-04-26 03:25:47,997 | Epoch: [88][190/254]	Time   0.26 (  0.34)	Data 0.0001 (0.0715)	Loss (L1) 2.562 (2.485)
2026-04-26 03:25:50,697 | Epoch: [88][200/254]	Time   0.27 (  0.33)	Data 0.0001 (0.0680)	Loss (L1) 2.215 (2.483)
2026-04-26 03:25:53,362 | Epoch: [88][210/254]	Time   0.27 (  0.33)	Data 0.0001 (0.0648)	Loss (L1) 2.467 (2.482)
2026-04-26 03:25:56,027 | Epoch: [88][220/254]	Time   0.27 (  0.33)	Data 0.0001 (0.0618)	Loss (L1) 2.678 (2.480)
2026-04-26 03:25:58,694 | Epoch: [88][230/254]	Time   0.27 (  0.32)	Data 0.0001 (0.0592)	Loss (L1) 2.545 (2.480)
2026-04-26 03:26:01,360 | Epoch: [88][240/254]	Time   0.27 (  0.32)	Data 0.0001 (0.0567)	Loss (L1) 2.268 (2.477)
2026-04-26 03:26:04,028 | Epoch: [88][250/254]	Time   0.27 (  0.32)	Data 0.0001 (0.0545)	Loss (L1) 2.509 (2.476)
2026-04-26 03:26:13,130 | Val: [ 0/25]	Time  8.129 ( 8.129)	Loss (MSE) 275.174 (275.174)	Loss (L1) 15.195 (15.195)
2026-04-26 03:26:15,138 | Val: [10/25]	Time  0.084 ( 0.922)	Loss (MSE) 38.395 (109.000)	Loss (L1) 5.036 (8.449)
2026-04-26 03:26:15,979 | Val: [20/25]	Time  0.084 ( 0.523)	Loss (MSE) 274.615 (109.285)	Loss (L1) 15.782 (8.509)
2026-04-26 03:26:16,473 |  * Overall: MSE 160.726	L1 10.301	G-Mean 6.845
2026-04-26 03:26:16,473 |  * Many: MSE 84.953	L1 7.457	G-Mean 4.992
2026-04-26 03:26:16,473 |  * Median: MSE 264.105	L1 14.842	G-Mean 12.161
2026-04-26 03:26:16,473 |  * Low: MSE 577.154	L1 23.541	G-Mean 22.982
2026-04-26 03:26:16,474 | Best L1 Loss: 9.659
2026-04-26 03:26:16,706 | Epoch #88: Train loss [2.4782]; Val loss: MSE [160.7255], L1 [10.3014], G-Mean [6.8447]
2026-04-26 03:26:26,890 | Epoch: [89][  0/254]	Time  10.18 ( 10.18)	Data 10.0758 (10.0758)	Loss (L1) 2.925 (2.925)
2026-04-26 03:26:31,317 | Epoch: [89][ 10/254]	Time   0.26 (  1.33)	Data 0.0001 (1.1068)	Loss (L1) 2.597 (2.514)
2026-04-26 03:26:33,969 | Epoch: [89][ 20/254]	Time   0.27 (  0.82)	Data 0.0002 (0.5798)	Loss (L1) 2.495 (2.498)
2026-04-26 03:26:36,649 | Epoch: [89][ 30/254]	Time   0.29 (  0.64)	Data 0.0002 (0.3929)	Loss (L1) 2.489 (2.492)
2026-04-26 03:26:39,413 | Epoch: [89][ 40/254]	Time   0.27 (  0.55)	Data 0.0002 (0.2973)	Loss (L1) 2.532 (2.509)
2026-04-26 03:26:42,109 | Epoch: [89][ 50/254]	Time   0.27 (  0.50)	Data 0.0002 (0.2391)	Loss (L1) 2.389 (2.493)
2026-04-26 03:26:44,840 | Epoch: [89][ 60/254]	Time   0.27 (  0.46)	Data 0.0002 (0.1999)	Loss (L1) 2.412 (2.494)
2026-04-26 03:26:47,517 | Epoch: [89][ 70/254]	Time   0.26 (  0.43)	Data 0.0002 (0.1720)	Loss (L1) 2.642 (2.493)
2026-04-26 03:26:50,669 | Epoch: [89][ 80/254]	Time   0.28 (  0.42)	Data 0.0003 (0.1584)	Loss (L1) 2.217 (2.487)
2026-04-26 03:26:53,379 | Epoch: [89][ 90/254]	Time   0.30 (  0.40)	Data 0.0002 (0.1410)	Loss (L1) 2.491 (2.487)
2026-04-26 03:26:56,046 | Epoch: [89][100/254]	Time   0.27 (  0.39)	Data 0.0002 (0.1271)	Loss (L1) 2.385 (2.482)
2026-04-26 03:27:00,659 | Epoch: [89][110/254]	Time   0.26 (  0.40)	Data 0.0002 (0.1343)	Loss (L1) 2.249 (2.481)
2026-04-26 03:27:03,336 | Epoch: [89][120/254]	Time   0.27 (  0.39)	Data 0.0002 (0.1233)	Loss (L1) 2.732 (2.479)
2026-04-26 03:27:06,045 | Epoch: [89][130/254]	Time   0.30 (  0.38)	Data 0.0002 (0.1139)	Loss (L1) 2.585 (2.477)
2026-04-26 03:27:09,097 | Epoch: [89][140/254]	Time   0.28 (  0.37)	Data 0.0002 (0.1096)	Loss (L1) 2.336 (2.474)
2026-04-26 03:27:11,783 | Epoch: [89][150/254]	Time   0.29 (  0.36)	Data 0.0002 (0.1023)	Loss (L1) 2.500 (2.473)
2026-04-26 03:27:14,470 | Epoch: [89][160/254]	Time   0.27 (  0.36)	Data 0.0002 (0.0960)	Loss (L1) 2.620 (2.475)
2026-04-26 03:27:17,403 | Epoch: [89][170/254]	Time   0.26 (  0.35)	Data 0.0003 (0.0926)	Loss (L1) 2.505 (2.471)
2026-04-26 03:27:20,129 | Epoch: [89][180/254]	Time   0.27 (  0.35)	Data 0.0002 (0.0875)	Loss (L1) 2.529 (2.472)
2026-04-26 03:27:22,861 | Epoch: [89][190/254]	Time   0.28 (  0.35)	Data 0.0001 (0.0830)	Loss (L1) 2.486 (2.472)
2026-04-26 03:27:26,003 | Epoch: [89][200/254]	Time   0.71 (  0.34)	Data 0.6074 (0.0819)	Loss (L1) 2.529 (2.471)
2026-04-26 03:27:28,699 | Epoch: [89][210/254]	Time   0.26 (  0.34)	Data 0.0001 (0.0780)	Loss (L1) 2.264 (2.474)
2026-04-26 03:27:31,369 | Epoch: [89][220/254]	Time   0.27 (  0.34)	Data 0.0001 (0.0745)	Loss (L1) 2.471 (2.474)
2026-04-26 03:27:34,029 | Epoch: [89][230/254]	Time   0.27 (  0.33)	Data 0.0001 (0.0713)	Loss (L1) 2.429 (2.472)
2026-04-26 03:27:36,688 | Epoch: [89][240/254]	Time   0.27 (  0.33)	Data 0.0001 (0.0683)	Loss (L1) 2.416 (2.472)
2026-04-26 03:27:39,348 | Epoch: [89][250/254]	Time   0.27 (  0.33)	Data 0.0001 (0.0656)	Loss (L1) 2.490 (2.471)
2026-04-26 03:27:46,836 | Val: [ 0/25]	Time  6.518 ( 6.518)	Loss (MSE) 266.736 (266.736)	Loss (L1) 14.950 (14.950)
2026-04-26 03:27:50,695 | Val: [10/25]	Time  0.084 ( 0.943)	Loss (MSE) 38.068 (104.284)	Loss (L1) 5.036 (8.241)
2026-04-26 03:27:51,535 | Val: [20/25]	Time  0.084 ( 0.534)	Loss (MSE) 281.005 (108.501)	Loss (L1) 15.972 (8.469)
2026-04-26 03:27:52,031 |  * Overall: MSE 160.551	L1 10.278	G-Mean 6.827
2026-04-26 03:27:52,031 |  * Many: MSE 85.424	L1 7.459	G-Mean 4.994
2026-04-26 03:27:52,031 |  * Median: MSE 262.158	L1 14.748	G-Mean 12.031
2026-04-26 03:27:52,031 |  * Low: MSE 576.672	L1 23.505	G-Mean 22.922
2026-04-26 03:27:52,032 | Best L1 Loss: 9.659
2026-04-26 03:27:52,259 | Epoch #89: Train loss [2.4722]; Val loss: MSE [160.5515], L1 [10.2777], G-Mean [6.8270]
2026-04-26 03:27:52,260 | ========================================================================================================================
2026-04-26 03:27:52,260 | Test best model on testset...
2026-04-26 03:27:53,808 | Loaded best model, epoch 11, best val loss 9.6594
2026-04-26 03:27:58,358 | Test: [ 0/20]	Time  4.549 ( 4.549)	Loss (MSE) 217.564 (217.564)	Loss (L1) 13.517 (13.517)
2026-04-26 03:28:00,308 | Test: [10/20]	Time  0.084 ( 0.591)	Loss (MSE) 53.881 (58.505)	Loss (L1) 6.114 (5.996)
2026-04-26 03:28:01,952 |  * Overall: MSE 141.202	L1 9.604	G-Mean 6.482
2026-04-26 03:28:01,952 |  * Many: MSE 77.964	L1 7.153	G-Mean 4.889
2026-04-26 03:28:01,952 |  * Median: MSE 255.685	L1 14.935	G-Mean 13.594
2026-04-26 03:28:01,952 |  * Low: MSE 516.166	L1 22.407	G-Mean 22.109
2026-04-26 03:28:01,953 | Test loss: MSE [141.2024], L1 [9.6040], G-Mean [6.4816]
Done
