2026-04-26 15:55:19,753 | Args: Namespace(lds=True, lds_kernel='gaussian', lds_ks=5, lds_sigma=2.0, fds=True, fds_kernel='gaussian', fds_ks=5, fds_sigma=2.0, start_update=0, start_smooth=1, bucket_num=80, bucket_start=0, fds_mmt=0.9, reweight='sqrt_inv', retrain_fc=False, dataset='skyfinder_30_balanced', data_dir='./data', model='resnet50', store_root='checkpoint', store_name='skyfinder_30_balanced_resnet50_DIR_FUSION_80_lds_gau_5_2.0_fds_gau_5_2.0_0_1_0.9_adam_l1_0.001_256', gpu=1, optimizer='adam', loss='l1', lr=0.001, epoch=90, momentum=0.9, weight_decay=0.0001, schedule=[60, 80], batch_size=256, print_freq=10, img_size=224, workers=32, resume='', pretrained='/gpfs/data/shenlab/hc4549/ucla/imbalanced-regression/pretrained/resnet50-19c8e357.pth', evaluate=False, fusion=True, feature_extract=False, augment=True, start_epoch=0, best_loss=100000.0)
2026-04-26 15:55:19,753 | Store name: skyfinder_30_balanced_resnet50_DIR_FUSION_80_lds_gau_5_2.0_fds_gau_5_2.0_0_1_0.9_adam_l1_0.001_256
2026-04-26 15:55:19,754 | Use GPU: 1 for training
2026-04-26 15:55:19,754 | =====> Preparing data...
2026-04-26 15:55:19,754 | File (.csv): skyfinder_30_balanced.csv
2026-04-26 15:55:19,896 | Using re-weighting: [SQRT_INV]
2026-04-26 15:55:19,896 | Using LDS: [GAUSSIAN] (5/2.0)
2026-04-26 15:55:19,978 | Training data size: 64939
2026-04-26 15:55:19,978 | Validation data size: 6270
2026-04-26 15:55:19,978 | Test data size: 5117
2026-04-26 15:55:19,978 | =====> Building model...
2026-04-26 15:55:20,099 | Using FDS: [GAUSSIAN] (5/2.0)
2026-04-26 15:55:20,844 | ===> Pretrained weights found in total: [265]
2026-04-26 15:55:20,844 | ===> Pre-trained model loaded: /gpfs/data/shenlab/hc4549/ucla/imbalanced-regression/pretrained/resnet50-19c8e357.pth
2026-04-26 15:55:42,809 | Epoch: [0][  0/254]	Time  21.96 ( 21.96)	Data 12.5494 (12.5494)	Loss (L1) 44.026 (44.026)
2026-04-26 15:55:45,306 | Epoch: [0][ 10/254]	Time   0.26 (  2.22)	Data 0.0002 (1.1411)	Loss (L1) 13.939 (21.707)
2026-04-26 15:55:47,943 | Epoch: [0][ 20/254]	Time   0.26 (  1.29)	Data 0.0002 (0.5979)	Loss (L1) 10.464 (16.646)
2026-04-26 15:55:50,575 | Epoch: [0][ 30/254]	Time   0.26 (  0.96)	Data 0.0002 (0.4051)	Loss (L1) 8.020 (14.270)
2026-04-26 15:55:53,228 | Epoch: [0][ 40/254]	Time   0.26 (  0.79)	Data 0.0164 (0.3068)	Loss (L1) 9.887 (13.197)
2026-04-26 15:55:55,871 | Epoch: [0][ 50/254]	Time   0.26 (  0.69)	Data 0.0001 (0.2467)	Loss (L1) 8.099 (12.337)
2026-04-26 15:55:58,507 | Epoch: [0][ 60/254]	Time   0.26 (  0.62)	Data 0.0001 (0.2063)	Loss (L1) 9.036 (11.864)
2026-04-26 15:56:01,173 | Epoch: [0][ 70/254]	Time   0.25 (  0.57)	Data 0.0061 (0.1773)	Loss (L1) 8.869 (11.448)
2026-04-26 15:56:03,825 | Epoch: [0][ 80/254]	Time   0.27 (  0.53)	Data 0.0001 (0.1555)	Loss (L1) 8.849 (11.204)
2026-04-26 15:56:06,457 | Epoch: [0][ 90/254]	Time   0.27 (  0.50)	Data 0.0001 (0.1384)	Loss (L1) 9.148 (10.951)
2026-04-26 15:56:09,132 | Epoch: [0][100/254]	Time   0.27 (  0.48)	Data 0.0002 (0.1247)	Loss (L1) 8.957 (10.828)
2026-04-26 15:56:11,834 | Epoch: [0][110/254]	Time   0.26 (  0.46)	Data 0.0002 (0.1137)	Loss (L1) 8.245 (10.639)
2026-04-26 15:56:14,506 | Epoch: [0][120/254]	Time   0.28 (  0.44)	Data 0.0003 (0.1043)	Loss (L1) 8.945 (10.497)
2026-04-26 15:56:17,171 | Epoch: [0][130/254]	Time   0.26 (  0.43)	Data 0.0002 (0.0963)	Loss (L1) 9.316 (10.378)
2026-04-26 15:56:19,852 | Epoch: [0][140/254]	Time   0.25 (  0.42)	Data 0.0002 (0.0895)	Loss (L1) 7.727 (10.204)
2026-04-26 15:56:22,532 | Epoch: [0][150/254]	Time   0.29 (  0.41)	Data 0.0002 (0.0836)	Loss (L1) 8.835 (10.074)
2026-04-26 15:56:25,199 | Epoch: [0][160/254]	Time   0.28 (  0.40)	Data 0.0001 (0.0784)	Loss (L1) 7.668 (9.986)
2026-04-26 15:56:27,831 | Epoch: [0][170/254]	Time   0.26 (  0.39)	Data 0.0002 (0.0738)	Loss (L1) 9.726 (9.912)
2026-04-26 15:56:30,491 | Epoch: [0][180/254]	Time   0.26 (  0.38)	Data 0.0001 (0.0698)	Loss (L1) 7.947 (9.803)
2026-04-26 15:56:33,139 | Epoch: [0][190/254]	Time   0.26 (  0.38)	Data 0.0001 (0.0663)	Loss (L1) 7.212 (9.720)
2026-04-26 15:56:35,836 | Epoch: [0][200/254]	Time   0.26 (  0.37)	Data 0.0001 (0.0630)	Loss (L1) 7.827 (9.629)
2026-04-26 15:56:38,481 | Epoch: [0][210/254]	Time   0.26 (  0.37)	Data 0.0001 (0.0600)	Loss (L1) 8.939 (9.592)
2026-04-26 15:56:41,126 | Epoch: [0][220/254]	Time   0.26 (  0.36)	Data 0.0001 (0.0573)	Loss (L1) 7.813 (9.510)
2026-04-26 15:56:43,771 | Epoch: [0][230/254]	Time   0.26 (  0.36)	Data 0.0000 (0.0548)	Loss (L1) 7.088 (9.457)
2026-04-26 15:56:46,418 | Epoch: [0][240/254]	Time   0.27 (  0.36)	Data 0.0000 (0.0526)	Loss (L1) 7.548 (9.382)
2026-04-26 15:56:49,061 | Epoch: [0][250/254]	Time   0.26 (  0.35)	Data 0.0000 (0.0505)	Loss (L1) 7.934 (9.324)
2026-04-26 15:56:51,632 | Create Epoch [0] features of all training data...
2026-04-26 15:58:03,668 | Updated running statistics with Epoch [0] features!
2026-04-26 15:58:12,142 | Val: [ 0/25]	Time  8.472 ( 8.472)	Loss (MSE) 259.652 (259.652)	Loss (L1) 14.767 (14.767)
2026-04-26 15:58:14,450 | Val: [10/25]	Time  0.083 ( 0.980)	Loss (MSE) 30.217 (81.072)	Loss (L1) 4.092 (7.206)
2026-04-26 15:58:15,281 | Val: [20/25]	Time  0.083 ( 0.553)	Loss (MSE) 171.437 (83.232)	Loss (L1) 10.972 (7.265)
2026-04-26 15:58:16,195 |  * Overall: MSE 98.361	L1 7.993	G-Mean 5.382
2026-04-26 15:58:16,195 |  * Many: MSE 65.003	L1 6.384	G-Mean 4.227
2026-04-26 15:58:16,195 |  * Median: MSE 158.222	L1 10.914	G-Mean 8.413
2026-04-26 15:58:16,195 |  * Low: MSE 229.631	L1 14.202	G-Mean 13.242
2026-04-26 15:58:16,196 | Best L1 Loss: 7.993
2026-04-26 15:58:16,413 | ===> Saving current best checkpoint...
2026-04-26 15:58:16,902 | Epoch #0: Train loss [9.3093]; Val loss: MSE [98.3605], L1 [7.9933], G-Mean [5.3815]
2026-04-26 15:58:23,342 | Epoch: [1][  0/254]	Time   6.44 (  6.44)	Data 5.7571 (5.7571)	Loss (L1) 9.089 (9.089)
2026-04-26 15:58:30,494 | Epoch: [1][ 10/254]	Time   0.29 (  1.24)	Data 0.0002 (0.9493)	Loss (L1) 7.601 (8.304)
2026-04-26 15:58:33,461 | Epoch: [1][ 20/254]	Time   0.29 (  0.79)	Data 0.0002 (0.4974)	Loss (L1) 6.665 (8.124)
2026-04-26 15:58:36,497 | Epoch: [1][ 30/254]	Time   0.30 (  0.63)	Data 0.0057 (0.3372)	Loss (L1) 7.054 (7.920)
2026-04-26 15:58:39,952 | Epoch: [1][ 40/254]	Time   0.32 (  0.56)	Data 0.0003 (0.2706)	Loss (L1) 7.654 (7.934)
2026-04-26 15:58:43,081 | Epoch: [1][ 50/254]	Time   0.30 (  0.51)	Data 0.0002 (0.2176)	Loss (L1) 7.191 (7.832)
2026-04-26 15:58:46,016 | Epoch: [1][ 60/254]	Time   0.30 (  0.48)	Data 0.0008 (0.1820)	Loss (L1) 9.311 (7.836)
2026-04-26 15:58:49,014 | Epoch: [1][ 70/254]	Time   0.32 (  0.45)	Data 0.0003 (0.1564)	Loss (L1) 6.777 (7.835)
2026-04-26 15:58:52,053 | Epoch: [1][ 80/254]	Time   0.31 (  0.43)	Data 0.0002 (0.1371)	Loss (L1) 7.120 (7.751)
2026-04-26 15:58:55,008 | Epoch: [1][ 90/254]	Time   0.29 (  0.42)	Data 0.0002 (0.1221)	Loss (L1) 6.552 (7.714)
2026-04-26 15:58:57,997 | Epoch: [1][100/254]	Time   0.30 (  0.41)	Data 0.0002 (0.1100)	Loss (L1) 7.068 (7.704)
2026-04-26 15:59:01,041 | Epoch: [1][110/254]	Time   0.32 (  0.40)	Data 0.0004 (0.1001)	Loss (L1) 6.339 (7.681)
2026-04-26 15:59:04,010 | Epoch: [1][120/254]	Time   0.32 (  0.39)	Data 0.0003 (0.0919)	Loss (L1) 7.257 (7.627)
2026-04-26 15:59:07,001 | Epoch: [1][130/254]	Time   0.30 (  0.38)	Data 0.0003 (0.0850)	Loss (L1) 6.998 (7.581)
2026-04-26 15:59:10,049 | Epoch: [1][140/254]	Time   0.32 (  0.38)	Data 0.0003 (0.0790)	Loss (L1) 7.887 (7.555)
2026-04-26 15:59:13,121 | Epoch: [1][150/254]	Time   0.31 (  0.37)	Data 0.0003 (0.0738)	Loss (L1) 9.720 (7.560)
2026-04-26 15:59:16,097 | Epoch: [1][160/254]	Time   0.30 (  0.37)	Data 0.0003 (0.0693)	Loss (L1) 8.270 (7.578)
2026-04-26 15:59:19,099 | Epoch: [1][170/254]	Time   0.29 (  0.36)	Data 0.0005 (0.0652)	Loss (L1) 7.542 (7.567)
2026-04-26 15:59:22,144 | Epoch: [1][180/254]	Time   0.30 (  0.36)	Data 0.0003 (0.0616)	Loss (L1) 7.961 (7.570)
2026-04-26 15:59:25,161 | Epoch: [1][190/254]	Time   0.29 (  0.36)	Data 0.0001 (0.0586)	Loss (L1) 7.493 (7.560)
2026-04-26 15:59:28,120 | Epoch: [1][200/254]	Time   0.30 (  0.35)	Data 0.0001 (0.0557)	Loss (L1) 7.292 (7.541)
2026-04-26 15:59:31,058 | Epoch: [1][210/254]	Time   0.29 (  0.35)	Data 0.0002 (0.0530)	Loss (L1) 6.829 (7.525)
2026-04-26 15:59:33,982 | Epoch: [1][220/254]	Time   0.29 (  0.35)	Data 0.0001 (0.0506)	Loss (L1) 6.948 (7.505)
2026-04-26 15:59:36,884 | Epoch: [1][230/254]	Time   0.29 (  0.35)	Data 0.0001 (0.0484)	Loss (L1) 6.955 (7.482)
2026-04-26 15:59:39,792 | Epoch: [1][240/254]	Time   0.29 (  0.34)	Data 0.0001 (0.0464)	Loss (L1) 6.393 (7.459)
2026-04-26 15:59:42,696 | Epoch: [1][250/254]	Time   0.29 (  0.34)	Data 0.0000 (0.0446)	Loss (L1) 6.973 (7.439)
2026-04-26 15:59:43,766 | Create Epoch [1] features of all training data...
2026-04-26 16:00:57,169 | Updated smoothed statistics on Epoch [1]!
2026-04-26 16:00:57,199 | Updated running statistics with Epoch [1] features!
2026-04-26 16:01:05,160 | Val: [ 0/25]	Time  7.960 ( 7.960)	Loss (MSE) 219.889 (219.889)	Loss (L1) 13.324 (13.324)
2026-04-26 16:01:07,941 | Val: [10/25]	Time  0.083 ( 0.976)	Loss (MSE) 35.042 (92.172)	Loss (L1) 4.635 (7.908)
2026-04-26 16:01:08,777 | Val: [20/25]	Time  0.084 ( 0.551)	Loss (MSE) 111.874 (75.909)	Loss (L1) 9.373 (6.978)
2026-04-26 16:01:09,336 |  * Overall: MSE 95.243	L1 7.894	G-Mean 5.287
2026-04-26 16:01:09,336 |  * Many: MSE 57.966	L1 6.062	G-Mean 3.989
2026-04-26 16:01:09,336 |  * Median: MSE 147.087	L1 10.812	G-Mean 8.852
2026-04-26 16:01:09,336 |  * Low: MSE 296.527	L1 16.450	G-Mean 15.468
2026-04-26 16:01:09,337 | Best L1 Loss: 7.894
2026-04-26 16:01:09,551 | ===> Saving current best checkpoint...
2026-04-26 16:01:10,040 | Epoch #1: Train loss [7.4302]; Val loss: MSE [95.2426], L1 [7.8941], G-Mean [5.2870]
2026-04-26 16:01:21,854 | Epoch: [2][  0/254]	Time  11.81 ( 11.81)	Data 11.6513 (11.6513)	Loss (L1) 6.262 (6.262)
2026-04-26 16:01:25,071 | Epoch: [2][ 10/254]	Time   0.31 (  1.37)	Data 0.0002 (1.0594)	Loss (L1) 6.137 (7.053)
2026-04-26 16:01:28,226 | Epoch: [2][ 20/254]	Time   0.29 (  0.87)	Data 0.0001 (0.5550)	Loss (L1) 6.724 (7.045)
2026-04-26 16:01:31,455 | Epoch: [2][ 30/254]	Time   0.34 (  0.69)	Data 0.0002 (0.3761)	Loss (L1) 6.304 (7.207)
2026-04-26 16:01:34,663 | Epoch: [2][ 40/254]	Time   0.32 (  0.60)	Data 0.0002 (0.2844)	Loss (L1) 5.711 (7.111)
2026-04-26 16:01:37,823 | Epoch: [2][ 50/254]	Time   0.32 (  0.54)	Data 0.0003 (0.2287)	Loss (L1) 7.125 (7.074)
2026-04-26 16:01:41,066 | Epoch: [2][ 60/254]	Time   0.30 (  0.51)	Data 0.0004 (0.1914)	Loss (L1) 6.725 (7.056)
2026-04-26 16:01:44,273 | Epoch: [2][ 70/254]	Time   0.32 (  0.48)	Data 0.0004 (0.1644)	Loss (L1) 8.244 (7.027)
2026-04-26 16:01:47,465 | Epoch: [2][ 80/254]	Time   0.32 (  0.46)	Data 0.0002 (0.1442)	Loss (L1) 7.538 (6.962)
2026-04-26 16:01:50,674 | Epoch: [2][ 90/254]	Time   0.33 (  0.45)	Data 0.0002 (0.1284)	Loss (L1) 8.300 (6.975)
2026-04-26 16:01:53,896 | Epoch: [2][100/254]	Time   0.35 (  0.43)	Data 0.0002 (0.1157)	Loss (L1) 7.429 (6.950)
2026-04-26 16:01:57,148 | Epoch: [2][110/254]	Time   0.32 (  0.42)	Data 0.0002 (0.1053)	Loss (L1) 7.797 (6.960)
2026-04-26 16:02:00,431 | Epoch: [2][120/254]	Time   0.37 (  0.42)	Data 0.0002 (0.0966)	Loss (L1) 7.837 (6.954)
2026-04-26 16:02:03,616 | Epoch: [2][130/254]	Time   0.32 (  0.41)	Data 0.0009 (0.0893)	Loss (L1) 6.133 (6.959)
2026-04-26 16:02:06,993 | Epoch: [2][140/254]	Time   0.34 (  0.40)	Data 0.0003 (0.0830)	Loss (L1) 8.170 (6.978)
2026-04-26 16:02:10,148 | Epoch: [2][150/254]	Time   0.32 (  0.40)	Data 0.0003 (0.0775)	Loss (L1) 6.146 (6.961)
2026-04-26 16:02:13,351 | Epoch: [2][160/254]	Time   0.31 (  0.39)	Data 0.0003 (0.0728)	Loss (L1) 6.144 (6.928)
2026-04-26 16:02:16,668 | Epoch: [2][170/254]	Time   0.32 (  0.39)	Data 0.0002 (0.0685)	Loss (L1) 5.564 (6.923)
2026-04-26 16:02:19,869 | Epoch: [2][180/254]	Time   0.32 (  0.39)	Data 0.0002 (0.0648)	Loss (L1) 6.804 (6.914)
2026-04-26 16:02:23,080 | Epoch: [2][190/254]	Time   0.32 (  0.38)	Data 0.0001 (0.0615)	Loss (L1) 6.836 (6.907)
2026-04-26 16:02:26,219 | Epoch: [2][200/254]	Time   0.32 (  0.38)	Data 0.0001 (0.0584)	Loss (L1) 7.625 (6.904)
2026-04-26 16:02:29,342 | Epoch: [2][210/254]	Time   0.31 (  0.38)	Data 0.0001 (0.0557)	Loss (L1) 6.229 (6.887)
2026-04-26 16:02:32,459 | Epoch: [2][220/254]	Time   0.31 (  0.37)	Data 0.0001 (0.0532)	Loss (L1) 5.767 (6.860)
2026-04-26 16:02:35,584 | Epoch: [2][230/254]	Time   0.31 (  0.37)	Data 0.0003 (0.0509)	Loss (L1) 5.745 (6.849)
2026-04-26 16:02:38,672 | Epoch: [2][240/254]	Time   0.31 (  0.37)	Data 0.0001 (0.0488)	Loss (L1) 5.952 (6.824)
2026-04-26 16:02:41,763 | Epoch: [2][250/254]	Time   0.31 (  0.37)	Data 0.0001 (0.0468)	Loss (L1) 7.249 (6.812)
2026-04-26 16:02:42,924 | Create Epoch [2] features of all training data...
2026-04-26 16:03:57,159 | Updated smoothed statistics on Epoch [2]!
2026-04-26 16:03:57,187 | Updated running statistics with Epoch [2] features!
2026-04-26 16:04:02,976 | Val: [ 0/25]	Time  5.787 ( 5.787)	Loss (MSE) 154.899 (154.899)	Loss (L1) 10.847 (10.847)
2026-04-26 16:04:07,305 | Val: [10/25]	Time  0.084 ( 0.920)	Loss (MSE) 45.922 (88.478)	Loss (L1) 5.350 (7.645)
2026-04-26 16:04:08,139 | Val: [20/25]	Time  0.083 ( 0.521)	Loss (MSE) 88.769 (72.897)	Loss (L1) 7.689 (6.704)
2026-04-26 16:04:08,692 |  * Overall: MSE 81.585	L1 7.227	G-Mean 4.742
2026-04-26 16:04:08,692 |  * Many: MSE 60.623	L1 6.016	G-Mean 3.803
2026-04-26 16:04:08,692 |  * Median: MSE 112.282	L1 9.133	G-Mean 6.985
2026-04-26 16:04:08,692 |  * Low: MSE 189.180	L1 12.963	G-Mean 11.678
2026-04-26 16:04:08,693 | Best L1 Loss: 7.227
2026-04-26 16:04:08,906 | ===> Saving current best checkpoint...
2026-04-26 16:04:09,400 | Epoch #2: Train loss [6.8199]; Val loss: MSE [81.5854], L1 [7.2274], G-Mean [4.7425]
2026-04-26 16:04:22,530 | Epoch: [3][  0/254]	Time  13.13 ( 13.13)	Data 12.9679 (12.9679)	Loss (L1) 6.722 (6.722)
2026-04-26 16:04:25,476 | Epoch: [3][ 10/254]	Time   0.29 (  1.46)	Data 0.0003 (1.1792)	Loss (L1) 6.299 (6.939)
2026-04-26 16:04:28,462 | Epoch: [3][ 20/254]	Time   0.29 (  0.91)	Data 0.0003 (0.6178)	Loss (L1) 6.013 (6.638)
2026-04-26 16:04:31,478 | Epoch: [3][ 30/254]	Time   0.30 (  0.71)	Data 0.0002 (0.4195)	Loss (L1) 7.170 (6.572)
2026-04-26 16:04:34,505 | Epoch: [3][ 40/254]	Time   0.31 (  0.61)	Data 0.0004 (0.3172)	Loss (L1) 8.458 (6.531)
2026-04-26 16:04:37,535 | Epoch: [3][ 50/254]	Time   0.32 (  0.55)	Data 0.0003 (0.2551)	Loss (L1) 8.135 (6.570)
2026-04-26 16:04:40,564 | Epoch: [3][ 60/254]	Time   0.30 (  0.51)	Data 0.0002 (0.2134)	Loss (L1) 6.157 (6.543)
2026-04-26 16:04:43,519 | Epoch: [3][ 70/254]	Time   0.29 (  0.48)	Data 0.0002 (0.1834)	Loss (L1) 5.789 (6.532)
2026-04-26 16:04:46,561 | Epoch: [3][ 80/254]	Time   0.30 (  0.46)	Data 0.0002 (0.1608)	Loss (L1) 5.726 (6.499)
2026-04-26 16:04:49,554 | Epoch: [3][ 90/254]	Time   0.30 (  0.44)	Data 0.0001 (0.1431)	Loss (L1) 6.199 (6.454)
2026-04-26 16:04:52,567 | Epoch: [3][100/254]	Time   0.30 (  0.43)	Data 0.0002 (0.1290)	Loss (L1) 7.116 (6.461)
2026-04-26 16:04:55,610 | Epoch: [3][110/254]	Time   0.30 (  0.42)	Data 0.0001 (0.1174)	Loss (L1) 6.810 (6.469)
2026-04-26 16:04:58,647 | Epoch: [3][120/254]	Time   0.30 (  0.41)	Data 0.0002 (0.1078)	Loss (L1) 5.692 (6.454)
2026-04-26 16:05:01,697 | Epoch: [3][130/254]	Time   0.35 (  0.40)	Data 0.0002 (0.0996)	Loss (L1) 6.582 (6.500)
2026-04-26 16:05:04,718 | Epoch: [3][140/254]	Time   0.30 (  0.39)	Data 0.0003 (0.0925)	Loss (L1) 7.329 (6.517)
2026-04-26 16:05:07,725 | Epoch: [3][150/254]	Time   0.33 (  0.39)	Data 0.0002 (0.0864)	Loss (L1) 9.575 (6.541)
2026-04-26 16:05:10,743 | Epoch: [3][160/254]	Time   0.31 (  0.38)	Data 0.0003 (0.0811)	Loss (L1) 6.638 (6.528)
2026-04-26 16:05:13,716 | Epoch: [3][170/254]	Time   0.30 (  0.38)	Data 0.0008 (0.0764)	Loss (L1) 6.171 (6.502)
2026-04-26 16:05:16,707 | Epoch: [3][180/254]	Time   0.30 (  0.37)	Data 0.0002 (0.0722)	Loss (L1) 6.099 (6.537)
2026-04-26 16:05:19,753 | Epoch: [3][190/254]	Time   0.30 (  0.37)	Data 0.0001 (0.0685)	Loss (L1) 5.685 (6.534)
2026-04-26 16:05:22,747 | Epoch: [3][200/254]	Time   0.30 (  0.36)	Data 0.0001 (0.0651)	Loss (L1) 6.348 (6.534)
2026-04-26 16:05:25,686 | Epoch: [3][210/254]	Time   0.30 (  0.36)	Data 0.0001 (0.0621)	Loss (L1) 7.771 (6.555)
2026-04-26 16:05:28,631 | Epoch: [3][220/254]	Time   0.29 (  0.36)	Data 0.0001 (0.0593)	Loss (L1) 6.071 (6.561)
2026-04-26 16:05:31,562 | Epoch: [3][230/254]	Time   0.30 (  0.36)	Data 0.0001 (0.0567)	Loss (L1) 5.637 (6.550)
2026-04-26 16:05:34,487 | Epoch: [3][240/254]	Time   0.29 (  0.35)	Data 0.0001 (0.0544)	Loss (L1) 6.904 (6.544)
2026-04-26 16:05:37,402 | Epoch: [3][250/254]	Time   0.29 (  0.35)	Data 0.0001 (0.0522)	Loss (L1) 6.494 (6.525)
2026-04-26 16:05:38,504 | Create Epoch [3] features of all training data...
2026-04-26 16:07:48,846 | Updated smoothed statistics on Epoch [3]!
2026-04-26 16:07:48,875 | Updated running statistics with Epoch [3] features!
2026-04-26 16:07:54,140 | Val: [ 0/25]	Time  5.263 ( 5.263)	Loss (MSE) 134.561 (134.561)	Loss (L1) 10.035 (10.035)
2026-04-26 16:07:59,109 | Val: [10/25]	Time  0.190 ( 0.930)	Loss (MSE) 41.446 (75.328)	Loss (L1) 4.928 (7.010)
2026-04-26 16:07:59,944 | Val: [20/25]	Time  0.083 ( 0.527)	Loss (MSE) 61.322 (59.013)	Loss (L1) 6.305 (6.048)
2026-04-26 16:08:00,491 |  * Overall: MSE 63.215	L1 6.368	G-Mean 4.235
2026-04-26 16:08:00,491 |  * Many: MSE 48.633	L1 5.447	G-Mean 3.523
2026-04-26 16:08:00,491 |  * Median: MSE 86.972	L1 7.824	G-Mean 5.694
2026-04-26 16:08:00,491 |  * Low: MSE 129.337	L1 10.710	G-Mean 9.899
2026-04-26 16:08:00,492 | Best L1 Loss: 6.368
2026-04-26 16:08:00,712 | ===> Saving current best checkpoint...
2026-04-26 16:08:01,203 | Epoch #3: Train loss [6.5218]; Val loss: MSE [63.2146], L1 [6.3680], G-Mean [4.2354]
2026-04-26 16:08:14,531 | Epoch: [4][  0/254]	Time  13.33 ( 13.33)	Data 13.1498 (13.1498)	Loss (L1) 7.022 (7.022)
2026-04-26 16:08:17,539 | Epoch: [4][ 10/254]	Time   0.31 (  1.48)	Data 0.0003 (1.1957)	Loss (L1) 5.514 (6.025)
2026-04-26 16:08:20,540 | Epoch: [4][ 20/254]	Time   0.30 (  0.92)	Data 0.0002 (0.6265)	Loss (L1) 7.624 (6.089)
2026-04-26 16:08:23,763 | Epoch: [4][ 30/254]	Time   0.33 (  0.73)	Data 0.0001 (0.4245)	Loss (L1) 6.256 (6.139)
2026-04-26 16:08:26,915 | Epoch: [4][ 40/254]	Time   0.29 (  0.63)	Data 0.0002 (0.3210)	Loss (L1) 6.044 (6.115)
2026-04-26 16:08:29,948 | Epoch: [4][ 50/254]	Time   0.31 (  0.56)	Data 0.0002 (0.2582)	Loss (L1) 5.942 (6.081)
2026-04-26 16:08:32,953 | Epoch: [4][ 60/254]	Time   0.30 (  0.52)	Data 0.0001 (0.2159)	Loss (L1) 5.698 (6.146)
2026-04-26 16:08:36,011 | Epoch: [4][ 70/254]	Time   0.34 (  0.49)	Data 0.0002 (0.1855)	Loss (L1) 7.276 (6.128)
2026-04-26 16:08:38,993 | Epoch: [4][ 80/254]	Time   0.30 (  0.47)	Data 0.0002 (0.1627)	Loss (L1) 5.334 (6.129)
2026-04-26 16:08:42,003 | Epoch: [4][ 90/254]	Time   0.33 (  0.45)	Data 0.0002 (0.1448)	Loss (L1) 7.159 (6.135)
2026-04-26 16:08:45,022 | Epoch: [4][100/254]	Time   0.34 (  0.43)	Data 0.0002 (0.1305)	Loss (L1) 6.334 (6.112)
2026-04-26 16:08:48,134 | Epoch: [4][110/254]	Time   0.31 (  0.42)	Data 0.0002 (0.1188)	Loss (L1) 6.662 (6.160)
2026-04-26 16:08:51,133 | Epoch: [4][120/254]	Time   0.30 (  0.41)	Data 0.0001 (0.1090)	Loss (L1) 5.179 (6.136)
2026-04-26 16:08:54,154 | Epoch: [4][130/254]	Time   0.29 (  0.40)	Data 0.0002 (0.1007)	Loss (L1) 6.059 (6.123)
2026-04-26 16:08:57,124 | Epoch: [4][140/254]	Time   0.30 (  0.40)	Data 0.0001 (0.0936)	Loss (L1) 6.418 (6.155)
2026-04-26 16:09:00,121 | Epoch: [4][150/254]	Time   0.31 (  0.39)	Data 0.0002 (0.0875)	Loss (L1) 5.708 (6.143)
2026-04-26 16:09:03,101 | Epoch: [4][160/254]	Time   0.29 (  0.38)	Data 0.0002 (0.0821)	Loss (L1) 6.226 (6.124)
2026-04-26 16:09:06,121 | Epoch: [4][170/254]	Time   0.31 (  0.38)	Data 0.0009 (0.0773)	Loss (L1) 5.831 (6.099)
2026-04-26 16:09:09,137 | Epoch: [4][180/254]	Time   0.33 (  0.38)	Data 0.0002 (0.0730)	Loss (L1) 4.832 (6.096)
2026-04-26 16:09:12,121 | Epoch: [4][190/254]	Time   0.29 (  0.37)	Data 0.0001 (0.0694)	Loss (L1) 6.057 (6.098)
2026-04-26 16:09:15,077 | Epoch: [4][200/254]	Time   0.30 (  0.37)	Data 0.0001 (0.0660)	Loss (L1) 6.447 (6.107)
2026-04-26 16:09:17,996 | Epoch: [4][210/254]	Time   0.29 (  0.36)	Data 0.0001 (0.0629)	Loss (L1) 5.454 (6.096)
2026-04-26 16:09:20,909 | Epoch: [4][220/254]	Time   0.29 (  0.36)	Data 0.0000 (0.0600)	Loss (L1) 5.780 (6.083)
2026-04-26 16:09:23,829 | Epoch: [4][230/254]	Time   0.29 (  0.36)	Data 0.0001 (0.0574)	Loss (L1) 5.317 (6.067)
2026-04-26 16:09:26,743 | Epoch: [4][240/254]	Time   0.29 (  0.35)	Data 0.0001 (0.0551)	Loss (L1) 5.488 (6.059)
2026-04-26 16:09:29,655 | Epoch: [4][250/254]	Time   0.29 (  0.35)	Data 0.0001 (0.0529)	Loss (L1) 5.538 (6.046)
2026-04-26 16:09:30,748 | Create Epoch [4] features of all training data...
2026-04-26 16:10:44,453 | Updated smoothed statistics on Epoch [4]!
2026-04-26 16:10:44,482 | Updated running statistics with Epoch [4] features!
2026-04-26 16:10:52,286 | Val: [ 0/25]	Time  7.803 ( 7.803)	Loss (MSE) 260.872 (260.872)	Loss (L1) 14.759 (14.759)
2026-04-26 16:10:54,958 | Val: [10/25]	Time  0.083 ( 0.952)	Loss (MSE) 63.618 (117.806)	Loss (L1) 6.686 (9.333)
2026-04-26 16:10:55,789 | Val: [20/25]	Time  0.083 ( 0.538)	Loss (MSE) 49.043 (79.656)	Loss (L1) 5.468 (7.222)
2026-04-26 16:10:56,326 |  * Overall: MSE 81.667	L1 7.400	G-Mean 5.121
2026-04-26 16:10:56,327 |  * Many: MSE 59.789	L1 6.315	G-Mean 4.348
2026-04-26 16:10:56,327 |  * Median: MSE 120.763	L1 9.243	G-Mean 6.621
2026-04-26 16:10:56,327 |  * Low: MSE 168.361	L1 12.045	G-Mean 11.139
2026-04-26 16:10:56,327 | Best L1 Loss: 6.368
2026-04-26 16:10:56,545 | Epoch #4: Train loss [6.0385]; Val loss: MSE [81.6669], L1 [7.4002], G-Mean [5.1214]
2026-04-26 16:11:02,439 | Epoch: [5][  0/254]	Time   5.89 (  5.89)	Data 5.7459 (5.7459)	Loss (L1) 6.900 (6.900)
2026-04-26 16:11:11,037 | Epoch: [5][ 10/254]	Time   0.29 (  1.32)	Data 0.0003 (1.0500)	Loss (L1) 5.482 (6.165)
2026-04-26 16:11:13,979 | Epoch: [5][ 20/254]	Time   0.30 (  0.83)	Data 0.0002 (0.5501)	Loss (L1) 5.941 (5.986)
2026-04-26 16:11:16,939 | Epoch: [5][ 30/254]	Time   0.30 (  0.66)	Data 0.0002 (0.3727)	Loss (L1) 5.774 (5.952)
2026-04-26 16:11:19,942 | Epoch: [5][ 40/254]	Time   0.31 (  0.57)	Data 0.0002 (0.2819)	Loss (L1) 4.677 (5.979)
2026-04-26 16:11:22,890 | Epoch: [5][ 50/254]	Time   0.28 (  0.52)	Data 0.0002 (0.2267)	Loss (L1) 5.344 (5.905)
2026-04-26 16:11:25,861 | Epoch: [5][ 60/254]	Time   0.29 (  0.48)	Data 0.0003 (0.1896)	Loss (L1) 5.020 (5.887)
2026-04-26 16:11:28,919 | Epoch: [5][ 70/254]	Time   0.29 (  0.46)	Data 0.0003 (0.1629)	Loss (L1) 6.152 (5.913)
2026-04-26 16:11:31,928 | Epoch: [5][ 80/254]	Time   0.29 (  0.44)	Data 0.0002 (0.1428)	Loss (L1) 4.978 (5.896)
2026-04-26 16:11:34,947 | Epoch: [5][ 90/254]	Time   0.30 (  0.42)	Data 0.0002 (0.1271)	Loss (L1) 5.428 (5.844)
2026-04-26 16:11:37,955 | Epoch: [5][100/254]	Time   0.32 (  0.41)	Data 0.0002 (0.1146)	Loss (L1) 5.342 (5.807)
2026-04-26 16:11:40,924 | Epoch: [5][110/254]	Time   0.30 (  0.40)	Data 0.0002 (0.1043)	Loss (L1) 6.959 (5.789)
2026-04-26 16:11:43,882 | Epoch: [5][120/254]	Time   0.30 (  0.39)	Data 0.0002 (0.0957)	Loss (L1) 5.620 (5.764)
2026-04-26 16:11:46,848 | Epoch: [5][130/254]	Time   0.28 (  0.38)	Data 0.0002 (0.0884)	Loss (L1) 6.311 (5.738)
2026-04-26 16:11:49,861 | Epoch: [5][140/254]	Time   0.30 (  0.38)	Data 0.0002 (0.0821)	Loss (L1) 5.224 (5.747)
2026-04-26 16:11:52,837 | Epoch: [5][150/254]	Time   0.30 (  0.37)	Data 0.0002 (0.0768)	Loss (L1) 8.606 (5.771)
2026-04-26 16:11:55,835 | Epoch: [5][160/254]	Time   0.29 (  0.37)	Data 0.0002 (0.0720)	Loss (L1) 4.710 (5.761)
2026-04-26 16:11:58,797 | Epoch: [5][170/254]	Time   0.29 (  0.36)	Data 0.0002 (0.0678)	Loss (L1) 7.393 (5.753)
2026-04-26 16:12:01,766 | Epoch: [5][180/254]	Time   0.29 (  0.36)	Data 0.0002 (0.0641)	Loss (L1) 4.444 (5.735)
2026-04-26 16:12:04,758 | Epoch: [5][190/254]	Time   0.29 (  0.36)	Data 0.0002 (0.0608)	Loss (L1) 4.275 (5.731)
2026-04-26 16:12:07,730 | Epoch: [5][200/254]	Time   0.30 (  0.35)	Data 0.0001 (0.0578)	Loss (L1) 6.580 (5.734)
2026-04-26 16:12:10,671 | Epoch: [5][210/254]	Time   0.29 (  0.35)	Data 0.0001 (0.0551)	Loss (L1) 5.265 (5.712)
2026-04-26 16:12:13,581 | Epoch: [5][220/254]	Time   0.29 (  0.35)	Data 0.0007 (0.0526)	Loss (L1) 4.815 (5.689)
2026-04-26 16:12:16,504 | Epoch: [5][230/254]	Time   0.29 (  0.35)	Data 0.0001 (0.0503)	Loss (L1) 5.607 (5.681)
2026-04-26 16:12:19,413 | Epoch: [5][240/254]	Time   0.29 (  0.34)	Data 0.0000 (0.0482)	Loss (L1) 5.991 (5.664)
2026-04-26 16:12:22,320 | Epoch: [5][250/254]	Time   0.29 (  0.34)	Data 0.0001 (0.0463)	Loss (L1) 4.766 (5.650)
2026-04-26 16:12:23,421 | Create Epoch [5] features of all training data...
2026-04-26 16:13:35,893 | Updated smoothed statistics on Epoch [5]!
2026-04-26 16:13:35,924 | Updated running statistics with Epoch [5] features!
2026-04-26 16:13:45,687 | Val: [ 0/25]	Time  9.761 ( 9.761)	Loss (MSE) 261.821 (261.821)	Loss (L1) 14.666 (14.666)
2026-04-26 16:13:46,566 | Val: [10/25]	Time  0.084 ( 0.967)	Loss (MSE) 77.737 (119.726)	Loss (L1) 7.327 (9.280)
2026-04-26 16:13:47,400 | Val: [20/25]	Time  0.083 ( 0.546)	Loss (MSE) 43.797 (81.986)	Loss (L1) 5.422 (7.298)
2026-04-26 16:13:47,956 |  * Overall: MSE 84.336	L1 7.472	G-Mean 5.127
2026-04-26 16:13:47,956 |  * Many: MSE 64.724	L1 6.502	G-Mean 4.414
2026-04-26 16:13:47,956 |  * Median: MSE 112.917	L1 8.881	G-Mean 6.354
2026-04-26 16:13:47,956 |  * Low: MSE 185.506	L1 12.495	G-Mean 11.259
2026-04-26 16:13:47,958 | Best L1 Loss: 6.368
2026-04-26 16:13:48,176 | Epoch #5: Train loss [5.6527]; Val loss: MSE [84.3361], L1 [7.4718], G-Mean [5.1274]
2026-04-26 16:13:54,257 | Epoch: [6][  0/254]	Time   6.08 (  6.08)	Data 5.9316 (5.9316)	Loss (L1) 7.761 (7.761)
2026-04-26 16:14:02,743 | Epoch: [6][ 10/254]	Time   0.30 (  1.32)	Data 0.0003 (1.0612)	Loss (L1) 5.323 (5.971)
2026-04-26 16:14:05,719 | Epoch: [6][ 20/254]	Time   0.29 (  0.84)	Data 0.0005 (0.5561)	Loss (L1) 4.949 (5.686)
2026-04-26 16:14:08,700 | Epoch: [6][ 30/254]	Time   0.31 (  0.66)	Data 0.0002 (0.3768)	Loss (L1) 4.979 (5.521)
2026-04-26 16:14:11,837 | Epoch: [6][ 40/254]	Time   0.30 (  0.58)	Data 0.0003 (0.2920)	Loss (L1) 5.272 (5.455)
2026-04-26 16:14:14,827 | Epoch: [6][ 50/254]	Time   0.29 (  0.52)	Data 0.0002 (0.2348)	Loss (L1) 4.813 (5.404)
2026-04-26 16:14:17,826 | Epoch: [6][ 60/254]	Time   0.32 (  0.49)	Data 0.0002 (0.1964)	Loss (L1) 4.864 (5.377)
2026-04-26 16:14:20,816 | Epoch: [6][ 70/254]	Time   0.29 (  0.46)	Data 0.0003 (0.1708)	Loss (L1) 4.859 (5.346)
2026-04-26 16:14:23,777 | Epoch: [6][ 80/254]	Time   0.30 (  0.44)	Data 0.0003 (0.1497)	Loss (L1) 4.834 (5.334)
2026-04-26 16:14:26,794 | Epoch: [6][ 90/254]	Time   0.31 (  0.42)	Data 0.0003 (0.1333)	Loss (L1) 5.475 (5.352)
2026-04-26 16:14:29,820 | Epoch: [6][100/254]	Time   0.30 (  0.41)	Data 0.0003 (0.1203)	Loss (L1) 6.755 (5.368)
2026-04-26 16:14:32,793 | Epoch: [6][110/254]	Time   0.30 (  0.40)	Data 0.0003 (0.1095)	Loss (L1) 4.728 (5.359)
2026-04-26 16:14:35,771 | Epoch: [6][120/254]	Time   0.29 (  0.39)	Data 0.0003 (0.1005)	Loss (L1) 5.273 (5.340)
2026-04-26 16:14:38,791 | Epoch: [6][130/254]	Time   0.29 (  0.39)	Data 0.0003 (0.0928)	Loss (L1) 4.690 (5.337)
2026-04-26 16:14:41,784 | Epoch: [6][140/254]	Time   0.29 (  0.38)	Data 0.0002 (0.0862)	Loss (L1) 7.103 (5.366)
2026-04-26 16:14:44,808 | Epoch: [6][150/254]	Time   0.31 (  0.38)	Data 0.0002 (0.0805)	Loss (L1) 5.392 (5.390)
2026-04-26 16:14:47,796 | Epoch: [6][160/254]	Time   0.30 (  0.37)	Data 0.0002 (0.0756)	Loss (L1) 7.607 (5.405)
2026-04-26 16:14:50,789 | Epoch: [6][170/254]	Time   0.28 (  0.37)	Data 0.0002 (0.0712)	Loss (L1) 5.454 (5.391)
2026-04-26 16:14:53,787 | Epoch: [6][180/254]	Time   0.30 (  0.36)	Data 0.0002 (0.0673)	Loss (L1) 4.546 (5.366)
2026-04-26 16:14:56,769 | Epoch: [6][190/254]	Time   0.30 (  0.36)	Data 0.0001 (0.0639)	Loss (L1) 4.933 (5.346)
2026-04-26 16:14:59,735 | Epoch: [6][200/254]	Time   0.29 (  0.36)	Data 0.0001 (0.0607)	Loss (L1) 4.484 (5.334)
2026-04-26 16:15:02,697 | Epoch: [6][210/254]	Time   0.29 (  0.35)	Data 0.0001 (0.0578)	Loss (L1) 5.216 (5.322)
2026-04-26 16:15:05,653 | Epoch: [6][220/254]	Time   0.29 (  0.35)	Data 0.0004 (0.0552)	Loss (L1) 5.672 (5.324)
2026-04-26 16:15:08,611 | Epoch: [6][230/254]	Time   0.30 (  0.35)	Data 0.0001 (0.0529)	Loss (L1) 5.517 (5.354)
2026-04-26 16:15:11,546 | Epoch: [6][240/254]	Time   0.29 (  0.35)	Data 0.0001 (0.0507)	Loss (L1) 5.306 (5.370)
2026-04-26 16:15:14,474 | Epoch: [6][250/254]	Time   0.29 (  0.34)	Data 0.0001 (0.0487)	Loss (L1) 5.493 (5.368)
2026-04-26 16:15:15,561 | Create Epoch [6] features of all training data...
2026-04-26 16:16:29,154 | Updated smoothed statistics on Epoch [6]!
2026-04-26 16:16:29,182 | Updated running statistics with Epoch [6] features!
2026-04-26 16:16:38,988 | Val: [ 0/25]	Time  9.805 ( 9.805)	Loss (MSE) 157.577 (157.577)	Loss (L1) 11.597 (11.597)
2026-04-26 16:16:40,103 | Val: [10/25]	Time  0.083 ( 0.993)	Loss (MSE) 45.618 (59.570)	Loss (L1) 5.389 (6.133)
2026-04-26 16:16:40,937 | Val: [20/25]	Time  0.083 ( 0.560)	Loss (MSE) 43.759 (46.164)	Loss (L1) 5.222 (5.345)
2026-04-26 16:16:41,494 |  * Overall: MSE 46.668	L1 5.423	G-Mean 3.640
2026-04-26 16:16:41,494 |  * Many: MSE 37.842	L1 4.800	G-Mean 3.153
2026-04-26 16:16:41,494 |  * Median: MSE 59.575	L1 6.354	G-Mean 4.520
2026-04-26 16:16:41,494 |  * Low: MSE 92.036	L1 8.549	G-Mean 7.449
2026-04-26 16:16:41,495 | Best L1 Loss: 5.423
2026-04-26 16:16:41,712 | ===> Saving current best checkpoint...
2026-04-26 16:16:42,207 | Epoch #6: Train loss [5.3622]; Val loss: MSE [46.6684], L1 [5.4230], G-Mean [3.6402]
2026-04-26 16:16:54,916 | Epoch: [7][  0/254]	Time  12.71 ( 12.71)	Data 12.5576 (12.5576)	Loss (L1) 5.592 (5.592)
2026-04-26 16:16:57,868 | Epoch: [7][ 10/254]	Time   0.30 (  1.42)	Data 0.0002 (1.1418)	Loss (L1) 5.892 (5.322)
2026-04-26 16:17:00,840 | Epoch: [7][ 20/254]	Time   0.29 (  0.89)	Data 0.0002 (0.5982)	Loss (L1) 4.488 (5.284)
2026-04-26 16:17:03,778 | Epoch: [7][ 30/254]	Time   0.29 (  0.70)	Data 0.0002 (0.4053)	Loss (L1) 4.332 (5.247)
2026-04-26 16:17:06,747 | Epoch: [7][ 40/254]	Time   0.30 (  0.60)	Data 0.0002 (0.3065)	Loss (L1) 5.076 (5.191)
2026-04-26 16:17:09,758 | Epoch: [7][ 50/254]	Time   0.30 (  0.54)	Data 0.0003 (0.2466)	Loss (L1) 4.095 (5.154)
2026-04-26 16:17:12,728 | Epoch: [7][ 60/254]	Time   0.30 (  0.50)	Data 0.0003 (0.2063)	Loss (L1) 4.697 (5.155)
2026-04-26 16:17:15,703 | Epoch: [7][ 70/254]	Time   0.29 (  0.47)	Data 0.0002 (0.1773)	Loss (L1) 5.500 (5.130)
2026-04-26 16:17:18,689 | Epoch: [7][ 80/254]	Time   0.30 (  0.45)	Data 0.0002 (0.1554)	Loss (L1) 4.746 (5.094)
2026-04-26 16:17:21,745 | Epoch: [7][ 90/254]	Time   0.30 (  0.43)	Data 0.0002 (0.1384)	Loss (L1) 4.951 (5.074)
2026-04-26 16:17:24,840 | Epoch: [7][100/254]	Time   0.33 (  0.42)	Data 0.0003 (0.1247)	Loss (L1) 5.224 (5.076)
2026-04-26 16:17:27,839 | Epoch: [7][110/254]	Time   0.32 (  0.41)	Data 0.0002 (0.1135)	Loss (L1) 6.676 (5.064)
2026-04-26 16:17:30,846 | Epoch: [7][120/254]	Time   0.30 (  0.40)	Data 0.0003 (0.1041)	Loss (L1) 5.373 (5.067)
2026-04-26 16:17:33,817 | Epoch: [7][130/254]	Time   0.30 (  0.39)	Data 0.0002 (0.0962)	Loss (L1) 5.317 (5.065)
2026-04-26 16:17:36,903 | Epoch: [7][140/254]	Time   0.31 (  0.39)	Data 0.0002 (0.0894)	Loss (L1) 4.633 (5.056)
2026-04-26 16:17:39,933 | Epoch: [7][150/254]	Time   0.30 (  0.38)	Data 0.0002 (0.0835)	Loss (L1) 5.283 (5.048)
2026-04-26 16:17:42,926 | Epoch: [7][160/254]	Time   0.30 (  0.38)	Data 0.0003 (0.0783)	Loss (L1) 4.629 (5.075)
2026-04-26 16:17:45,980 | Epoch: [7][170/254]	Time   0.31 (  0.37)	Data 0.0002 (0.0738)	Loss (L1) 5.372 (5.091)
2026-04-26 16:17:49,000 | Epoch: [7][180/254]	Time   0.29 (  0.37)	Data 0.0002 (0.0698)	Loss (L1) 3.788 (5.077)
2026-04-26 16:17:52,011 | Epoch: [7][190/254]	Time   0.29 (  0.37)	Data 0.0002 (0.0663)	Loss (L1) 4.468 (5.088)
2026-04-26 16:17:55,010 | Epoch: [7][200/254]	Time   0.29 (  0.36)	Data 0.0001 (0.0630)	Loss (L1) 4.468 (5.079)
2026-04-26 16:17:57,951 | Epoch: [7][210/254]	Time   0.29 (  0.36)	Data 0.0001 (0.0600)	Loss (L1) 4.186 (5.073)
2026-04-26 16:18:00,863 | Epoch: [7][220/254]	Time   0.29 (  0.36)	Data 0.0001 (0.0573)	Loss (L1) 4.792 (5.061)
2026-04-26 16:18:03,772 | Epoch: [7][230/254]	Time   0.29 (  0.35)	Data 0.0001 (0.0549)	Loss (L1) 5.205 (5.065)
2026-04-26 16:18:06,687 | Epoch: [7][240/254]	Time   0.29 (  0.35)	Data 0.0001 (0.0526)	Loss (L1) 4.136 (5.072)
2026-04-26 16:18:09,590 | Epoch: [7][250/254]	Time   0.29 (  0.35)	Data 0.0001 (0.0505)	Loss (L1) 4.252 (5.057)
2026-04-26 16:18:10,696 | Create Epoch [7] features of all training data...
2026-04-26 16:19:23,960 | Updated smoothed statistics on Epoch [7]!
2026-04-26 16:19:23,988 | Updated running statistics with Epoch [7] features!
2026-04-26 16:19:33,934 | Val: [ 0/25]	Time  9.944 ( 9.944)	Loss (MSE) 273.233 (273.233)	Loss (L1) 15.635 (15.635)
2026-04-26 16:19:34,767 | Val: [10/25]	Time  0.083 ( 0.980)	Loss (MSE) 70.619 (109.074)	Loss (L1) 6.995 (8.768)
2026-04-26 16:19:35,600 | Val: [20/25]	Time  0.084 ( 0.553)	Loss (MSE) 44.245 (74.411)	Loss (L1) 5.294 (6.936)
2026-04-26 16:19:36,173 |  * Overall: MSE 72.893	L1 6.896	G-Mean 4.653
2026-04-26 16:19:36,173 |  * Many: MSE 56.854	L1 6.093	G-Mean 4.116
2026-04-26 16:19:36,173 |  * Median: MSE 102.468	L1 8.288	G-Mean 5.530
2026-04-26 16:19:36,173 |  * Low: MSE 133.138	L1 10.233	G-Mean 8.936
2026-04-26 16:19:36,174 | Best L1 Loss: 5.423
2026-04-26 16:19:36,395 | Epoch #7: Train loss [5.0561]; Val loss: MSE [72.8929], L1 [6.8962], G-Mean [4.6527]
2026-04-26 16:19:47,191 | Epoch: [8][  0/254]	Time  10.79 ( 10.79)	Data 10.6248 (10.6248)	Loss (L1) 5.213 (5.213)
2026-04-26 16:19:52,087 | Epoch: [8][ 10/254]	Time   0.27 (  1.43)	Data 0.0006 (1.1366)	Loss (L1) 4.086 (5.019)
2026-04-26 16:19:55,254 | Epoch: [8][ 20/254]	Time   0.33 (  0.90)	Data 0.0001 (0.5955)	Loss (L1) 4.480 (5.026)
2026-04-26 16:19:58,501 | Epoch: [8][ 30/254]	Time   0.34 (  0.71)	Data 0.0003 (0.4038)	Loss (L1) 4.445 (4.973)
2026-04-26 16:20:01,511 | Epoch: [8][ 40/254]	Time   0.31 (  0.61)	Data 0.0002 (0.3054)	Loss (L1) 5.831 (4.999)
2026-04-26 16:20:04,510 | Epoch: [8][ 50/254]	Time   0.28 (  0.55)	Data 0.0002 (0.2456)	Loss (L1) 5.119 (5.023)
2026-04-26 16:20:07,627 | Epoch: [8][ 60/254]	Time   0.32 (  0.51)	Data 0.0002 (0.2054)	Loss (L1) 5.832 (5.027)
2026-04-26 16:20:10,622 | Epoch: [8][ 70/254]	Time   0.30 (  0.48)	Data 0.0003 (0.1767)	Loss (L1) 4.942 (5.018)
2026-04-26 16:20:13,639 | Epoch: [8][ 80/254]	Time   0.30 (  0.46)	Data 0.0001 (0.1549)	Loss (L1) 5.300 (5.002)
2026-04-26 16:20:16,614 | Epoch: [8][ 90/254]	Time   0.31 (  0.44)	Data 0.0002 (0.1379)	Loss (L1) 5.434 (5.013)
2026-04-26 16:20:19,726 | Epoch: [8][100/254]	Time   0.31 (  0.43)	Data 0.0002 (0.1243)	Loss (L1) 4.865 (4.983)
2026-04-26 16:20:22,702 | Epoch: [8][110/254]	Time   0.28 (  0.42)	Data 0.0002 (0.1131)	Loss (L1) 4.525 (4.955)
2026-04-26 16:20:25,713 | Epoch: [8][120/254]	Time   0.30 (  0.41)	Data 0.0001 (0.1038)	Loss (L1) 4.419 (4.936)
2026-04-26 16:20:28,657 | Epoch: [8][130/254]	Time   0.30 (  0.40)	Data 0.0002 (0.0959)	Loss (L1) 4.332 (4.909)
2026-04-26 16:20:31,669 | Epoch: [8][140/254]	Time   0.30 (  0.39)	Data 0.0002 (0.0891)	Loss (L1) 4.224 (4.899)
2026-04-26 16:20:34,769 | Epoch: [8][150/254]	Time   0.31 (  0.39)	Data 0.0002 (0.0832)	Loss (L1) 4.500 (4.876)
2026-04-26 16:20:37,774 | Epoch: [8][160/254]	Time   0.29 (  0.38)	Data 0.0002 (0.0781)	Loss (L1) 4.788 (4.873)
2026-04-26 16:20:40,745 | Epoch: [8][170/254]	Time   0.28 (  0.38)	Data 0.0002 (0.0735)	Loss (L1) 4.083 (4.871)
2026-04-26 16:20:43,708 | Epoch: [8][180/254]	Time   0.28 (  0.37)	Data 0.0002 (0.0695)	Loss (L1) 5.637 (4.862)
2026-04-26 16:20:46,744 | Epoch: [8][190/254]	Time   0.29 (  0.37)	Data 0.0001 (0.0660)	Loss (L1) 4.605 (4.865)
2026-04-26 16:20:49,753 | Epoch: [8][200/254]	Time   0.30 (  0.36)	Data 0.0001 (0.0627)	Loss (L1) 4.964 (4.856)
2026-04-26 16:20:52,667 | Epoch: [8][210/254]	Time   0.29 (  0.36)	Data 0.0001 (0.0598)	Loss (L1) 3.811 (4.824)
2026-04-26 16:20:55,575 | Epoch: [8][220/254]	Time   0.29 (  0.36)	Data 0.0001 (0.0571)	Loss (L1) 4.089 (4.807)
2026-04-26 16:20:58,487 | Epoch: [8][230/254]	Time   0.29 (  0.36)	Data 0.0001 (0.0546)	Loss (L1) 4.106 (4.805)
2026-04-26 16:21:01,400 | Epoch: [8][240/254]	Time   0.29 (  0.35)	Data 0.0001 (0.0523)	Loss (L1) 5.442 (4.809)
2026-04-26 16:21:04,316 | Epoch: [8][250/254]	Time   0.29 (  0.35)	Data 0.0001 (0.0502)	Loss (L1) 4.898 (4.806)
2026-04-26 16:21:05,409 | Create Epoch [8] features of all training data...
2026-04-26 16:22:19,697 | Updated smoothed statistics on Epoch [8]!
2026-04-26 16:22:19,725 | Updated running statistics with Epoch [8] features!
2026-04-26 16:22:28,908 | Val: [ 0/25]	Time  9.182 ( 9.182)	Loss (MSE) 131.592 (131.592)	Loss (L1) 10.588 (10.588)
2026-04-26 16:22:29,972 | Val: [10/25]	Time  0.083 ( 0.931)	Loss (MSE) 36.229 (50.812)	Loss (L1) 4.866 (5.643)
2026-04-26 16:22:30,806 | Val: [20/25]	Time  0.083 ( 0.528)	Loss (MSE) 43.981 (42.118)	Loss (L1) 5.328 (5.124)
2026-04-26 16:22:31,382 |  * Overall: MSE 42.143	L1 5.143	G-Mean 3.425
2026-04-26 16:22:31,383 |  * Many: MSE 35.347	L1 4.664	G-Mean 3.101
2026-04-26 16:22:31,383 |  * Median: MSE 53.258	L1 5.871	G-Mean 3.834
2026-04-26 16:22:31,383 |  * Low: MSE 72.810	L1 7.504	G-Mean 6.420
2026-04-26 16:22:31,384 | Best L1 Loss: 5.143
2026-04-26 16:22:31,603 | ===> Saving current best checkpoint...
2026-04-26 16:22:32,095 | Epoch #8: Train loss [4.8005]; Val loss: MSE [42.1433], L1 [5.1428], G-Mean [3.4250]
2026-04-26 16:22:39,280 | Epoch: [9][  0/254]	Time   7.18 (  7.18)	Data 7.0211 (7.0211)	Loss (L1) 4.758 (4.758)
2026-04-26 16:22:47,018 | Epoch: [9][ 10/254]	Time   0.30 (  1.36)	Data 0.0002 (1.1125)	Loss (L1) 5.298 (4.603)
2026-04-26 16:22:50,005 | Epoch: [9][ 20/254]	Time   0.29 (  0.85)	Data 0.0002 (0.5828)	Loss (L1) 4.727 (4.729)
2026-04-26 16:22:52,960 | Epoch: [9][ 30/254]	Time   0.30 (  0.67)	Data 0.0002 (0.3949)	Loss (L1) 4.923 (4.652)
2026-04-26 16:22:55,926 | Epoch: [9][ 40/254]	Time   0.29 (  0.58)	Data 0.0002 (0.2986)	Loss (L1) 3.854 (4.617)
2026-04-26 16:22:58,905 | Epoch: [9][ 50/254]	Time   0.31 (  0.53)	Data 0.0003 (0.2401)	Loss (L1) 5.307 (4.677)
2026-04-26 16:23:01,925 | Epoch: [9][ 60/254]	Time   0.31 (  0.49)	Data 0.0002 (0.2010)	Loss (L1) 6.064 (4.702)
2026-04-26 16:23:04,968 | Epoch: [9][ 70/254]	Time   0.30 (  0.46)	Data 0.0002 (0.1727)	Loss (L1) 4.643 (4.699)
2026-04-26 16:23:07,907 | Epoch: [9][ 80/254]	Time   0.29 (  0.44)	Data 0.0002 (0.1514)	Loss (L1) 4.320 (4.698)
2026-04-26 16:23:10,861 | Epoch: [9][ 90/254]	Time   0.30 (  0.43)	Data 0.0002 (0.1348)	Loss (L1) 4.954 (4.665)
2026-04-26 16:23:13,864 | Epoch: [9][100/254]	Time   0.29 (  0.41)	Data 0.0002 (0.1216)	Loss (L1) 4.625 (4.660)
2026-04-26 16:23:16,852 | Epoch: [9][110/254]	Time   0.29 (  0.40)	Data 0.0002 (0.1107)	Loss (L1) 4.723 (4.658)
2026-04-26 16:23:19,846 | Epoch: [9][120/254]	Time   0.30 (  0.39)	Data 0.0003 (0.1016)	Loss (L1) 5.261 (4.678)
2026-04-26 16:23:22,835 | Epoch: [9][130/254]	Time   0.31 (  0.39)	Data 0.0003 (0.0938)	Loss (L1) 5.214 (4.688)
2026-04-26 16:23:25,812 | Epoch: [9][140/254]	Time   0.29 (  0.38)	Data 0.0002 (0.0872)	Loss (L1) 4.360 (4.704)
2026-04-26 16:23:28,834 | Epoch: [9][150/254]	Time   0.29 (  0.38)	Data 0.0113 (0.0815)	Loss (L1) 5.746 (4.720)
2026-04-26 16:23:31,918 | Epoch: [9][160/254]	Time   0.30 (  0.37)	Data 0.0041 (0.0765)	Loss (L1) 4.462 (4.731)
2026-04-26 16:23:34,900 | Epoch: [9][170/254]	Time   0.30 (  0.37)	Data 0.0003 (0.0720)	Loss (L1) 5.227 (4.738)
2026-04-26 16:23:37,906 | Epoch: [9][180/254]	Time   0.30 (  0.36)	Data 0.0002 (0.0681)	Loss (L1) 3.800 (4.733)
2026-04-26 16:23:40,941 | Epoch: [9][190/254]	Time   0.32 (  0.36)	Data 0.0002 (0.0647)	Loss (L1) 4.088 (4.721)
2026-04-26 16:23:43,902 | Epoch: [9][200/254]	Time   0.28 (  0.36)	Data 0.0001 (0.0615)	Loss (L1) 4.162 (4.703)
2026-04-26 16:23:46,850 | Epoch: [9][210/254]	Time   0.30 (  0.35)	Data 0.0001 (0.0586)	Loss (L1) 4.436 (4.692)
2026-04-26 16:23:49,786 | Epoch: [9][220/254]	Time   0.29 (  0.35)	Data 0.0001 (0.0559)	Loss (L1) 4.662 (4.683)
2026-04-26 16:23:52,733 | Epoch: [9][230/254]	Time   0.29 (  0.35)	Data 0.0001 (0.0535)	Loss (L1) 4.219 (4.678)
2026-04-26 16:23:55,666 | Epoch: [9][240/254]	Time   0.29 (  0.35)	Data 0.0001 (0.0513)	Loss (L1) 4.953 (4.671)
2026-04-26 16:23:58,581 | Epoch: [9][250/254]	Time   0.30 (  0.34)	Data 0.0001 (0.0492)	Loss (L1) 4.025 (4.654)
2026-04-26 16:23:59,682 | Create Epoch [9] features of all training data...
2026-04-26 16:25:12,433 | Updated smoothed statistics on Epoch [9]!
2026-04-26 16:25:12,462 | Updated running statistics with Epoch [9] features!
2026-04-26 16:25:17,596 | Val: [ 0/25]	Time  5.133 ( 5.133)	Loss (MSE) 163.758 (163.758)	Loss (L1) 11.891 (11.891)
2026-04-26 16:25:22,696 | Val: [10/25]	Time  0.083 ( 0.930)	Loss (MSE) 42.478 (65.451)	Loss (L1) 5.215 (6.555)
2026-04-26 16:25:23,532 | Val: [20/25]	Time  0.084 ( 0.527)	Loss (MSE) 35.227 (48.695)	Loss (L1) 5.001 (5.522)
2026-04-26 16:25:24,079 |  * Overall: MSE 45.902	L1 5.333	G-Mean 3.497
2026-04-26 16:25:24,079 |  * Many: MSE 38.991	L1 4.906	G-Mean 3.244
2026-04-26 16:25:24,079 |  * Median: MSE 61.741	L1 6.325	G-Mean 4.097
2026-04-26 16:25:24,079 |  * Low: MSE 60.631	L1 6.194	G-Mean 4.309
2026-04-26 16:25:24,080 | Best L1 Loss: 5.143
2026-04-26 16:25:24,291 | Epoch #9: Train loss [4.6553]; Val loss: MSE [45.9024], L1 [5.3326], G-Mean [3.4969]
2026-04-26 16:25:35,122 | Epoch: [10][  0/254]	Time  10.83 ( 10.83)	Data 10.5928 (10.5928)	Loss (L1) 5.321 (5.321)
2026-04-26 16:25:39,216 | Epoch: [10][ 10/254]	Time   0.28 (  1.36)	Data 0.0002 (1.0714)	Loss (L1) 4.136 (4.544)
2026-04-26 16:25:42,211 | Epoch: [10][ 20/254]	Time   0.31 (  0.85)	Data 0.0003 (0.5613)	Loss (L1) 4.474 (4.620)
2026-04-26 16:25:45,283 | Epoch: [10][ 30/254]	Time   0.33 (  0.68)	Data 0.0004 (0.3804)	Loss (L1) 3.969 (4.531)
2026-04-26 16:25:48,378 | Epoch: [10][ 40/254]	Time   0.31 (  0.59)	Data 0.0002 (0.2907)	Loss (L1) 4.724 (4.466)
2026-04-26 16:25:51,355 | Epoch: [10][ 50/254]	Time   0.30 (  0.53)	Data 0.0002 (0.2338)	Loss (L1) 4.839 (4.485)
2026-04-26 16:25:54,364 | Epoch: [10][ 60/254]	Time   0.31 (  0.49)	Data 0.0003 (0.1955)	Loss (L1) 3.908 (4.520)
2026-04-26 16:25:57,453 | Epoch: [10][ 70/254]	Time   0.29 (  0.47)	Data 0.0002 (0.1680)	Loss (L1) 6.915 (4.594)
2026-04-26 16:26:00,450 | Epoch: [10][ 80/254]	Time   0.31 (  0.45)	Data 0.0003 (0.1474)	Loss (L1) 4.407 (4.611)
2026-04-26 16:26:03,496 | Epoch: [10][ 90/254]	Time   0.30 (  0.43)	Data 0.0002 (0.1312)	Loss (L1) 4.217 (4.625)
2026-04-26 16:26:06,608 | Epoch: [10][100/254]	Time   0.29 (  0.42)	Data 0.0002 (0.1183)	Loss (L1) 5.172 (4.626)
2026-04-26 16:26:09,753 | Epoch: [10][110/254]	Time   0.31 (  0.41)	Data 0.0002 (0.1077)	Loss (L1) 4.654 (4.601)
2026-04-26 16:26:12,757 | Epoch: [10][120/254]	Time   0.30 (  0.40)	Data 0.0003 (0.0988)	Loss (L1) 4.598 (4.589)
2026-04-26 16:26:15,828 | Epoch: [10][130/254]	Time   0.30 (  0.39)	Data 0.0003 (0.0913)	Loss (L1) 4.185 (4.587)
2026-04-26 16:26:18,879 | Epoch: [10][140/254]	Time   0.31 (  0.39)	Data 0.0002 (0.0849)	Loss (L1) 4.425 (4.572)
2026-04-26 16:26:21,860 | Epoch: [10][150/254]	Time   0.30 (  0.38)	Data 0.0002 (0.0793)	Loss (L1) 4.308 (4.558)
2026-04-26 16:26:24,969 | Epoch: [10][160/254]	Time   0.29 (  0.38)	Data 0.0003 (0.0744)	Loss (L1) 4.236 (4.554)
2026-04-26 16:26:28,053 | Epoch: [10][170/254]	Time   0.30 (  0.37)	Data 0.0002 (0.0701)	Loss (L1) 3.849 (4.552)
2026-04-26 16:26:31,066 | Epoch: [10][180/254]	Time   0.30 (  0.37)	Data 0.0004 (0.0663)	Loss (L1) 3.907 (4.576)
2026-04-26 16:26:34,058 | Epoch: [10][190/254]	Time   0.30 (  0.37)	Data 0.0001 (0.0630)	Loss (L1) 5.812 (4.576)
2026-04-26 16:26:37,024 | Epoch: [10][200/254]	Time   0.29 (  0.36)	Data 0.0001 (0.0598)	Loss (L1) 3.880 (4.582)
2026-04-26 16:26:39,935 | Epoch: [10][210/254]	Time   0.29 (  0.36)	Data 0.0003 (0.0570)	Loss (L1) 3.874 (4.566)
2026-04-26 16:26:42,850 | Epoch: [10][220/254]	Time   0.29 (  0.36)	Data 0.0001 (0.0544)	Loss (L1) 4.336 (4.574)
2026-04-26 16:26:45,762 | Epoch: [10][230/254]	Time   0.29 (  0.35)	Data 0.0001 (0.0521)	Loss (L1) 5.436 (4.574)
2026-04-26 16:26:48,675 | Epoch: [10][240/254]	Time   0.29 (  0.35)	Data 0.0001 (0.0499)	Loss (L1) 4.426 (4.573)
2026-04-26 16:26:51,582 | Epoch: [10][250/254]	Time   0.29 (  0.35)	Data 0.0001 (0.0479)	Loss (L1) 3.716 (4.564)
2026-04-26 16:26:52,682 | Create Epoch [10] features of all training data...
2026-04-26 16:28:07,154 | Updated smoothed statistics on Epoch [10]!
2026-04-26 16:28:07,182 | Updated running statistics with Epoch [10] features!
2026-04-26 16:28:16,891 | Val: [ 0/25]	Time  9.708 ( 9.708)	Loss (MSE) 155.689 (155.689)	Loss (L1) 11.160 (11.160)
2026-04-26 16:28:17,758 | Val: [10/25]	Time  0.083 ( 0.961)	Loss (MSE) 34.812 (58.309)	Loss (L1) 4.804 (6.167)
2026-04-26 16:28:18,590 | Val: [20/25]	Time  0.083 ( 0.543)	Loss (MSE) 39.368 (44.875)	Loss (L1) 4.988 (5.269)
2026-04-26 16:28:19,127 |  * Overall: MSE 44.540	L1 5.275	G-Mean 3.500
2026-04-26 16:28:19,127 |  * Many: MSE 35.732	L1 4.716	G-Mean 3.140
2026-04-26 16:28:19,127 |  * Median: MSE 60.146	L1 6.216	G-Mean 4.051
2026-04-26 16:28:19,127 |  * Low: MSE 79.923	L1 7.705	G-Mean 6.402
2026-04-26 16:28:19,128 | Best L1 Loss: 5.143
2026-04-26 16:28:19,342 | Epoch #10: Train loss [4.5655]; Val loss: MSE [44.5398], L1 [5.2750], G-Mean [3.4999]
2026-04-26 16:28:32,388 | Epoch: [11][  0/254]	Time  13.05 ( 13.05)	Data 12.8917 (12.8917)	Loss (L1) 4.400 (4.400)
2026-04-26 16:28:35,800 | Epoch: [11][ 10/254]	Time   0.29 (  1.50)	Data 0.0003 (1.2252)	Loss (L1) 4.081 (4.494)
2026-04-26 16:28:38,782 | Epoch: [11][ 20/254]	Time   0.31 (  0.93)	Data 0.0002 (0.6419)	Loss (L1) 4.379 (4.450)
2026-04-26 16:28:41,818 | Epoch: [11][ 30/254]	Time   0.30 (  0.72)	Data 0.0001 (0.4349)	Loss (L1) 5.391 (4.544)
2026-04-26 16:28:44,884 | Epoch: [11][ 40/254]	Time   0.31 (  0.62)	Data 0.0002 (0.3289)	Loss (L1) 3.958 (4.555)
2026-04-26 16:28:48,014 | Epoch: [11][ 50/254]	Time   0.34 (  0.56)	Data 0.0003 (0.2646)	Loss (L1) 5.241 (4.541)
2026-04-26 16:28:50,993 | Epoch: [11][ 60/254]	Time   0.29 (  0.52)	Data 0.0002 (0.2214)	Loss (L1) 4.980 (4.527)
2026-04-26 16:28:54,055 | Epoch: [11][ 70/254]	Time   0.31 (  0.49)	Data 0.0002 (0.1902)	Loss (L1) 4.354 (4.491)
2026-04-26 16:28:57,102 | Epoch: [11][ 80/254]	Time   0.30 (  0.47)	Data 0.0002 (0.1668)	Loss (L1) 3.780 (4.461)
2026-04-26 16:29:00,129 | Epoch: [11][ 90/254]	Time   0.29 (  0.45)	Data 0.0002 (0.1485)	Loss (L1) 4.823 (4.465)
2026-04-26 16:29:03,125 | Epoch: [11][100/254]	Time   0.30 (  0.43)	Data 0.0002 (0.1339)	Loss (L1) 4.259 (4.494)
2026-04-26 16:29:06,150 | Epoch: [11][110/254]	Time   0.31 (  0.42)	Data 0.0002 (0.1219)	Loss (L1) 4.518 (4.485)
2026-04-26 16:29:09,248 | Epoch: [11][120/254]	Time   0.30 (  0.41)	Data 0.0002 (0.1119)	Loss (L1) 4.195 (4.477)
2026-04-26 16:29:12,239 | Epoch: [11][130/254]	Time   0.31 (  0.40)	Data 0.0002 (0.1033)	Loss (L1) 4.550 (4.489)
2026-04-26 16:29:15,237 | Epoch: [11][140/254]	Time   0.30 (  0.40)	Data 0.0002 (0.0961)	Loss (L1) 4.234 (4.475)
2026-04-26 16:29:18,216 | Epoch: [11][150/254]	Time   0.29 (  0.39)	Data 0.0002 (0.0897)	Loss (L1) 4.261 (4.470)
2026-04-26 16:29:21,229 | Epoch: [11][160/254]	Time   0.30 (  0.38)	Data 0.0002 (0.0842)	Loss (L1) 4.566 (4.465)
2026-04-26 16:29:24,240 | Epoch: [11][170/254]	Time   0.30 (  0.38)	Data 0.0081 (0.0793)	Loss (L1) 5.131 (4.461)
2026-04-26 16:29:27,244 | Epoch: [11][180/254]	Time   0.28 (  0.38)	Data 0.0112 (0.0750)	Loss (L1) 4.458 (4.464)
2026-04-26 16:29:30,328 | Epoch: [11][190/254]	Time   0.30 (  0.37)	Data 0.0001 (0.0715)	Loss (L1) 5.139 (4.475)
2026-04-26 16:29:33,272 | Epoch: [11][200/254]	Time   0.29 (  0.37)	Data 0.0001 (0.0680)	Loss (L1) 4.793 (4.473)
2026-04-26 16:29:36,189 | Epoch: [11][210/254]	Time   0.29 (  0.36)	Data 0.0000 (0.0648)	Loss (L1) 4.481 (4.488)
2026-04-26 16:29:39,097 | Epoch: [11][220/254]	Time   0.29 (  0.36)	Data 0.0000 (0.0618)	Loss (L1) 4.140 (4.487)
2026-04-26 16:29:42,003 | Epoch: [11][230/254]	Time   0.29 (  0.36)	Data 0.0001 (0.0592)	Loss (L1) 4.118 (4.479)
2026-04-26 16:29:44,916 | Epoch: [11][240/254]	Time   0.29 (  0.36)	Data 0.0000 (0.0567)	Loss (L1) 4.573 (4.468)
2026-04-26 16:29:47,830 | Epoch: [11][250/254]	Time   0.29 (  0.35)	Data 0.0001 (0.0544)	Loss (L1) 4.338 (4.471)
2026-04-26 16:29:48,926 | Create Epoch [11] features of all training data...
2026-04-26 16:31:01,688 | Updated smoothed statistics on Epoch [11]!
2026-04-26 16:31:01,717 | Updated running statistics with Epoch [11] features!
2026-04-26 16:31:11,755 | Val: [ 0/25]	Time 10.037 (10.037)	Loss (MSE) 141.451 (141.451)	Loss (L1) 10.793 (10.793)
2026-04-26 16:31:12,588 | Val: [10/25]	Time  0.083 ( 0.988)	Loss (MSE) 33.623 (53.461)	Loss (L1) 4.748 (5.809)
2026-04-26 16:31:13,420 | Val: [20/25]	Time  0.083 ( 0.557)	Loss (MSE) 41.389 (43.529)	Loss (L1) 5.290 (5.194)
2026-04-26 16:31:13,987 |  * Overall: MSE 43.293	L1 5.204	G-Mean 3.416
2026-04-26 16:31:13,987 |  * Many: MSE 35.810	L1 4.692	G-Mean 3.044
2026-04-26 16:31:13,987 |  * Median: MSE 54.842	L1 5.982	G-Mean 4.021
2026-04-26 16:31:13,987 |  * Low: MSE 79.555	L1 7.734	G-Mean 6.312
2026-04-26 16:31:13,987 | Best L1 Loss: 5.143
2026-04-26 16:31:14,201 | Epoch #11: Train loss [4.4801]; Val loss: MSE [43.2932], L1 [5.2045], G-Mean [3.4160]
2026-04-26 16:31:25,312 | Epoch: [12][  0/254]	Time  11.11 ( 11.11)	Data 10.9538 (10.9538)	Loss (L1) 4.173 (4.173)
2026-04-26 16:31:29,481 | Epoch: [12][ 10/254]	Time   0.31 (  1.39)	Data 0.0002 (1.1198)	Loss (L1) 4.383 (4.595)
2026-04-26 16:31:32,595 | Epoch: [12][ 20/254]	Time   0.29 (  0.88)	Data 0.0002 (0.5878)	Loss (L1) 5.564 (4.496)
2026-04-26 16:31:35,688 | Epoch: [12][ 30/254]	Time   0.33 (  0.69)	Data 0.0002 (0.3983)	Loss (L1) 6.155 (4.575)
2026-04-26 16:31:38,933 | Epoch: [12][ 40/254]	Time   0.29 (  0.60)	Data 0.0075 (0.3044)	Loss (L1) 4.592 (4.689)
2026-04-26 16:31:41,958 | Epoch: [12][ 50/254]	Time   0.30 (  0.54)	Data 0.0003 (0.2448)	Loss (L1) 5.590 (4.680)
2026-04-26 16:31:45,004 | Epoch: [12][ 60/254]	Time   0.33 (  0.50)	Data 0.0003 (0.2047)	Loss (L1) 4.866 (4.625)
2026-04-26 16:31:48,081 | Epoch: [12][ 70/254]	Time   0.34 (  0.48)	Data 0.0003 (0.1759)	Loss (L1) 3.764 (4.599)
2026-04-26 16:31:51,079 | Epoch: [12][ 80/254]	Time   0.30 (  0.46)	Data 0.0002 (0.1543)	Loss (L1) 4.725 (4.596)
2026-04-26 16:31:54,088 | Epoch: [12][ 90/254]	Time   0.30 (  0.44)	Data 0.0003 (0.1374)	Loss (L1) 4.665 (4.589)
2026-04-26 16:31:57,121 | Epoch: [12][100/254]	Time   0.29 (  0.42)	Data 0.0057 (0.1239)	Loss (L1) 4.278 (4.581)
2026-04-26 16:32:00,177 | Epoch: [12][110/254]	Time   0.33 (  0.41)	Data 0.0002 (0.1128)	Loss (L1) 4.700 (4.581)
2026-04-26 16:32:03,336 | Epoch: [12][120/254]	Time   0.31 (  0.41)	Data 0.0002 (0.1035)	Loss (L1) 3.900 (4.564)
2026-04-26 16:32:06,415 | Epoch: [12][130/254]	Time   0.27 (  0.40)	Data 0.0002 (0.0956)	Loss (L1) 3.945 (4.538)
2026-04-26 16:32:09,447 | Epoch: [12][140/254]	Time   0.32 (  0.39)	Data 0.0002 (0.0889)	Loss (L1) 4.608 (4.509)
2026-04-26 16:32:12,401 | Epoch: [12][150/254]	Time   0.30 (  0.39)	Data 0.0002 (0.0831)	Loss (L1) 4.168 (4.503)
2026-04-26 16:32:15,388 | Epoch: [12][160/254]	Time   0.30 (  0.38)	Data 0.0002 (0.0779)	Loss (L1) 4.385 (4.498)
2026-04-26 16:32:18,382 | Epoch: [12][170/254]	Time   0.31 (  0.38)	Data 0.0003 (0.0734)	Loss (L1) 4.567 (4.481)
2026-04-26 16:32:21,395 | Epoch: [12][180/254]	Time   0.29 (  0.37)	Data 0.0001 (0.0694)	Loss (L1) 4.424 (4.466)
2026-04-26 16:32:24,384 | Epoch: [12][190/254]	Time   0.31 (  0.37)	Data 0.0002 (0.0659)	Loss (L1) 4.322 (4.441)
2026-04-26 16:32:27,363 | Epoch: [12][200/254]	Time   0.30 (  0.36)	Data 0.0002 (0.0626)	Loss (L1) 5.153 (4.445)
2026-04-26 16:32:30,288 | Epoch: [12][210/254]	Time   0.29 (  0.36)	Data 0.0001 (0.0597)	Loss (L1) 4.036 (4.445)
2026-04-26 16:32:33,202 | Epoch: [12][220/254]	Time   0.29 (  0.36)	Data 0.0001 (0.0570)	Loss (L1) 4.390 (4.442)
2026-04-26 16:32:36,121 | Epoch: [12][230/254]	Time   0.29 (  0.35)	Data 0.0001 (0.0545)	Loss (L1) 4.054 (4.435)
2026-04-26 16:32:39,029 | Epoch: [12][240/254]	Time   0.29 (  0.35)	Data 0.0001 (0.0523)	Loss (L1) 3.924 (4.431)
2026-04-26 16:32:41,937 | Epoch: [12][250/254]	Time   0.29 (  0.35)	Data 0.0001 (0.0502)	Loss (L1) 4.394 (4.423)
2026-04-26 16:32:43,020 | Create Epoch [12] features of all training data...
2026-04-26 16:33:56,319 | Updated smoothed statistics on Epoch [12]!
2026-04-26 16:33:56,347 | Updated running statistics with Epoch [12] features!
2026-04-26 16:34:06,206 | Val: [ 0/25]	Time  9.857 ( 9.857)	Loss (MSE) 88.892 (88.892)	Loss (L1) 8.258 (8.258)
2026-04-26 16:34:07,135 | Val: [10/25]	Time  0.083 ( 0.981)	Loss (MSE) 33.858 (42.508)	Loss (L1) 4.616 (5.097)
2026-04-26 16:34:07,968 | Val: [20/25]	Time  0.083 ( 0.553)	Loss (MSE) 49.262 (41.958)	Loss (L1) 5.608 (5.107)
2026-04-26 16:34:08,515 |  * Overall: MSE 40.032	L1 4.956	G-Mean 3.232
2026-04-26 16:34:08,515 |  * Many: MSE 38.692	L1 4.842	G-Mean 3.137
2026-04-26 16:34:08,515 |  * Median: MSE 43.601	L1 5.260	G-Mean 3.478
2026-04-26 16:34:08,515 |  * Low: MSE 41.086	L1 5.039	G-Mean 3.384
2026-04-26 16:34:08,516 | Best L1 Loss: 4.956
2026-04-26 16:34:08,729 | ===> Saving current best checkpoint...
2026-04-26 16:34:09,217 | Epoch #12: Train loss [4.4221]; Val loss: MSE [40.0325], L1 [4.9556], G-Mean [3.2321]
2026-04-26 16:34:17,284 | Epoch: [13][  0/254]	Time   8.07 (  8.07)	Data 7.8620 (7.8620)	Loss (L1) 3.927 (3.927)
2026-04-26 16:34:23,800 | Epoch: [13][ 10/254]	Time   0.30 (  1.33)	Data 0.0003 (1.0686)	Loss (L1) 4.487 (4.421)
2026-04-26 16:34:26,767 | Epoch: [13][ 20/254]	Time   0.29 (  0.84)	Data 0.0003 (0.5599)	Loss (L1) 4.259 (4.369)
2026-04-26 16:34:29,751 | Epoch: [13][ 30/254]	Time   0.29 (  0.66)	Data 0.0003 (0.3794)	Loss (L1) 8.819 (4.529)
2026-04-26 16:34:32,972 | Epoch: [13][ 40/254]	Time   0.29 (  0.58)	Data 0.0002 (0.2869)	Loss (L1) 4.090 (4.499)
2026-04-26 16:34:36,045 | Epoch: [13][ 50/254]	Time   0.30 (  0.53)	Data 0.0003 (0.2307)	Loss (L1) 3.997 (4.456)
2026-04-26 16:34:39,006 | Epoch: [13][ 60/254]	Time   0.30 (  0.49)	Data 0.0003 (0.1930)	Loss (L1) 5.001 (4.448)
2026-04-26 16:34:41,979 | Epoch: [13][ 70/254]	Time   0.28 (  0.46)	Data 0.0003 (0.1658)	Loss (L1) 4.076 (4.446)
2026-04-26 16:34:44,944 | Epoch: [13][ 80/254]	Time   0.29 (  0.44)	Data 0.0005 (0.1454)	Loss (L1) 4.335 (4.439)
2026-04-26 16:34:47,927 | Epoch: [13][ 90/254]	Time   0.29 (  0.43)	Data 0.0003 (0.1295)	Loss (L1) 4.053 (4.449)
2026-04-26 16:34:50,964 | Epoch: [13][100/254]	Time   0.30 (  0.41)	Data 0.0002 (0.1167)	Loss (L1) 4.345 (4.463)
2026-04-26 16:34:54,041 | Epoch: [13][110/254]	Time   0.34 (  0.40)	Data 0.0003 (0.1063)	Loss (L1) 4.720 (4.481)
2026-04-26 16:34:57,103 | Epoch: [13][120/254]	Time   0.31 (  0.40)	Data 0.0003 (0.0976)	Loss (L1) 4.280 (4.470)
2026-04-26 16:35:00,142 | Epoch: [13][130/254]	Time   0.29 (  0.39)	Data 0.0003 (0.0903)	Loss (L1) 4.059 (4.454)
2026-04-26 16:35:03,110 | Epoch: [13][140/254]	Time   0.29 (  0.38)	Data 0.0003 (0.0839)	Loss (L1) 3.983 (4.443)
2026-04-26 16:35:06,110 | Epoch: [13][150/254]	Time   0.31 (  0.38)	Data 0.0003 (0.0783)	Loss (L1) 3.892 (4.429)
2026-04-26 16:35:09,110 | Epoch: [13][160/254]	Time   0.29 (  0.37)	Data 0.0003 (0.0735)	Loss (L1) 4.286 (4.419)
2026-04-26 16:35:12,068 | Epoch: [13][170/254]	Time   0.30 (  0.37)	Data 0.0004 (0.0692)	Loss (L1) 3.965 (4.398)
2026-04-26 16:35:15,151 | Epoch: [13][180/254]	Time   0.31 (  0.36)	Data 0.0003 (0.0654)	Loss (L1) 4.347 (4.411)
2026-04-26 16:35:18,210 | Epoch: [13][190/254]	Time   0.30 (  0.36)	Data 0.0001 (0.0623)	Loss (L1) 4.517 (4.413)
2026-04-26 16:35:21,203 | Epoch: [13][200/254]	Time   0.30 (  0.36)	Data 0.0001 (0.0592)	Loss (L1) 4.641 (4.406)
2026-04-26 16:35:24,148 | Epoch: [13][210/254]	Time   0.29 (  0.36)	Data 0.0001 (0.0564)	Loss (L1) 3.833 (4.396)
2026-04-26 16:35:27,065 | Epoch: [13][220/254]	Time   0.29 (  0.35)	Data 0.0001 (0.0539)	Loss (L1) 4.654 (4.393)
2026-04-26 16:35:29,998 | Epoch: [13][230/254]	Time   0.29 (  0.35)	Data 0.0001 (0.0515)	Loss (L1) 4.597 (4.392)
2026-04-26 16:35:32,932 | Epoch: [13][240/254]	Time   0.29 (  0.35)	Data 0.0000 (0.0494)	Loss (L1) 3.984 (4.390)
2026-04-26 16:35:35,870 | Epoch: [13][250/254]	Time   0.29 (  0.35)	Data 0.0001 (0.0474)	Loss (L1) 4.246 (4.398)
2026-04-26 16:35:36,989 | Create Epoch [13] features of all training data...
2026-04-26 16:36:50,693 | Updated smoothed statistics on Epoch [13]!
2026-04-26 16:36:50,722 | Updated running statistics with Epoch [13] features!
2026-04-26 16:36:58,908 | Val: [ 0/25]	Time  8.185 ( 8.185)	Loss (MSE) 124.808 (124.808)	Loss (L1) 10.029 (10.029)
2026-04-26 16:37:00,987 | Val: [10/25]	Time  0.296 ( 0.933)	Loss (MSE) 38.335 (52.744)	Loss (L1) 4.976 (5.810)
2026-04-26 16:37:01,823 | Val: [20/25]	Time  0.084 ( 0.529)	Loss (MSE) 43.966 (44.502)	Loss (L1) 5.488 (5.317)
2026-04-26 16:37:02,364 |  * Overall: MSE 41.683	L1 5.096	G-Mean 3.337
2026-04-26 16:37:02,365 |  * Many: MSE 38.277	L1 4.890	G-Mean 3.245
2026-04-26 16:37:02,365 |  * Median: MSE 51.204	L1 5.804	G-Mean 3.808
2026-04-26 16:37:02,365 |  * Low: MSE 42.722	L1 4.683	G-Mean 2.764
2026-04-26 16:37:02,365 | Best L1 Loss: 4.956
2026-04-26 16:37:02,593 | Epoch #13: Train loss [4.3993]; Val loss: MSE [41.6831], L1 [5.0960], G-Mean [3.3366]
2026-04-26 16:37:14,058 | Epoch: [14][  0/254]	Time  11.46 ( 11.46)	Data 11.1536 (11.1536)	Loss (L1) 4.271 (4.271)
2026-04-26 16:37:18,404 | Epoch: [14][ 10/254]	Time   0.29 (  1.44)	Data 0.0002 (1.1554)	Loss (L1) 3.899 (4.434)
2026-04-26 16:37:21,357 | Epoch: [14][ 20/254]	Time   0.29 (  0.89)	Data 0.0063 (0.6056)	Loss (L1) 4.725 (4.503)
2026-04-26 16:37:24,468 | Epoch: [14][ 30/254]	Time   0.29 (  0.71)	Data 0.0002 (0.4105)	Loss (L1) 4.960 (4.614)
2026-04-26 16:37:27,601 | Epoch: [14][ 40/254]	Time   0.31 (  0.61)	Data 0.0002 (0.3104)	Loss (L1) 3.651 (4.516)
2026-04-26 16:37:30,578 | Epoch: [14][ 50/254]	Time   0.29 (  0.55)	Data 0.0001 (0.2496)	Loss (L1) 4.200 (4.462)
2026-04-26 16:37:33,644 | Epoch: [14][ 60/254]	Time   0.33 (  0.51)	Data 0.0002 (0.2087)	Loss (L1) 3.666 (4.458)
2026-04-26 16:37:36,704 | Epoch: [14][ 70/254]	Time   0.31 (  0.48)	Data 0.0002 (0.1794)	Loss (L1) 4.259 (4.420)
2026-04-26 16:37:39,700 | Epoch: [14][ 80/254]	Time   0.28 (  0.46)	Data 0.0002 (0.1573)	Loss (L1) 4.544 (4.433)
2026-04-26 16:37:42,764 | Epoch: [14][ 90/254]	Time   0.34 (  0.44)	Data 0.0002 (0.1401)	Loss (L1) 3.936 (4.407)
2026-04-26 16:37:45,734 | Epoch: [14][100/254]	Time   0.30 (  0.43)	Data 0.0002 (0.1262)	Loss (L1) 4.548 (4.421)
2026-04-26 16:37:48,765 | Epoch: [14][110/254]	Time   0.30 (  0.42)	Data 0.0002 (0.1149)	Loss (L1) 4.637 (4.422)
2026-04-26 16:37:51,830 | Epoch: [14][120/254]	Time   0.30 (  0.41)	Data 0.0002 (0.1055)	Loss (L1) 5.030 (4.419)
2026-04-26 16:37:54,811 | Epoch: [14][130/254]	Time   0.30 (  0.40)	Data 0.0002 (0.0975)	Loss (L1) 4.755 (4.410)
2026-04-26 16:37:57,786 | Epoch: [14][140/254]	Time   0.31 (  0.39)	Data 0.0002 (0.0906)	Loss (L1) 3.701 (4.392)
2026-04-26 16:38:00,760 | Epoch: [14][150/254]	Time   0.30 (  0.39)	Data 0.0002 (0.0846)	Loss (L1) 4.152 (4.387)
2026-04-26 16:38:03,800 | Epoch: [14][160/254]	Time   0.30 (  0.38)	Data 0.0003 (0.0794)	Loss (L1) 4.172 (4.388)
2026-04-26 16:38:06,887 | Epoch: [14][170/254]	Time   0.29 (  0.38)	Data 0.0004 (0.0747)	Loss (L1) 5.274 (4.394)
2026-04-26 16:38:09,936 | Epoch: [14][180/254]	Time   0.30 (  0.37)	Data 0.0002 (0.0706)	Loss (L1) 4.056 (4.382)
2026-04-26 16:38:12,932 | Epoch: [14][190/254]	Time   0.32 (  0.37)	Data 0.0001 (0.0671)	Loss (L1) 4.384 (4.382)
2026-04-26 16:38:15,893 | Epoch: [14][200/254]	Time   0.29 (  0.36)	Data 0.0001 (0.0637)	Loss (L1) 4.111 (4.383)
2026-04-26 16:38:18,793 | Epoch: [14][210/254]	Time   0.29 (  0.36)	Data 0.0001 (0.0607)	Loss (L1) 4.131 (4.369)
2026-04-26 16:38:21,703 | Epoch: [14][220/254]	Time   0.29 (  0.36)	Data 0.0001 (0.0580)	Loss (L1) 4.432 (4.377)
2026-04-26 16:38:24,612 | Epoch: [14][230/254]	Time   0.29 (  0.36)	Data 0.0001 (0.0555)	Loss (L1) 3.754 (4.363)
2026-04-26 16:38:27,515 | Epoch: [14][240/254]	Time   0.29 (  0.35)	Data 0.0000 (0.0532)	Loss (L1) 4.983 (4.365)
2026-04-26 16:38:30,428 | Epoch: [14][250/254]	Time   0.29 (  0.35)	Data 0.0001 (0.0511)	Loss (L1) 4.704 (4.355)
2026-04-26 16:38:31,536 | Create Epoch [14] features of all training data...
2026-04-26 16:39:46,110 | Updated smoothed statistics on Epoch [14]!
2026-04-26 16:39:46,137 | Updated running statistics with Epoch [14] features!
2026-04-26 16:39:51,480 | Val: [ 0/25]	Time  5.341 ( 5.341)	Loss (MSE) 124.889 (124.889)	Loss (L1) 10.191 (10.191)
2026-04-26 16:39:56,496 | Val: [10/25]	Time  0.083 ( 0.942)	Loss (MSE) 43.354 (57.790)	Loss (L1) 5.455 (6.158)
2026-04-26 16:39:57,328 | Val: [20/25]	Time  0.083 ( 0.533)	Loss (MSE) 35.338 (45.728)	Loss (L1) 4.802 (5.354)
2026-04-26 16:39:57,882 |  * Overall: MSE 42.861	L1 5.153	G-Mean 3.338
2026-04-26 16:39:57,882 |  * Many: MSE 39.911	L1 4.948	G-Mean 3.204
2026-04-26 16:39:57,882 |  * Median: MSE 49.471	L1 5.636	G-Mean 3.640
2026-04-26 16:39:57,882 |  * Low: MSE 49.695	L1 5.547	G-Mean 3.739
2026-04-26 16:39:57,883 | Best L1 Loss: 4.956
2026-04-26 16:39:58,097 | Epoch #14: Train loss [4.3535]; Val loss: MSE [42.8609], L1 [5.1534], G-Mean [3.3377]
2026-04-26 16:40:09,884 | Epoch: [15][  0/254]	Time  11.79 ( 11.79)	Data 11.6325 (11.6325)	Loss (L1) 4.575 (4.575)
2026-04-26 16:40:14,328 | Epoch: [15][ 10/254]	Time   0.30 (  1.48)	Data 0.0002 (1.2076)	Loss (L1) 5.338 (5.214)
2026-04-26 16:40:17,347 | Epoch: [15][ 20/254]	Time   0.31 (  0.92)	Data 0.0002 (0.6326)	Loss (L1) 3.745 (4.734)
2026-04-26 16:40:20,350 | Epoch: [15][ 30/254]	Time   0.29 (  0.72)	Data 0.0003 (0.4286)	Loss (L1) 3.923 (4.619)
2026-04-26 16:40:23,310 | Epoch: [15][ 40/254]	Time   0.30 (  0.61)	Data 0.0004 (0.3242)	Loss (L1) 4.482 (4.616)
2026-04-26 16:40:26,291 | Epoch: [15][ 50/254]	Time   0.31 (  0.55)	Data 0.0003 (0.2607)	Loss (L1) 4.692 (4.545)
2026-04-26 16:40:29,323 | Epoch: [15][ 60/254]	Time   0.29 (  0.51)	Data 0.0003 (0.2180)	Loss (L1) 3.888 (4.508)
2026-04-26 16:40:32,359 | Epoch: [15][ 70/254]	Time   0.31 (  0.48)	Data 0.0003 (0.1873)	Loss (L1) 4.651 (4.477)
2026-04-26 16:40:35,397 | Epoch: [15][ 80/254]	Time   0.29 (  0.46)	Data 0.0002 (0.1642)	Loss (L1) 4.082 (4.460)
2026-04-26 16:40:38,424 | Epoch: [15][ 90/254]	Time   0.29 (  0.44)	Data 0.0003 (0.1463)	Loss (L1) 3.758 (4.446)
2026-04-26 16:40:41,586 | Epoch: [15][100/254]	Time   0.31 (  0.43)	Data 0.0003 (0.1318)	Loss (L1) 4.645 (4.437)
2026-04-26 16:40:44,611 | Epoch: [15][110/254]	Time   0.29 (  0.42)	Data 0.0004 (0.1200)	Loss (L1) 3.707 (4.440)
2026-04-26 16:40:47,638 | Epoch: [15][120/254]	Time   0.30 (  0.41)	Data 0.0002 (0.1101)	Loss (L1) 4.209 (4.439)
2026-04-26 16:40:50,686 | Epoch: [15][130/254]	Time   0.32 (  0.40)	Data 0.0002 (0.1018)	Loss (L1) 3.930 (4.421)
2026-04-26 16:40:53,695 | Epoch: [15][140/254]	Time   0.29 (  0.39)	Data 0.0002 (0.0946)	Loss (L1) 3.784 (4.429)
2026-04-26 16:40:56,881 | Epoch: [15][150/254]	Time   0.30 (  0.39)	Data 0.0002 (0.0883)	Loss (L1) 5.252 (4.422)
2026-04-26 16:40:59,893 | Epoch: [15][160/254]	Time   0.31 (  0.38)	Data 0.0003 (0.0829)	Loss (L1) 4.684 (4.417)
2026-04-26 16:41:02,896 | Epoch: [15][170/254]	Time   0.29 (  0.38)	Data 0.0003 (0.0780)	Loss (L1) 4.312 (4.415)
2026-04-26 16:41:05,886 | Epoch: [15][180/254]	Time   0.30 (  0.37)	Data 0.0002 (0.0737)	Loss (L1) 4.686 (4.412)
2026-04-26 16:41:08,896 | Epoch: [15][190/254]	Time   0.29 (  0.37)	Data 0.0002 (0.0700)	Loss (L1) 4.186 (4.414)
2026-04-26 16:41:11,841 | Epoch: [15][200/254]	Time   0.29 (  0.37)	Data 0.0001 (0.0665)	Loss (L1) 4.742 (4.414)
2026-04-26 16:41:14,746 | Epoch: [15][210/254]	Time   0.29 (  0.36)	Data 0.0001 (0.0634)	Loss (L1) 3.880 (4.410)
2026-04-26 16:41:17,650 | Epoch: [15][220/254]	Time   0.29 (  0.36)	Data 0.0001 (0.0605)	Loss (L1) 3.669 (4.399)
2026-04-26 16:41:20,571 | Epoch: [15][230/254]	Time   0.29 (  0.36)	Data 0.0000 (0.0579)	Loss (L1) 4.450 (4.408)
2026-04-26 16:41:23,484 | Epoch: [15][240/254]	Time   0.29 (  0.35)	Data 0.0002 (0.0555)	Loss (L1) 4.530 (4.402)
2026-04-26 16:41:26,389 | Epoch: [15][250/254]	Time   0.29 (  0.35)	Data 0.0001 (0.0533)	Loss (L1) 4.735 (4.399)
2026-04-26 16:41:27,477 | Create Epoch [15] features of all training data...
2026-04-26 16:42:40,447 | Updated smoothed statistics on Epoch [15]!
2026-04-26 16:42:40,475 | Updated running statistics with Epoch [15] features!
2026-04-26 16:42:49,391 | Val: [ 0/25]	Time  8.915 ( 8.915)	Loss (MSE) 68.905 (68.905)	Loss (L1) 7.180 (7.180)
2026-04-26 16:42:51,041 | Val: [10/25]	Time  0.083 ( 0.960)	Loss (MSE) 34.719 (37.749)	Loss (L1) 4.558 (4.792)
2026-04-26 16:42:51,873 | Val: [20/25]	Time  0.084 ( 0.543)	Loss (MSE) 56.927 (41.725)	Loss (L1) 6.112 (5.147)
2026-04-26 16:42:52,409 |  * Overall: MSE 40.409	L1 5.044	G-Mean 3.363
2026-04-26 16:42:52,409 |  * Many: MSE 40.935	L1 5.068	G-Mean 3.372
2026-04-26 16:42:52,409 |  * Median: MSE 38.517	L1 4.935	G-Mean 3.319
2026-04-26 16:42:52,409 |  * Low: MSE 41.769	L1 5.182	G-Mean 3.435
2026-04-26 16:42:52,410 | Best L1 Loss: 4.956
2026-04-26 16:42:52,620 | Epoch #15: Train loss [4.3982]; Val loss: MSE [40.4086], L1 [5.0438], G-Mean [3.3633]
2026-04-26 16:42:58,338 | Epoch: [16][  0/254]	Time   5.72 (  5.72)	Data 5.4877 (5.4877)	Loss (L1) 4.628 (4.628)
2026-04-26 16:43:07,298 | Epoch: [16][ 10/254]	Time   0.30 (  1.33)	Data 0.0002 (1.0665)	Loss (L1) 4.401 (4.558)
2026-04-26 16:43:10,227 | Epoch: [16][ 20/254]	Time   0.29 (  0.84)	Data 0.0002 (0.5588)	Loss (L1) 3.889 (4.447)
2026-04-26 16:43:13,249 | Epoch: [16][ 30/254]	Time   0.29 (  0.67)	Data 0.0059 (0.3788)	Loss (L1) 3.634 (4.351)
2026-04-26 16:43:16,582 | Epoch: [16][ 40/254]	Time   0.30 (  0.58)	Data 0.0002 (0.2977)	Loss (L1) 4.060 (4.342)
2026-04-26 16:43:19,584 | Epoch: [16][ 50/254]	Time   0.30 (  0.53)	Data 0.0002 (0.2394)	Loss (L1) 4.450 (4.311)
2026-04-26 16:43:22,630 | Epoch: [16][ 60/254]	Time   0.33 (  0.49)	Data 0.0002 (0.2002)	Loss (L1) 3.934 (4.312)
2026-04-26 16:43:25,767 | Epoch: [16][ 70/254]	Time   0.30 (  0.47)	Data 0.0003 (0.1722)	Loss (L1) 4.283 (4.325)
2026-04-26 16:43:28,855 | Epoch: [16][ 80/254]	Time   0.33 (  0.45)	Data 0.0002 (0.1510)	Loss (L1) 4.295 (4.318)
2026-04-26 16:43:31,857 | Epoch: [16][ 90/254]	Time   0.31 (  0.43)	Data 0.0003 (0.1344)	Loss (L1) 4.241 (4.292)
2026-04-26 16:43:34,926 | Epoch: [16][100/254]	Time   0.30 (  0.42)	Data 0.0004 (0.1212)	Loss (L1) 3.899 (4.277)
2026-04-26 16:43:37,938 | Epoch: [16][110/254]	Time   0.31 (  0.41)	Data 0.0002 (0.1103)	Loss (L1) 4.039 (4.269)
2026-04-26 16:43:40,986 | Epoch: [16][120/254]	Time   0.31 (  0.40)	Data 0.0003 (0.1012)	Loss (L1) 4.279 (4.257)
2026-04-26 16:43:44,007 | Epoch: [16][130/254]	Time   0.29 (  0.39)	Data 0.0004 (0.0935)	Loss (L1) 4.246 (4.265)
2026-04-26 16:43:47,062 | Epoch: [16][140/254]	Time   0.29 (  0.39)	Data 0.0002 (0.0869)	Loss (L1) 4.865 (4.285)
2026-04-26 16:43:50,161 | Epoch: [16][150/254]	Time   0.28 (  0.38)	Data 0.0003 (0.0812)	Loss (L1) 3.858 (4.289)
2026-04-26 16:43:53,160 | Epoch: [16][160/254]	Time   0.31 (  0.38)	Data 0.0002 (0.0762)	Loss (L1) 4.040 (4.298)
2026-04-26 16:43:56,246 | Epoch: [16][170/254]	Time   0.30 (  0.37)	Data 0.0003 (0.0717)	Loss (L1) 4.065 (4.310)
2026-04-26 16:43:59,292 | Epoch: [16][180/254]	Time   0.31 (  0.37)	Data 0.0002 (0.0678)	Loss (L1) 4.529 (4.328)
2026-04-26 16:44:02,297 | Epoch: [16][190/254]	Time   0.31 (  0.36)	Data 0.0001 (0.0644)	Loss (L1) 3.805 (4.327)
2026-04-26 16:44:05,267 | Epoch: [16][200/254]	Time   0.29 (  0.36)	Data 0.0001 (0.0612)	Loss (L1) 3.808 (4.324)
2026-04-26 16:44:08,173 | Epoch: [16][210/254]	Time   0.29 (  0.36)	Data 0.0002 (0.0583)	Loss (L1) 3.574 (4.308)
2026-04-26 16:44:11,089 | Epoch: [16][220/254]	Time   0.29 (  0.36)	Data 0.0001 (0.0557)	Loss (L1) 4.135 (4.312)
2026-04-26 16:44:14,004 | Epoch: [16][230/254]	Time   0.29 (  0.35)	Data 0.0000 (0.0533)	Loss (L1) 5.490 (4.326)
2026-04-26 16:44:16,917 | Epoch: [16][240/254]	Time   0.29 (  0.35)	Data 0.0001 (0.0511)	Loss (L1) 4.275 (4.336)
2026-04-26 16:44:19,829 | Epoch: [16][250/254]	Time   0.29 (  0.35)	Data 0.0001 (0.0490)	Loss (L1) 4.193 (4.362)
2026-04-26 16:44:20,928 | Create Epoch [16] features of all training data...
2026-04-26 16:45:34,400 | Updated smoothed statistics on Epoch [16]!
2026-04-26 16:45:34,428 | Updated running statistics with Epoch [16] features!
2026-04-26 16:45:44,046 | Val: [ 0/25]	Time  9.616 ( 9.616)	Loss (MSE) 79.464 (79.464)	Loss (L1) 7.825 (7.825)
2026-04-26 16:45:45,355 | Val: [10/25]	Time  0.084 ( 0.993)	Loss (MSE) 34.858 (46.867)	Loss (L1) 4.666 (5.391)
2026-04-26 16:45:46,189 | Val: [20/25]	Time  0.083 ( 0.560)	Loss (MSE) 55.520 (46.108)	Loss (L1) 6.376 (5.390)
2026-04-26 16:45:46,751 |  * Overall: MSE 44.210	L1 5.281	G-Mean 3.506
2026-04-26 16:45:46,751 |  * Many: MSE 44.017	L1 5.184	G-Mean 3.346
2026-04-26 16:45:46,751 |  * Median: MSE 44.482	L1 5.545	G-Mean 3.992
2026-04-26 16:45:46,752 |  * Low: MSE 45.244	L1 5.342	G-Mean 3.575
2026-04-26 16:45:46,752 | Best L1 Loss: 4.956
2026-04-26 16:45:46,966 | Epoch #16: Train loss [4.3670]; Val loss: MSE [44.2104], L1 [5.2811], G-Mean [3.5062]
2026-04-26 16:45:59,030 | Epoch: [17][  0/254]	Time  12.06 ( 12.06)	Data 11.9198 (11.9198)	Loss (L1) 4.641 (4.641)
2026-04-26 16:46:02,828 | Epoch: [17][ 10/254]	Time   0.31 (  1.44)	Data 0.0003 (1.1875)	Loss (L1) 4.246 (4.153)
2026-04-26 16:46:05,808 | Epoch: [17][ 20/254]	Time   0.30 (  0.90)	Data 0.0003 (0.6222)	Loss (L1) 4.735 (4.244)
2026-04-26 16:46:08,876 | Epoch: [17][ 30/254]	Time   0.27 (  0.71)	Data 0.0004 (0.4216)	Loss (L1) 4.464 (4.354)
2026-04-26 16:46:11,991 | Epoch: [17][ 40/254]	Time   0.35 (  0.61)	Data 0.0003 (0.3190)	Loss (L1) 4.549 (4.324)
2026-04-26 16:46:14,945 | Epoch: [17][ 50/254]	Time   0.31 (  0.55)	Data 0.0003 (0.2565)	Loss (L1) 4.399 (4.314)
2026-04-26 16:46:18,120 | Epoch: [17][ 60/254]	Time   0.30 (  0.51)	Data 0.0003 (0.2145)	Loss (L1) 4.349 (4.401)
2026-04-26 16:46:21,412 | Epoch: [17][ 70/254]	Time   0.31 (  0.49)	Data 0.0112 (0.1845)	Loss (L1) 4.499 (4.483)
2026-04-26 16:46:24,489 | Epoch: [17][ 80/254]	Time   0.33 (  0.46)	Data 0.0003 (0.1617)	Loss (L1) 4.408 (4.508)
2026-04-26 16:46:27,536 | Epoch: [17][ 90/254]	Time   0.29 (  0.45)	Data 0.0003 (0.1440)	Loss (L1) 4.247 (4.495)
2026-04-26 16:46:30,502 | Epoch: [17][100/254]	Time   0.29 (  0.43)	Data 0.0003 (0.1298)	Loss (L1) 4.258 (4.469)
2026-04-26 16:46:33,598 | Epoch: [17][110/254]	Time   0.32 (  0.42)	Data 0.0003 (0.1182)	Loss (L1) 4.273 (4.463)
2026-04-26 16:46:36,654 | Epoch: [17][120/254]	Time   0.30 (  0.41)	Data 0.0003 (0.1084)	Loss (L1) 4.697 (4.464)
2026-04-26 16:46:39,620 | Epoch: [17][130/254]	Time   0.29 (  0.40)	Data 0.0003 (0.1002)	Loss (L1) 4.672 (4.477)
2026-04-26 16:46:42,696 | Epoch: [17][140/254]	Time   0.30 (  0.40)	Data 0.0003 (0.0932)	Loss (L1) 3.652 (4.453)
2026-04-26 16:46:45,700 | Epoch: [17][150/254]	Time   0.31 (  0.39)	Data 0.0003 (0.0870)	Loss (L1) 3.589 (4.459)
2026-04-26 16:46:48,831 | Epoch: [17][160/254]	Time   0.32 (  0.38)	Data 0.0004 (0.0816)	Loss (L1) 4.052 (4.450)
2026-04-26 16:46:51,849 | Epoch: [17][170/254]	Time   0.30 (  0.38)	Data 0.0003 (0.0769)	Loss (L1) 4.997 (4.448)
2026-04-26 16:46:54,856 | Epoch: [17][180/254]	Time   0.29 (  0.38)	Data 0.0004 (0.0727)	Loss (L1) 3.979 (4.443)
2026-04-26 16:46:57,915 | Epoch: [17][190/254]	Time   0.30 (  0.37)	Data 0.0001 (0.0690)	Loss (L1) 3.801 (4.425)
2026-04-26 16:47:00,941 | Epoch: [17][200/254]	Time   0.30 (  0.37)	Data 0.0001 (0.0655)	Loss (L1) 5.076 (4.416)
2026-04-26 16:47:03,862 | Epoch: [17][210/254]	Time   0.29 (  0.36)	Data 0.0001 (0.0624)	Loss (L1) 4.343 (4.416)
2026-04-26 16:47:06,780 | Epoch: [17][220/254]	Time   0.29 (  0.36)	Data 0.0000 (0.0596)	Loss (L1) 4.357 (4.409)
2026-04-26 16:47:09,687 | Epoch: [17][230/254]	Time   0.29 (  0.36)	Data 0.0001 (0.0570)	Loss (L1) 3.924 (4.400)
2026-04-26 16:47:12,602 | Epoch: [17][240/254]	Time   0.29 (  0.36)	Data 0.0001 (0.0547)	Loss (L1) 3.748 (4.396)
2026-04-26 16:47:15,517 | Epoch: [17][250/254]	Time   0.29 (  0.35)	Data 0.0001 (0.0525)	Loss (L1) 4.308 (4.394)
2026-04-26 16:47:16,614 | Create Epoch [17] features of all training data...
2026-04-26 16:48:27,973 | Updated smoothed statistics on Epoch [17]!
2026-04-26 16:48:28,001 | Updated running statistics with Epoch [17] features!
2026-04-26 16:48:33,171 | Val: [ 0/25]	Time  5.168 ( 5.168)	Loss (MSE) 77.792 (77.792)	Loss (L1) 7.759 (7.759)
2026-04-26 16:48:38,367 | Val: [10/25]	Time  0.083 ( 0.942)	Loss (MSE) 35.388 (42.367)	Loss (L1) 4.707 (5.079)
2026-04-26 16:48:39,200 | Val: [20/25]	Time  0.083 ( 0.533)	Loss (MSE) 52.450 (42.563)	Loss (L1) 5.845 (5.147)
2026-04-26 16:48:39,758 |  * Overall: MSE 40.249	L1 4.966	G-Mean 3.206
2026-04-26 16:48:39,758 |  * Many: MSE 41.007	L1 4.996	G-Mean 3.183
2026-04-26 16:48:39,758 |  * Median: MSE 39.070	L1 4.965	G-Mean 3.354
2026-04-26 16:48:39,758 |  * Low: MSE 36.610	L1 4.653	G-Mean 2.932
2026-04-26 16:48:39,759 | Best L1 Loss: 4.956
2026-04-26 16:48:39,976 | Epoch #17: Train loss [4.3927]; Val loss: MSE [40.2492], L1 [4.9655], G-Mean [3.2058]
2026-04-26 16:48:45,152 | Epoch: [18][  0/254]	Time   5.18 (  5.18)	Data 4.9914 (4.9914)	Loss (L1) 4.107 (4.107)
2026-04-26 16:48:55,511 | Epoch: [18][ 10/254]	Time   0.30 (  1.41)	Data 0.0002 (1.1521)	Loss (L1) 3.854 (4.252)
2026-04-26 16:48:58,521 | Epoch: [18][ 20/254]	Time   0.29 (  0.88)	Data 0.0002 (0.6041)	Loss (L1) 4.323 (4.463)
2026-04-26 16:49:01,608 | Epoch: [18][ 30/254]	Time   0.31 (  0.70)	Data 0.0002 (0.4102)	Loss (L1) 3.910 (4.447)
2026-04-26 16:49:04,669 | Epoch: [18][ 40/254]	Time   0.30 (  0.60)	Data 0.0003 (0.3102)	Loss (L1) 4.412 (4.433)
2026-04-26 16:49:07,609 | Epoch: [18][ 50/254]	Time   0.29 (  0.54)	Data 0.0002 (0.2495)	Loss (L1) 4.914 (4.445)
2026-04-26 16:49:10,663 | Epoch: [18][ 60/254]	Time   0.28 (  0.50)	Data 0.0009 (0.2087)	Loss (L1) 4.132 (4.511)
2026-04-26 16:49:13,652 | Epoch: [18][ 70/254]	Time   0.29 (  0.47)	Data 0.0003 (0.1793)	Loss (L1) 3.695 (4.504)
2026-04-26 16:49:16,622 | Epoch: [18][ 80/254]	Time   0.31 (  0.45)	Data 0.0003 (0.1572)	Loss (L1) 5.124 (4.543)
2026-04-26 16:49:19,626 | Epoch: [18][ 90/254]	Time   0.29 (  0.44)	Data 0.0003 (0.1400)	Loss (L1) 3.673 (4.511)
2026-04-26 16:49:22,608 | Epoch: [18][100/254]	Time   0.30 (  0.42)	Data 0.0002 (0.1261)	Loss (L1) 4.449 (4.508)
2026-04-26 16:49:25,633 | Epoch: [18][110/254]	Time   0.32 (  0.41)	Data 0.0003 (0.1148)	Loss (L1) 4.036 (4.477)
2026-04-26 16:49:28,645 | Epoch: [18][120/254]	Time   0.31 (  0.40)	Data 0.0003 (0.1053)	Loss (L1) 3.560 (4.479)
2026-04-26 16:49:31,641 | Epoch: [18][130/254]	Time   0.29 (  0.39)	Data 0.0002 (0.0973)	Loss (L1) 4.100 (4.471)
2026-04-26 16:49:34,653 | Epoch: [18][140/254]	Time   0.31 (  0.39)	Data 0.0003 (0.0904)	Loss (L1) 4.098 (4.477)
2026-04-26 16:49:37,678 | Epoch: [18][150/254]	Time   0.30 (  0.38)	Data 0.0003 (0.0845)	Loss (L1) 3.998 (4.467)
2026-04-26 16:49:40,678 | Epoch: [18][160/254]	Time   0.30 (  0.38)	Data 0.0003 (0.0792)	Loss (L1) 4.179 (4.452)
2026-04-26 16:49:43,703 | Epoch: [18][170/254]	Time   0.31 (  0.37)	Data 0.0003 (0.0746)	Loss (L1) 4.215 (4.456)
2026-04-26 16:49:46,716 | Epoch: [18][180/254]	Time   0.30 (  0.37)	Data 0.0002 (0.0705)	Loss (L1) 4.572 (4.453)
2026-04-26 16:49:49,737 | Epoch: [18][190/254]	Time   0.29 (  0.37)	Data 0.0001 (0.0670)	Loss (L1) 4.329 (4.444)
2026-04-26 16:49:52,715 | Epoch: [18][200/254]	Time   0.29 (  0.36)	Data 0.0001 (0.0637)	Loss (L1) 3.854 (4.427)
2026-04-26 16:49:55,635 | Epoch: [18][210/254]	Time   0.29 (  0.36)	Data 0.0001 (0.0607)	Loss (L1) 3.676 (4.417)
2026-04-26 16:49:58,563 | Epoch: [18][220/254]	Time   0.29 (  0.36)	Data 0.0001 (0.0580)	Loss (L1) 3.885 (4.423)
2026-04-26 16:50:01,480 | Epoch: [18][230/254]	Time   0.29 (  0.35)	Data 0.0002 (0.0555)	Loss (L1) 3.563 (4.421)
2026-04-26 16:50:04,378 | Epoch: [18][240/254]	Time   0.29 (  0.35)	Data 0.0000 (0.0532)	Loss (L1) 4.791 (4.410)
2026-04-26 16:50:07,287 | Epoch: [18][250/254]	Time   0.29 (  0.35)	Data 0.0000 (0.0511)	Loss (L1) 4.298 (4.401)
2026-04-26 16:50:08,371 | Create Epoch [18] features of all training data...
2026-04-26 16:51:21,478 | Updated smoothed statistics on Epoch [18]!
2026-04-26 16:51:21,506 | Updated running statistics with Epoch [18] features!
2026-04-26 16:51:31,323 | Val: [ 0/25]	Time  9.816 ( 9.816)	Loss (MSE) 76.869 (76.869)	Loss (L1) 7.647 (7.647)
2026-04-26 16:51:32,253 | Val: [10/25]	Time  0.084 ( 0.977)	Loss (MSE) 34.352 (43.114)	Loss (L1) 4.600 (5.075)
2026-04-26 16:51:33,086 | Val: [20/25]	Time  0.083 ( 0.551)	Loss (MSE) 54.382 (43.156)	Loss (L1) 6.197 (5.173)
2026-04-26 16:51:33,642 |  * Overall: MSE 41.877	L1 5.099	G-Mean 3.340
2026-04-26 16:51:33,642 |  * Many: MSE 41.391	L1 5.006	G-Mean 3.200
2026-04-26 16:51:33,642 |  * Median: MSE 41.862	L1 5.266	G-Mean 3.671
2026-04-26 16:51:33,642 |  * Low: MSE 47.002	L1 5.462	G-Mean 3.715
2026-04-26 16:51:33,643 | Best L1 Loss: 4.956
2026-04-26 16:51:33,855 | Epoch #18: Train loss [4.3991]; Val loss: MSE [41.8768], L1 [5.0991], G-Mean [3.3403]
2026-04-26 16:51:47,004 | Epoch: [19][  0/254]	Time  13.15 ( 13.15)	Data 13.0031 (13.0031)	Loss (L1) 3.840 (3.840)
2026-04-26 16:51:49,994 | Epoch: [19][ 10/254]	Time   0.30 (  1.47)	Data 0.0002 (1.1823)	Loss (L1) 3.987 (4.282)
2026-04-26 16:51:53,000 | Epoch: [19][ 20/254]	Time   0.28 (  0.91)	Data 0.0002 (0.6194)	Loss (L1) 4.009 (4.401)
2026-04-26 16:51:55,976 | Epoch: [19][ 30/254]	Time   0.30 (  0.71)	Data 0.0004 (0.4197)	Loss (L1) 4.608 (4.376)
2026-04-26 16:51:59,068 | Epoch: [19][ 40/254]	Time   0.31 (  0.61)	Data 0.0003 (0.3174)	Loss (L1) 5.391 (4.376)
2026-04-26 16:52:02,219 | Epoch: [19][ 50/254]	Time   0.31 (  0.56)	Data 0.0003 (0.2553)	Loss (L1) 4.688 (4.419)
2026-04-26 16:52:05,190 | Epoch: [19][ 60/254]	Time   0.30 (  0.51)	Data 0.0002 (0.2142)	Loss (L1) 3.871 (4.437)
2026-04-26 16:52:08,205 | Epoch: [19][ 70/254]	Time   0.31 (  0.48)	Data 0.0002 (0.1840)	Loss (L1) 3.816 (4.429)
2026-04-26 16:52:11,262 | Epoch: [19][ 80/254]	Time   0.32 (  0.46)	Data 0.0003 (0.1614)	Loss (L1) 4.164 (4.462)
2026-04-26 16:52:14,298 | Epoch: [19][ 90/254]	Time   0.29 (  0.44)	Data 0.0003 (0.1438)	Loss (L1) 4.091 (4.441)
2026-04-26 16:52:17,431 | Epoch: [19][100/254]	Time   0.29 (  0.43)	Data 0.0003 (0.1296)	Loss (L1) 4.339 (4.436)
2026-04-26 16:52:20,465 | Epoch: [19][110/254]	Time   0.29 (  0.42)	Data 0.0003 (0.1179)	Loss (L1) 3.962 (4.448)
2026-04-26 16:52:23,498 | Epoch: [19][120/254]	Time   0.31 (  0.41)	Data 0.0003 (0.1082)	Loss (L1) 4.371 (4.424)
2026-04-26 16:52:26,532 | Epoch: [19][130/254]	Time   0.28 (  0.40)	Data 0.0002 (0.1000)	Loss (L1) 4.268 (4.436)
2026-04-26 16:52:29,521 | Epoch: [19][140/254]	Time   0.30 (  0.39)	Data 0.0003 (0.0929)	Loss (L1) 3.797 (4.435)
2026-04-26 16:52:32,554 | Epoch: [19][150/254]	Time   0.32 (  0.39)	Data 0.0002 (0.0868)	Loss (L1) 4.375 (4.429)
2026-04-26 16:52:35,587 | Epoch: [19][160/254]	Time   0.30 (  0.38)	Data 0.0004 (0.0814)	Loss (L1) 3.622 (4.420)
2026-04-26 16:52:38,584 | Epoch: [19][170/254]	Time   0.30 (  0.38)	Data 0.0003 (0.0767)	Loss (L1) 4.601 (4.410)
2026-04-26 16:52:41,574 | Epoch: [19][180/254]	Time   0.29 (  0.37)	Data 0.0003 (0.0725)	Loss (L1) 3.975 (4.405)
2026-04-26 16:52:44,543 | Epoch: [19][190/254]	Time   0.30 (  0.37)	Data 0.0001 (0.0688)	Loss (L1) 4.098 (4.398)
2026-04-26 16:52:47,515 | Epoch: [19][200/254]	Time   0.29 (  0.37)	Data 0.0001 (0.0654)	Loss (L1) 4.156 (4.390)
2026-04-26 16:52:50,428 | Epoch: [19][210/254]	Time   0.30 (  0.36)	Data 0.0001 (0.0623)	Loss (L1) 3.648 (4.376)
2026-04-26 16:52:53,343 | Epoch: [19][220/254]	Time   0.29 (  0.36)	Data 0.0001 (0.0595)	Loss (L1) 3.826 (4.375)
2026-04-26 16:52:56,267 | Epoch: [19][230/254]	Time   0.30 (  0.36)	Data 0.0001 (0.0569)	Loss (L1) 4.301 (4.369)
2026-04-26 16:52:59,180 | Epoch: [19][240/254]	Time   0.29 (  0.35)	Data 0.0001 (0.0546)	Loss (L1) 4.627 (4.369)
2026-04-26 16:53:02,100 | Epoch: [19][250/254]	Time   0.29 (  0.35)	Data 0.0001 (0.0524)	Loss (L1) 4.933 (4.373)
2026-04-26 16:53:03,176 | Create Epoch [19] features of all training data...
2026-04-26 16:54:16,561 | Updated smoothed statistics on Epoch [19]!
2026-04-26 16:54:16,588 | Updated running statistics with Epoch [19] features!
2026-04-26 16:54:26,611 | Val: [ 0/25]	Time 10.021 (10.021)	Loss (MSE) 96.326 (96.326)	Loss (L1) 8.925 (8.925)
2026-04-26 16:54:27,444 | Val: [10/25]	Time  0.083 ( 0.987)	Loss (MSE) 39.967 (49.272)	Loss (L1) 5.157 (5.597)
2026-04-26 16:54:28,275 | Val: [20/25]	Time  0.083 ( 0.556)	Loss (MSE) 42.894 (44.544)	Loss (L1) 5.377 (5.288)
2026-04-26 16:54:28,818 |  * Overall: MSE 41.392	L1 5.051	G-Mean 3.271
2026-04-26 16:54:28,818 |  * Many: MSE 41.163	L1 5.020	G-Mean 3.245
2026-04-26 16:54:28,818 |  * Median: MSE 42.982	L1 5.300	G-Mean 3.551
2026-04-26 16:54:28,818 |  * Low: MSE 38.012	L1 4.476	G-Mean 2.646
2026-04-26 16:54:28,819 | Best L1 Loss: 4.956
2026-04-26 16:54:29,032 | Epoch #19: Train loss [4.3708]; Val loss: MSE [41.3916], L1 [5.0511], G-Mean [3.2714]
2026-04-26 16:54:42,340 | Epoch: [20][  0/254]	Time  13.31 ( 13.31)	Data 13.1381 (13.1381)	Loss (L1) 4.415 (4.415)
2026-04-26 16:54:45,293 | Epoch: [20][ 10/254]	Time   0.30 (  1.48)	Data 0.0002 (1.1946)	Loss (L1) 4.207 (4.495)
2026-04-26 16:54:48,321 | Epoch: [20][ 20/254]	Time   0.28 (  0.92)	Data 0.0004 (0.6259)	Loss (L1) 4.426 (4.488)
2026-04-26 16:54:51,262 | Epoch: [20][ 30/254]	Time   0.29 (  0.72)	Data 0.0002 (0.4241)	Loss (L1) 3.852 (4.461)
2026-04-26 16:54:54,252 | Epoch: [20][ 40/254]	Time   0.30 (  0.62)	Data 0.0002 (0.3207)	Loss (L1) 4.786 (4.494)
2026-04-26 16:54:57,264 | Epoch: [20][ 50/254]	Time   0.31 (  0.55)	Data 0.0002 (0.2579)	Loss (L1) 3.815 (4.519)
2026-04-26 16:55:00,327 | Epoch: [20][ 60/254]	Time   0.29 (  0.51)	Data 0.0002 (0.2156)	Loss (L1) 5.158 (4.483)
2026-04-26 16:55:03,463 | Epoch: [20][ 70/254]	Time   0.33 (  0.48)	Data 0.0002 (0.1853)	Loss (L1) 4.603 (4.453)
2026-04-26 16:55:06,456 | Epoch: [20][ 80/254]	Time   0.29 (  0.46)	Data 0.0002 (0.1624)	Loss (L1) 4.546 (4.420)
2026-04-26 16:55:09,489 | Epoch: [20][ 90/254]	Time   0.32 (  0.44)	Data 0.0002 (0.1446)	Loss (L1) 3.656 (4.414)
2026-04-26 16:55:12,439 | Epoch: [20][100/254]	Time   0.29 (  0.43)	Data 0.0002 (0.1304)	Loss (L1) 4.656 (4.410)
2026-04-26 16:55:15,459 | Epoch: [20][110/254]	Time   0.32 (  0.42)	Data 0.0002 (0.1186)	Loss (L1) 5.030 (4.401)
2026-04-26 16:55:18,446 | Epoch: [20][120/254]	Time   0.26 (  0.41)	Data 0.0002 (0.1088)	Loss (L1) 4.259 (4.388)
2026-04-26 16:55:21,425 | Epoch: [20][130/254]	Time   0.32 (  0.40)	Data 0.0002 (0.1006)	Loss (L1) 3.955 (4.380)
2026-04-26 16:55:24,437 | Epoch: [20][140/254]	Time   0.31 (  0.39)	Data 0.0002 (0.0934)	Loss (L1) 4.336 (4.380)
2026-04-26 16:55:27,415 | Epoch: [20][150/254]	Time   0.30 (  0.39)	Data 0.0003 (0.0873)	Loss (L1) 4.308 (4.380)
2026-04-26 16:55:30,429 | Epoch: [20][160/254]	Time   0.31 (  0.38)	Data 0.0002 (0.0819)	Loss (L1) 3.794 (4.366)
2026-04-26 16:55:33,385 | Epoch: [20][170/254]	Time   0.29 (  0.38)	Data 0.0002 (0.0771)	Loss (L1) 4.291 (4.371)
2026-04-26 16:55:36,355 | Epoch: [20][180/254]	Time   0.30 (  0.37)	Data 0.0002 (0.0729)	Loss (L1) 3.928 (4.381)
2026-04-26 16:55:39,360 | Epoch: [20][190/254]	Time   0.29 (  0.37)	Data 0.0001 (0.0693)	Loss (L1) 3.490 (4.372)
2026-04-26 16:55:42,294 | Epoch: [20][200/254]	Time   0.29 (  0.36)	Data 0.0001 (0.0659)	Loss (L1) 3.723 (4.369)
2026-04-26 16:55:45,209 | Epoch: [20][210/254]	Time   0.29 (  0.36)	Data 0.0001 (0.0627)	Loss (L1) 3.495 (4.367)
2026-04-26 16:55:48,122 | Epoch: [20][220/254]	Time   0.29 (  0.36)	Data 0.0001 (0.0599)	Loss (L1) 4.366 (4.365)
2026-04-26 16:55:51,032 | Epoch: [20][230/254]	Time   0.29 (  0.35)	Data 0.0001 (0.0573)	Loss (L1) 4.256 (4.358)
2026-04-26 16:55:53,950 | Epoch: [20][240/254]	Time   0.29 (  0.35)	Data 0.0001 (0.0549)	Loss (L1) 4.696 (4.364)
2026-04-26 16:55:56,862 | Epoch: [20][250/254]	Time   0.29 (  0.35)	Data 0.0001 (0.0528)	Loss (L1) 3.797 (4.354)
2026-04-26 16:55:57,958 | Create Epoch [20] features of all training data...
2026-04-26 16:57:11,912 | Updated smoothed statistics on Epoch [20]!
2026-04-26 16:57:11,941 | Updated running statistics with Epoch [20] features!
2026-04-26 16:57:18,418 | Val: [ 0/25]	Time  6.476 ( 6.476)	Loss (MSE) 67.572 (67.572)	Loss (L1) 7.178 (7.178)
2026-04-26 16:57:22,501 | Val: [10/25]	Time  0.084 ( 0.960)	Loss (MSE) 33.090 (40.416)	Loss (L1) 4.568 (4.961)
2026-04-26 16:57:23,335 | Val: [20/25]	Time  0.083 ( 0.543)	Loss (MSE) 58.937 (42.651)	Loss (L1) 6.300 (5.182)
2026-04-26 16:57:23,876 |  * Overall: MSE 41.245	L1 5.080	G-Mean 3.345
2026-04-26 16:57:23,877 |  * Many: MSE 41.458	L1 5.053	G-Mean 3.275
2026-04-26 16:57:23,877 |  * Median: MSE 40.256	L1 5.109	G-Mean 3.479
2026-04-26 16:57:23,877 |  * Low: MSE 42.605	L1 5.265	G-Mean 3.617
2026-04-26 16:57:23,877 | Best L1 Loss: 4.956
2026-04-26 16:57:24,088 | Epoch #20: Train loss [4.3540]; Val loss: MSE [41.2448], L1 [5.0801], G-Mean [3.3448]
2026-04-26 16:57:36,403 | Epoch: [21][  0/254]	Time  12.31 ( 12.31)	Data 12.0765 (12.0765)	Loss (L1) 4.471 (4.471)
2026-04-26 16:57:39,648 | Epoch: [21][ 10/254]	Time   0.30 (  1.41)	Data 0.0002 (1.1331)	Loss (L1) 4.280 (4.404)
2026-04-26 16:57:42,679 | Epoch: [21][ 20/254]	Time   0.30 (  0.89)	Data 0.0002 (0.5936)	Loss (L1) 5.031 (4.393)
2026-04-26 16:57:45,973 | Epoch: [21][ 30/254]	Time   0.29 (  0.71)	Data 0.0002 (0.4026)	Loss (L1) 4.235 (4.337)
2026-04-26 16:57:48,957 | Epoch: [21][ 40/254]	Time   0.29 (  0.61)	Data 0.0002 (0.3044)	Loss (L1) 4.506 (4.315)
2026-04-26 16:57:52,044 | Epoch: [21][ 50/254]	Time   0.30 (  0.55)	Data 0.0004 (0.2448)	Loss (L1) 4.206 (4.281)
2026-04-26 16:57:55,164 | Epoch: [21][ 60/254]	Time   0.31 (  0.51)	Data 0.0003 (0.2047)	Loss (L1) 5.315 (4.303)
2026-04-26 16:57:58,245 | Epoch: [21][ 70/254]	Time   0.31 (  0.48)	Data 0.0001 (0.1759)	Loss (L1) 4.596 (4.323)
2026-04-26 16:58:01,262 | Epoch: [21][ 80/254]	Time   0.30 (  0.46)	Data 0.0002 (0.1542)	Loss (L1) 3.659 (4.317)
2026-04-26 16:58:04,346 | Epoch: [21][ 90/254]	Time   0.31 (  0.44)	Data 0.0001 (0.1373)	Loss (L1) 3.569 (4.296)
2026-04-26 16:58:07,386 | Epoch: [21][100/254]	Time   0.28 (  0.43)	Data 0.0002 (0.1238)	Loss (L1) 3.959 (4.279)
2026-04-26 16:58:10,499 | Epoch: [21][110/254]	Time   0.29 (  0.42)	Data 0.0023 (0.1127)	Loss (L1) 4.624 (4.281)
2026-04-26 16:58:13,495 | Epoch: [21][120/254]	Time   0.30 (  0.41)	Data 0.0002 (0.1034)	Loss (L1) 4.082 (4.296)
2026-04-26 16:58:16,613 | Epoch: [21][130/254]	Time   0.28 (  0.40)	Data 0.0004 (0.0956)	Loss (L1) 4.355 (4.297)
2026-04-26 16:58:19,618 | Epoch: [21][140/254]	Time   0.30 (  0.39)	Data 0.0004 (0.0890)	Loss (L1) 3.850 (4.285)
2026-04-26 16:58:22,640 | Epoch: [21][150/254]	Time   0.31 (  0.39)	Data 0.0002 (0.0831)	Loss (L1) 3.634 (4.274)
2026-04-26 16:58:25,589 | Epoch: [21][160/254]	Time   0.30 (  0.38)	Data 0.0002 (0.0780)	Loss (L1) 4.485 (4.269)
2026-04-26 16:58:28,628 | Epoch: [21][170/254]	Time   0.31 (  0.38)	Data 0.0150 (0.0735)	Loss (L1) 4.387 (4.277)
2026-04-26 16:58:31,608 | Epoch: [21][180/254]	Time   0.30 (  0.37)	Data 0.0002 (0.0695)	Loss (L1) 4.335 (4.286)
2026-04-26 16:58:34,716 | Epoch: [21][190/254]	Time   0.28 (  0.37)	Data 0.0002 (0.0659)	Loss (L1) 4.245 (4.302)
2026-04-26 16:58:37,704 | Epoch: [21][200/254]	Time   0.29 (  0.37)	Data 0.0001 (0.0627)	Loss (L1) 4.456 (4.308)
2026-04-26 16:58:40,635 | Epoch: [21][210/254]	Time   0.29 (  0.36)	Data 0.0000 (0.0597)	Loss (L1) 4.266 (4.319)
2026-04-26 16:58:43,546 | Epoch: [21][220/254]	Time   0.29 (  0.36)	Data 0.0001 (0.0570)	Loss (L1) 4.328 (4.319)
2026-04-26 16:58:46,471 | Epoch: [21][230/254]	Time   0.29 (  0.36)	Data 0.0001 (0.0545)	Loss (L1) 4.095 (4.325)
2026-04-26 16:58:49,383 | Epoch: [21][240/254]	Time   0.29 (  0.35)	Data 0.0000 (0.0523)	Loss (L1) 3.940 (4.318)
2026-04-26 16:58:52,294 | Epoch: [21][250/254]	Time   0.29 (  0.35)	Data 0.0001 (0.0502)	Loss (L1) 4.097 (4.316)
2026-04-26 16:58:53,378 | Create Epoch [21] features of all training data...
2026-04-26 17:00:06,539 | Updated smoothed statistics on Epoch [21]!
2026-04-26 17:00:06,567 | Updated running statistics with Epoch [21] features!
2026-04-26 17:00:16,148 | Val: [ 0/25]	Time  9.580 ( 9.580)	Loss (MSE) 78.833 (78.833)	Loss (L1) 7.813 (7.813)
2026-04-26 17:00:17,560 | Val: [10/25]	Time  0.084 ( 0.999)	Loss (MSE) 34.639 (41.529)	Loss (L1) 4.609 (5.037)
2026-04-26 17:00:18,397 | Val: [20/25]	Time  0.084 ( 0.563)	Loss (MSE) 50.790 (41.674)	Loss (L1) 5.854 (5.129)
2026-04-26 17:00:18,957 |  * Overall: MSE 39.908	L1 4.994	G-Mean 3.293
2026-04-26 17:00:18,957 |  * Many: MSE 40.082	L1 4.972	G-Mean 3.208
2026-04-26 17:00:18,957 |  * Median: MSE 38.420	L1 5.022	G-Mean 3.535
2026-04-26 17:00:18,957 |  * Low: MSE 43.491	L1 5.114	G-Mean 3.336
2026-04-26 17:00:18,958 | Best L1 Loss: 4.956
2026-04-26 17:00:19,169 | Epoch #21: Train loss [4.3145]; Val loss: MSE [39.9079], L1 [4.9935], G-Mean [3.2928]
2026-04-26 17:00:32,353 | Epoch: [22][  0/254]	Time  13.18 ( 13.18)	Data 13.0375 (13.0375)	Loss (L1) 3.888 (3.888)
2026-04-26 17:00:35,303 | Epoch: [22][ 10/254]	Time   0.30 (  1.47)	Data 0.0002 (1.1855)	Loss (L1) 4.977 (4.384)
2026-04-26 17:00:38,352 | Epoch: [22][ 20/254]	Time   0.31 (  0.91)	Data 0.0002 (0.6214)	Loss (L1) 5.639 (4.341)
2026-04-26 17:00:41,397 | Epoch: [22][ 30/254]	Time   0.28 (  0.72)	Data 0.0002 (0.4210)	Loss (L1) 3.713 (4.280)
2026-04-26 17:00:44,470 | Epoch: [22][ 40/254]	Time   0.30 (  0.62)	Data 0.0002 (0.3185)	Loss (L1) 4.357 (4.312)
2026-04-26 17:00:47,523 | Epoch: [22][ 50/254]	Time   0.30 (  0.56)	Data 0.0003 (0.2561)	Loss (L1) 5.761 (4.338)
2026-04-26 17:00:50,703 | Epoch: [22][ 60/254]	Time   0.28 (  0.52)	Data 0.0002 (0.2142)	Loss (L1) 3.911 (4.287)
2026-04-26 17:00:53,715 | Epoch: [22][ 70/254]	Time   0.32 (  0.49)	Data 0.0002 (0.1841)	Loss (L1) 4.635 (4.363)
2026-04-26 17:00:56,738 | Epoch: [22][ 80/254]	Time   0.29 (  0.46)	Data 0.0107 (0.1615)	Loss (L1) 3.869 (4.335)
2026-04-26 17:00:59,803 | Epoch: [22][ 90/254]	Time   0.31 (  0.45)	Data 0.0002 (0.1438)	Loss (L1) 4.287 (4.391)
2026-04-26 17:01:02,804 | Epoch: [22][100/254]	Time   0.33 (  0.43)	Data 0.0003 (0.1296)	Loss (L1) 3.604 (4.360)
2026-04-26 17:01:05,892 | Epoch: [22][110/254]	Time   0.31 (  0.42)	Data 0.0002 (0.1180)	Loss (L1) 5.398 (4.370)
2026-04-26 17:01:08,915 | Epoch: [22][120/254]	Time   0.29 (  0.41)	Data 0.0002 (0.1083)	Loss (L1) 4.493 (4.380)
2026-04-26 17:01:11,976 | Epoch: [22][130/254]	Time   0.30 (  0.40)	Data 0.0002 (0.1000)	Loss (L1) 4.174 (4.377)
2026-04-26 17:01:15,031 | Epoch: [22][140/254]	Time   0.29 (  0.40)	Data 0.0002 (0.0930)	Loss (L1) 3.781 (4.363)
2026-04-26 17:01:18,052 | Epoch: [22][150/254]	Time   0.30 (  0.39)	Data 0.0002 (0.0868)	Loss (L1) 3.916 (4.366)
2026-04-26 17:01:21,125 | Epoch: [22][160/254]	Time   0.33 (  0.38)	Data 0.0002 (0.0815)	Loss (L1) 3.677 (4.347)
2026-04-26 17:01:24,176 | Epoch: [22][170/254]	Time   0.30 (  0.38)	Data 0.0002 (0.0768)	Loss (L1) 3.640 (4.334)
2026-04-26 17:01:27,196 | Epoch: [22][180/254]	Time   0.29 (  0.38)	Data 0.0004 (0.0725)	Loss (L1) 4.497 (4.333)
2026-04-26 17:01:30,250 | Epoch: [22][190/254]	Time   0.30 (  0.37)	Data 0.0001 (0.0689)	Loss (L1) 4.341 (4.336)
2026-04-26 17:01:33,206 | Epoch: [22][200/254]	Time   0.30 (  0.37)	Data 0.0001 (0.0655)	Loss (L1) 4.824 (4.343)
2026-04-26 17:01:36,120 | Epoch: [22][210/254]	Time   0.29 (  0.36)	Data 0.0001 (0.0624)	Loss (L1) 3.282 (4.329)
2026-04-26 17:01:39,036 | Epoch: [22][220/254]	Time   0.29 (  0.36)	Data 0.0001 (0.0596)	Loss (L1) 4.260 (4.329)
2026-04-26 17:01:41,958 | Epoch: [22][230/254]	Time   0.29 (  0.36)	Data 0.0001 (0.0570)	Loss (L1) 4.348 (4.339)
2026-04-26 17:01:44,879 | Epoch: [22][240/254]	Time   0.29 (  0.36)	Data 0.0001 (0.0546)	Loss (L1) 4.845 (4.338)
2026-04-26 17:01:47,796 | Epoch: [22][250/254]	Time   0.29 (  0.35)	Data 0.0001 (0.0525)	Loss (L1) 3.936 (4.339)
2026-04-26 17:01:48,886 | Create Epoch [22] features of all training data...
2026-04-26 17:03:01,896 | Updated smoothed statistics on Epoch [22]!
2026-04-26 17:03:01,926 | Updated running statistics with Epoch [22] features!
2026-04-26 17:03:12,306 | Val: [ 0/25]	Time 10.378 (10.378)	Loss (MSE) 93.178 (93.178)	Loss (L1) 8.617 (8.617)
2026-04-26 17:03:13,145 | Val: [10/25]	Time  0.084 ( 1.020)	Loss (MSE) 31.372 (44.249)	Loss (L1) 4.579 (5.301)
2026-04-26 17:03:13,980 | Val: [20/25]	Time  0.083 ( 0.574)	Loss (MSE) 44.562 (39.036)	Loss (L1) 5.387 (4.965)
2026-04-26 17:03:14,552 |  * Overall: MSE 39.135	L1 4.994	G-Mean 3.337
2026-04-26 17:03:14,553 |  * Many: MSE 35.028	L1 4.642	G-Mean 3.041
2026-04-26 17:03:14,553 |  * Median: MSE 43.692	L1 5.437	G-Mean 3.774
2026-04-26 17:03:14,553 |  * Low: MSE 65.499	L1 7.069	G-Mean 5.623
2026-04-26 17:03:14,553 | Best L1 Loss: 4.956
2026-04-26 17:03:14,765 | Epoch #22: Train loss [4.3375]; Val loss: MSE [39.1349], L1 [4.9943], G-Mean [3.3370]
2026-04-26 17:03:25,694 | Epoch: [23][  0/254]	Time  10.93 ( 10.93)	Data 10.7587 (10.7587)	Loss (L1) 4.803 (4.803)
2026-04-26 17:03:30,840 | Epoch: [23][ 10/254]	Time   0.29 (  1.46)	Data 0.0002 (1.1905)	Loss (L1) 4.303 (4.271)
2026-04-26 17:03:33,882 | Epoch: [23][ 20/254]	Time   0.31 (  0.91)	Data 0.0004 (0.6237)	Loss (L1) 3.854 (4.203)
2026-04-26 17:03:37,088 | Epoch: [23][ 30/254]	Time   0.32 (  0.72)	Data 0.0002 (0.4226)	Loss (L1) 4.037 (4.289)
2026-04-26 17:03:40,204 | Epoch: [23][ 40/254]	Time   0.30 (  0.62)	Data 0.0003 (0.3197)	Loss (L1) 4.002 (4.286)
2026-04-26 17:03:43,163 | Epoch: [23][ 50/254]	Time   0.28 (  0.56)	Data 0.0006 (0.2571)	Loss (L1) 3.852 (4.244)
2026-04-26 17:03:46,168 | Epoch: [23][ 60/254]	Time   0.30 (  0.51)	Data 0.0003 (0.2150)	Loss (L1) 4.008 (4.223)
2026-04-26 17:03:49,147 | Epoch: [23][ 70/254]	Time   0.31 (  0.48)	Data 0.0003 (0.1848)	Loss (L1) 4.208 (4.222)
2026-04-26 17:03:52,140 | Epoch: [23][ 80/254]	Time   0.30 (  0.46)	Data 0.0002 (0.1620)	Loss (L1) 3.888 (4.233)
2026-04-26 17:03:55,133 | Epoch: [23][ 90/254]	Time   0.29 (  0.44)	Data 0.0003 (0.1442)	Loss (L1) 3.806 (4.224)
2026-04-26 17:03:58,122 | Epoch: [23][100/254]	Time   0.29 (  0.43)	Data 0.0002 (0.1300)	Loss (L1) 5.646 (4.250)
2026-04-26 17:04:01,121 | Epoch: [23][110/254]	Time   0.30 (  0.42)	Data 0.0003 (0.1183)	Loss (L1) 4.860 (4.258)
2026-04-26 17:04:04,135 | Epoch: [23][120/254]	Time   0.29 (  0.41)	Data 0.0003 (0.1086)	Loss (L1) 4.039 (4.250)
2026-04-26 17:04:07,126 | Epoch: [23][130/254]	Time   0.30 (  0.40)	Data 0.0002 (0.1003)	Loss (L1) 4.517 (4.255)
2026-04-26 17:04:10,146 | Epoch: [23][140/254]	Time   0.30 (  0.39)	Data 0.0004 (0.0932)	Loss (L1) 4.243 (4.253)
2026-04-26 17:04:13,142 | Epoch: [23][150/254]	Time   0.30 (  0.39)	Data 0.0002 (0.0871)	Loss (L1) 4.607 (4.268)
2026-04-26 17:04:16,163 | Epoch: [23][160/254]	Time   0.30 (  0.38)	Data 0.0002 (0.0817)	Loss (L1) 4.291 (4.268)
2026-04-26 17:04:19,179 | Epoch: [23][170/254]	Time   0.31 (  0.38)	Data 0.0002 (0.0769)	Loss (L1) 3.805 (4.265)
2026-04-26 17:04:22,209 | Epoch: [23][180/254]	Time   0.30 (  0.37)	Data 0.0003 (0.0727)	Loss (L1) 4.079 (4.259)
2026-04-26 17:04:25,205 | Epoch: [23][190/254]	Time   0.30 (  0.37)	Data 0.0001 (0.0690)	Loss (L1) 4.141 (4.269)
2026-04-26 17:04:28,195 | Epoch: [23][200/254]	Time   0.30 (  0.37)	Data 0.0002 (0.0656)	Loss (L1) 4.312 (4.279)
2026-04-26 17:04:31,131 | Epoch: [23][210/254]	Time   0.29 (  0.36)	Data 0.0001 (0.0625)	Loss (L1) 4.048 (4.292)
2026-04-26 17:04:34,069 | Epoch: [23][220/254]	Time   0.29 (  0.36)	Data 0.0002 (0.0597)	Loss (L1) 4.909 (4.303)
2026-04-26 17:04:37,012 | Epoch: [23][230/254]	Time   0.29 (  0.36)	Data 0.0001 (0.0571)	Loss (L1) 4.864 (4.331)
2026-04-26 17:04:39,962 | Epoch: [23][240/254]	Time   0.30 (  0.35)	Data 0.0000 (0.0547)	Loss (L1) 4.574 (4.353)
2026-04-26 17:04:42,885 | Epoch: [23][250/254]	Time   0.29 (  0.35)	Data 0.0001 (0.0526)	Loss (L1) 5.216 (4.350)
2026-04-26 17:04:43,990 | Create Epoch [23] features of all training data...
2026-04-26 17:05:58,297 | Updated smoothed statistics on Epoch [23]!
2026-04-26 17:05:58,326 | Updated running statistics with Epoch [23] features!
2026-04-26 17:06:05,586 | Val: [ 0/25]	Time  7.258 ( 7.258)	Loss (MSE) 100.010 (100.010)	Loss (L1) 9.266 (9.266)
2026-04-26 17:06:08,590 | Val: [10/25]	Time  0.085 ( 0.933)	Loss (MSE) 34.240 (45.495)	Loss (L1) 4.609 (5.383)
2026-04-26 17:06:09,423 | Val: [20/25]	Time  0.083 ( 0.528)	Loss (MSE) 42.771 (41.055)	Loss (L1) 5.264 (5.094)
2026-04-26 17:06:09,970 |  * Overall: MSE 39.699	L1 4.994	G-Mean 3.246
2026-04-26 17:06:09,970 |  * Many: MSE 36.846	L1 4.738	G-Mean 3.005
2026-04-26 17:06:09,971 |  * Median: MSE 44.196	L1 5.487	G-Mean 3.826
2026-04-26 17:06:09,971 |  * Low: MSE 53.187	L1 5.874	G-Mean 4.002
2026-04-26 17:06:09,971 | Best L1 Loss: 4.956
2026-04-26 17:06:10,188 | Epoch #23: Train loss [4.3481]; Val loss: MSE [39.6992], L1 [4.9939], G-Mean [3.2456]
2026-04-26 17:06:18,057 | Epoch: [24][  0/254]	Time   7.87 (  7.87)	Data 7.7243 (7.7243)	Loss (L1) 4.345 (4.345)
2026-04-26 17:06:25,048 | Epoch: [24][ 10/254]	Time   0.30 (  1.35)	Data 0.0002 (1.0964)	Loss (L1) 4.258 (4.604)
2026-04-26 17:06:27,999 | Epoch: [24][ 20/254]	Time   0.29 (  0.85)	Data 0.0002 (0.5744)	Loss (L1) 3.992 (4.365)
2026-04-26 17:06:30,954 | Epoch: [24][ 30/254]	Time   0.29 (  0.67)	Data 0.0002 (0.3892)	Loss (L1) 3.734 (4.296)
2026-04-26 17:06:33,992 | Epoch: [24][ 40/254]	Time   0.30 (  0.58)	Data 0.0002 (0.2974)	Loss (L1) 4.256 (4.273)
2026-04-26 17:06:36,993 | Epoch: [24][ 50/254]	Time   0.30 (  0.53)	Data 0.0002 (0.2391)	Loss (L1) 5.043 (4.238)
2026-04-26 17:06:39,965 | Epoch: [24][ 60/254]	Time   0.29 (  0.49)	Data 0.0002 (0.2000)	Loss (L1) 3.822 (4.239)
2026-04-26 17:06:42,967 | Epoch: [24][ 70/254]	Time   0.30 (  0.46)	Data 0.0002 (0.1729)	Loss (L1) 3.775 (4.251)
2026-04-26 17:06:45,936 | Epoch: [24][ 80/254]	Time   0.30 (  0.44)	Data 0.0002 (0.1516)	Loss (L1) 3.922 (4.233)
2026-04-26 17:06:48,930 | Epoch: [24][ 90/254]	Time   0.30 (  0.43)	Data 0.0002 (0.1349)	Loss (L1) 4.758 (4.237)
2026-04-26 17:06:51,946 | Epoch: [24][100/254]	Time   0.31 (  0.41)	Data 0.0002 (0.1216)	Loss (L1) 4.286 (4.242)
2026-04-26 17:06:54,909 | Epoch: [24][110/254]	Time   0.30 (  0.40)	Data 0.0002 (0.1107)	Loss (L1) 4.211 (4.267)
2026-04-26 17:06:57,904 | Epoch: [24][120/254]	Time   0.30 (  0.39)	Data 0.0002 (0.1015)	Loss (L1) 3.842 (4.274)
2026-04-26 17:07:00,921 | Epoch: [24][130/254]	Time   0.29 (  0.39)	Data 0.0002 (0.0938)	Loss (L1) 3.868 (4.266)
2026-04-26 17:07:03,921 | Epoch: [24][140/254]	Time   0.30 (  0.38)	Data 0.0003 (0.0872)	Loss (L1) 4.938 (4.281)
2026-04-26 17:07:06,910 | Epoch: [24][150/254]	Time   0.29 (  0.38)	Data 0.0003 (0.0814)	Loss (L1) 3.703 (4.284)
2026-04-26 17:07:09,980 | Epoch: [24][160/254]	Time   0.31 (  0.37)	Data 0.0015 (0.0764)	Loss (L1) 6.265 (4.304)
2026-04-26 17:07:12,940 | Epoch: [24][170/254]	Time   0.29 (  0.37)	Data 0.0002 (0.0720)	Loss (L1) 4.358 (4.308)
2026-04-26 17:07:15,939 | Epoch: [24][180/254]	Time   0.33 (  0.36)	Data 0.0002 (0.0680)	Loss (L1) 4.535 (4.305)
2026-04-26 17:07:18,986 | Epoch: [24][190/254]	Time   0.30 (  0.36)	Data 0.0001 (0.0646)	Loss (L1) 4.777 (4.311)
2026-04-26 17:07:21,978 | Epoch: [24][200/254]	Time   0.29 (  0.36)	Data 0.0001 (0.0614)	Loss (L1) 3.872 (4.316)
2026-04-26 17:07:24,922 | Epoch: [24][210/254]	Time   0.29 (  0.35)	Data 0.0001 (0.0585)	Loss (L1) 4.491 (4.325)
2026-04-26 17:07:27,844 | Epoch: [24][220/254]	Time   0.29 (  0.35)	Data 0.0001 (0.0559)	Loss (L1) 3.562 (4.319)
2026-04-26 17:07:30,753 | Epoch: [24][230/254]	Time   0.29 (  0.35)	Data 0.0001 (0.0534)	Loss (L1) 4.328 (4.305)
2026-04-26 17:07:33,670 | Epoch: [24][240/254]	Time   0.29 (  0.35)	Data 0.0000 (0.0512)	Loss (L1) 4.082 (4.307)
2026-04-26 17:07:36,583 | Epoch: [24][250/254]	Time   0.29 (  0.34)	Data 0.0000 (0.0492)	Loss (L1) 3.894 (4.305)
2026-04-26 17:07:37,687 | Create Epoch [24] features of all training data...
2026-04-26 17:08:51,945 | Updated smoothed statistics on Epoch [24]!
2026-04-26 17:08:51,973 | Updated running statistics with Epoch [24] features!
2026-04-26 17:08:56,961 | Val: [ 0/25]	Time  4.987 ( 4.987)	Loss (MSE) 82.028 (82.028)	Loss (L1) 7.903 (7.903)
2026-04-26 17:09:02,608 | Val: [10/25]	Time  0.083 ( 0.967)	Loss (MSE) 39.077 (49.190)	Loss (L1) 4.984 (5.543)
2026-04-26 17:09:03,440 | Val: [20/25]	Time  0.083 ( 0.546)	Loss (MSE) 48.363 (45.297)	Loss (L1) 5.776 (5.308)
2026-04-26 17:09:04,016 |  * Overall: MSE 42.897	L1 5.138	G-Mean 3.312
2026-04-26 17:09:04,016 |  * Many: MSE 42.649	L1 5.069	G-Mean 3.223
2026-04-26 17:09:04,016 |  * Median: MSE 43.493	L1 5.382	G-Mean 3.667
2026-04-26 17:09:04,016 |  * Low: MSE 43.318	L1 4.974	G-Mean 3.043
2026-04-26 17:09:04,017 | Best L1 Loss: 4.956
2026-04-26 17:09:04,231 | Epoch #24: Train loss [4.3047]; Val loss: MSE [42.8965], L1 [5.1377], G-Mean [3.3120]
2026-04-26 17:09:16,174 | Epoch: [25][  0/254]	Time  11.94 ( 11.94)	Data 11.7300 (11.7300)	Loss (L1) 3.669 (3.669)
2026-04-26 17:09:19,486 | Epoch: [25][ 10/254]	Time   0.38 (  1.39)	Data 0.0002 (1.0666)	Loss (L1) 4.080 (4.611)
2026-04-26 17:09:22,550 | Epoch: [25][ 20/254]	Time   0.33 (  0.87)	Data 0.0002 (0.5610)	Loss (L1) 3.497 (4.436)
2026-04-26 17:09:25,601 | Epoch: [25][ 30/254]	Time   0.31 (  0.69)	Data 0.0043 (0.3808)	Loss (L1) 4.190 (4.426)
2026-04-26 17:09:28,889 | Epoch: [25][ 40/254]	Time   0.30 (  0.60)	Data 0.0093 (0.2975)	Loss (L1) 4.391 (4.437)
2026-04-26 17:09:31,949 | Epoch: [25][ 50/254]	Time   0.31 (  0.54)	Data 0.0003 (0.2392)	Loss (L1) 5.356 (4.433)
2026-04-26 17:09:35,070 | Epoch: [25][ 60/254]	Time   0.31 (  0.51)	Data 0.0002 (0.2004)	Loss (L1) 4.667 (4.420)
2026-04-26 17:09:38,125 | Epoch: [25][ 70/254]	Time   0.30 (  0.48)	Data 0.0002 (0.1724)	Loss (L1) 3.781 (4.398)
2026-04-26 17:09:41,326 | Epoch: [25][ 80/254]	Time   0.32 (  0.46)	Data 0.0002 (0.1511)	Loss (L1) 4.155 (4.374)
2026-04-26 17:09:44,408 | Epoch: [25][ 90/254]	Time   0.31 (  0.44)	Data 0.0002 (0.1346)	Loss (L1) 4.487 (4.342)
2026-04-26 17:09:47,439 | Epoch: [25][100/254]	Time   0.30 (  0.43)	Data 0.0004 (0.1213)	Loss (L1) 4.189 (4.327)
2026-04-26 17:09:50,469 | Epoch: [25][110/254]	Time   0.30 (  0.42)	Data 0.0018 (0.1104)	Loss (L1) 3.873 (4.317)
2026-04-26 17:09:53,454 | Epoch: [25][120/254]	Time   0.28 (  0.41)	Data 0.0002 (0.1013)	Loss (L1) 4.726 (4.321)
2026-04-26 17:09:56,520 | Epoch: [25][130/254]	Time   0.29 (  0.40)	Data 0.0004 (0.0936)	Loss (L1) 5.407 (4.322)
2026-04-26 17:09:59,600 | Epoch: [25][140/254]	Time   0.32 (  0.39)	Data 0.0002 (0.0871)	Loss (L1) 4.119 (4.303)
2026-04-26 17:10:02,677 | Epoch: [25][150/254]	Time   0.30 (  0.39)	Data 0.0002 (0.0813)	Loss (L1) 4.229 (4.293)
2026-04-26 17:10:05,701 | Epoch: [25][160/254]	Time   0.31 (  0.38)	Data 0.0005 (0.0763)	Loss (L1) 4.030 (4.279)
2026-04-26 17:10:08,759 | Epoch: [25][170/254]	Time   0.31 (  0.38)	Data 0.0002 (0.0718)	Loss (L1) 4.049 (4.296)
2026-04-26 17:10:11,768 | Epoch: [25][180/254]	Time   0.30 (  0.37)	Data 0.0002 (0.0679)	Loss (L1) 4.190 (4.297)
2026-04-26 17:10:14,766 | Epoch: [25][190/254]	Time   0.29 (  0.37)	Data 0.0001 (0.0645)	Loss (L1) 5.136 (4.301)
2026-04-26 17:10:17,738 | Epoch: [25][200/254]	Time   0.30 (  0.37)	Data 0.0003 (0.0613)	Loss (L1) 4.630 (4.298)
2026-04-26 17:10:20,686 | Epoch: [25][210/254]	Time   0.29 (  0.36)	Data 0.0001 (0.0584)	Loss (L1) 3.696 (4.290)
2026-04-26 17:10:23,607 | Epoch: [25][220/254]	Time   0.30 (  0.36)	Data 0.0001 (0.0558)	Loss (L1) 5.303 (4.298)
2026-04-26 17:10:26,520 | Epoch: [25][230/254]	Time   0.29 (  0.36)	Data 0.0001 (0.0534)	Loss (L1) 3.982 (4.286)
2026-04-26 17:10:29,430 | Epoch: [25][240/254]	Time   0.29 (  0.35)	Data 0.0001 (0.0512)	Loss (L1) 4.477 (4.290)
2026-04-26 17:10:32,347 | Epoch: [25][250/254]	Time   0.29 (  0.35)	Data 0.0001 (0.0492)	Loss (L1) 4.871 (4.295)
2026-04-26 17:10:33,450 | Create Epoch [25] features of all training data...
2026-04-26 17:11:46,951 | Updated smoothed statistics on Epoch [25]!
2026-04-26 17:11:46,981 | Updated running statistics with Epoch [25] features!
2026-04-26 17:11:57,506 | Val: [ 0/25]	Time 10.523 (10.523)	Loss (MSE) 69.230 (69.230)	Loss (L1) 7.287 (7.287)
2026-04-26 17:11:58,341 | Val: [10/25]	Time  0.083 ( 1.033)	Loss (MSE) 35.357 (43.936)	Loss (L1) 4.603 (5.193)
2026-04-26 17:11:59,175 | Val: [20/25]	Time  0.083 ( 0.581)	Loss (MSE) 53.376 (43.815)	Loss (L1) 6.049 (5.223)
2026-04-26 17:11:59,735 |  * Overall: MSE 41.421	L1 5.038	G-Mean 3.254
2026-04-26 17:11:59,735 |  * Many: MSE 42.688	L1 5.069	G-Mean 3.220
2026-04-26 17:11:59,735 |  * Median: MSE 39.807	L1 5.171	G-Mean 3.594
2026-04-26 17:11:59,735 |  * Low: MSE 34.032	L1 4.238	G-Mean 2.525
2026-04-26 17:11:59,736 | Best L1 Loss: 4.956
2026-04-26 17:11:59,947 | Epoch #25: Train loss [4.2925]; Val loss: MSE [41.4206], L1 [5.0381], G-Mean [3.2537]
2026-04-26 17:12:12,962 | Epoch: [26][  0/254]	Time  13.01 ( 13.01)	Data 12.8529 (12.8529)	Loss (L1) 4.144 (4.144)
2026-04-26 17:12:15,892 | Epoch: [26][ 10/254]	Time   0.29 (  1.45)	Data 0.0002 (1.1688)	Loss (L1) 3.611 (4.062)
2026-04-26 17:12:18,872 | Epoch: [26][ 20/254]	Time   0.30 (  0.90)	Data 0.0002 (0.6124)	Loss (L1) 4.638 (4.099)
2026-04-26 17:12:21,917 | Epoch: [26][ 30/254]	Time   0.33 (  0.71)	Data 0.0025 (0.4150)	Loss (L1) 4.263 (4.168)
2026-04-26 17:12:24,920 | Epoch: [26][ 40/254]	Time   0.31 (  0.61)	Data 0.0002 (0.3138)	Loss (L1) 4.027 (4.210)
2026-04-26 17:12:27,977 | Epoch: [26][ 50/254]	Time   0.30 (  0.55)	Data 0.0002 (0.2524)	Loss (L1) 5.523 (4.251)
2026-04-26 17:12:30,989 | Epoch: [26][ 60/254]	Time   0.30 (  0.51)	Data 0.0002 (0.2110)	Loss (L1) 4.713 (4.268)
2026-04-26 17:12:33,998 | Epoch: [26][ 70/254]	Time   0.29 (  0.48)	Data 0.0002 (0.1813)	Loss (L1) 3.761 (4.236)
2026-04-26 17:12:37,012 | Epoch: [26][ 80/254]	Time   0.30 (  0.46)	Data 0.0002 (0.1590)	Loss (L1) 3.835 (4.228)
2026-04-26 17:12:40,070 | Epoch: [26][ 90/254]	Time   0.30 (  0.44)	Data 0.0002 (0.1417)	Loss (L1) 4.967 (4.227)
2026-04-26 17:12:43,096 | Epoch: [26][100/254]	Time   0.30 (  0.43)	Data 0.0002 (0.1277)	Loss (L1) 4.104 (4.198)
2026-04-26 17:12:46,163 | Epoch: [26][110/254]	Time   0.31 (  0.42)	Data 0.0003 (0.1164)	Loss (L1) 3.912 (4.229)
2026-04-26 17:12:49,189 | Epoch: [26][120/254]	Time   0.30 (  0.41)	Data 0.0002 (0.1068)	Loss (L1) 4.468 (4.230)
2026-04-26 17:12:52,192 | Epoch: [26][130/254]	Time   0.30 (  0.40)	Data 0.0003 (0.0986)	Loss (L1) 4.039 (4.235)
2026-04-26 17:12:55,192 | Epoch: [26][140/254]	Time   0.32 (  0.39)	Data 0.0002 (0.0917)	Loss (L1) 4.721 (4.235)
2026-04-26 17:12:58,287 | Epoch: [26][150/254]	Time   0.30 (  0.39)	Data 0.0002 (0.0856)	Loss (L1) 4.049 (4.232)
2026-04-26 17:13:01,322 | Epoch: [26][160/254]	Time   0.30 (  0.38)	Data 0.0002 (0.0803)	Loss (L1) 3.933 (4.243)
2026-04-26 17:13:04,372 | Epoch: [26][170/254]	Time   0.30 (  0.38)	Data 0.0004 (0.0756)	Loss (L1) 4.425 (4.254)
2026-04-26 17:13:07,462 | Epoch: [26][180/254]	Time   0.30 (  0.37)	Data 0.0003 (0.0715)	Loss (L1) 3.475 (4.252)
2026-04-26 17:13:10,522 | Epoch: [26][190/254]	Time   0.30 (  0.37)	Data 0.0001 (0.0680)	Loss (L1) 4.674 (4.263)
2026-04-26 17:13:13,534 | Epoch: [26][200/254]	Time   0.29 (  0.37)	Data 0.0001 (0.0646)	Loss (L1) 4.103 (4.252)
2026-04-26 17:13:16,481 | Epoch: [26][210/254]	Time   0.29 (  0.36)	Data 0.0001 (0.0616)	Loss (L1) 4.638 (4.242)
2026-04-26 17:13:19,415 | Epoch: [26][220/254]	Time   0.29 (  0.36)	Data 0.0001 (0.0588)	Loss (L1) 4.346 (4.243)
2026-04-26 17:13:22,345 | Epoch: [26][230/254]	Time   0.29 (  0.36)	Data 0.0001 (0.0562)	Loss (L1) 3.537 (4.239)
2026-04-26 17:13:25,260 | Epoch: [26][240/254]	Time   0.29 (  0.35)	Data 0.0000 (0.0539)	Loss (L1) 4.104 (4.234)
2026-04-26 17:13:28,179 | Epoch: [26][250/254]	Time   0.29 (  0.35)	Data 0.0000 (0.0518)	Loss (L1) 4.178 (4.240)
2026-04-26 17:13:29,265 | Create Epoch [26] features of all training data...
2026-04-26 17:14:42,855 | Updated smoothed statistics on Epoch [26]!
2026-04-26 17:14:42,883 | Updated running statistics with Epoch [26] features!
2026-04-26 17:14:52,546 | Val: [ 0/25]	Time  9.662 ( 9.662)	Loss (MSE) 92.831 (92.831)	Loss (L1) 8.567 (8.567)
2026-04-26 17:14:53,822 | Val: [10/25]	Time  0.083 ( 0.994)	Loss (MSE) 38.215 (49.929)	Loss (L1) 4.970 (5.621)
2026-04-26 17:14:54,655 | Val: [20/25]	Time  0.084 ( 0.561)	Loss (MSE) 39.999 (42.920)	Loss (L1) 5.102 (5.187)
2026-04-26 17:14:55,218 |  * Overall: MSE 40.073	L1 4.977	G-Mean 3.240
2026-04-26 17:14:55,218 |  * Many: MSE 39.076	L1 4.868	G-Mean 3.127
2026-04-26 17:14:55,218 |  * Median: MSE 42.861	L1 5.335	G-Mean 3.640
2026-04-26 17:14:55,218 |  * Low: MSE 40.367	L1 4.811	G-Mean 3.075
2026-04-26 17:14:55,219 | Best L1 Loss: 4.956
2026-04-26 17:14:55,430 | Epoch #26: Train loss [4.2363]; Val loss: MSE [40.0726], L1 [4.9769], G-Mean [3.2401]
2026-04-26 17:15:02,699 | Epoch: [27][  0/254]	Time   7.27 (  7.27)	Data 6.9465 (6.9465)	Loss (L1) 4.469 (4.469)
2026-04-26 17:15:09,444 | Epoch: [27][ 10/254]	Time   0.29 (  1.27)	Data 0.0002 (0.9878)	Loss (L1) 3.833 (4.209)
2026-04-26 17:15:12,398 | Epoch: [27][ 20/254]	Time   0.30 (  0.81)	Data 0.0002 (0.5176)	Loss (L1) 4.847 (4.251)
2026-04-26 17:15:15,657 | Epoch: [27][ 30/254]	Time   0.26 (  0.65)	Data 0.0002 (0.3507)	Loss (L1) 4.467 (4.268)
2026-04-26 17:15:18,916 | Epoch: [27][ 40/254]	Time   0.31 (  0.57)	Data 0.0003 (0.2653)	Loss (L1) 4.906 (4.339)
2026-04-26 17:15:21,897 | Epoch: [27][ 50/254]	Time   0.30 (  0.52)	Data 0.0002 (0.2133)	Loss (L1) 6.269 (4.359)
2026-04-26 17:15:24,994 | Epoch: [27][ 60/254]	Time   0.29 (  0.48)	Data 0.0002 (0.1784)	Loss (L1) 4.418 (4.341)
2026-04-26 17:15:28,168 | Epoch: [27][ 70/254]	Time   0.30 (  0.46)	Data 0.0003 (0.1533)	Loss (L1) 3.994 (4.323)
2026-04-26 17:15:31,166 | Epoch: [27][ 80/254]	Time   0.30 (  0.44)	Data 0.0002 (0.1344)	Loss (L1) 3.872 (4.309)
2026-04-26 17:15:34,282 | Epoch: [27][ 90/254]	Time   0.30 (  0.43)	Data 0.0002 (0.1197)	Loss (L1) 4.750 (4.293)
2026-04-26 17:15:37,292 | Epoch: [27][100/254]	Time   0.28 (  0.41)	Data 0.0113 (0.1080)	Loss (L1) 4.848 (4.311)
2026-04-26 17:15:40,328 | Epoch: [27][110/254]	Time   0.30 (  0.40)	Data 0.0002 (0.0983)	Loss (L1) 4.111 (4.308)
2026-04-26 17:15:43,313 | Epoch: [27][120/254]	Time   0.31 (  0.40)	Data 0.0002 (0.0902)	Loss (L1) 3.865 (4.308)
2026-04-26 17:15:46,336 | Epoch: [27][130/254]	Time   0.30 (  0.39)	Data 0.0002 (0.0833)	Loss (L1) 3.982 (4.321)
2026-04-26 17:15:49,342 | Epoch: [27][140/254]	Time   0.30 (  0.38)	Data 0.0003 (0.0774)	Loss (L1) 3.513 (4.309)
2026-04-26 17:15:52,349 | Epoch: [27][150/254]	Time   0.30 (  0.38)	Data 0.0002 (0.0723)	Loss (L1) 4.173 (4.301)
2026-04-26 17:15:55,391 | Epoch: [27][160/254]	Time   0.30 (  0.37)	Data 0.0003 (0.0679)	Loss (L1) 4.275 (4.282)
2026-04-26 17:15:58,385 | Epoch: [27][170/254]	Time   0.30 (  0.37)	Data 0.0002 (0.0639)	Loss (L1) 4.491 (4.268)
2026-04-26 17:16:01,473 | Epoch: [27][180/254]	Time   0.31 (  0.36)	Data 0.0002 (0.0604)	Loss (L1) 4.407 (4.274)
2026-04-26 17:16:04,473 | Epoch: [27][190/254]	Time   0.30 (  0.36)	Data 0.0001 (0.0574)	Loss (L1) 4.144 (4.271)
2026-04-26 17:16:07,479 | Epoch: [27][200/254]	Time   0.30 (  0.36)	Data 0.0001 (0.0545)	Loss (L1) 5.163 (4.270)
2026-04-26 17:16:10,422 | Epoch: [27][210/254]	Time   0.29 (  0.36)	Data 0.0001 (0.0519)	Loss (L1) 3.684 (4.277)
2026-04-26 17:16:13,367 | Epoch: [27][220/254]	Time   0.29 (  0.35)	Data 0.0001 (0.0496)	Loss (L1) 4.415 (4.270)
2026-04-26 17:16:16,290 | Epoch: [27][230/254]	Time   0.29 (  0.35)	Data 0.0001 (0.0475)	Loss (L1) 3.880 (4.268)
2026-04-26 17:16:19,218 | Epoch: [27][240/254]	Time   0.29 (  0.35)	Data 0.0001 (0.0455)	Loss (L1) 3.873 (4.260)
2026-04-26 17:16:22,129 | Epoch: [27][250/254]	Time   0.29 (  0.35)	Data 0.0000 (0.0437)	Loss (L1) 3.916 (4.256)
2026-04-26 17:16:23,211 | Create Epoch [27] features of all training data...
2026-04-26 17:17:36,363 | Updated smoothed statistics on Epoch [27]!
2026-04-26 17:17:36,391 | Updated running statistics with Epoch [27] features!
2026-04-26 17:17:45,854 | Val: [ 0/25]	Time  9.461 ( 9.461)	Loss (MSE) 64.172 (64.172)	Loss (L1) 6.910 (6.910)
2026-04-26 17:17:47,244 | Val: [10/25]	Time  0.083 ( 0.986)	Loss (MSE) 31.534 (40.205)	Loss (L1) 4.542 (4.968)
2026-04-26 17:17:48,076 | Val: [20/25]	Time  0.083 ( 0.556)	Loss (MSE) 53.698 (40.017)	Loss (L1) 5.987 (5.025)
2026-04-26 17:17:48,630 |  * Overall: MSE 40.200	L1 5.045	G-Mean 3.369
2026-04-26 17:17:48,631 |  * Many: MSE 39.031	L1 4.921	G-Mean 3.224
2026-04-26 17:17:48,631 |  * Median: MSE 38.695	L1 5.018	G-Mean 3.446
2026-04-26 17:17:48,631 |  * Low: MSE 57.876	L1 6.437	G-Mean 4.900
2026-04-26 17:17:48,631 | Best L1 Loss: 4.956
2026-04-26 17:17:48,848 | Epoch #27: Train loss [4.2513]; Val loss: MSE [40.2001], L1 [5.0446], G-Mean [3.3685]
2026-04-26 17:18:01,746 | Epoch: [28][  0/254]	Time  12.90 ( 12.90)	Data 12.7479 (12.7479)	Loss (L1) 3.764 (3.764)
2026-04-26 17:18:04,851 | Epoch: [28][ 10/254]	Time   0.29 (  1.45)	Data 0.0003 (1.1591)	Loss (L1) 3.969 (4.137)
2026-04-26 17:18:07,975 | Epoch: [28][ 20/254]	Time   0.35 (  0.91)	Data 0.0001 (0.6073)	Loss (L1) 4.433 (4.178)
2026-04-26 17:18:11,113 | Epoch: [28][ 30/254]	Time   0.32 (  0.72)	Data 0.0004 (0.4115)	Loss (L1) 4.674 (4.209)
2026-04-26 17:18:14,129 | Epoch: [28][ 40/254]	Time   0.31 (  0.62)	Data 0.0002 (0.3149)	Loss (L1) 4.017 (4.215)
2026-04-26 17:18:17,183 | Epoch: [28][ 50/254]	Time   0.31 (  0.56)	Data 0.0002 (0.2534)	Loss (L1) 4.037 (4.205)
2026-04-26 17:18:20,257 | Epoch: [28][ 60/254]	Time   0.32 (  0.51)	Data 0.0002 (0.2119)	Loss (L1) 4.375 (4.212)
2026-04-26 17:18:23,287 | Epoch: [28][ 70/254]	Time   0.30 (  0.49)	Data 0.0003 (0.1821)	Loss (L1) 4.211 (4.258)
2026-04-26 17:18:26,333 | Epoch: [28][ 80/254]	Time   0.32 (  0.46)	Data 0.0002 (0.1597)	Loss (L1) 3.958 (4.233)
2026-04-26 17:18:29,342 | Epoch: [28][ 90/254]	Time   0.30 (  0.44)	Data 0.0155 (0.1423)	Loss (L1) 4.256 (4.260)
2026-04-26 17:18:32,372 | Epoch: [28][100/254]	Time   0.33 (  0.43)	Data 0.0003 (0.1283)	Loss (L1) 4.203 (4.242)
2026-04-26 17:18:35,433 | Epoch: [28][110/254]	Time   0.30 (  0.42)	Data 0.0003 (0.1167)	Loss (L1) 3.909 (4.233)
2026-04-26 17:18:38,409 | Epoch: [28][120/254]	Time   0.30 (  0.41)	Data 0.0005 (0.1071)	Loss (L1) 3.966 (4.212)
2026-04-26 17:18:41,385 | Epoch: [28][130/254]	Time   0.29 (  0.40)	Data 0.0003 (0.0990)	Loss (L1) 4.047 (4.209)
2026-04-26 17:18:44,388 | Epoch: [28][140/254]	Time   0.29 (  0.39)	Data 0.0003 (0.0920)	Loss (L1) 4.141 (4.206)
2026-04-26 17:18:47,410 | Epoch: [28][150/254]	Time   0.31 (  0.39)	Data 0.0003 (0.0859)	Loss (L1) 4.980 (4.211)
2026-04-26 17:18:50,452 | Epoch: [28][160/254]	Time   0.30 (  0.38)	Data 0.0002 (0.0806)	Loss (L1) 3.719 (4.207)
2026-04-26 17:18:53,436 | Epoch: [28][170/254]	Time   0.30 (  0.38)	Data 0.0002 (0.0759)	Loss (L1) 3.802 (4.212)
2026-04-26 17:18:56,483 | Epoch: [28][180/254]	Time   0.28 (  0.37)	Data 0.0002 (0.0717)	Loss (L1) 4.657 (4.206)
2026-04-26 17:18:59,532 | Epoch: [28][190/254]	Time   0.31 (  0.37)	Data 0.0001 (0.0681)	Loss (L1) 4.549 (4.220)
2026-04-26 17:19:02,509 | Epoch: [28][200/254]	Time   0.29 (  0.37)	Data 0.0001 (0.0647)	Loss (L1) 4.278 (4.219)
2026-04-26 17:19:05,450 | Epoch: [28][210/254]	Time   0.29 (  0.36)	Data 0.0001 (0.0616)	Loss (L1) 3.994 (4.232)
2026-04-26 17:19:08,386 | Epoch: [28][220/254]	Time   0.30 (  0.36)	Data 0.0001 (0.0589)	Loss (L1) 4.408 (4.236)
2026-04-26 17:19:11,309 | Epoch: [28][230/254]	Time   0.29 (  0.36)	Data 0.0001 (0.0563)	Loss (L1) 4.027 (4.237)
2026-04-26 17:19:14,229 | Epoch: [28][240/254]	Time   0.29 (  0.35)	Data 0.0002 (0.0540)	Loss (L1) 4.444 (4.234)
2026-04-26 17:19:17,144 | Epoch: [28][250/254]	Time   0.29 (  0.35)	Data 0.0001 (0.0518)	Loss (L1) 4.554 (4.232)
2026-04-26 17:19:18,243 | Create Epoch [28] features of all training data...
2026-04-26 17:20:32,350 | Updated smoothed statistics on Epoch [28]!
2026-04-26 17:20:32,378 | Updated running statistics with Epoch [28] features!
2026-04-26 17:20:39,625 | Val: [ 0/25]	Time  7.245 ( 7.245)	Loss (MSE) 86.213 (86.213)	Loss (L1) 8.243 (8.243)
2026-04-26 17:20:43,225 | Val: [10/25]	Time  0.084 ( 0.986)	Loss (MSE) 30.650 (41.821)	Loss (L1) 4.424 (5.177)
2026-04-26 17:20:44,059 | Val: [20/25]	Time  0.083 ( 0.556)	Loss (MSE) 51.614 (41.337)	Loss (L1) 5.730 (5.145)
2026-04-26 17:20:44,603 |  * Overall: MSE 39.849	L1 5.022	G-Mean 3.325
2026-04-26 17:20:44,604 |  * Many: MSE 38.267	L1 4.886	G-Mean 3.192
2026-04-26 17:20:44,604 |  * Median: MSE 42.931	L1 5.360	G-Mean 3.715
2026-04-26 17:20:44,604 |  * Low: MSE 45.202	L1 5.213	G-Mean 3.412
2026-04-26 17:20:44,604 | Best L1 Loss: 4.956
2026-04-26 17:20:44,819 | Epoch #28: Train loss [4.2245]; Val loss: MSE [39.8492], L1 [5.0217], G-Mean [3.3254]
2026-04-26 17:20:55,872 | Epoch: [29][  0/254]	Time  11.05 ( 11.05)	Data 10.8802 (10.8802)	Loss (L1) 4.531 (4.531)
2026-04-26 17:21:00,078 | Epoch: [29][ 10/254]	Time   0.29 (  1.39)	Data 0.0004 (1.1288)	Loss (L1) 4.788 (4.158)
2026-04-26 17:21:03,039 | Epoch: [29][ 20/254]	Time   0.29 (  0.87)	Data 0.0003 (0.5914)	Loss (L1) 3.871 (4.187)
2026-04-26 17:21:06,072 | Epoch: [29][ 30/254]	Time   0.28 (  0.69)	Data 0.0002 (0.4007)	Loss (L1) 4.155 (4.127)
2026-04-26 17:21:09,245 | Epoch: [29][ 40/254]	Time   0.34 (  0.60)	Data 0.0002 (0.3078)	Loss (L1) 3.856 (4.088)
2026-04-26 17:21:12,290 | Epoch: [29][ 50/254]	Time   0.29 (  0.54)	Data 0.0002 (0.2475)	Loss (L1) 4.676 (4.174)
2026-04-26 17:21:15,393 | Epoch: [29][ 60/254]	Time   0.29 (  0.50)	Data 0.0002 (0.2070)	Loss (L1) 4.337 (4.199)
2026-04-26 17:21:18,483 | Epoch: [29][ 70/254]	Time   0.29 (  0.47)	Data 0.0002 (0.1779)	Loss (L1) 3.839 (4.204)
2026-04-26 17:21:21,468 | Epoch: [29][ 80/254]	Time   0.30 (  0.45)	Data 0.0001 (0.1560)	Loss (L1) 4.121 (4.182)
2026-04-26 17:21:24,451 | Epoch: [29][ 90/254]	Time   0.30 (  0.44)	Data 0.0003 (0.1389)	Loss (L1) 4.395 (4.163)
2026-04-26 17:21:27,423 | Epoch: [29][100/254]	Time   0.29 (  0.42)	Data 0.0002 (0.1252)	Loss (L1) 4.087 (4.165)
2026-04-26 17:21:30,484 | Epoch: [29][110/254]	Time   0.29 (  0.41)	Data 0.0002 (0.1139)	Loss (L1) 3.658 (4.174)
2026-04-26 17:21:33,462 | Epoch: [29][120/254]	Time   0.31 (  0.40)	Data 0.0002 (0.1045)	Loss (L1) 4.006 (4.154)
2026-04-26 17:21:36,426 | Epoch: [29][130/254]	Time   0.29 (  0.39)	Data 0.0002 (0.0965)	Loss (L1) 3.628 (4.166)
2026-04-26 17:21:39,460 | Epoch: [29][140/254]	Time   0.29 (  0.39)	Data 0.0002 (0.0897)	Loss (L1) 4.153 (4.170)
2026-04-26 17:21:42,450 | Epoch: [29][150/254]	Time   0.29 (  0.38)	Data 0.0002 (0.0838)	Loss (L1) 3.610 (4.168)
2026-04-26 17:21:45,519 | Epoch: [29][160/254]	Time   0.30 (  0.38)	Data 0.0002 (0.0786)	Loss (L1) 4.009 (4.166)
2026-04-26 17:21:48,564 | Epoch: [29][170/254]	Time   0.31 (  0.37)	Data 0.0002 (0.0740)	Loss (L1) 4.697 (4.179)
2026-04-26 17:21:51,585 | Epoch: [29][180/254]	Time   0.30 (  0.37)	Data 0.0002 (0.0699)	Loss (L1) 4.473 (4.201)
2026-04-26 17:21:54,609 | Epoch: [29][190/254]	Time   0.30 (  0.37)	Data 0.0001 (0.0664)	Loss (L1) 4.110 (4.214)
2026-04-26 17:21:57,588 | Epoch: [29][200/254]	Time   0.30 (  0.36)	Data 0.0001 (0.0631)	Loss (L1) 3.781 (4.206)
2026-04-26 17:22:00,531 | Epoch: [29][210/254]	Time   0.29 (  0.36)	Data 0.0001 (0.0601)	Loss (L1) 4.168 (4.216)
2026-04-26 17:22:03,459 | Epoch: [29][220/254]	Time   0.29 (  0.36)	Data 0.0001 (0.0574)	Loss (L1) 3.826 (4.209)
2026-04-26 17:22:06,388 | Epoch: [29][230/254]	Time   0.29 (  0.35)	Data 0.0001 (0.0549)	Loss (L1) 4.191 (4.212)
2026-04-26 17:22:09,319 | Epoch: [29][240/254]	Time   0.29 (  0.35)	Data 0.0001 (0.0527)	Loss (L1) 3.697 (4.205)
2026-04-26 17:22:12,248 | Epoch: [29][250/254]	Time   0.29 (  0.35)	Data 0.0001 (0.0506)	Loss (L1) 4.479 (4.201)
2026-04-26 17:22:13,352 | Create Epoch [29] features of all training data...
2026-04-26 17:23:26,612 | Updated smoothed statistics on Epoch [29]!
2026-04-26 17:23:26,640 | Updated running statistics with Epoch [29] features!
2026-04-26 17:23:36,399 | Val: [ 0/25]	Time  9.757 ( 9.757)	Loss (MSE) 92.291 (92.291)	Loss (L1) 8.669 (8.669)
2026-04-26 17:23:37,234 | Val: [10/25]	Time  0.083 ( 0.963)	Loss (MSE) 38.176 (49.525)	Loss (L1) 4.976 (5.657)
2026-04-26 17:23:38,067 | Val: [20/25]	Time  0.083 ( 0.544)	Loss (MSE) 42.614 (44.158)	Loss (L1) 5.441 (5.277)
2026-04-26 17:23:38,614 |  * Overall: MSE 41.410	L1 5.066	G-Mean 3.304
2026-04-26 17:23:38,614 |  * Many: MSE 40.934	L1 4.991	G-Mean 3.210
2026-04-26 17:23:38,614 |  * Median: MSE 43.133	L1 5.445	G-Mean 3.843
2026-04-26 17:23:38,614 |  * Low: MSE 40.130	L1 4.481	G-Mean 2.583
2026-04-26 17:23:38,615 | Best L1 Loss: 4.956
2026-04-26 17:23:38,828 | Epoch #29: Train loss [4.2047]; Val loss: MSE [41.4097], L1 [5.0663], G-Mean [3.3037]
2026-04-26 17:23:50,773 | Epoch: [30][  0/254]	Time  11.94 ( 11.94)	Data 11.6834 (11.6834)	Loss (L1) 4.510 (4.510)
2026-04-26 17:23:53,863 | Epoch: [30][ 10/254]	Time   0.34 (  1.37)	Data 0.0002 (1.0624)	Loss (L1) 3.750 (4.364)
2026-04-26 17:23:56,873 | Epoch: [30][ 20/254]	Time   0.30 (  0.86)	Data 0.0002 (0.5566)	Loss (L1) 4.336 (4.261)
2026-04-26 17:24:00,035 | Epoch: [30][ 30/254]	Time   0.33 (  0.68)	Data 0.0001 (0.3771)	Loss (L1) 4.769 (4.215)
2026-04-26 17:24:03,061 | Epoch: [30][ 40/254]	Time   0.29 (  0.59)	Data 0.0002 (0.2852)	Loss (L1) 3.579 (4.149)
2026-04-26 17:24:06,130 | Epoch: [30][ 50/254]	Time   0.29 (  0.54)	Data 0.0002 (0.2298)	Loss (L1) 3.899 (4.133)
2026-04-26 17:24:09,219 | Epoch: [30][ 60/254]	Time   0.33 (  0.50)	Data 0.0004 (0.1922)	Loss (L1) 4.493 (4.126)
2026-04-26 17:24:12,268 | Epoch: [30][ 70/254]	Time   0.32 (  0.47)	Data 0.0004 (0.1652)	Loss (L1) 4.379 (4.212)
2026-04-26 17:24:15,274 | Epoch: [30][ 80/254]	Time   0.29 (  0.45)	Data 0.0002 (0.1448)	Loss (L1) 3.938 (4.281)
2026-04-26 17:24:18,378 | Epoch: [30][ 90/254]	Time   0.29 (  0.43)	Data 0.0002 (0.1289)	Loss (L1) 4.624 (4.277)
2026-04-26 17:24:21,379 | Epoch: [30][100/254]	Time   0.30 (  0.42)	Data 0.0003 (0.1162)	Loss (L1) 4.799 (4.275)
2026-04-26 17:24:24,364 | Epoch: [30][110/254]	Time   0.28 (  0.41)	Data 0.0001 (0.1057)	Loss (L1) 3.941 (4.277)
2026-04-26 17:24:27,406 | Epoch: [30][120/254]	Time   0.30 (  0.40)	Data 0.0003 (0.0973)	Loss (L1) 4.385 (4.320)
2026-04-26 17:24:30,428 | Epoch: [30][130/254]	Time   0.29 (  0.39)	Data 0.0002 (0.0900)	Loss (L1) 4.212 (4.314)
2026-04-26 17:24:33,623 | Epoch: [30][140/254]	Time   0.33 (  0.39)	Data 0.0003 (0.0837)	Loss (L1) 3.789 (4.307)
2026-04-26 17:24:36,646 | Epoch: [30][150/254]	Time   0.31 (  0.38)	Data 0.0002 (0.0784)	Loss (L1) 4.904 (4.307)
2026-04-26 17:24:39,705 | Epoch: [30][160/254]	Time   0.33 (  0.38)	Data 0.0003 (0.0735)	Loss (L1) 4.177 (4.298)
2026-04-26 17:24:42,742 | Epoch: [30][170/254]	Time   0.31 (  0.37)	Data 0.0002 (0.0693)	Loss (L1) 3.798 (4.287)
2026-04-26 17:24:45,717 | Epoch: [30][180/254]	Time   0.29 (  0.37)	Data 0.0002 (0.0655)	Loss (L1) 4.120 (4.285)
2026-04-26 17:24:48,677 | Epoch: [30][190/254]	Time   0.30 (  0.37)	Data 0.0001 (0.0622)	Loss (L1) 4.852 (4.282)
2026-04-26 17:24:51,620 | Epoch: [30][200/254]	Time   0.29 (  0.36)	Data 0.0001 (0.0591)	Loss (L1) 4.399 (4.288)
2026-04-26 17:24:54,532 | Epoch: [30][210/254]	Time   0.29 (  0.36)	Data 0.0001 (0.0563)	Loss (L1) 4.540 (4.278)
2026-04-26 17:24:57,434 | Epoch: [30][220/254]	Time   0.29 (  0.36)	Data 0.0001 (0.0537)	Loss (L1) 4.062 (4.269)
2026-04-26 17:25:00,344 | Epoch: [30][230/254]	Time   0.29 (  0.35)	Data 0.0001 (0.0514)	Loss (L1) 3.345 (4.265)
2026-04-26 17:25:03,262 | Epoch: [30][240/254]	Time   0.29 (  0.35)	Data 0.0001 (0.0493)	Loss (L1) 4.123 (4.268)
2026-04-26 17:25:06,172 | Epoch: [30][250/254]	Time   0.29 (  0.35)	Data 0.0001 (0.0473)	Loss (L1) 3.970 (4.277)
2026-04-26 17:25:07,264 | Create Epoch [30] features of all training data...
2026-04-26 17:26:21,287 | Updated smoothed statistics on Epoch [30]!
2026-04-26 17:26:21,315 | Updated running statistics with Epoch [30] features!
2026-04-26 17:26:26,682 | Val: [ 0/25]	Time  5.366 ( 5.366)	Loss (MSE) 102.085 (102.085)	Loss (L1) 9.055 (9.055)
2026-04-26 17:26:32,385 | Val: [10/25]	Time  0.083 ( 1.006)	Loss (MSE) 46.522 (52.769)	Loss (L1) 5.579 (5.823)
2026-04-26 17:26:33,219 | Val: [20/25]	Time  0.083 ( 0.567)	Loss (MSE) 35.612 (44.051)	Loss (L1) 4.908 (5.292)
2026-04-26 17:26:33,783 |  * Overall: MSE 40.779	L1 5.048	G-Mean 3.296
2026-04-26 17:26:33,783 |  * Many: MSE 40.705	L1 5.022	G-Mean 3.250
2026-04-26 17:26:33,783 |  * Median: MSE 40.997	L1 5.253	G-Mean 3.627
2026-04-26 17:26:33,783 |  * Low: MSE 40.766	L1 4.570	G-Mean 2.698
2026-04-26 17:26:33,783 | Best L1 Loss: 4.956
2026-04-26 17:26:33,996 | Epoch #30: Train loss [4.2768]; Val loss: MSE [40.7794], L1 [5.0479], G-Mean [3.2961]
2026-04-26 17:26:43,395 | Epoch: [31][  0/254]	Time   9.40 (  9.40)	Data 9.2467 (9.2467)	Loss (L1) 4.239 (4.239)
2026-04-26 17:26:48,831 | Epoch: [31][ 10/254]	Time   0.31 (  1.35)	Data 0.0002 (1.0719)	Loss (L1) 3.663 (4.268)
2026-04-26 17:26:52,018 | Epoch: [31][ 20/254]	Time   0.32 (  0.86)	Data 0.0003 (0.5630)	Loss (L1) 4.266 (4.159)
2026-04-26 17:26:55,039 | Epoch: [31][ 30/254]	Time   0.31 (  0.68)	Data 0.0003 (0.3821)	Loss (L1) 4.300 (4.226)
2026-04-26 17:26:58,141 | Epoch: [31][ 40/254]	Time   0.30 (  0.59)	Data 0.0002 (0.2889)	Loss (L1) 3.981 (4.203)
2026-04-26 17:27:01,324 | Epoch: [31][ 50/254]	Time   0.34 (  0.54)	Data 0.0002 (0.2323)	Loss (L1) 4.097 (4.177)
2026-04-26 17:27:04,365 | Epoch: [31][ 60/254]	Time   0.32 (  0.50)	Data 0.0100 (0.1945)	Loss (L1) 3.499 (4.184)
2026-04-26 17:27:07,608 | Epoch: [31][ 70/254]	Time   0.31 (  0.47)	Data 0.0002 (0.1671)	Loss (L1) 4.495 (4.210)
2026-04-26 17:27:10,611 | Epoch: [31][ 80/254]	Time   0.31 (  0.45)	Data 0.0002 (0.1466)	Loss (L1) 4.048 (4.206)
2026-04-26 17:27:13,729 | Epoch: [31][ 90/254]	Time   0.31 (  0.44)	Data 0.0002 (0.1305)	Loss (L1) 4.774 (4.274)
2026-04-26 17:27:16,739 | Epoch: [31][100/254]	Time   0.29 (  0.42)	Data 0.0002 (0.1177)	Loss (L1) 4.183 (4.291)
2026-04-26 17:27:19,780 | Epoch: [31][110/254]	Time   0.29 (  0.41)	Data 0.0002 (0.1071)	Loss (L1) 4.503 (4.294)
2026-04-26 17:27:22,766 | Epoch: [31][120/254]	Time   0.31 (  0.40)	Data 0.0002 (0.0983)	Loss (L1) 4.385 (4.280)
2026-04-26 17:27:25,842 | Epoch: [31][130/254]	Time   0.33 (  0.40)	Data 0.0002 (0.0908)	Loss (L1) 3.773 (4.277)
2026-04-26 17:27:28,923 | Epoch: [31][140/254]	Time   0.29 (  0.39)	Data 0.0003 (0.0845)	Loss (L1) 4.208 (4.272)
2026-04-26 17:27:31,900 | Epoch: [31][150/254]	Time   0.30 (  0.38)	Data 0.0002 (0.0789)	Loss (L1) 3.977 (4.274)
2026-04-26 17:27:34,893 | Epoch: [31][160/254]	Time   0.28 (  0.38)	Data 0.0004 (0.0740)	Loss (L1) 4.184 (4.278)
2026-04-26 17:27:37,923 | Epoch: [31][170/254]	Time   0.29 (  0.37)	Data 0.0002 (0.0697)	Loss (L1) 4.243 (4.274)
2026-04-26 17:27:40,899 | Epoch: [31][180/254]	Time   0.30 (  0.37)	Data 0.0002 (0.0658)	Loss (L1) 3.531 (4.267)
2026-04-26 17:27:43,865 | Epoch: [31][190/254]	Time   0.28 (  0.37)	Data 0.0001 (0.0625)	Loss (L1) 3.435 (4.238)
2026-04-26 17:27:46,845 | Epoch: [31][200/254]	Time   0.29 (  0.36)	Data 0.0001 (0.0594)	Loss (L1) 3.449 (4.223)
2026-04-26 17:27:49,778 | Epoch: [31][210/254]	Time   0.29 (  0.36)	Data 0.0001 (0.0566)	Loss (L1) 4.167 (4.228)
2026-04-26 17:27:52,703 | Epoch: [31][220/254]	Time   0.29 (  0.36)	Data 0.0001 (0.0540)	Loss (L1) 4.335 (4.241)
2026-04-26 17:27:55,609 | Epoch: [31][230/254]	Time   0.29 (  0.35)	Data 0.0001 (0.0517)	Loss (L1) 4.741 (4.238)
2026-04-26 17:27:58,515 | Epoch: [31][240/254]	Time   0.29 (  0.35)	Data 0.0003 (0.0495)	Loss (L1) 4.586 (4.238)
2026-04-26 17:28:01,432 | Epoch: [31][250/254]	Time   0.29 (  0.35)	Data 0.0001 (0.0476)	Loss (L1) 4.635 (4.244)
2026-04-26 17:28:02,541 | Create Epoch [31] features of all training data...
2026-04-26 17:29:15,776 | Updated smoothed statistics on Epoch [31]!
2026-04-26 17:29:15,804 | Updated running statistics with Epoch [31] features!
2026-04-26 17:29:22,114 | Val: [ 0/25]	Time  6.308 ( 6.308)	Loss (MSE) 67.690 (67.690)	Loss (L1) 6.941 (6.941)
2026-04-26 17:29:26,820 | Val: [10/25]	Time  0.084 ( 1.001)	Loss (MSE) 40.190 (47.701)	Loss (L1) 4.983 (5.300)
2026-04-26 17:29:27,656 | Val: [20/25]	Time  0.083 ( 0.564)	Loss (MSE) 58.621 (48.477)	Loss (L1) 6.204 (5.444)
2026-04-26 17:29:28,214 |  * Overall: MSE 45.898	L1 5.256	G-Mean 3.339
2026-04-26 17:29:28,214 |  * Many: MSE 48.158	L1 5.375	G-Mean 3.399
2026-04-26 17:29:28,214 |  * Median: MSE 42.480	L1 5.220	G-Mean 3.483
2026-04-26 17:29:28,214 |  * Low: MSE 34.687	L1 4.145	G-Mean 2.371
2026-04-26 17:29:28,215 | Best L1 Loss: 4.956
2026-04-26 17:29:28,449 | Epoch #31: Train loss [4.2429]; Val loss: MSE [45.8975], L1 [5.2563], G-Mean [3.3386]
2026-04-26 17:29:38,946 | Epoch: [32][  0/254]	Time  10.50 ( 10.50)	Data 10.3549 (10.3549)	Loss (L1) 3.805 (3.805)
2026-04-26 17:29:43,741 | Epoch: [32][ 10/254]	Time   0.29 (  1.39)	Data 0.0002 (1.1231)	Loss (L1) 3.998 (4.161)
2026-04-26 17:29:46,677 | Epoch: [32][ 20/254]	Time   0.29 (  0.87)	Data 0.0003 (0.5885)	Loss (L1) 3.812 (4.100)
2026-04-26 17:29:49,693 | Epoch: [32][ 30/254]	Time   0.32 (  0.69)	Data 0.0003 (0.3987)	Loss (L1) 4.009 (4.169)
2026-04-26 17:29:52,713 | Epoch: [32][ 40/254]	Time   0.30 (  0.59)	Data 0.0002 (0.3016)	Loss (L1) 3.417 (4.179)
2026-04-26 17:29:55,704 | Epoch: [32][ 50/254]	Time   0.30 (  0.53)	Data 0.0002 (0.2425)	Loss (L1) 4.123 (4.150)
2026-04-26 17:29:58,655 | Epoch: [32][ 60/254]	Time   0.30 (  0.50)	Data 0.0002 (0.2028)	Loss (L1) 4.152 (4.139)
2026-04-26 17:30:01,694 | Epoch: [32][ 70/254]	Time   0.33 (  0.47)	Data 0.0009 (0.1743)	Loss (L1) 3.729 (4.147)
2026-04-26 17:30:04,686 | Epoch: [32][ 80/254]	Time   0.30 (  0.45)	Data 0.0002 (0.1528)	Loss (L1) 3.990 (4.169)
2026-04-26 17:30:07,730 | Epoch: [32][ 90/254]	Time   0.33 (  0.43)	Data 0.0104 (0.1362)	Loss (L1) 6.272 (4.204)
2026-04-26 17:30:10,734 | Epoch: [32][100/254]	Time   0.30 (  0.42)	Data 0.0002 (0.1227)	Loss (L1) 3.640 (4.190)
2026-04-26 17:30:13,711 | Epoch: [32][110/254]	Time   0.30 (  0.41)	Data 0.0002 (0.1117)	Loss (L1) 4.335 (4.201)
2026-04-26 17:30:16,784 | Epoch: [32][120/254]	Time   0.33 (  0.40)	Data 0.0002 (0.1025)	Loss (L1) 4.062 (4.224)
2026-04-26 17:30:19,791 | Epoch: [32][130/254]	Time   0.31 (  0.39)	Data 0.0002 (0.0947)	Loss (L1) 3.746 (4.226)
2026-04-26 17:30:22,777 | Epoch: [32][140/254]	Time   0.28 (  0.39)	Data 0.0002 (0.0880)	Loss (L1) 3.873 (4.210)
2026-04-26 17:30:25,776 | Epoch: [32][150/254]	Time   0.30 (  0.38)	Data 0.0001 (0.0822)	Loss (L1) 4.613 (4.212)
2026-04-26 17:30:28,792 | Epoch: [32][160/254]	Time   0.30 (  0.37)	Data 0.0002 (0.0771)	Loss (L1) 4.438 (4.219)
2026-04-26 17:30:31,770 | Epoch: [32][170/254]	Time   0.29 (  0.37)	Data 0.0002 (0.0726)	Loss (L1) 3.759 (4.230)
2026-04-26 17:30:34,775 | Epoch: [32][180/254]	Time   0.32 (  0.37)	Data 0.0001 (0.0686)	Loss (L1) 4.361 (4.221)
2026-04-26 17:30:37,774 | Epoch: [32][190/254]	Time   0.29 (  0.36)	Data 0.0001 (0.0652)	Loss (L1) 4.117 (4.225)
2026-04-26 17:30:40,768 | Epoch: [32][200/254]	Time   0.30 (  0.36)	Data 0.0001 (0.0619)	Loss (L1) 5.126 (4.225)
2026-04-26 17:30:43,718 | Epoch: [32][210/254]	Time   0.29 (  0.36)	Data 0.0001 (0.0590)	Loss (L1) 4.375 (4.217)
2026-04-26 17:30:46,657 | Epoch: [32][220/254]	Time   0.29 (  0.35)	Data 0.0001 (0.0563)	Loss (L1) 4.137 (4.221)
2026-04-26 17:30:49,583 | Epoch: [32][230/254]	Time   0.29 (  0.35)	Data 0.0001 (0.0539)	Loss (L1) 3.677 (4.211)
2026-04-26 17:30:52,507 | Epoch: [32][240/254]	Time   0.29 (  0.35)	Data 0.0001 (0.0517)	Loss (L1) 3.685 (4.202)
2026-04-26 17:30:55,420 | Epoch: [32][250/254]	Time   0.29 (  0.35)	Data 0.0000 (0.0496)	Loss (L1) 4.113 (4.198)
2026-04-26 17:30:56,515 | Create Epoch [32] features of all training data...
2026-04-26 17:32:09,861 | Updated smoothed statistics on Epoch [32]!
2026-04-26 17:32:09,888 | Updated running statistics with Epoch [32] features!
2026-04-26 17:32:19,486 | Val: [ 0/25]	Time  9.597 ( 9.597)	Loss (MSE) 61.892 (61.892)	Loss (L1) 6.850 (6.850)
2026-04-26 17:32:20,433 | Val: [10/25]	Time  0.083 ( 0.958)	Loss (MSE) 36.447 (39.144)	Loss (L1) 4.800 (4.903)
2026-04-26 17:32:21,265 | Val: [20/25]	Time  0.083 ( 0.542)	Loss (MSE) 50.887 (41.115)	Loss (L1) 5.490 (5.068)
2026-04-26 17:32:21,844 |  * Overall: MSE 39.663	L1 4.960	G-Mean 3.241
2026-04-26 17:32:21,844 |  * Many: MSE 41.037	L1 5.026	G-Mean 3.266
2026-04-26 17:32:21,844 |  * Median: MSE 34.064	L1 4.601	G-Mean 2.998
2026-04-26 17:32:21,844 |  * Low: MSE 45.628	L1 5.567	G-Mean 3.962
2026-04-26 17:32:21,845 | Best L1 Loss: 4.956
2026-04-26 17:32:22,058 | Epoch #32: Train loss [4.1961]; Val loss: MSE [39.6630], L1 [4.9595], G-Mean [3.2409]
2026-04-26 17:32:34,730 | Epoch: [33][  0/254]	Time  12.67 ( 12.67)	Data 12.5234 (12.5234)	Loss (L1) 4.094 (4.094)
2026-04-26 17:32:37,767 | Epoch: [33][ 10/254]	Time   0.34 (  1.43)	Data 0.0003 (1.1388)	Loss (L1) 4.209 (4.070)
2026-04-26 17:32:40,865 | Epoch: [33][ 20/254]	Time   0.30 (  0.90)	Data 0.0004 (0.5967)	Loss (L1) 3.763 (3.969)
2026-04-26 17:32:44,043 | Epoch: [33][ 30/254]	Time   0.37 (  0.71)	Data 0.0002 (0.4043)	Loss (L1) 3.986 (3.991)
2026-04-26 17:32:47,256 | Epoch: [33][ 40/254]	Time   0.30 (  0.61)	Data 0.0004 (0.3057)	Loss (L1) 5.330 (4.089)
2026-04-26 17:32:50,259 | Epoch: [33][ 50/254]	Time   0.30 (  0.55)	Data 0.0003 (0.2459)	Loss (L1) 3.795 (4.074)
2026-04-26 17:32:53,424 | Epoch: [33][ 60/254]	Time   0.32 (  0.51)	Data 0.0002 (0.2059)	Loss (L1) 3.885 (4.088)
2026-04-26 17:32:56,420 | Epoch: [33][ 70/254]	Time   0.30 (  0.48)	Data 0.0003 (0.1769)	Loss (L1) 4.186 (4.086)
2026-04-26 17:32:59,469 | Epoch: [33][ 80/254]	Time   0.31 (  0.46)	Data 0.0003 (0.1552)	Loss (L1) 3.797 (4.080)
2026-04-26 17:33:02,745 | Epoch: [33][ 90/254]	Time   0.31 (  0.45)	Data 0.0003 (0.1381)	Loss (L1) 4.487 (4.073)
2026-04-26 17:33:06,127 | Epoch: [33][100/254]	Time   0.30 (  0.44)	Data 0.0003 (0.1246)	Loss (L1) 3.822 (4.084)
2026-04-26 17:33:09,133 | Epoch: [33][110/254]	Time   0.32 (  0.42)	Data 0.0003 (0.1134)	Loss (L1) 3.906 (4.070)
2026-04-26 17:33:12,154 | Epoch: [33][120/254]	Time   0.30 (  0.41)	Data 0.0002 (0.1041)	Loss (L1) 4.049 (4.068)
2026-04-26 17:33:15,175 | Epoch: [33][130/254]	Time   0.30 (  0.41)	Data 0.0003 (0.0961)	Loss (L1) 3.933 (4.075)
2026-04-26 17:33:18,241 | Epoch: [33][140/254]	Time   0.30 (  0.40)	Data 0.0002 (0.0893)	Loss (L1) 4.138 (4.073)
2026-04-26 17:33:21,365 | Epoch: [33][150/254]	Time   0.33 (  0.39)	Data 0.0002 (0.0835)	Loss (L1) 4.094 (4.069)
2026-04-26 17:33:24,468 | Epoch: [33][160/254]	Time   0.31 (  0.39)	Data 0.0002 (0.0783)	Loss (L1) 3.893 (4.082)
2026-04-26 17:33:27,450 | Epoch: [33][170/254]	Time   0.31 (  0.38)	Data 0.0002 (0.0737)	Loss (L1) 4.028 (4.081)
2026-04-26 17:33:30,484 | Epoch: [33][180/254]	Time   0.32 (  0.38)	Data 0.0003 (0.0697)	Loss (L1) 4.351 (4.073)
2026-04-26 17:33:33,509 | Epoch: [33][190/254]	Time   0.33 (  0.37)	Data 0.0001 (0.0662)	Loss (L1) 4.280 (4.077)
2026-04-26 17:33:36,524 | Epoch: [33][200/254]	Time   0.29 (  0.37)	Data 0.0002 (0.0629)	Loss (L1) 4.437 (4.080)
2026-04-26 17:33:39,449 | Epoch: [33][210/254]	Time   0.29 (  0.37)	Data 0.0001 (0.0600)	Loss (L1) 4.308 (4.090)
2026-04-26 17:33:42,392 | Epoch: [33][220/254]	Time   0.30 (  0.36)	Data 0.0001 (0.0573)	Loss (L1) 4.682 (4.094)
2026-04-26 17:33:45,310 | Epoch: [33][230/254]	Time   0.29 (  0.36)	Data 0.0001 (0.0548)	Loss (L1) 4.508 (4.095)
2026-04-26 17:33:48,238 | Epoch: [33][240/254]	Time   0.30 (  0.36)	Data 0.0001 (0.0525)	Loss (L1) 4.903 (4.098)
2026-04-26 17:33:51,152 | Epoch: [33][250/254]	Time   0.29 (  0.35)	Data 0.0001 (0.0504)	Loss (L1) 4.754 (4.095)
2026-04-26 17:33:52,263 | Create Epoch [33] features of all training data...
2026-04-26 17:35:05,297 | Updated smoothed statistics on Epoch [33]!
2026-04-26 17:35:05,325 | Updated running statistics with Epoch [33] features!
2026-04-26 17:35:14,652 | Val: [ 0/25]	Time  9.326 ( 9.326)	Loss (MSE) 69.136 (69.136)	Loss (L1) 7.300 (7.300)
2026-04-26 17:35:15,695 | Val: [10/25]	Time  0.084 ( 0.943)	Loss (MSE) 32.961 (39.800)	Loss (L1) 4.513 (4.942)
2026-04-26 17:35:16,533 | Val: [20/25]	Time  0.083 ( 0.534)	Loss (MSE) 49.894 (40.252)	Loss (L1) 5.572 (5.031)
2026-04-26 17:35:17,087 |  * Overall: MSE 40.046	L1 5.016	G-Mean 3.298
2026-04-26 17:35:17,087 |  * Many: MSE 38.927	L1 4.886	G-Mean 3.156
2026-04-26 17:35:17,087 |  * Median: MSE 39.042	L1 5.093	G-Mean 3.502
2026-04-26 17:35:17,087 |  * Low: MSE 55.374	L1 6.099	G-Mean 4.199
2026-04-26 17:35:17,088 | Best L1 Loss: 4.956
2026-04-26 17:35:17,309 | Epoch #33: Train loss [4.0905]; Val loss: MSE [40.0460], L1 [5.0165], G-Mean [3.2980]
2026-04-26 17:35:28,575 | Epoch: [34][  0/254]	Time  11.27 ( 11.27)	Data 11.1198 (11.1198)	Loss (L1) 3.454 (3.454)
2026-04-26 17:35:32,825 | Epoch: [34][ 10/254]	Time   0.29 (  1.41)	Data 0.0003 (1.1435)	Loss (L1) 3.436 (3.853)
2026-04-26 17:35:35,798 | Epoch: [34][ 20/254]	Time   0.29 (  0.88)	Data 0.0003 (0.5995)	Loss (L1) 4.371 (4.038)
2026-04-26 17:35:38,837 | Epoch: [34][ 30/254]	Time   0.33 (  0.69)	Data 0.0003 (0.4065)	Loss (L1) 4.826 (4.034)
2026-04-26 17:35:41,873 | Epoch: [34][ 40/254]	Time   0.30 (  0.60)	Data 0.0002 (0.3074)	Loss (L1) 4.129 (4.070)
2026-04-26 17:35:44,862 | Epoch: [34][ 50/254]	Time   0.30 (  0.54)	Data 0.0003 (0.2472)	Loss (L1) 4.025 (4.028)
2026-04-26 17:35:47,900 | Epoch: [34][ 60/254]	Time   0.29 (  0.50)	Data 0.0002 (0.2068)	Loss (L1) 3.912 (4.048)
2026-04-26 17:35:50,905 | Epoch: [34][ 70/254]	Time   0.30 (  0.47)	Data 0.0003 (0.1777)	Loss (L1) 5.473 (4.065)
2026-04-26 17:35:54,027 | Epoch: [34][ 80/254]	Time   0.35 (  0.45)	Data 0.0002 (0.1558)	Loss (L1) 4.039 (4.074)
2026-04-26 17:35:57,068 | Epoch: [34][ 90/254]	Time   0.29 (  0.44)	Data 0.0003 (0.1387)	Loss (L1) 4.261 (4.087)
2026-04-26 17:36:00,076 | Epoch: [34][100/254]	Time   0.31 (  0.42)	Data 0.0002 (0.1250)	Loss (L1) 5.851 (4.118)
2026-04-26 17:36:03,102 | Epoch: [34][110/254]	Time   0.28 (  0.41)	Data 0.0002 (0.1138)	Loss (L1) 4.467 (4.118)
2026-04-26 17:36:06,151 | Epoch: [34][120/254]	Time   0.30 (  0.40)	Data 0.0002 (0.1044)	Loss (L1) 4.253 (4.107)
2026-04-26 17:36:09,242 | Epoch: [34][130/254]	Time   0.30 (  0.40)	Data 0.0002 (0.0965)	Loss (L1) 4.244 (4.100)
2026-04-26 17:36:12,284 | Epoch: [34][140/254]	Time   0.31 (  0.39)	Data 0.0002 (0.0897)	Loss (L1) 3.825 (4.086)
2026-04-26 17:36:15,325 | Epoch: [34][150/254]	Time   0.30 (  0.38)	Data 0.0003 (0.0838)	Loss (L1) 4.399 (4.089)
2026-04-26 17:36:18,394 | Epoch: [34][160/254]	Time   0.30 (  0.38)	Data 0.0002 (0.0786)	Loss (L1) 3.748 (4.079)
2026-04-26 17:36:21,442 | Epoch: [34][170/254]	Time   0.30 (  0.38)	Data 0.0002 (0.0740)	Loss (L1) 3.746 (4.090)
2026-04-26 17:36:24,470 | Epoch: [34][180/254]	Time   0.30 (  0.37)	Data 0.0002 (0.0700)	Loss (L1) 4.208 (4.096)
2026-04-26 17:36:27,476 | Epoch: [34][190/254]	Time   0.30 (  0.37)	Data 0.0001 (0.0664)	Loss (L1) 4.597 (4.097)
2026-04-26 17:36:30,449 | Epoch: [34][200/254]	Time   0.30 (  0.36)	Data 0.0001 (0.0631)	Loss (L1) 4.807 (4.107)
2026-04-26 17:36:33,388 | Epoch: [34][210/254]	Time   0.30 (  0.36)	Data 0.0001 (0.0602)	Loss (L1) 3.984 (4.099)
2026-04-26 17:36:36,332 | Epoch: [34][220/254]	Time   0.29 (  0.36)	Data 0.0004 (0.0574)	Loss (L1) 3.468 (4.096)
2026-04-26 17:36:39,270 | Epoch: [34][230/254]	Time   0.29 (  0.35)	Data 0.0001 (0.0550)	Loss (L1) 3.837 (4.096)
2026-04-26 17:36:42,194 | Epoch: [34][240/254]	Time   0.29 (  0.35)	Data 0.0001 (0.0527)	Loss (L1) 5.015 (4.087)
2026-04-26 17:36:45,128 | Epoch: [34][250/254]	Time   0.30 (  0.35)	Data 0.0001 (0.0506)	Loss (L1) 4.712 (4.092)
2026-04-26 17:36:46,203 | Create Epoch [34] features of all training data...
2026-04-26 17:37:59,467 | Updated smoothed statistics on Epoch [34]!
2026-04-26 17:37:59,495 | Updated running statistics with Epoch [34] features!
2026-04-26 17:38:09,797 | Val: [ 0/25]	Time 10.300 (10.300)	Loss (MSE) 68.932 (68.932)	Loss (L1) 6.975 (6.975)
2026-04-26 17:38:10,633 | Val: [10/25]	Time  0.083 ( 1.012)	Loss (MSE) 40.701 (45.752)	Loss (L1) 5.104 (5.248)
2026-04-26 17:38:11,466 | Val: [20/25]	Time  0.083 ( 0.570)	Loss (MSE) 50.202 (45.737)	Loss (L1) 5.698 (5.291)
2026-04-26 17:38:12,025 |  * Overall: MSE 43.089	L1 5.094	G-Mean 3.264
2026-04-26 17:38:12,025 |  * Many: MSE 45.679	L1 5.250	G-Mean 3.356
2026-04-26 17:38:12,026 |  * Median: MSE 36.968	L1 4.812	G-Mean 3.186
2026-04-26 17:38:12,026 |  * Low: MSE 38.233	L1 4.485	G-Mean 2.660
2026-04-26 17:38:12,026 | Best L1 Loss: 4.956
2026-04-26 17:38:12,242 | Epoch #34: Train loss [4.0938]; Val loss: MSE [43.0887], L1 [5.0939], G-Mean [3.2639]
2026-04-26 17:38:24,943 | Epoch: [35][  0/254]	Time  12.70 ( 12.70)	Data 12.5086 (12.5086)	Loss (L1) 4.090 (4.090)
2026-04-26 17:38:28,501 | Epoch: [35][ 10/254]	Time   0.29 (  1.48)	Data 0.0002 (1.2207)	Loss (L1) 4.042 (4.207)
2026-04-26 17:38:31,524 | Epoch: [35][ 20/254]	Time   0.30 (  0.92)	Data 0.0002 (0.6395)	Loss (L1) 3.874 (4.197)
2026-04-26 17:38:34,526 | Epoch: [35][ 30/254]	Time   0.30 (  0.72)	Data 0.0002 (0.4335)	Loss (L1) 3.621 (4.128)
2026-04-26 17:38:37,595 | Epoch: [35][ 40/254]	Time   0.30 (  0.62)	Data 0.0002 (0.3278)	Loss (L1) 3.915 (4.138)
2026-04-26 17:38:40,691 | Epoch: [35][ 50/254]	Time   0.37 (  0.56)	Data 0.0003 (0.2636)	Loss (L1) 4.055 (4.167)
2026-04-26 17:38:43,793 | Epoch: [35][ 60/254]	Time   0.30 (  0.52)	Data 0.0002 (0.2207)	Loss (L1) 4.018 (4.135)
2026-04-26 17:38:46,816 | Epoch: [35][ 70/254]	Time   0.32 (  0.49)	Data 0.0003 (0.1896)	Loss (L1) 4.090 (4.123)
2026-04-26 17:38:49,831 | Epoch: [35][ 80/254]	Time   0.32 (  0.46)	Data 0.0002 (0.1663)	Loss (L1) 4.337 (4.111)
2026-04-26 17:38:52,812 | Epoch: [35][ 90/254]	Time   0.29 (  0.45)	Data 0.0003 (0.1481)	Loss (L1) 4.148 (4.105)
2026-04-26 17:38:55,873 | Epoch: [35][100/254]	Time   0.33 (  0.43)	Data 0.0002 (0.1334)	Loss (L1) 4.272 (4.108)
2026-04-26 17:38:58,872 | Epoch: [35][110/254]	Time   0.30 (  0.42)	Data 0.0006 (0.1215)	Loss (L1) 4.340 (4.115)
2026-04-26 17:39:01,883 | Epoch: [35][120/254]	Time   0.29 (  0.41)	Data 0.0002 (0.1114)	Loss (L1) 3.626 (4.104)
2026-04-26 17:39:04,859 | Epoch: [35][130/254]	Time   0.30 (  0.40)	Data 0.0003 (0.1030)	Loss (L1) 4.478 (4.085)
2026-04-26 17:39:07,845 | Epoch: [35][140/254]	Time   0.30 (  0.39)	Data 0.0003 (0.0957)	Loss (L1) 3.891 (4.081)
2026-04-26 17:39:10,881 | Epoch: [35][150/254]	Time   0.29 (  0.39)	Data 0.0003 (0.0894)	Loss (L1) 3.850 (4.076)
2026-04-26 17:39:13,893 | Epoch: [35][160/254]	Time   0.32 (  0.38)	Data 0.0003 (0.0839)	Loss (L1) 4.562 (4.088)
2026-04-26 17:39:16,855 | Epoch: [35][170/254]	Time   0.30 (  0.38)	Data 0.0002 (0.0790)	Loss (L1) 3.806 (4.084)
2026-04-26 17:39:19,867 | Epoch: [35][180/254]	Time   0.30 (  0.37)	Data 0.0002 (0.0746)	Loss (L1) 3.933 (4.075)
2026-04-26 17:39:22,816 | Epoch: [35][190/254]	Time   0.29 (  0.37)	Data 0.0001 (0.0709)	Loss (L1) 4.333 (4.078)
2026-04-26 17:39:25,749 | Epoch: [35][200/254]	Time   0.29 (  0.37)	Data 0.0001 (0.0674)	Loss (L1) 3.905 (4.068)
2026-04-26 17:39:28,667 | Epoch: [35][210/254]	Time   0.29 (  0.36)	Data 0.0001 (0.0642)	Loss (L1) 3.973 (4.068)
2026-04-26 17:39:31,583 | Epoch: [35][220/254]	Time   0.29 (  0.36)	Data 0.0001 (0.0613)	Loss (L1) 3.771 (4.074)
2026-04-26 17:39:34,496 | Epoch: [35][230/254]	Time   0.29 (  0.36)	Data 0.0001 (0.0586)	Loss (L1) 4.021 (4.088)
2026-04-26 17:39:37,416 | Epoch: [35][240/254]	Time   0.29 (  0.35)	Data 0.0001 (0.0562)	Loss (L1) 3.777 (4.110)
2026-04-26 17:39:40,326 | Epoch: [35][250/254]	Time   0.29 (  0.35)	Data 0.0000 (0.0540)	Loss (L1) 4.159 (4.107)
2026-04-26 17:39:41,424 | Create Epoch [35] features of all training data...
2026-04-26 17:40:56,120 | Updated smoothed statistics on Epoch [35]!
2026-04-26 17:40:56,150 | Updated running statistics with Epoch [35] features!
2026-04-26 17:41:01,593 | Val: [ 0/25]	Time  5.442 ( 5.442)	Loss (MSE) 86.093 (86.093)	Loss (L1) 8.436 (8.436)
2026-04-26 17:41:06,899 | Val: [10/25]	Time  0.083 ( 0.977)	Loss (MSE) 37.021 (43.487)	Loss (L1) 4.784 (5.210)
2026-04-26 17:41:07,730 | Val: [20/25]	Time  0.083 ( 0.551)	Loss (MSE) 46.036 (41.747)	Loss (L1) 5.211 (5.139)
2026-04-26 17:41:08,278 |  * Overall: MSE 40.219	L1 5.014	G-Mean 3.291
2026-04-26 17:41:08,278 |  * Many: MSE 39.842	L1 4.963	G-Mean 3.200
2026-04-26 17:41:08,278 |  * Median: MSE 37.475	L1 4.924	G-Mean 3.391
2026-04-26 17:41:08,278 |  * Low: MSE 54.107	L1 5.867	G-Mean 3.957
2026-04-26 17:41:08,279 | Best L1 Loss: 4.956
2026-04-26 17:41:08,494 | Epoch #35: Train loss [4.1078]; Val loss: MSE [40.2185], L1 [5.0135], G-Mean [3.2912]
2026-04-26 17:41:20,969 | Epoch: [36][  0/254]	Time  12.47 ( 12.47)	Data 12.2275 (12.2275)	Loss (L1) 4.026 (4.026)
2026-04-26 17:41:24,705 | Epoch: [36][ 10/254]	Time   0.29 (  1.47)	Data 0.0002 (1.1947)	Loss (L1) 3.905 (4.045)
2026-04-26 17:41:27,717 | Epoch: [36][ 20/254]	Time   0.32 (  0.92)	Data 0.0002 (0.6260)	Loss (L1) 4.745 (4.065)
2026-04-26 17:41:30,699 | Epoch: [36][ 30/254]	Time   0.27 (  0.72)	Data 0.0002 (0.4241)	Loss (L1) 4.211 (3.998)
2026-04-26 17:41:33,778 | Epoch: [36][ 40/254]	Time   0.28 (  0.62)	Data 0.0002 (0.3207)	Loss (L1) 3.671 (4.004)
2026-04-26 17:41:36,814 | Epoch: [36][ 50/254]	Time   0.30 (  0.56)	Data 0.0003 (0.2583)	Loss (L1) 4.407 (4.009)
2026-04-26 17:41:39,838 | Epoch: [36][ 60/254]	Time   0.29 (  0.51)	Data 0.0002 (0.2168)	Loss (L1) 4.199 (4.042)
2026-04-26 17:41:42,861 | Epoch: [36][ 70/254]	Time   0.30 (  0.48)	Data 0.0002 (0.1863)	Loss (L1) 3.718 (4.059)
2026-04-26 17:41:45,809 | Epoch: [36][ 80/254]	Time   0.30 (  0.46)	Data 0.0003 (0.1633)	Loss (L1) 4.357 (4.070)
2026-04-26 17:41:48,868 | Epoch: [36][ 90/254]	Time   0.29 (  0.44)	Data 0.0002 (0.1454)	Loss (L1) 4.293 (4.097)
2026-04-26 17:41:51,984 | Epoch: [36][100/254]	Time   0.29 (  0.43)	Data 0.0002 (0.1311)	Loss (L1) 3.849 (4.132)
2026-04-26 17:41:55,036 | Epoch: [36][110/254]	Time   0.30 (  0.42)	Data 0.0002 (0.1193)	Loss (L1) 3.452 (4.121)
2026-04-26 17:41:58,052 | Epoch: [36][120/254]	Time   0.31 (  0.41)	Data 0.0001 (0.1095)	Loss (L1) 3.821 (4.101)
2026-04-26 17:42:01,020 | Epoch: [36][130/254]	Time   0.29 (  0.40)	Data 0.0002 (0.1011)	Loss (L1) 3.838 (4.113)
2026-04-26 17:42:04,019 | Epoch: [36][140/254]	Time   0.30 (  0.39)	Data 0.0002 (0.0940)	Loss (L1) 3.592 (4.095)
2026-04-26 17:42:07,055 | Epoch: [36][150/254]	Time   0.32 (  0.39)	Data 0.0005 (0.0878)	Loss (L1) 4.096 (4.079)
2026-04-26 17:42:10,092 | Epoch: [36][160/254]	Time   0.29 (  0.38)	Data 0.0002 (0.0823)	Loss (L1) 3.846 (4.079)
2026-04-26 17:42:13,120 | Epoch: [36][170/254]	Time   0.30 (  0.38)	Data 0.0002 (0.0775)	Loss (L1) 3.773 (4.071)
2026-04-26 17:42:16,168 | Epoch: [36][180/254]	Time   0.30 (  0.37)	Data 0.0003 (0.0733)	Loss (L1) 4.696 (4.075)
2026-04-26 17:42:19,195 | Epoch: [36][190/254]	Time   0.31 (  0.37)	Data 0.0001 (0.0697)	Loss (L1) 6.116 (4.072)
2026-04-26 17:42:22,196 | Epoch: [36][200/254]	Time   0.29 (  0.37)	Data 0.0001 (0.0662)	Loss (L1) 3.960 (4.061)
2026-04-26 17:42:25,101 | Epoch: [36][210/254]	Time   0.29 (  0.36)	Data 0.0000 (0.0631)	Loss (L1) 3.791 (4.055)
2026-04-26 17:42:28,018 | Epoch: [36][220/254]	Time   0.29 (  0.36)	Data 0.0001 (0.0602)	Loss (L1) 3.677 (4.056)
2026-04-26 17:42:30,920 | Epoch: [36][230/254]	Time   0.29 (  0.36)	Data 0.0001 (0.0576)	Loss (L1) 4.198 (4.052)
2026-04-26 17:42:33,822 | Epoch: [36][240/254]	Time   0.29 (  0.35)	Data 0.0001 (0.0552)	Loss (L1) 3.693 (4.041)
2026-04-26 17:42:36,723 | Epoch: [36][250/254]	Time   0.29 (  0.35)	Data 0.0001 (0.0530)	Loss (L1) 3.517 (4.040)
2026-04-26 17:42:37,834 | Create Epoch [36] features of all training data...
2026-04-26 17:43:50,824 | Updated smoothed statistics on Epoch [36]!
2026-04-26 17:43:50,852 | Updated running statistics with Epoch [36] features!
2026-04-26 17:43:57,814 | Val: [ 0/25]	Time  6.960 ( 6.960)	Loss (MSE) 82.731 (82.731)	Loss (L1) 8.305 (8.305)
2026-04-26 17:44:01,301 | Val: [10/25]	Time  0.083 ( 0.950)	Loss (MSE) 34.886 (43.400)	Loss (L1) 4.679 (5.186)
2026-04-26 17:44:02,133 | Val: [20/25]	Time  0.083 ( 0.537)	Loss (MSE) 44.831 (40.883)	Loss (L1) 5.303 (5.055)
2026-04-26 17:44:02,672 |  * Overall: MSE 39.154	L1 4.905	G-Mean 3.216
2026-04-26 17:44:02,672 |  * Many: MSE 38.391	L1 4.813	G-Mean 3.117
2026-04-26 17:44:02,672 |  * Median: MSE 39.125	L1 5.093	G-Mean 3.513
2026-04-26 17:44:02,672 |  * Low: MSE 47.238	L1 5.182	G-Mean 3.232
2026-04-26 17:44:02,673 | Best L1 Loss: 4.905
2026-04-26 17:44:02,894 | ===> Saving current best checkpoint...
2026-04-26 17:44:03,386 | Epoch #36: Train loss [4.0402]; Val loss: MSE [39.1544], L1 [4.9052], G-Mean [3.2158]
2026-04-26 17:44:11,157 | Epoch: [37][  0/254]	Time   7.77 (  7.77)	Data 7.6291 (7.6291)	Loss (L1) 4.406 (4.406)
2026-04-26 17:44:18,775 | Epoch: [37][ 10/254]	Time   0.29 (  1.40)	Data 0.0002 (1.1623)	Loss (L1) 3.670 (3.963)
2026-04-26 17:44:21,720 | Epoch: [37][ 20/254]	Time   0.29 (  0.87)	Data 0.0002 (0.6089)	Loss (L1) 3.768 (4.004)
2026-04-26 17:44:24,707 | Epoch: [37][ 30/254]	Time   0.32 (  0.69)	Data 0.0002 (0.4126)	Loss (L1) 4.014 (4.060)
2026-04-26 17:44:27,929 | Epoch: [37][ 40/254]	Time   0.29 (  0.60)	Data 0.0002 (0.3227)	Loss (L1) 3.895 (4.046)
2026-04-26 17:44:30,878 | Epoch: [37][ 50/254]	Time   0.29 (  0.54)	Data 0.0003 (0.2595)	Loss (L1) 3.586 (4.051)
2026-04-26 17:44:33,872 | Epoch: [37][ 60/254]	Time   0.30 (  0.50)	Data 0.0003 (0.2170)	Loss (L1) 4.129 (4.046)
2026-04-26 17:44:36,857 | Epoch: [37][ 70/254]	Time   0.30 (  0.47)	Data 0.0003 (0.1867)	Loss (L1) 4.020 (4.050)
2026-04-26 17:44:39,835 | Epoch: [37][ 80/254]	Time   0.29 (  0.45)	Data 0.0003 (0.1637)	Loss (L1) 4.060 (4.040)
2026-04-26 17:44:42,842 | Epoch: [37][ 90/254]	Time   0.31 (  0.43)	Data 0.0003 (0.1457)	Loss (L1) 3.761 (4.021)
2026-04-26 17:44:45,818 | Epoch: [37][100/254]	Time   0.30 (  0.42)	Data 0.0003 (0.1316)	Loss (L1) 3.974 (4.027)
2026-04-26 17:44:48,812 | Epoch: [37][110/254]	Time   0.29 (  0.41)	Data 0.0002 (0.1198)	Loss (L1) 4.128 (4.024)
2026-04-26 17:44:51,773 | Epoch: [37][120/254]	Time   0.29 (  0.40)	Data 0.0003 (0.1099)	Loss (L1) 4.655 (4.032)
2026-04-26 17:44:54,938 | Epoch: [37][130/254]	Time   0.29 (  0.39)	Data 0.0002 (0.1042)	Loss (L1) 3.449 (4.018)
2026-04-26 17:44:57,895 | Epoch: [37][140/254]	Time   0.30 (  0.39)	Data 0.0003 (0.0968)	Loss (L1) 4.594 (4.021)
2026-04-26 17:45:00,905 | Epoch: [37][150/254]	Time   0.28 (  0.38)	Data 0.0002 (0.0904)	Loss (L1) 4.243 (4.010)
2026-04-26 17:45:03,895 | Epoch: [37][160/254]	Time   0.30 (  0.38)	Data 0.0002 (0.0848)	Loss (L1) 4.050 (4.004)
2026-04-26 17:45:06,875 | Epoch: [37][170/254]	Time   0.29 (  0.37)	Data 0.0003 (0.0799)	Loss (L1) 6.843 (4.029)
2026-04-26 17:45:09,861 | Epoch: [37][180/254]	Time   0.30 (  0.37)	Data 0.0003 (0.0755)	Loss (L1) 3.987 (4.040)
2026-04-26 17:45:12,874 | Epoch: [37][190/254]	Time   0.30 (  0.36)	Data 0.0001 (0.0717)	Loss (L1) 4.813 (4.041)
2026-04-26 17:45:15,870 | Epoch: [37][200/254]	Time   0.31 (  0.36)	Data 0.0001 (0.0681)	Loss (L1) 3.645 (4.031)
2026-04-26 17:45:18,822 | Epoch: [37][210/254]	Time   0.29 (  0.36)	Data 0.0001 (0.0649)	Loss (L1) 4.182 (4.026)
2026-04-26 17:45:21,736 | Epoch: [37][220/254]	Time   0.29 (  0.35)	Data 0.0002 (0.0620)	Loss (L1) 3.631 (4.023)
2026-04-26 17:45:24,659 | Epoch: [37][230/254]	Time   0.30 (  0.35)	Data 0.0001 (0.0593)	Loss (L1) 3.894 (4.025)
2026-04-26 17:45:27,579 | Epoch: [37][240/254]	Time   0.29 (  0.35)	Data 0.0001 (0.0569)	Loss (L1) 4.510 (4.039)
2026-04-26 17:45:30,487 | Epoch: [37][250/254]	Time   0.29 (  0.35)	Data 0.0001 (0.0546)	Loss (L1) 3.445 (4.043)
2026-04-26 17:45:31,585 | Create Epoch [37] features of all training data...
2026-04-26 17:46:44,819 | Updated smoothed statistics on Epoch [37]!
2026-04-26 17:46:44,848 | Updated running statistics with Epoch [37] features!
2026-04-26 17:46:55,436 | Val: [ 0/25]	Time 10.585 (10.585)	Loss (MSE) 73.159 (73.159)	Loss (L1) 7.560 (7.560)
2026-04-26 17:46:56,270 | Val: [10/25]	Time  0.083 ( 1.038)	Loss (MSE) 32.241 (37.212)	Loss (L1) 4.449 (4.776)
2026-04-26 17:46:57,104 | Val: [20/25]	Time  0.083 ( 0.584)	Loss (MSE) 44.641 (37.273)	Loss (L1) 5.444 (4.833)
2026-04-26 17:46:57,662 |  * Overall: MSE 36.665	L1 4.788	G-Mean 3.166
2026-04-26 17:46:57,662 |  * Many: MSE 35.480	L1 4.655	G-Mean 3.021
2026-04-26 17:46:57,662 |  * Median: MSE 36.076	L1 4.904	G-Mean 3.398
2026-04-26 17:46:57,662 |  * Low: MSE 51.168	L1 5.756	G-Mean 4.001
2026-04-26 17:46:57,663 | Best L1 Loss: 4.788
2026-04-26 17:46:57,877 | ===> Saving current best checkpoint...
2026-04-26 17:46:58,371 | Epoch #37: Train loss [4.0438]; Val loss: MSE [36.6646], L1 [4.7876], G-Mean [3.1664]
2026-04-26 17:47:05,905 | Epoch: [38][  0/254]	Time   7.53 (  7.53)	Data 7.3124 (7.3124)	Loss (L1) 3.932 (3.932)
2026-04-26 17:47:12,723 | Epoch: [38][ 10/254]	Time   0.30 (  1.30)	Data 0.0002 (1.0244)	Loss (L1) 3.825 (4.037)
2026-04-26 17:47:16,078 | Epoch: [38][ 20/254]	Time   0.33 (  0.84)	Data 0.0002 (0.5368)	Loss (L1) 3.755 (4.013)
2026-04-26 17:47:19,090 | Epoch: [38][ 30/254]	Time   0.30 (  0.67)	Data 0.0002 (0.3637)	Loss (L1) 3.653 (3.996)
2026-04-26 17:47:22,936 | Epoch: [38][ 40/254]	Time   0.30 (  0.60)	Data 0.0003 (0.2967)	Loss (L1) 4.639 (3.991)
2026-04-26 17:47:26,166 | Epoch: [38][ 50/254]	Time   0.32 (  0.54)	Data 0.0003 (0.2386)	Loss (L1) 4.027 (3.957)
2026-04-26 17:47:29,196 | Epoch: [38][ 60/254]	Time   0.29 (  0.51)	Data 0.0003 (0.1995)	Loss (L1) 4.570 (3.965)
2026-04-26 17:47:32,285 | Epoch: [38][ 70/254]	Time   0.31 (  0.48)	Data 0.0002 (0.1715)	Loss (L1) 3.721 (3.977)
2026-04-26 17:47:35,462 | Epoch: [38][ 80/254]	Time   0.35 (  0.46)	Data 0.0002 (0.1503)	Loss (L1) 3.614 (3.988)
2026-04-26 17:47:38,499 | Epoch: [38][ 90/254]	Time   0.31 (  0.44)	Data 0.0002 (0.1338)	Loss (L1) 4.259 (3.989)
2026-04-26 17:47:41,491 | Epoch: [38][100/254]	Time   0.30 (  0.43)	Data 0.0004 (0.1207)	Loss (L1) 4.763 (3.990)
2026-04-26 17:47:44,527 | Epoch: [38][110/254]	Time   0.29 (  0.42)	Data 0.0002 (0.1099)	Loss (L1) 3.578 (4.006)
2026-04-26 17:47:47,578 | Epoch: [38][120/254]	Time   0.35 (  0.41)	Data 0.0003 (0.1009)	Loss (L1) 4.194 (4.013)
2026-04-26 17:47:50,638 | Epoch: [38][130/254]	Time   0.30 (  0.40)	Data 0.0003 (0.0932)	Loss (L1) 3.958 (4.008)
2026-04-26 17:47:53,670 | Epoch: [38][140/254]	Time   0.30 (  0.39)	Data 0.0002 (0.0866)	Loss (L1) 3.886 (4.013)
2026-04-26 17:47:56,677 | Epoch: [38][150/254]	Time   0.29 (  0.39)	Data 0.0003 (0.0809)	Loss (L1) 3.979 (4.030)
2026-04-26 17:47:59,770 | Epoch: [38][160/254]	Time   0.30 (  0.38)	Data 0.0002 (0.0759)	Loss (L1) 3.576 (4.028)
2026-04-26 17:48:02,788 | Epoch: [38][170/254]	Time   0.29 (  0.38)	Data 0.0002 (0.0715)	Loss (L1) 3.908 (4.020)
2026-04-26 17:48:05,878 | Epoch: [38][180/254]	Time   0.31 (  0.37)	Data 0.0002 (0.0675)	Loss (L1) 4.170 (4.019)
2026-04-26 17:48:08,864 | Epoch: [38][190/254]	Time   0.30 (  0.37)	Data 0.0002 (0.0642)	Loss (L1) 4.060 (4.024)
2026-04-26 17:48:11,860 | Epoch: [38][200/254]	Time   0.30 (  0.37)	Data 0.0001 (0.0610)	Loss (L1) 3.898 (4.033)
2026-04-26 17:48:14,778 | Epoch: [38][210/254]	Time   0.29 (  0.36)	Data 0.0002 (0.0581)	Loss (L1) 4.668 (4.029)
2026-04-26 17:48:17,696 | Epoch: [38][220/254]	Time   0.29 (  0.36)	Data 0.0001 (0.0555)	Loss (L1) 4.322 (4.033)
2026-04-26 17:48:20,617 | Epoch: [38][230/254]	Time   0.29 (  0.36)	Data 0.0001 (0.0531)	Loss (L1) 3.926 (4.039)
2026-04-26 17:48:23,533 | Epoch: [38][240/254]	Time   0.29 (  0.35)	Data 0.0001 (0.0509)	Loss (L1) 3.889 (4.046)
2026-04-26 17:48:26,454 | Epoch: [38][250/254]	Time   0.30 (  0.35)	Data 0.0000 (0.0489)	Loss (L1) 4.503 (4.051)
2026-04-26 17:48:27,564 | Create Epoch [38] features of all training data...
2026-04-26 17:49:42,920 | Updated smoothed statistics on Epoch [38]!
2026-04-26 17:49:42,948 | Updated running statistics with Epoch [38] features!
2026-04-26 17:49:52,981 | Val: [ 0/25]	Time 10.032 (10.032)	Loss (MSE) 116.066 (116.066)	Loss (L1) 9.656 (9.656)
2026-04-26 17:49:53,817 | Val: [10/25]	Time  0.084 ( 0.988)	Loss (MSE) 39.222 (54.841)	Loss (L1) 5.012 (6.044)
2026-04-26 17:49:54,653 | Val: [20/25]	Time  0.083 ( 0.557)	Loss (MSE) 39.610 (44.847)	Loss (L1) 4.970 (5.351)
2026-04-26 17:49:55,211 |  * Overall: MSE 43.956	L1 5.266	G-Mean 3.458
2026-04-26 17:49:55,211 |  * Many: MSE 38.631	L1 4.886	G-Mean 3.170
2026-04-26 17:49:55,211 |  * Median: MSE 52.659	L1 5.997	G-Mean 4.179
2026-04-26 17:49:55,211 |  * Low: MSE 68.002	L1 6.580	G-Mean 4.321
2026-04-26 17:49:55,212 | Best L1 Loss: 4.788
2026-04-26 17:49:55,430 | Epoch #38: Train loss [4.0479]; Val loss: MSE [43.9557], L1 [5.2659], G-Mean [3.4580]
2026-04-26 17:50:06,665 | Epoch: [39][  0/254]	Time  11.23 ( 11.23)	Data 11.0900 (11.0900)	Loss (L1) 4.546 (4.546)
2026-04-26 17:50:09,646 | Epoch: [39][ 10/254]	Time   0.31 (  1.29)	Data 0.0002 (1.0165)	Loss (L1) 4.254 (3.870)
2026-04-26 17:50:12,620 | Epoch: [39][ 20/254]	Time   0.31 (  0.82)	Data 0.0002 (0.5327)	Loss (L1) 4.033 (3.904)
2026-04-26 17:50:15,579 | Epoch: [39][ 30/254]	Time   0.30 (  0.65)	Data 0.0002 (0.3609)	Loss (L1) 4.013 (3.859)
2026-04-26 17:50:18,764 | Epoch: [39][ 40/254]	Time   0.30 (  0.57)	Data 0.0002 (0.2805)	Loss (L1) 4.070 (3.861)
2026-04-26 17:50:21,754 | Epoch: [39][ 50/254]	Time   0.29 (  0.52)	Data 0.0002 (0.2256)	Loss (L1) 3.801 (3.884)
2026-04-26 17:50:24,718 | Epoch: [39][ 60/254]	Time   0.29 (  0.48)	Data 0.0003 (0.1886)	Loss (L1) 4.000 (3.949)
2026-04-26 17:50:27,721 | Epoch: [39][ 70/254]	Time   0.30 (  0.45)	Data 0.0003 (0.1621)	Loss (L1) 3.528 (3.924)
2026-04-26 17:50:30,692 | Epoch: [39][ 80/254]	Time   0.29 (  0.44)	Data 0.0002 (0.1421)	Loss (L1) 3.729 (3.965)
2026-04-26 17:50:33,674 | Epoch: [39][ 90/254]	Time   0.30 (  0.42)	Data 0.0002 (0.1266)	Loss (L1) 3.727 (3.955)
2026-04-26 17:50:37,026 | Epoch: [39][100/254]	Time   0.67 (  0.41)	Data 0.5285 (0.1193)	Loss (L1) 3.754 (3.943)
2026-04-26 17:50:39,986 | Epoch: [39][110/254]	Time   0.30 (  0.40)	Data 0.0014 (0.1086)	Loss (L1) 4.084 (3.936)
2026-04-26 17:50:42,979 | Epoch: [39][120/254]	Time   0.31 (  0.39)	Data 0.0002 (0.0996)	Loss (L1) 4.568 (3.938)
2026-04-26 17:50:45,968 | Epoch: [39][130/254]	Time   0.29 (  0.39)	Data 0.0004 (0.0921)	Loss (L1) 3.873 (3.944)
2026-04-26 17:50:49,129 | Epoch: [39][140/254]	Time   0.30 (  0.38)	Data 0.0002 (0.0880)	Loss (L1) 4.175 (3.948)
2026-04-26 17:50:52,147 | Epoch: [39][150/254]	Time   0.33 (  0.38)	Data 0.0002 (0.0822)	Loss (L1) 4.072 (3.954)
2026-04-26 17:50:55,105 | Epoch: [39][160/254]	Time   0.30 (  0.37)	Data 0.0002 (0.0771)	Loss (L1) 3.635 (3.953)
2026-04-26 17:50:58,104 | Epoch: [39][170/254]	Time   0.31 (  0.37)	Data 0.0002 (0.0726)	Loss (L1) 3.540 (3.964)
2026-04-26 17:51:01,089 | Epoch: [39][180/254]	Time   0.30 (  0.36)	Data 0.0002 (0.0686)	Loss (L1) 4.331 (3.974)
2026-04-26 17:51:04,052 | Epoch: [39][190/254]	Time   0.29 (  0.36)	Data 0.0001 (0.0652)	Loss (L1) 3.673 (3.976)
2026-04-26 17:51:07,032 | Epoch: [39][200/254]	Time   0.30 (  0.36)	Data 0.0001 (0.0619)	Loss (L1) 4.122 (3.978)
2026-04-26 17:51:09,978 | Epoch: [39][210/254]	Time   0.29 (  0.35)	Data 0.0001 (0.0590)	Loss (L1) 3.898 (3.979)
2026-04-26 17:51:12,909 | Epoch: [39][220/254]	Time   0.29 (  0.35)	Data 0.0001 (0.0563)	Loss (L1) 3.828 (3.993)
2026-04-26 17:51:15,846 | Epoch: [39][230/254]	Time   0.29 (  0.35)	Data 0.0001 (0.0539)	Loss (L1) 3.943 (3.989)
2026-04-26 17:51:18,777 | Epoch: [39][240/254]	Time   0.29 (  0.35)	Data 0.0001 (0.0517)	Loss (L1) 4.710 (3.989)
2026-04-26 17:51:21,711 | Epoch: [39][250/254]	Time   0.29 (  0.34)	Data 0.0001 (0.0496)	Loss (L1) 4.006 (3.989)
2026-04-26 17:51:22,802 | Create Epoch [39] features of all training data...
2026-04-26 17:52:35,951 | Updated smoothed statistics on Epoch [39]!
2026-04-26 17:52:35,980 | Updated running statistics with Epoch [39] features!
2026-04-26 17:52:44,962 | Val: [ 0/25]	Time  8.981 ( 8.981)	Loss (MSE) 83.922 (83.922)	Loss (L1) 8.043 (8.043)
2026-04-26 17:52:46,786 | Val: [10/25]	Time  0.083 ( 0.982)	Loss (MSE) 44.646 (47.555)	Loss (L1) 5.290 (5.435)
2026-04-26 17:52:47,619 | Val: [20/25]	Time  0.083 ( 0.554)	Loss (MSE) 45.019 (44.519)	Loss (L1) 5.430 (5.270)
2026-04-26 17:52:48,164 |  * Overall: MSE 41.109	L1 5.000	G-Mean 3.242
2026-04-26 17:52:48,164 |  * Many: MSE 42.393	L1 5.074	G-Mean 3.297
2026-04-26 17:52:48,164 |  * Median: MSE 40.216	L1 5.125	G-Mean 3.505
2026-04-26 17:52:48,164 |  * Low: MSE 30.936	L1 3.778	G-Mean 2.051
2026-04-26 17:52:48,167 | Best L1 Loss: 4.788
2026-04-26 17:52:48,385 | Epoch #39: Train loss [3.9904]; Val loss: MSE [41.1088], L1 [5.0002], G-Mean [3.2423]
2026-04-26 17:53:01,080 | Epoch: [40][  0/254]	Time  12.69 ( 12.69)	Data 12.5497 (12.5497)	Loss (L1) 4.248 (4.248)
2026-04-26 17:53:04,242 | Epoch: [40][ 10/254]	Time   0.29 (  1.44)	Data 0.0002 (1.1716)	Loss (L1) 3.397 (4.010)
2026-04-26 17:53:07,279 | Epoch: [40][ 20/254]	Time   0.35 (  0.90)	Data 0.0002 (0.6138)	Loss (L1) 4.474 (3.985)
2026-04-26 17:53:10,373 | Epoch: [40][ 30/254]	Time   0.31 (  0.71)	Data 0.0003 (0.4160)	Loss (L1) 4.582 (3.967)
2026-04-26 17:53:13,404 | Epoch: [40][ 40/254]	Time   0.30 (  0.61)	Data 0.0002 (0.3146)	Loss (L1) 4.143 (4.003)
2026-04-26 17:53:16,437 | Epoch: [40][ 50/254]	Time   0.31 (  0.55)	Data 0.0002 (0.2530)	Loss (L1) 4.427 (4.017)
2026-04-26 17:53:19,483 | Epoch: [40][ 60/254]	Time   0.30 (  0.51)	Data 0.0002 (0.2117)	Loss (L1) 3.685 (3.995)
2026-04-26 17:53:22,492 | Epoch: [40][ 70/254]	Time   0.29 (  0.48)	Data 0.0002 (0.1819)	Loss (L1) 3.420 (3.965)
2026-04-26 17:53:25,499 | Epoch: [40][ 80/254]	Time   0.30 (  0.46)	Data 0.0002 (0.1595)	Loss (L1) 4.607 (3.960)
2026-04-26 17:53:28,512 | Epoch: [40][ 90/254]	Time   0.31 (  0.44)	Data 0.0002 (0.1420)	Loss (L1) 3.490 (3.958)
2026-04-26 17:53:31,539 | Epoch: [40][100/254]	Time   0.29 (  0.43)	Data 0.0002 (0.1280)	Loss (L1) 3.848 (3.964)
2026-04-26 17:53:34,620 | Epoch: [40][110/254]	Time   0.29 (  0.42)	Data 0.0002 (0.1165)	Loss (L1) 3.714 (3.974)
2026-04-26 17:53:37,700 | Epoch: [40][120/254]	Time   0.29 (  0.41)	Data 0.0003 (0.1069)	Loss (L1) 4.716 (3.977)
2026-04-26 17:53:40,828 | Epoch: [40][130/254]	Time   0.31 (  0.40)	Data 0.0003 (0.0988)	Loss (L1) 4.009 (3.976)
2026-04-26 17:53:43,978 | Epoch: [40][140/254]	Time   0.34 (  0.39)	Data 0.0002 (0.0918)	Loss (L1) 4.466 (3.976)
2026-04-26 17:53:46,942 | Epoch: [40][150/254]	Time   0.30 (  0.39)	Data 0.0002 (0.0857)	Loss (L1) 4.107 (3.976)
2026-04-26 17:53:49,956 | Epoch: [40][160/254]	Time   0.29 (  0.38)	Data 0.0003 (0.0804)	Loss (L1) 3.616 (3.964)
2026-04-26 17:53:52,950 | Epoch: [40][170/254]	Time   0.30 (  0.38)	Data 0.0002 (0.0757)	Loss (L1) 3.856 (3.987)
2026-04-26 17:53:55,921 | Epoch: [40][180/254]	Time   0.29 (  0.37)	Data 0.0002 (0.0716)	Loss (L1) 3.748 (3.980)
2026-04-26 17:53:58,890 | Epoch: [40][190/254]	Time   0.29 (  0.37)	Data 0.0001 (0.0680)	Loss (L1) 4.140 (3.983)
2026-04-26 17:54:01,864 | Epoch: [40][200/254]	Time   0.29 (  0.37)	Data 0.0001 (0.0646)	Loss (L1) 3.931 (3.981)
2026-04-26 17:54:04,765 | Epoch: [40][210/254]	Time   0.29 (  0.36)	Data 0.0001 (0.0616)	Loss (L1) 3.593 (3.972)
2026-04-26 17:54:07,668 | Epoch: [40][220/254]	Time   0.29 (  0.36)	Data 0.0001 (0.0588)	Loss (L1) 3.872 (3.964)
2026-04-26 17:54:10,572 | Epoch: [40][230/254]	Time   0.29 (  0.36)	Data 0.0001 (0.0562)	Loss (L1) 3.299 (3.960)
2026-04-26 17:54:13,476 | Epoch: [40][240/254]	Time   0.29 (  0.35)	Data 0.0001 (0.0539)	Loss (L1) 3.657 (3.958)
2026-04-26 17:54:16,380 | Epoch: [40][250/254]	Time   0.29 (  0.35)	Data 0.0000 (0.0518)	Loss (L1) 3.889 (3.969)
2026-04-26 17:54:17,486 | Create Epoch [40] features of all training data...
2026-04-26 17:55:31,510 | Updated smoothed statistics on Epoch [40]!
2026-04-26 17:55:31,538 | Updated running statistics with Epoch [40] features!
2026-04-26 17:55:41,648 | Val: [ 0/25]	Time 10.108 (10.108)	Loss (MSE) 90.807 (90.807)	Loss (L1) 8.385 (8.385)
2026-04-26 17:55:42,563 | Val: [10/25]	Time  0.083 ( 1.002)	Loss (MSE) 37.986 (48.128)	Loss (L1) 5.033 (5.566)
2026-04-26 17:55:43,396 | Val: [20/25]	Time  0.083 ( 0.565)	Loss (MSE) 40.839 (42.118)	Loss (L1) 4.855 (5.139)
2026-04-26 17:55:43,945 |  * Overall: MSE 41.682	L1 5.105	G-Mean 3.359
2026-04-26 17:55:43,945 |  * Many: MSE 38.900	L1 4.876	G-Mean 3.168
2026-04-26 17:55:43,945 |  * Median: MSE 42.131	L1 5.233	G-Mean 3.516
2026-04-26 17:55:43,945 |  * Low: MSE 69.107	L1 7.036	G-Mean 5.239
2026-04-26 17:55:43,946 | Best L1 Loss: 4.788
2026-04-26 17:55:44,164 | Epoch #40: Train loss [3.9673]; Val loss: MSE [41.6819], L1 [5.1051], G-Mean [3.3590]
2026-04-26 17:55:57,010 | Epoch: [41][  0/254]	Time  12.85 ( 12.85)	Data 12.6853 (12.6853)	Loss (L1) 3.811 (3.811)
2026-04-26 17:56:00,003 | Epoch: [41][ 10/254]	Time   0.30 (  1.44)	Data 0.0002 (1.1534)	Loss (L1) 3.543 (3.963)
2026-04-26 17:56:02,942 | Epoch: [41][ 20/254]	Time   0.29 (  0.89)	Data 0.0002 (0.6043)	Loss (L1) 4.045 (3.939)
2026-04-26 17:56:06,124 | Epoch: [41][ 30/254]	Time   0.30 (  0.71)	Data 0.0002 (0.4098)	Loss (L1) 4.003 (3.993)
2026-04-26 17:56:09,115 | Epoch: [41][ 40/254]	Time   0.30 (  0.61)	Data 0.0003 (0.3100)	Loss (L1) 3.572 (3.960)
2026-04-26 17:56:12,076 | Epoch: [41][ 50/254]	Time   0.28 (  0.55)	Data 0.0003 (0.2493)	Loss (L1) 3.325 (3.940)
2026-04-26 17:56:15,131 | Epoch: [41][ 60/254]	Time   0.28 (  0.51)	Data 0.0003 (0.2085)	Loss (L1) 4.317 (3.925)
2026-04-26 17:56:18,086 | Epoch: [41][ 70/254]	Time   0.30 (  0.48)	Data 0.0002 (0.1791)	Loss (L1) 3.640 (3.915)
2026-04-26 17:56:21,043 | Epoch: [41][ 80/254]	Time   0.29 (  0.46)	Data 0.0003 (0.1571)	Loss (L1) 3.610 (3.919)
2026-04-26 17:56:24,077 | Epoch: [41][ 90/254]	Time   0.31 (  0.44)	Data 0.0002 (0.1398)	Loss (L1) 3.965 (3.929)
2026-04-26 17:56:27,055 | Epoch: [41][100/254]	Time   0.30 (  0.42)	Data 0.0002 (0.1260)	Loss (L1) 4.112 (3.935)
2026-04-26 17:56:30,046 | Epoch: [41][110/254]	Time   0.30 (  0.41)	Data 0.0002 (0.1147)	Loss (L1) 3.973 (3.937)
2026-04-26 17:56:33,061 | Epoch: [41][120/254]	Time   0.34 (  0.40)	Data 0.0002 (0.1052)	Loss (L1) 4.248 (3.929)
2026-04-26 17:56:36,049 | Epoch: [41][130/254]	Time   0.30 (  0.40)	Data 0.0002 (0.0972)	Loss (L1) 4.229 (3.944)
2026-04-26 17:56:39,057 | Epoch: [41][140/254]	Time   0.31 (  0.39)	Data 0.0002 (0.0904)	Loss (L1) 4.173 (3.951)
2026-04-26 17:56:42,049 | Epoch: [41][150/254]	Time   0.30 (  0.38)	Data 0.0002 (0.0845)	Loss (L1) 4.038 (3.953)
2026-04-26 17:56:45,069 | Epoch: [41][160/254]	Time   0.30 (  0.38)	Data 0.0003 (0.0792)	Loss (L1) 3.574 (3.951)
2026-04-26 17:56:48,089 | Epoch: [41][170/254]	Time   0.31 (  0.37)	Data 0.0002 (0.0746)	Loss (L1) 3.428 (3.944)
2026-04-26 17:56:51,064 | Epoch: [41][180/254]	Time   0.30 (  0.37)	Data 0.0002 (0.0705)	Loss (L1) 4.411 (3.944)
2026-04-26 17:56:54,069 | Epoch: [41][190/254]	Time   0.31 (  0.37)	Data 0.0001 (0.0670)	Loss (L1) 3.489 (3.944)
2026-04-26 17:56:57,113 | Epoch: [41][200/254]	Time   0.29 (  0.36)	Data 0.0002 (0.0636)	Loss (L1) 3.841 (3.963)
2026-04-26 17:57:00,042 | Epoch: [41][210/254]	Time   0.29 (  0.36)	Data 0.0000 (0.0606)	Loss (L1) 3.869 (3.953)
2026-04-26 17:57:02,974 | Epoch: [41][220/254]	Time   0.29 (  0.36)	Data 0.0002 (0.0579)	Loss (L1) 4.096 (3.948)
2026-04-26 17:57:05,891 | Epoch: [41][230/254]	Time   0.29 (  0.35)	Data 0.0001 (0.0554)	Loss (L1) 3.741 (3.944)
2026-04-26 17:57:08,807 | Epoch: [41][240/254]	Time   0.29 (  0.35)	Data 0.0001 (0.0531)	Loss (L1) 3.663 (3.946)
2026-04-26 17:57:11,716 | Epoch: [41][250/254]	Time   0.29 (  0.35)	Data 0.0001 (0.0510)	Loss (L1) 4.312 (3.947)
2026-04-26 17:57:12,790 | Create Epoch [41] features of all training data...
2026-04-26 17:58:26,692 | Updated smoothed statistics on Epoch [41]!
2026-04-26 17:58:26,721 | Updated running statistics with Epoch [41] features!
2026-04-26 17:58:37,001 | Val: [ 0/25]	Time 10.279 (10.279)	Loss (MSE) 71.353 (71.353)	Loss (L1) 7.485 (7.485)
2026-04-26 17:58:37,834 | Val: [10/25]	Time  0.083 ( 1.010)	Loss (MSE) 33.686 (38.781)	Loss (L1) 4.623 (4.891)
2026-04-26 17:58:38,665 | Val: [20/25]	Time  0.083 ( 0.569)	Loss (MSE) 45.246 (38.509)	Loss (L1) 5.173 (4.889)
2026-04-26 17:58:39,235 |  * Overall: MSE 38.172	L1 4.845	G-Mean 3.139
2026-04-26 17:58:39,236 |  * Many: MSE 37.150	L1 4.750	G-Mean 3.045
2026-04-26 17:58:39,236 |  * Median: MSE 35.864	L1 4.785	G-Mean 3.191
2026-04-26 17:58:39,236 |  * Low: MSE 57.216	L1 6.049	G-Mean 4.071
2026-04-26 17:58:39,236 | Best L1 Loss: 4.788
2026-04-26 17:58:39,449 | Epoch #41: Train loss [3.9408]; Val loss: MSE [38.1720], L1 [4.8446], G-Mean [3.1393]
2026-04-26 17:58:52,085 | Epoch: [42][  0/254]	Time  12.64 ( 12.64)	Data 12.4803 (12.4803)	Loss (L1) 3.877 (3.877)
2026-04-26 17:58:55,227 | Epoch: [42][ 10/254]	Time   0.30 (  1.43)	Data 0.0003 (1.1641)	Loss (L1) 3.818 (4.044)
2026-04-26 17:58:58,252 | Epoch: [42][ 20/254]	Time   0.30 (  0.90)	Data 0.0003 (0.6099)	Loss (L1) 3.113 (3.879)
2026-04-26 17:59:01,425 | Epoch: [42][ 30/254]	Time   0.37 (  0.71)	Data 0.0252 (0.4141)	Loss (L1) 3.886 (3.834)
2026-04-26 17:59:04,457 | Epoch: [42][ 40/254]	Time   0.29 (  0.61)	Data 0.0002 (0.3132)	Loss (L1) 3.769 (3.858)
2026-04-26 17:59:07,439 | Epoch: [42][ 50/254]	Time   0.28 (  0.55)	Data 0.0002 (0.2518)	Loss (L1) 3.978 (3.883)
2026-04-26 17:59:10,445 | Epoch: [42][ 60/254]	Time   0.30 (  0.51)	Data 0.0003 (0.2106)	Loss (L1) 3.516 (3.880)
2026-04-26 17:59:13,436 | Epoch: [42][ 70/254]	Time   0.30 (  0.48)	Data 0.0003 (0.1810)	Loss (L1) 4.650 (3.890)
2026-04-26 17:59:16,387 | Epoch: [42][ 80/254]	Time   0.30 (  0.46)	Data 0.0003 (0.1587)	Loss (L1) 3.798 (3.875)
2026-04-26 17:59:19,390 | Epoch: [42][ 90/254]	Time   0.29 (  0.44)	Data 0.0003 (0.1413)	Loss (L1) 3.981 (3.885)
2026-04-26 17:59:22,417 | Epoch: [42][100/254]	Time   0.30 (  0.43)	Data 0.0003 (0.1273)	Loss (L1) 4.399 (3.894)
2026-04-26 17:59:25,463 | Epoch: [42][110/254]	Time   0.29 (  0.41)	Data 0.0003 (0.1159)	Loss (L1) 3.629 (3.888)
2026-04-26 17:59:28,488 | Epoch: [42][120/254]	Time   0.31 (  0.41)	Data 0.0003 (0.1063)	Loss (L1) 3.829 (3.891)
2026-04-26 17:59:31,501 | Epoch: [42][130/254]	Time   0.29 (  0.40)	Data 0.0003 (0.0984)	Loss (L1) 3.718 (3.888)
2026-04-26 17:59:34,513 | Epoch: [42][140/254]	Time   0.30 (  0.39)	Data 0.0002 (0.0914)	Loss (L1) 3.704 (3.876)
2026-04-26 17:59:37,505 | Epoch: [42][150/254]	Time   0.29 (  0.38)	Data 0.0002 (0.0854)	Loss (L1) 3.509 (3.879)
2026-04-26 17:59:40,537 | Epoch: [42][160/254]	Time   0.30 (  0.38)	Data 0.0004 (0.0801)	Loss (L1) 4.121 (3.872)
2026-04-26 17:59:43,619 | Epoch: [42][170/254]	Time   0.33 (  0.38)	Data 0.0002 (0.0754)	Loss (L1) 4.319 (3.888)
2026-04-26 17:59:46,588 | Epoch: [42][180/254]	Time   0.30 (  0.37)	Data 0.0002 (0.0713)	Loss (L1) 3.848 (3.888)
2026-04-26 17:59:49,656 | Epoch: [42][190/254]	Time   0.32 (  0.37)	Data 0.0002 (0.0678)	Loss (L1) 3.259 (3.897)
2026-04-26 17:59:52,628 | Epoch: [42][200/254]	Time   0.30 (  0.36)	Data 0.0001 (0.0645)	Loss (L1) 3.827 (3.888)
2026-04-26 17:59:55,555 | Epoch: [42][210/254]	Time   0.29 (  0.36)	Data 0.0001 (0.0614)	Loss (L1) 4.259 (3.885)
2026-04-26 17:59:58,486 | Epoch: [42][220/254]	Time   0.30 (  0.36)	Data 0.0001 (0.0586)	Loss (L1) 5.098 (3.889)
2026-04-26 18:00:01,420 | Epoch: [42][230/254]	Time   0.29 (  0.35)	Data 0.0001 (0.0561)	Loss (L1) 4.030 (3.899)
2026-04-26 18:00:04,336 | Epoch: [42][240/254]	Time   0.29 (  0.35)	Data 0.0001 (0.0538)	Loss (L1) 4.069 (3.898)
2026-04-26 18:00:07,244 | Epoch: [42][250/254]	Time   0.29 (  0.35)	Data 0.0000 (0.0516)	Loss (L1) 3.856 (3.907)
2026-04-26 18:00:08,366 | Create Epoch [42] features of all training data...
2026-04-26 18:01:22,137 | Updated smoothed statistics on Epoch [42]!
2026-04-26 18:01:22,165 | Updated running statistics with Epoch [42] features!
2026-04-26 18:01:31,535 | Val: [ 0/25]	Time  9.368 ( 9.368)	Loss (MSE) 75.627 (75.627)	Loss (L1) 7.589 (7.589)
2026-04-26 18:01:33,155 | Val: [10/25]	Time  0.083 ( 0.999)	Loss (MSE) 44.911 (49.259)	Loss (L1) 5.392 (5.564)
2026-04-26 18:01:33,989 | Val: [20/25]	Time  0.083 ( 0.563)	Loss (MSE) 45.979 (46.118)	Loss (L1) 5.334 (5.372)
2026-04-26 18:01:34,560 |  * Overall: MSE 43.524	L1 5.146	G-Mean 3.351
2026-04-26 18:01:34,560 |  * Many: MSE 44.588	L1 5.221	G-Mean 3.401
2026-04-26 18:01:34,560 |  * Median: MSE 40.787	L1 5.047	G-Mean 3.357
2026-04-26 18:01:34,560 |  * Low: MSE 42.344	L1 4.731	G-Mean 2.857
2026-04-26 18:01:34,561 | Best L1 Loss: 4.788
2026-04-26 18:01:34,778 | Epoch #42: Train loss [3.9097]; Val loss: MSE [43.5244], L1 [5.1464], G-Mean [3.3515]
2026-04-26 18:01:45,569 | Epoch: [43][  0/254]	Time  10.79 ( 10.79)	Data 10.6277 (10.6277)	Loss (L1) 3.413 (3.413)
2026-04-26 18:01:49,363 | Epoch: [43][ 10/254]	Time   0.29 (  1.33)	Data 0.0003 (1.0575)	Loss (L1) 4.504 (3.855)
2026-04-26 18:01:52,325 | Epoch: [43][ 20/254]	Time   0.30 (  0.84)	Data 0.0003 (0.5541)	Loss (L1) 4.508 (3.942)
2026-04-26 18:01:55,281 | Epoch: [43][ 30/254]	Time   0.29 (  0.66)	Data 0.0003 (0.3756)	Loss (L1) 3.687 (3.937)
2026-04-26 18:01:58,248 | Epoch: [43][ 40/254]	Time   0.29 (  0.57)	Data 0.0003 (0.2889)	Loss (L1) 3.681 (3.968)
2026-04-26 18:02:01,221 | Epoch: [43][ 50/254]	Time   0.30 (  0.52)	Data 0.0003 (0.2323)	Loss (L1) 3.920 (3.965)
2026-04-26 18:02:04,244 | Epoch: [43][ 60/254]	Time   0.31 (  0.48)	Data 0.0003 (0.1943)	Loss (L1) 3.461 (3.964)
2026-04-26 18:02:07,242 | Epoch: [43][ 70/254]	Time   0.30 (  0.46)	Data 0.0003 (0.1670)	Loss (L1) 3.448 (3.931)
2026-04-26 18:02:10,222 | Epoch: [43][ 80/254]	Time   0.31 (  0.44)	Data 0.0003 (0.1464)	Loss (L1) 4.040 (3.932)
2026-04-26 18:02:13,192 | Epoch: [43][ 90/254]	Time   0.29 (  0.42)	Data 0.0004 (0.1303)	Loss (L1) 3.934 (3.922)
2026-04-26 18:02:16,193 | Epoch: [43][100/254]	Time   0.30 (  0.41)	Data 0.0003 (0.1175)	Loss (L1) 4.057 (3.939)
2026-04-26 18:02:19,165 | Epoch: [43][110/254]	Time   0.30 (  0.40)	Data 0.0003 (0.1069)	Loss (L1) 3.693 (3.951)
2026-04-26 18:02:22,130 | Epoch: [43][120/254]	Time   0.29 (  0.39)	Data 0.0003 (0.0981)	Loss (L1) 3.552 (3.938)
2026-04-26 18:02:25,158 | Epoch: [43][130/254]	Time   0.30 (  0.38)	Data 0.0003 (0.0906)	Loss (L1) 4.076 (3.932)
2026-04-26 18:02:28,144 | Epoch: [43][140/254]	Time   0.29 (  0.38)	Data 0.0004 (0.0842)	Loss (L1) 3.605 (3.919)
2026-04-26 18:02:31,162 | Epoch: [43][150/254]	Time   0.30 (  0.37)	Data 0.0004 (0.0787)	Loss (L1) 3.731 (3.917)
2026-04-26 18:02:34,131 | Epoch: [43][160/254]	Time   0.30 (  0.37)	Data 0.0002 (0.0738)	Loss (L1) 3.764 (3.914)
2026-04-26 18:02:37,105 | Epoch: [43][170/254]	Time   0.30 (  0.36)	Data 0.0003 (0.0695)	Loss (L1) 3.526 (3.896)
2026-04-26 18:02:40,086 | Epoch: [43][180/254]	Time   0.29 (  0.36)	Data 0.0003 (0.0657)	Loss (L1) 3.951 (3.897)
2026-04-26 18:02:43,066 | Epoch: [43][190/254]	Time   0.29 (  0.36)	Data 0.0002 (0.0623)	Loss (L1) 3.442 (3.884)
2026-04-26 18:02:46,031 | Epoch: [43][200/254]	Time   0.30 (  0.35)	Data 0.0001 (0.0593)	Loss (L1) 3.787 (3.876)
2026-04-26 18:02:48,994 | Epoch: [43][210/254]	Time   0.30 (  0.35)	Data 0.0001 (0.0565)	Loss (L1) 3.811 (3.875)
2026-04-26 18:02:51,919 | Epoch: [43][220/254]	Time   0.29 (  0.35)	Data 0.0001 (0.0539)	Loss (L1) 3.650 (3.878)
2026-04-26 18:02:54,853 | Epoch: [43][230/254]	Time   0.30 (  0.35)	Data 0.0001 (0.0516)	Loss (L1) 4.156 (3.882)
2026-04-26 18:02:57,772 | Epoch: [43][240/254]	Time   0.29 (  0.34)	Data 0.0000 (0.0494)	Loss (L1) 4.511 (3.885)
2026-04-26 18:03:00,678 | Epoch: [43][250/254]	Time   0.30 (  0.34)	Data 0.0000 (0.0475)	Loss (L1) 4.105 (3.878)
2026-04-26 18:03:01,777 | Create Epoch [43] features of all training data...
2026-04-26 18:04:15,324 | Updated smoothed statistics on Epoch [43]!
2026-04-26 18:04:15,352 | Updated running statistics with Epoch [43] features!
2026-04-26 18:04:24,183 | Val: [ 0/25]	Time  8.829 ( 8.829)	Loss (MSE) 82.654 (82.654)	Loss (L1) 7.925 (7.925)
2026-04-26 18:04:25,807 | Val: [10/25]	Time  0.083 ( 0.950)	Loss (MSE) 37.179 (44.677)	Loss (L1) 4.854 (5.280)
2026-04-26 18:04:26,641 | Val: [20/25]	Time  0.083 ( 0.538)	Loss (MSE) 47.104 (43.040)	Loss (L1) 5.222 (5.195)
2026-04-26 18:04:27,210 |  * Overall: MSE 40.273	L1 4.967	G-Mean 3.214
2026-04-26 18:04:27,210 |  * Many: MSE 40.638	L1 4.995	G-Mean 3.216
2026-04-26 18:04:27,210 |  * Median: MSE 40.160	L1 5.055	G-Mean 3.410
2026-04-26 18:04:27,210 |  * Low: MSE 36.881	L1 4.354	G-Mean 2.572
2026-04-26 18:04:27,211 | Best L1 Loss: 4.788
2026-04-26 18:04:27,422 | Epoch #43: Train loss [3.8788]; Val loss: MSE [40.2735], L1 [4.9666], G-Mean [3.2137]
2026-04-26 18:04:39,825 | Epoch: [44][  0/254]	Time  12.40 ( 12.40)	Data 12.2472 (12.2472)	Loss (L1) 4.028 (4.028)
2026-04-26 18:04:42,819 | Epoch: [44][ 10/254]	Time   0.29 (  1.40)	Data 0.0002 (1.1137)	Loss (L1) 4.195 (4.081)
2026-04-26 18:04:45,808 | Epoch: [44][ 20/254]	Time   0.31 (  0.88)	Data 0.0003 (0.5835)	Loss (L1) 3.912 (4.024)
2026-04-26 18:04:48,867 | Epoch: [44][ 30/254]	Time   0.31 (  0.69)	Data 0.0002 (0.3958)	Loss (L1) 3.864 (3.985)
2026-04-26 18:04:51,834 | Epoch: [44][ 40/254]	Time   0.29 (  0.60)	Data 0.0002 (0.2993)	Loss (L1) 4.164 (3.968)
2026-04-26 18:04:54,820 | Epoch: [44][ 50/254]	Time   0.31 (  0.54)	Data 0.0003 (0.2407)	Loss (L1) 3.908 (3.935)
2026-04-26 18:04:57,945 | Epoch: [44][ 60/254]	Time   0.28 (  0.50)	Data 0.0002 (0.2013)	Loss (L1) 4.394 (3.953)
2026-04-26 18:05:00,932 | Epoch: [44][ 70/254]	Time   0.30 (  0.47)	Data 0.0002 (0.1730)	Loss (L1) 4.247 (3.935)
2026-04-26 18:05:03,895 | Epoch: [44][ 80/254]	Time   0.30 (  0.45)	Data 0.0002 (0.1517)	Loss (L1) 3.873 (3.945)
2026-04-26 18:05:06,985 | Epoch: [44][ 90/254]	Time   0.28 (  0.43)	Data 0.0002 (0.1351)	Loss (L1) 3.662 (3.935)
2026-04-26 18:05:09,985 | Epoch: [44][100/254]	Time   0.30 (  0.42)	Data 0.0003 (0.1217)	Loss (L1) 4.124 (3.943)
2026-04-26 18:05:12,971 | Epoch: [44][110/254]	Time   0.29 (  0.41)	Data 0.0002 (0.1109)	Loss (L1) 3.705 (3.927)
2026-04-26 18:05:16,068 | Epoch: [44][120/254]	Time   0.30 (  0.40)	Data 0.0002 (0.1018)	Loss (L1) 3.619 (3.921)
2026-04-26 18:05:19,087 | Epoch: [44][130/254]	Time   0.30 (  0.39)	Data 0.0002 (0.0941)	Loss (L1) 4.017 (3.915)
2026-04-26 18:05:22,089 | Epoch: [44][140/254]	Time   0.30 (  0.39)	Data 0.0003 (0.0874)	Loss (L1) 3.367 (3.905)
2026-04-26 18:05:25,137 | Epoch: [44][150/254]	Time   0.30 (  0.38)	Data 0.0003 (0.0817)	Loss (L1) 4.770 (3.910)
2026-04-26 18:05:28,131 | Epoch: [44][160/254]	Time   0.30 (  0.38)	Data 0.0003 (0.0767)	Loss (L1) 3.697 (3.902)
2026-04-26 18:05:31,113 | Epoch: [44][170/254]	Time   0.30 (  0.37)	Data 0.0002 (0.0722)	Loss (L1) 3.747 (3.885)
2026-04-26 18:05:34,198 | Epoch: [44][180/254]	Time   0.32 (  0.37)	Data 0.0002 (0.0682)	Loss (L1) 3.775 (3.888)
2026-04-26 18:05:37,235 | Epoch: [44][190/254]	Time   0.30 (  0.37)	Data 0.0001 (0.0649)	Loss (L1) 3.680 (3.889)
2026-04-26 18:05:40,192 | Epoch: [44][200/254]	Time   0.29 (  0.36)	Data 0.0001 (0.0617)	Loss (L1) 3.902 (3.888)
2026-04-26 18:05:43,121 | Epoch: [44][210/254]	Time   0.29 (  0.36)	Data 0.0001 (0.0588)	Loss (L1) 3.734 (3.887)
2026-04-26 18:05:46,044 | Epoch: [44][220/254]	Time   0.29 (  0.36)	Data 0.0002 (0.0561)	Loss (L1) 3.951 (3.883)
2026-04-26 18:05:48,957 | Epoch: [44][230/254]	Time   0.29 (  0.35)	Data 0.0001 (0.0537)	Loss (L1) 4.038 (3.881)
2026-04-26 18:05:51,876 | Epoch: [44][240/254]	Time   0.29 (  0.35)	Data 0.0001 (0.0515)	Loss (L1) 4.138 (3.890)
2026-04-26 18:05:54,792 | Epoch: [44][250/254]	Time   0.29 (  0.35)	Data 0.0001 (0.0494)	Loss (L1) 3.881 (3.898)
2026-04-26 18:05:55,897 | Create Epoch [44] features of all training data...
2026-04-26 18:07:09,666 | Updated smoothed statistics on Epoch [44]!
2026-04-26 18:07:09,699 | Updated running statistics with Epoch [44] features!
2026-04-26 18:07:18,959 | Val: [ 0/25]	Time  9.258 ( 9.258)	Loss (MSE) 106.225 (106.225)	Loss (L1) 9.322 (9.322)
2026-04-26 18:07:20,487 | Val: [10/25]	Time  0.083 ( 0.981)	Loss (MSE) 37.460 (48.545)	Loss (L1) 4.746 (5.491)
2026-04-26 18:07:21,320 | Val: [20/25]	Time  0.083 ( 0.553)	Loss (MSE) 41.943 (42.817)	Loss (L1) 5.020 (5.121)
2026-04-26 18:07:21,870 |  * Overall: MSE 40.572	L1 4.949	G-Mean 3.170
2026-04-26 18:07:21,870 |  * Many: MSE 38.092	L1 4.738	G-Mean 2.995
2026-04-26 18:07:21,870 |  * Median: MSE 46.275	L1 5.524	G-Mean 3.733
2026-04-26 18:07:21,870 |  * Low: MSE 45.785	L1 5.065	G-Mean 3.171
2026-04-26 18:07:21,871 | Best L1 Loss: 4.788
2026-04-26 18:07:22,086 | Epoch #44: Train loss [3.9013]; Val loss: MSE [40.5718], L1 [4.9491], G-Mean [3.1701]
2026-04-26 18:07:33,935 | Epoch: [45][  0/254]	Time  11.85 ( 11.85)	Data 11.7026 (11.7026)	Loss (L1) 3.761 (3.761)
2026-04-26 18:07:37,410 | Epoch: [45][ 10/254]	Time   0.29 (  1.39)	Data 0.0003 (1.1236)	Loss (L1) 3.295 (3.885)
2026-04-26 18:07:40,361 | Epoch: [45][ 20/254]	Time   0.29 (  0.87)	Data 0.0003 (0.5887)	Loss (L1) 3.744 (3.907)
2026-04-26 18:07:43,362 | Epoch: [45][ 30/254]	Time   0.30 (  0.69)	Data 0.0002 (0.3989)	Loss (L1) 4.037 (3.965)
2026-04-26 18:07:46,351 | Epoch: [45][ 40/254]	Time   0.30 (  0.59)	Data 0.0003 (0.3017)	Loss (L1) 3.680 (3.962)
2026-04-26 18:07:49,336 | Epoch: [45][ 50/254]	Time   0.30 (  0.53)	Data 0.0003 (0.2426)	Loss (L1) 4.176 (3.945)
2026-04-26 18:07:52,327 | Epoch: [45][ 60/254]	Time   0.29 (  0.50)	Data 0.0003 (0.2029)	Loss (L1) 4.318 (3.937)
2026-04-26 18:07:55,300 | Epoch: [45][ 70/254]	Time   0.29 (  0.47)	Data 0.0002 (0.1743)	Loss (L1) 3.751 (3.908)
2026-04-26 18:07:58,272 | Epoch: [45][ 80/254]	Time   0.31 (  0.45)	Data 0.0002 (0.1528)	Loss (L1) 4.112 (3.897)
2026-04-26 18:08:01,287 | Epoch: [45][ 90/254]	Time   0.32 (  0.43)	Data 0.0003 (0.1363)	Loss (L1) 3.988 (3.889)
2026-04-26 18:08:04,296 | Epoch: [45][100/254]	Time   0.30 (  0.42)	Data 0.0003 (0.1228)	Loss (L1) 3.508 (3.872)
2026-04-26 18:08:07,407 | Epoch: [45][110/254]	Time   0.30 (  0.41)	Data 0.0003 (0.1118)	Loss (L1) 3.965 (3.856)
2026-04-26 18:08:10,490 | Epoch: [45][120/254]	Time   0.30 (  0.40)	Data 0.0003 (0.1026)	Loss (L1) 3.713 (3.855)
2026-04-26 18:08:13,449 | Epoch: [45][130/254]	Time   0.30 (  0.39)	Data 0.0004 (0.0948)	Loss (L1) 3.575 (3.855)
2026-04-26 18:08:16,451 | Epoch: [45][140/254]	Time   0.29 (  0.39)	Data 0.0003 (0.0881)	Loss (L1) 3.693 (3.862)
2026-04-26 18:08:19,485 | Epoch: [45][150/254]	Time   0.29 (  0.38)	Data 0.0002 (0.0822)	Loss (L1) 3.467 (3.854)
2026-04-26 18:08:22,454 | Epoch: [45][160/254]	Time   0.29 (  0.37)	Data 0.0002 (0.0771)	Loss (L1) 4.005 (3.852)
2026-04-26 18:08:25,474 | Epoch: [45][170/254]	Time   0.30 (  0.37)	Data 0.0003 (0.0727)	Loss (L1) 4.073 (3.864)
2026-04-26 18:08:28,559 | Epoch: [45][180/254]	Time   0.30 (  0.37)	Data 0.0003 (0.0689)	Loss (L1) 3.381 (3.865)
2026-04-26 18:08:31,530 | Epoch: [45][190/254]	Time   0.29 (  0.36)	Data 0.0001 (0.0654)	Loss (L1) 4.001 (3.868)
2026-04-26 18:08:34,510 | Epoch: [45][200/254]	Time   0.30 (  0.36)	Data 0.0002 (0.0622)	Loss (L1) 3.645 (3.858)
2026-04-26 18:08:37,444 | Epoch: [45][210/254]	Time   0.30 (  0.36)	Data 0.0001 (0.0592)	Loss (L1) 3.618 (3.859)
2026-04-26 18:08:40,383 | Epoch: [45][220/254]	Time   0.30 (  0.35)	Data 0.0001 (0.0566)	Loss (L1) 4.494 (3.863)
2026-04-26 18:08:43,325 | Epoch: [45][230/254]	Time   0.29 (  0.35)	Data 0.0000 (0.0541)	Loss (L1) 3.970 (3.865)
2026-04-26 18:08:46,255 | Epoch: [45][240/254]	Time   0.29 (  0.35)	Data 0.0001 (0.0519)	Loss (L1) 3.575 (3.859)
2026-04-26 18:08:49,175 | Epoch: [45][250/254]	Time   0.29 (  0.35)	Data 0.0000 (0.0498)	Loss (L1) 3.747 (3.875)
2026-04-26 18:08:50,287 | Create Epoch [45] features of all training data...
2026-04-26 18:10:03,431 | Updated smoothed statistics on Epoch [45]!
2026-04-26 18:10:03,459 | Updated running statistics with Epoch [45] features!
2026-04-26 18:10:10,159 | Val: [ 0/25]	Time  6.699 ( 6.699)	Loss (MSE) 64.791 (64.791)	Loss (L1) 7.075 (7.075)
2026-04-26 18:10:13,729 | Val: [10/25]	Time  0.084 ( 0.934)	Loss (MSE) 32.121 (36.456)	Loss (L1) 4.536 (4.744)
2026-04-26 18:10:14,561 | Val: [20/25]	Time  0.083 ( 0.529)	Loss (MSE) 45.939 (37.282)	Loss (L1) 5.132 (4.797)
2026-04-26 18:10:15,126 |  * Overall: MSE 39.120	L1 4.926	G-Mean 3.217
2026-04-26 18:10:15,126 |  * Many: MSE 36.115	L1 4.673	G-Mean 2.963
2026-04-26 18:10:15,126 |  * Median: MSE 36.944	L1 4.893	G-Mean 3.400
2026-04-26 18:10:15,126 |  * Low: MSE 78.413	L1 7.697	G-Mean 6.234
2026-04-26 18:10:15,127 | Best L1 Loss: 4.788
2026-04-26 18:10:15,342 | Epoch #45: Train loss [3.8755]; Val loss: MSE [39.1204], L1 [4.9264], G-Mean [3.2173]
2026-04-26 18:10:26,913 | Epoch: [46][  0/254]	Time  11.57 ( 11.57)	Data 11.3957 (11.3957)	Loss (L1) 3.450 (3.450)
2026-04-26 18:10:29,912 | Epoch: [46][ 10/254]	Time   0.30 (  1.32)	Data 0.0003 (1.0521)	Loss (L1) 3.658 (3.983)
2026-04-26 18:10:32,896 | Epoch: [46][ 20/254]	Time   0.29 (  0.84)	Data 0.0002 (0.5512)	Loss (L1) 3.754 (3.903)
2026-04-26 18:10:35,924 | Epoch: [46][ 30/254]	Time   0.29 (  0.66)	Data 0.0002 (0.3735)	Loss (L1) 3.438 (3.905)
2026-04-26 18:10:38,976 | Epoch: [46][ 40/254]	Time   0.30 (  0.58)	Data 0.0002 (0.2825)	Loss (L1) 4.201 (3.963)
2026-04-26 18:10:41,950 | Epoch: [46][ 50/254]	Time   0.32 (  0.52)	Data 0.0002 (0.2271)	Loss (L1) 3.797 (3.960)
2026-04-26 18:10:44,939 | Epoch: [46][ 60/254]	Time   0.30 (  0.49)	Data 0.0002 (0.1899)	Loss (L1) 3.370 (3.943)
2026-04-26 18:10:47,982 | Epoch: [46][ 70/254]	Time   0.28 (  0.46)	Data 0.0002 (0.1632)	Loss (L1) 4.244 (3.948)
2026-04-26 18:10:50,939 | Epoch: [46][ 80/254]	Time   0.31 (  0.44)	Data 0.0002 (0.1431)	Loss (L1) 4.347 (3.943)
2026-04-26 18:10:53,938 | Epoch: [46][ 90/254]	Time   0.28 (  0.42)	Data 0.0002 (0.1274)	Loss (L1) 3.409 (3.956)
2026-04-26 18:10:56,918 | Epoch: [46][100/254]	Time   0.29 (  0.41)	Data 0.0003 (0.1149)	Loss (L1) 3.268 (3.931)
2026-04-26 18:10:59,923 | Epoch: [46][110/254]	Time   0.30 (  0.40)	Data 0.0002 (0.1046)	Loss (L1) 4.284 (3.933)
2026-04-26 18:11:02,913 | Epoch: [46][120/254]	Time   0.30 (  0.39)	Data 0.0002 (0.0959)	Loss (L1) 3.954 (3.927)
2026-04-26 18:11:05,915 | Epoch: [46][130/254]	Time   0.29 (  0.39)	Data 0.0003 (0.0886)	Loss (L1) 3.476 (3.926)
2026-04-26 18:11:08,936 | Epoch: [46][140/254]	Time   0.29 (  0.38)	Data 0.0003 (0.0824)	Loss (L1) 3.809 (3.909)
2026-04-26 18:11:11,937 | Epoch: [46][150/254]	Time   0.30 (  0.37)	Data 0.0003 (0.0769)	Loss (L1) 3.603 (3.903)
2026-04-26 18:11:14,913 | Epoch: [46][160/254]	Time   0.30 (  0.37)	Data 0.0003 (0.0722)	Loss (L1) 4.068 (3.882)
2026-04-26 18:11:17,917 | Epoch: [46][170/254]	Time   0.30 (  0.37)	Data 0.0003 (0.0680)	Loss (L1) 4.006 (3.873)
2026-04-26 18:11:20,884 | Epoch: [46][180/254]	Time   0.28 (  0.36)	Data 0.0003 (0.0643)	Loss (L1) 3.567 (3.869)
2026-04-26 18:11:23,857 | Epoch: [46][190/254]	Time   0.30 (  0.36)	Data 0.0001 (0.0611)	Loss (L1) 3.776 (3.864)
2026-04-26 18:11:26,822 | Epoch: [46][200/254]	Time   0.31 (  0.36)	Data 0.0001 (0.0580)	Loss (L1) 3.692 (3.855)
2026-04-26 18:11:29,758 | Epoch: [46][210/254]	Time   0.29 (  0.35)	Data 0.0001 (0.0553)	Loss (L1) 3.489 (3.852)
2026-04-26 18:11:32,685 | Epoch: [46][220/254]	Time   0.29 (  0.35)	Data 0.0003 (0.0528)	Loss (L1) 3.702 (3.854)
2026-04-26 18:11:35,597 | Epoch: [46][230/254]	Time   0.29 (  0.35)	Data 0.0001 (0.0505)	Loss (L1) 3.586 (3.862)
2026-04-26 18:11:38,496 | Epoch: [46][240/254]	Time   0.29 (  0.35)	Data 0.0001 (0.0484)	Loss (L1) 3.968 (3.859)
2026-04-26 18:11:41,398 | Epoch: [46][250/254]	Time   0.29 (  0.34)	Data 0.0000 (0.0465)	Loss (L1) 3.567 (3.853)
2026-04-26 18:11:42,488 | Create Epoch [46] features of all training data...
2026-04-26 18:12:55,623 | Updated smoothed statistics on Epoch [46]!
2026-04-26 18:12:55,652 | Updated running statistics with Epoch [46] features!
2026-04-26 18:13:05,519 | Val: [ 0/25]	Time  9.866 ( 9.866)	Loss (MSE) 71.785 (71.785)	Loss (L1) 7.459 (7.459)
2026-04-26 18:13:06,862 | Val: [10/25]	Time  0.083 ( 1.019)	Loss (MSE) 39.931 (42.686)	Loss (L1) 5.006 (5.082)
2026-04-26 18:13:07,697 | Val: [20/25]	Time  0.083 ( 0.574)	Loss (MSE) 45.374 (42.943)	Loss (L1) 4.967 (5.090)
2026-04-26 18:13:08,254 |  * Overall: MSE 42.850	L1 5.078	G-Mean 3.249
2026-04-26 18:13:08,254 |  * Many: MSE 42.118	L1 4.996	G-Mean 3.154
2026-04-26 18:13:08,254 |  * Median: MSE 38.218	L1 4.805	G-Mean 3.089
2026-04-26 18:13:08,254 |  * Low: MSE 67.293	L1 6.918	G-Mean 5.335
2026-04-26 18:13:08,255 | Best L1 Loss: 4.788
2026-04-26 18:13:08,467 | Epoch #46: Train loss [3.8539]; Val loss: MSE [42.8499], L1 [5.0776], G-Mean [3.2494]
2026-04-26 18:13:20,805 | Epoch: [47][  0/254]	Time  12.34 ( 12.34)	Data 12.1766 (12.1766)	Loss (L1) 3.564 (3.564)
2026-04-26 18:13:23,979 | Epoch: [47][ 10/254]	Time   0.38 (  1.41)	Data 0.0003 (1.1073)	Loss (L1) 3.999 (3.850)
2026-04-26 18:13:27,034 | Epoch: [47][ 20/254]	Time   0.29 (  0.88)	Data 0.0005 (0.5802)	Loss (L1) 3.514 (3.783)
2026-04-26 18:13:30,214 | Epoch: [47][ 30/254]	Time   0.30 (  0.70)	Data 0.0003 (0.3934)	Loss (L1) 4.485 (3.817)
2026-04-26 18:13:33,258 | Epoch: [47][ 40/254]	Time   0.31 (  0.60)	Data 0.0003 (0.3011)	Loss (L1) 3.735 (3.828)
2026-04-26 18:13:36,233 | Epoch: [47][ 50/254]	Time   0.30 (  0.54)	Data 0.0002 (0.2421)	Loss (L1) 3.474 (3.896)
2026-04-26 18:13:39,329 | Epoch: [47][ 60/254]	Time   0.31 (  0.51)	Data 0.0003 (0.2025)	Loss (L1) 3.864 (3.864)
2026-04-26 18:13:42,307 | Epoch: [47][ 70/254]	Time   0.29 (  0.48)	Data 0.0004 (0.1740)	Loss (L1) 4.037 (3.858)
2026-04-26 18:13:45,299 | Epoch: [47][ 80/254]	Time   0.30 (  0.45)	Data 0.0003 (0.1526)	Loss (L1) 4.573 (3.868)
2026-04-26 18:13:48,280 | Epoch: [47][ 90/254]	Time   0.30 (  0.44)	Data 0.0003 (0.1358)	Loss (L1) 3.360 (3.842)
2026-04-26 18:13:51,289 | Epoch: [47][100/254]	Time   0.30 (  0.42)	Data 0.0003 (0.1224)	Loss (L1) 4.094 (3.837)
2026-04-26 18:13:54,322 | Epoch: [47][110/254]	Time   0.29 (  0.41)	Data 0.0003 (0.1114)	Loss (L1) 4.134 (3.842)
2026-04-26 18:13:57,340 | Epoch: [47][120/254]	Time   0.31 (  0.40)	Data 0.0003 (0.1023)	Loss (L1) 4.878 (3.853)
2026-04-26 18:14:00,328 | Epoch: [47][130/254]	Time   0.29 (  0.40)	Data 0.0003 (0.0945)	Loss (L1) 3.407 (3.843)
2026-04-26 18:14:03,321 | Epoch: [47][140/254]	Time   0.30 (  0.39)	Data 0.0003 (0.0878)	Loss (L1) 3.818 (3.838)
2026-04-26 18:14:06,341 | Epoch: [47][150/254]	Time   0.32 (  0.38)	Data 0.0003 (0.0821)	Loss (L1) 3.974 (3.836)
2026-04-26 18:14:09,316 | Epoch: [47][160/254]	Time   0.30 (  0.38)	Data 0.0003 (0.0770)	Loss (L1) 3.819 (3.842)
2026-04-26 18:14:12,295 | Epoch: [47][170/254]	Time   0.30 (  0.37)	Data 0.0003 (0.0725)	Loss (L1) 3.324 (3.842)
2026-04-26 18:14:15,328 | Epoch: [47][180/254]	Time   0.28 (  0.37)	Data 0.0002 (0.0685)	Loss (L1) 3.544 (3.843)
2026-04-26 18:14:18,314 | Epoch: [47][190/254]	Time   0.30 (  0.37)	Data 0.0001 (0.0652)	Loss (L1) 3.265 (3.835)
2026-04-26 18:14:21,297 | Epoch: [47][200/254]	Time   0.30 (  0.36)	Data 0.0001 (0.0620)	Loss (L1) 4.701 (3.842)
2026-04-26 18:14:24,236 | Epoch: [47][210/254]	Time   0.29 (  0.36)	Data 0.0001 (0.0591)	Loss (L1) 3.693 (3.838)
2026-04-26 18:14:27,177 | Epoch: [47][220/254]	Time   0.30 (  0.36)	Data 0.0001 (0.0564)	Loss (L1) 3.505 (3.835)
2026-04-26 18:14:30,117 | Epoch: [47][230/254]	Time   0.29 (  0.35)	Data 0.0001 (0.0540)	Loss (L1) 3.978 (3.833)
2026-04-26 18:14:33,045 | Epoch: [47][240/254]	Time   0.29 (  0.35)	Data 0.0001 (0.0517)	Loss (L1) 3.836 (3.835)
2026-04-26 18:14:35,971 | Epoch: [47][250/254]	Time   0.29 (  0.35)	Data 0.0001 (0.0497)	Loss (L1) 3.650 (3.835)
2026-04-26 18:14:37,079 | Create Epoch [47] features of all training data...
2026-04-26 18:15:50,755 | Updated smoothed statistics on Epoch [47]!
2026-04-26 18:15:50,785 | Updated running statistics with Epoch [47] features!
2026-04-26 18:16:00,520 | Val: [ 0/25]	Time  9.734 ( 9.734)	Loss (MSE) 73.075 (73.075)	Loss (L1) 7.499 (7.499)
2026-04-26 18:16:01,357 | Val: [10/25]	Time  0.084 ( 0.961)	Loss (MSE) 40.964 (41.581)	Loss (L1) 5.064 (5.047)
2026-04-26 18:16:02,191 | Val: [20/25]	Time  0.083 ( 0.543)	Loss (MSE) 48.229 (42.673)	Loss (L1) 5.211 (5.136)
2026-04-26 18:16:02,737 |  * Overall: MSE 41.882	L1 5.078	G-Mean 3.320
2026-04-26 18:16:02,737 |  * Many: MSE 42.072	L1 5.059	G-Mean 3.256
2026-04-26 18:16:02,737 |  * Median: MSE 36.614	L1 4.739	G-Mean 3.140
2026-04-26 18:16:02,737 |  * Low: MSE 59.007	L1 6.500	G-Mean 4.970
2026-04-26 18:16:02,738 | Best L1 Loss: 4.788
2026-04-26 18:16:02,953 | Epoch #47: Train loss [3.8357]; Val loss: MSE [41.8822], L1 [5.0776], G-Mean [3.3196]
2026-04-26 18:16:08,527 | Epoch: [48][  0/254]	Time   5.57 (  5.57)	Data 5.4314 (5.4314)	Loss (L1) 3.631 (3.631)
2026-04-26 18:16:18,213 | Epoch: [48][ 10/254]	Time   0.29 (  1.39)	Data 0.0003 (1.1194)	Loss (L1) 3.726 (3.739)
2026-04-26 18:16:21,187 | Epoch: [48][ 20/254]	Time   0.29 (  0.87)	Data 0.0001 (0.5865)	Loss (L1) 3.630 (3.769)
2026-04-26 18:16:24,183 | Epoch: [48][ 30/254]	Time   0.29 (  0.68)	Data 0.0002 (0.3974)	Loss (L1) 4.001 (3.899)
2026-04-26 18:16:27,155 | Epoch: [48][ 40/254]	Time   0.29 (  0.59)	Data 0.0003 (0.3005)	Loss (L1) 3.574 (3.878)
2026-04-26 18:16:30,119 | Epoch: [48][ 50/254]	Time   0.30 (  0.53)	Data 0.0001 (0.2416)	Loss (L1) 3.628 (3.871)
2026-04-26 18:16:33,118 | Epoch: [48][ 60/254]	Time   0.33 (  0.49)	Data 0.0002 (0.2021)	Loss (L1) 3.645 (3.849)
2026-04-26 18:16:36,102 | Epoch: [48][ 70/254]	Time   0.31 (  0.47)	Data 0.0002 (0.1736)	Loss (L1) 3.418 (3.856)
2026-04-26 18:16:39,070 | Epoch: [48][ 80/254]	Time   0.30 (  0.45)	Data 0.0002 (0.1522)	Loss (L1) 3.416 (3.856)
2026-04-26 18:16:42,019 | Epoch: [48][ 90/254]	Time   0.29 (  0.43)	Data 0.0003 (0.1356)	Loss (L1) 4.216 (3.833)
2026-04-26 18:16:52,791 | Epoch: [48][100/254]	Time   0.38 (  0.49)	Data 0.0002 (0.1992)	Loss (L1) 3.458 (3.838)
2026-04-26 18:16:55,793 | Epoch: [48][110/254]	Time   0.31 (  0.48)	Data 0.0002 (0.1813)	Loss (L1) 3.224 (3.831)
2026-04-26 18:16:58,845 | Epoch: [48][120/254]	Time   0.30 (  0.46)	Data 0.0022 (0.1664)	Loss (L1) 3.636 (3.812)
2026-04-26 18:17:08,229 | Epoch: [48][130/254]	Time   0.29 (  0.50)	Data 0.0003 (0.2041)	Loss (L1) 3.939 (3.811)
2026-04-26 18:17:11,236 | Epoch: [48][140/254]	Time   0.30 (  0.48)	Data 0.0002 (0.1913)	Loss (L1) 3.903 (3.809)
2026-04-26 18:17:20,890 | Epoch: [48][150/254]	Time   0.35 (  0.52)	Data 0.0001 (0.2238)	Loss (L1) 3.671 (3.816)
2026-04-26 18:17:23,815 | Epoch: [48][160/254]	Time   0.29 (  0.50)	Data 0.0002 (0.2099)	Loss (L1) 4.671 (3.822)
2026-04-26 18:17:53,555 | Epoch: [48][170/254]	Time   0.30 (  0.65)	Data 0.0001 (0.3554)	Loss (L1) 3.300 (3.811)
2026-04-26 18:17:56,551 | Epoch: [48][180/254]	Time   0.29 (  0.63)	Data 0.0002 (0.3358)	Loss (L1) 3.746 (3.796)
2026-04-26 18:17:59,642 | Epoch: [48][190/254]	Time   0.40 (  0.61)	Data 0.0001 (0.3183)	Loss (L1) 3.533 (3.798)
2026-04-26 18:18:04,188 | Epoch: [48][200/254]	Time   0.30 (  0.60)	Data 0.0004 (0.3109)	Loss (L1) 4.021 (3.800)
2026-04-26 18:18:07,143 | Epoch: [48][210/254]	Time   0.29 (  0.59)	Data 0.0001 (0.2962)	Loss (L1) 3.604 (3.803)
2026-04-26 18:18:10,050 | Epoch: [48][220/254]	Time   0.29 (  0.58)	Data 0.0001 (0.2828)	Loss (L1) 3.402 (3.801)
2026-04-26 18:18:12,963 | Epoch: [48][230/254]	Time   0.29 (  0.56)	Data 0.0001 (0.2705)	Loss (L1) 4.417 (3.807)
2026-04-26 18:18:15,872 | Epoch: [48][240/254]	Time   0.29 (  0.55)	Data 0.0001 (0.2593)	Loss (L1) 3.486 (3.810)
2026-04-26 18:18:18,782 | Epoch: [48][250/254]	Time   0.29 (  0.54)	Data 0.0001 (0.2490)	Loss (L1) 3.754 (3.811)
2026-04-26 18:18:19,888 | Create Epoch [48] features of all training data...
2026-04-26 18:19:33,793 | Updated smoothed statistics on Epoch [48]!
2026-04-26 18:19:33,822 | Updated running statistics with Epoch [48] features!
2026-04-26 18:19:44,032 | Val: [ 0/25]	Time 10.208 (10.208)	Loss (MSE) 86.599 (86.599)	Loss (L1) 8.277 (8.277)
2026-04-26 18:19:44,868 | Val: [10/25]	Time  0.083 ( 1.004)	Loss (MSE) 37.318 (43.349)	Loss (L1) 4.922 (5.159)
2026-04-26 18:19:45,704 | Val: [20/25]	Time  0.084 ( 0.566)	Loss (MSE) 47.341 (42.440)	Loss (L1) 5.178 (5.091)
2026-04-26 18:19:46,252 |  * Overall: MSE 42.287	L1 5.052	G-Mean 3.278
2026-04-26 18:19:46,252 |  * Many: MSE 40.625	L1 4.923	G-Mean 3.151
2026-04-26 18:19:46,252 |  * Median: MSE 40.069	L1 4.980	G-Mean 3.294
2026-04-26 18:19:46,252 |  * Low: MSE 67.687	L1 6.664	G-Mean 4.862
2026-04-26 18:19:46,253 | Best L1 Loss: 4.788
2026-04-26 18:19:46,466 | Epoch #48: Train loss [3.8133]; Val loss: MSE [42.2865], L1 [5.0522], G-Mean [3.2777]
2026-04-26 18:19:58,166 | Epoch: [49][  0/254]	Time  11.70 ( 11.70)	Data 11.5495 (11.5495)	Loss (L1) 3.749 (3.749)
2026-04-26 18:20:02,648 | Epoch: [49][ 10/254]	Time   0.32 (  1.47)	Data 0.0002 (1.1548)	Loss (L1) 3.515 (3.618)
2026-04-26 18:20:05,718 | Epoch: [49][ 20/254]	Time   0.29 (  0.92)	Data 0.0003 (0.6051)	Loss (L1) 3.334 (3.602)
2026-04-26 18:20:08,817 | Epoch: [49][ 30/254]	Time   0.33 (  0.72)	Data 0.0003 (0.4100)	Loss (L1) 3.593 (3.596)
2026-04-26 18:20:11,969 | Epoch: [49][ 40/254]	Time   0.29 (  0.62)	Data 0.0001 (0.3101)	Loss (L1) 3.931 (3.650)
2026-04-26 18:20:15,058 | Epoch: [49][ 50/254]	Time   0.35 (  0.56)	Data 0.0002 (0.2493)	Loss (L1) 3.569 (3.633)
2026-04-26 18:20:18,221 | Epoch: [49][ 60/254]	Time   0.36 (  0.52)	Data 0.0002 (0.2085)	Loss (L1) 3.609 (3.652)
2026-04-26 18:20:21,259 | Epoch: [49][ 70/254]	Time   0.32 (  0.49)	Data 0.0003 (0.1792)	Loss (L1) 4.234 (3.694)
2026-04-26 18:20:24,352 | Epoch: [49][ 80/254]	Time   0.30 (  0.47)	Data 0.0002 (0.1572)	Loss (L1) 3.527 (3.708)
2026-04-26 18:20:27,417 | Epoch: [49][ 90/254]	Time   0.29 (  0.45)	Data 0.0003 (0.1400)	Loss (L1) 3.698 (3.734)
2026-04-26 18:20:30,462 | Epoch: [49][100/254]	Time   0.29 (  0.44)	Data 0.0003 (0.1261)	Loss (L1) 3.464 (3.735)
2026-04-26 18:20:33,560 | Epoch: [49][110/254]	Time   0.36 (  0.42)	Data 0.0003 (0.1148)	Loss (L1) 3.945 (3.744)
2026-04-26 18:20:36,564 | Epoch: [49][120/254]	Time   0.29 (  0.41)	Data 0.0002 (0.1054)	Loss (L1) 3.880 (3.745)
2026-04-26 18:20:39,570 | Epoch: [49][130/254]	Time   0.30 (  0.41)	Data 0.0002 (0.0974)	Loss (L1) 3.810 (3.760)
2026-04-26 18:20:42,576 | Epoch: [49][140/254]	Time   0.30 (  0.40)	Data 0.0002 (0.0905)	Loss (L1) 3.658 (3.770)
2026-04-26 18:20:45,574 | Epoch: [49][150/254]	Time   0.28 (  0.39)	Data 0.0002 (0.0846)	Loss (L1) 3.466 (3.765)
2026-04-26 18:20:48,573 | Epoch: [49][160/254]	Time   0.30 (  0.39)	Data 0.0002 (0.0793)	Loss (L1) 3.888 (3.764)
2026-04-26 18:20:51,559 | Epoch: [49][170/254]	Time   0.30 (  0.38)	Data 0.0002 (0.0747)	Loss (L1) 4.298 (3.787)
2026-04-26 18:20:54,533 | Epoch: [49][180/254]	Time   0.28 (  0.38)	Data 0.0002 (0.0706)	Loss (L1) 3.610 (3.781)
2026-04-26 18:20:57,530 | Epoch: [49][190/254]	Time   0.30 (  0.37)	Data 0.0001 (0.0670)	Loss (L1) 4.970 (3.791)
2026-04-26 18:21:00,468 | Epoch: [49][200/254]	Time   0.29 (  0.37)	Data 0.0001 (0.0636)	Loss (L1) 4.128 (3.791)
2026-04-26 18:21:03,381 | Epoch: [49][210/254]	Time   0.29 (  0.36)	Data 0.0001 (0.0606)	Loss (L1) 4.878 (3.800)
2026-04-26 18:21:06,291 | Epoch: [49][220/254]	Time   0.29 (  0.36)	Data 0.0001 (0.0579)	Loss (L1) 3.415 (3.800)
2026-04-26 18:21:09,195 | Epoch: [49][230/254]	Time   0.29 (  0.36)	Data 0.0001 (0.0554)	Loss (L1) 3.389 (3.788)
2026-04-26 18:21:12,114 | Epoch: [49][240/254]	Time   0.29 (  0.36)	Data 0.0001 (0.0531)	Loss (L1) 3.370 (3.790)
2026-04-26 18:21:15,020 | Epoch: [49][250/254]	Time   0.29 (  0.35)	Data 0.0001 (0.0510)	Loss (L1) 3.628 (3.788)
2026-04-26 18:21:16,108 | Create Epoch [49] features of all training data...
2026-04-26 18:22:28,861 | Updated smoothed statistics on Epoch [49]!
2026-04-26 18:22:28,889 | Updated running statistics with Epoch [49] features!
2026-04-26 18:22:39,136 | Val: [ 0/25]	Time 10.246 (10.246)	Loss (MSE) 74.837 (74.837)	Loss (L1) 7.544 (7.544)
2026-04-26 18:22:39,970 | Val: [10/25]	Time  0.083 ( 1.007)	Loss (MSE) 40.482 (41.947)	Loss (L1) 4.969 (5.032)
2026-04-26 18:22:40,806 | Val: [20/25]	Time  0.084 ( 0.567)	Loss (MSE) 50.068 (43.351)	Loss (L1) 5.203 (5.153)
2026-04-26 18:22:41,355 |  * Overall: MSE 42.034	L1 5.048	G-Mean 3.266
2026-04-26 18:22:41,355 |  * Many: MSE 42.610	L1 5.076	G-Mean 3.276
2026-04-26 18:22:41,355 |  * Median: MSE 37.121	L1 4.725	G-Mean 3.042
2026-04-26 18:22:41,355 |  * Low: MSE 53.831	L1 5.920	G-Mean 4.088
2026-04-26 18:22:41,356 | Best L1 Loss: 4.788
2026-04-26 18:22:41,566 | Epoch #49: Train loss [3.7857]; Val loss: MSE [42.0338], L1 [5.0478], G-Mean [3.2660]
2026-04-26 18:22:47,841 | Epoch: [50][  0/254]	Time   6.27 (  6.27)	Data 6.1324 (6.1324)	Loss (L1) 3.473 (3.473)
2026-04-26 18:22:55,471 | Epoch: [50][ 10/254]	Time   0.29 (  1.26)	Data 0.0002 (1.0022)	Loss (L1) 3.983 (3.773)
2026-04-26 18:22:58,449 | Epoch: [50][ 20/254]	Time   0.29 (  0.80)	Data 0.0002 (0.5251)	Loss (L1) 3.752 (3.656)
2026-04-26 18:23:01,408 | Epoch: [50][ 30/254]	Time   0.30 (  0.64)	Data 0.0002 (0.3560)	Loss (L1) 3.853 (3.794)
2026-04-26 18:23:06,141 | Epoch: [50][ 40/254]	Time   0.30 (  0.60)	Data 0.0004 (0.3163)	Loss (L1) 3.401 (3.810)
2026-04-26 18:23:09,098 | Epoch: [50][ 50/254]	Time   0.30 (  0.54)	Data 0.0003 (0.2543)	Loss (L1) 3.772 (3.772)
2026-04-26 18:23:12,068 | Epoch: [50][ 60/254]	Time   0.31 (  0.50)	Data 0.0002 (0.2127)	Loss (L1) 3.174 (3.783)
2026-04-26 18:23:15,038 | Epoch: [50][ 70/254]	Time   0.29 (  0.47)	Data 0.0003 (0.1829)	Loss (L1) 3.524 (3.758)
2026-04-26 18:23:18,046 | Epoch: [50][ 80/254]	Time   0.29 (  0.45)	Data 0.0003 (0.1604)	Loss (L1) 4.359 (3.760)
2026-04-26 18:23:21,045 | Epoch: [50][ 90/254]	Time   0.29 (  0.43)	Data 0.0004 (0.1429)	Loss (L1) 3.596 (3.759)
2026-04-26 18:23:24,026 | Epoch: [50][100/254]	Time   0.31 (  0.42)	Data 0.0002 (0.1287)	Loss (L1) 4.047 (3.764)
2026-04-26 18:23:26,984 | Epoch: [50][110/254]	Time   0.29 (  0.41)	Data 0.0002 (0.1172)	Loss (L1) 3.538 (3.754)
2026-04-26 18:23:29,930 | Epoch: [50][120/254]	Time   0.29 (  0.40)	Data 0.0002 (0.1075)	Loss (L1) 3.197 (3.735)
2026-04-26 18:23:33,070 | Epoch: [50][130/254]	Time   0.30 (  0.39)	Data 0.0002 (0.0994)	Loss (L1) 4.114 (3.746)
2026-04-26 18:23:36,049 | Epoch: [50][140/254]	Time   0.30 (  0.39)	Data 0.0002 (0.0923)	Loss (L1) 3.595 (3.741)
2026-04-26 18:23:39,018 | Epoch: [50][150/254]	Time   0.30 (  0.38)	Data 0.0002 (0.0862)	Loss (L1) 4.159 (3.730)
2026-04-26 18:23:41,984 | Epoch: [50][160/254]	Time   0.30 (  0.38)	Data 0.0002 (0.0809)	Loss (L1) 4.799 (3.728)
2026-04-26 18:23:44,984 | Epoch: [50][170/254]	Time   0.29 (  0.37)	Data 0.0002 (0.0762)	Loss (L1) 3.611 (3.738)
2026-04-26 18:23:48,040 | Epoch: [50][180/254]	Time   0.30 (  0.37)	Data 0.0002 (0.0720)	Loss (L1) 4.223 (3.749)
2026-04-26 18:23:51,029 | Epoch: [50][190/254]	Time   0.30 (  0.36)	Data 0.0001 (0.0683)	Loss (L1) 3.895 (3.746)
2026-04-26 18:23:53,986 | Epoch: [50][200/254]	Time   0.29 (  0.36)	Data 0.0001 (0.0649)	Loss (L1) 3.688 (3.743)
2026-04-26 18:23:56,930 | Epoch: [50][210/254]	Time   0.29 (  0.36)	Data 0.0001 (0.0618)	Loss (L1) 3.874 (3.746)
2026-04-26 18:23:59,861 | Epoch: [50][220/254]	Time   0.29 (  0.35)	Data 0.0001 (0.0591)	Loss (L1) 3.834 (3.753)
2026-04-26 18:24:02,784 | Epoch: [50][230/254]	Time   0.29 (  0.35)	Data 0.0001 (0.0565)	Loss (L1) 3.483 (3.753)
2026-04-26 18:24:05,699 | Epoch: [50][240/254]	Time   0.29 (  0.35)	Data 0.0003 (0.0542)	Loss (L1) 3.574 (3.750)
2026-04-26 18:24:08,609 | Epoch: [50][250/254]	Time   0.29 (  0.35)	Data 0.0000 (0.0520)	Loss (L1) 3.483 (3.757)
2026-04-26 18:24:09,698 | Create Epoch [50] features of all training data...
2026-04-26 18:25:22,810 | Updated smoothed statistics on Epoch [50]!
2026-04-26 18:25:22,840 | Updated running statistics with Epoch [50] features!
2026-04-26 18:25:32,395 | Val: [ 0/25]	Time  9.554 ( 9.554)	Loss (MSE) 97.061 (97.061)	Loss (L1) 8.929 (8.929)
2026-04-26 18:25:33,231 | Val: [10/25]	Time  0.083 ( 0.945)	Loss (MSE) 40.940 (46.831)	Loss (L1) 5.022 (5.382)
2026-04-26 18:25:34,063 | Val: [20/25]	Time  0.083 ( 0.534)	Loss (MSE) 38.198 (41.240)	Loss (L1) 4.721 (5.063)
2026-04-26 18:25:34,610 |  * Overall: MSE 38.976	L1 4.869	G-Mean 3.195
2026-04-26 18:25:34,610 |  * Many: MSE 37.616	L1 4.776	G-Mean 3.115
2026-04-26 18:25:34,610 |  * Median: MSE 40.626	L1 5.071	G-Mean 3.431
2026-04-26 18:25:34,610 |  * Low: MSE 47.203	L1 5.112	G-Mean 3.214
2026-04-26 18:25:34,611 | Best L1 Loss: 4.788
2026-04-26 18:25:34,827 | Epoch #50: Train loss [3.7562]; Val loss: MSE [38.9762], L1 [4.8693], G-Mean [3.1947]
2026-04-26 18:25:43,366 | Epoch: [51][  0/254]	Time   8.54 (  8.54)	Data 8.3703 (8.3703)	Loss (L1) 3.951 (3.951)
2026-04-26 18:25:50,222 | Epoch: [51][ 10/254]	Time   0.29 (  1.40)	Data 0.0003 (1.1101)	Loss (L1) 3.691 (3.722)
2026-04-26 18:25:53,196 | Epoch: [51][ 20/254]	Time   0.30 (  0.87)	Data 0.0003 (0.5817)	Loss (L1) 3.979 (3.677)
2026-04-26 18:25:56,226 | Epoch: [51][ 30/254]	Time   0.30 (  0.69)	Data 0.0003 (0.3942)	Loss (L1) 3.387 (3.683)
2026-04-26 18:25:59,630 | Epoch: [51][ 40/254]	Time   0.28 (  0.60)	Data 0.0002 (0.3091)	Loss (L1) 3.760 (3.677)
2026-04-26 18:26:02,601 | Epoch: [51][ 50/254]	Time   0.30 (  0.54)	Data 0.0003 (0.2486)	Loss (L1) 3.884 (3.688)
2026-04-26 18:26:05,790 | Epoch: [51][ 60/254]	Time   0.31 (  0.51)	Data 0.0002 (0.2079)	Loss (L1) 3.364 (3.651)
2026-04-26 18:26:08,804 | Epoch: [51][ 70/254]	Time   0.30 (  0.48)	Data 0.0003 (0.1787)	Loss (L1) 4.208 (3.668)
2026-04-26 18:26:11,771 | Epoch: [51][ 80/254]	Time   0.30 (  0.46)	Data 0.0003 (0.1566)	Loss (L1) 3.957 (3.676)
2026-04-26 18:26:14,787 | Epoch: [51][ 90/254]	Time   0.28 (  0.44)	Data 0.0002 (0.1395)	Loss (L1) 3.529 (3.675)
2026-04-26 18:26:17,791 | Epoch: [51][100/254]	Time   0.31 (  0.43)	Data 0.0003 (0.1257)	Loss (L1) 3.854 (3.691)
2026-04-26 18:26:20,827 | Epoch: [51][110/254]	Time   0.30 (  0.41)	Data 0.0002 (0.1144)	Loss (L1) 3.746 (3.687)
2026-04-26 18:26:23,900 | Epoch: [51][120/254]	Time   0.34 (  0.41)	Data 0.0003 (0.1050)	Loss (L1) 4.073 (3.684)
2026-04-26 18:26:26,902 | Epoch: [51][130/254]	Time   0.29 (  0.40)	Data 0.0004 (0.0970)	Loss (L1) 3.563 (3.703)
2026-04-26 18:26:29,916 | Epoch: [51][140/254]	Time   0.30 (  0.39)	Data 0.0003 (0.0901)	Loss (L1) 3.805 (3.704)
2026-04-26 18:26:32,959 | Epoch: [51][150/254]	Time   0.30 (  0.38)	Data 0.0003 (0.0842)	Loss (L1) 4.762 (3.753)
2026-04-26 18:26:35,998 | Epoch: [51][160/254]	Time   0.29 (  0.38)	Data 0.0003 (0.0790)	Loss (L1) 4.172 (3.758)
2026-04-26 18:26:39,121 | Epoch: [51][170/254]	Time   0.29 (  0.38)	Data 0.0003 (0.0744)	Loss (L1) 3.336 (3.759)
2026-04-26 18:26:42,115 | Epoch: [51][180/254]	Time   0.30 (  0.37)	Data 0.0003 (0.0703)	Loss (L1) 4.148 (3.769)
2026-04-26 18:26:45,164 | Epoch: [51][190/254]	Time   0.30 (  0.37)	Data 0.0001 (0.0668)	Loss (L1) 3.773 (3.759)
2026-04-26 18:26:48,143 | Epoch: [51][200/254]	Time   0.29 (  0.36)	Data 0.0003 (0.0635)	Loss (L1) 3.488 (3.751)
2026-04-26 18:26:51,064 | Epoch: [51][210/254]	Time   0.29 (  0.36)	Data 0.0001 (0.0605)	Loss (L1) 3.374 (3.757)
2026-04-26 18:26:53,970 | Epoch: [51][220/254]	Time   0.29 (  0.36)	Data 0.0001 (0.0577)	Loss (L1) 3.857 (3.753)
2026-04-26 18:26:56,876 | Epoch: [51][230/254]	Time   0.29 (  0.36)	Data 0.0001 (0.0552)	Loss (L1) 3.841 (3.754)
2026-04-26 18:26:59,772 | Epoch: [51][240/254]	Time   0.29 (  0.35)	Data 0.0001 (0.0530)	Loss (L1) 3.614 (3.758)
2026-04-26 18:27:02,677 | Epoch: [51][250/254]	Time   0.29 (  0.35)	Data 0.0001 (0.0508)	Loss (L1) 3.510 (3.757)
2026-04-26 18:27:03,781 | Create Epoch [51] features of all training data...
2026-04-26 18:28:17,619 | Updated smoothed statistics on Epoch [51]!
2026-04-26 18:28:17,647 | Updated running statistics with Epoch [51] features!
2026-04-26 18:28:24,780 | Val: [ 0/25]	Time  7.132 ( 7.132)	Loss (MSE) 95.803 (95.803)	Loss (L1) 8.966 (8.966)
2026-04-26 18:28:28,202 | Val: [10/25]	Time  0.083 ( 0.959)	Loss (MSE) 42.743 (47.214)	Loss (L1) 5.249 (5.413)
2026-04-26 18:28:29,036 | Val: [20/25]	Time  0.083 ( 0.542)	Loss (MSE) 42.316 (42.817)	Loss (L1) 5.119 (5.159)
2026-04-26 18:28:29,612 |  * Overall: MSE 41.010	L1 5.008	G-Mean 3.263
2026-04-26 18:28:29,612 |  * Many: MSE 39.831	L1 4.907	G-Mean 3.183
2026-04-26 18:28:29,612 |  * Median: MSE 41.096	L1 5.112	G-Mean 3.411
2026-04-26 18:28:29,612 |  * Low: MSE 53.014	L1 5.681	G-Mean 3.610
2026-04-26 18:28:29,613 | Best L1 Loss: 4.788
2026-04-26 18:28:29,824 | Epoch #51: Train loss [3.7587]; Val loss: MSE [41.0101], L1 [5.0076], G-Mean [3.2633]
2026-04-26 18:28:36,442 | Epoch: [52][  0/254]	Time   6.62 (  6.62)	Data 6.4016 (6.4016)	Loss (L1) 3.577 (3.577)
2026-04-26 18:28:45,224 | Epoch: [52][ 10/254]	Time   0.30 (  1.40)	Data 0.0002 (1.1351)	Loss (L1) 4.450 (3.840)
2026-04-26 18:28:48,205 | Epoch: [52][ 20/254]	Time   0.29 (  0.88)	Data 0.0003 (0.5947)	Loss (L1) 3.972 (3.811)
2026-04-26 18:28:51,617 | Epoch: [52][ 30/254]	Time   0.36 (  0.70)	Data 0.0002 (0.4031)	Loss (L1) 3.514 (3.731)
2026-04-26 18:28:54,591 | Epoch: [52][ 40/254]	Time   0.30 (  0.60)	Data 0.0002 (0.3048)	Loss (L1) 3.555 (3.735)
2026-04-26 18:28:57,608 | Epoch: [52][ 50/254]	Time   0.30 (  0.54)	Data 0.0003 (0.2452)	Loss (L1) 3.752 (3.768)
2026-04-26 18:29:00,838 | Epoch: [52][ 60/254]	Time   0.33 (  0.51)	Data 0.0002 (0.2051)	Loss (L1) 3.586 (3.776)
2026-04-26 18:29:03,801 | Epoch: [52][ 70/254]	Time   0.29 (  0.48)	Data 0.0002 (0.1762)	Loss (L1) 3.864 (3.759)
2026-04-26 18:29:06,841 | Epoch: [52][ 80/254]	Time   0.30 (  0.46)	Data 0.0003 (0.1545)	Loss (L1) 3.822 (3.770)
2026-04-26 18:29:09,817 | Epoch: [52][ 90/254]	Time   0.30 (  0.44)	Data 0.0002 (0.1376)	Loss (L1) 3.947 (3.759)
2026-04-26 18:29:12,823 | Epoch: [52][100/254]	Time   0.29 (  0.43)	Data 0.0003 (0.1240)	Loss (L1) 3.872 (3.753)
2026-04-26 18:29:16,008 | Epoch: [52][110/254]	Time   0.29 (  0.42)	Data 0.0002 (0.1130)	Loss (L1) 3.539 (3.744)
2026-04-26 18:29:19,044 | Epoch: [52][120/254]	Time   0.31 (  0.41)	Data 0.0003 (0.1037)	Loss (L1) 3.409 (3.731)
2026-04-26 18:29:22,070 | Epoch: [52][130/254]	Time   0.30 (  0.40)	Data 0.0003 (0.0958)	Loss (L1) 4.603 (3.747)
2026-04-26 18:29:25,051 | Epoch: [52][140/254]	Time   0.31 (  0.39)	Data 0.0002 (0.0890)	Loss (L1) 3.530 (3.742)
2026-04-26 18:29:28,083 | Epoch: [52][150/254]	Time   0.30 (  0.39)	Data 0.0003 (0.0831)	Loss (L1) 3.599 (3.751)
2026-04-26 18:29:31,194 | Epoch: [52][160/254]	Time   0.32 (  0.38)	Data 0.0001 (0.0780)	Loss (L1) 3.677 (3.743)
2026-04-26 18:29:34,210 | Epoch: [52][170/254]	Time   0.32 (  0.38)	Data 0.0002 (0.0735)	Loss (L1) 4.533 (3.751)
2026-04-26 18:29:37,214 | Epoch: [52][180/254]	Time   0.30 (  0.37)	Data 0.0003 (0.0694)	Loss (L1) 3.463 (3.752)
2026-04-26 18:29:40,212 | Epoch: [52][190/254]	Time   0.29 (  0.37)	Data 0.0001 (0.0659)	Loss (L1) 4.261 (3.747)
2026-04-26 18:29:43,149 | Epoch: [52][200/254]	Time   0.29 (  0.36)	Data 0.0001 (0.0626)	Loss (L1) 3.471 (3.748)
2026-04-26 18:29:46,065 | Epoch: [52][210/254]	Time   0.29 (  0.36)	Data 0.0001 (0.0596)	Loss (L1) 3.063 (3.755)
2026-04-26 18:29:48,973 | Epoch: [52][220/254]	Time   0.29 (  0.36)	Data 0.0001 (0.0569)	Loss (L1) 3.579 (3.747)
2026-04-26 18:29:51,882 | Epoch: [52][230/254]	Time   0.29 (  0.36)	Data 0.0001 (0.0545)	Loss (L1) 3.212 (3.755)
2026-04-26 18:29:54,784 | Epoch: [52][240/254]	Time   0.29 (  0.35)	Data 0.0001 (0.0522)	Loss (L1) 2.992 (3.748)
2026-04-26 18:29:57,686 | Epoch: [52][250/254]	Time   0.29 (  0.35)	Data 0.0002 (0.0501)	Loss (L1) 4.656 (3.748)
2026-04-26 18:29:58,768 | Create Epoch [52] features of all training data...
2026-04-26 18:31:11,619 | Updated smoothed statistics on Epoch [52]!
2026-04-26 18:31:11,649 | Updated running statistics with Epoch [52] features!
2026-04-26 18:31:17,637 | Val: [ 0/25]	Time  5.987 ( 5.987)	Loss (MSE) 69.131 (69.131)	Loss (L1) 7.384 (7.384)
2026-04-26 18:31:22,505 | Val: [10/25]	Time  0.083 ( 0.987)	Loss (MSE) 31.391 (35.289)	Loss (L1) 4.388 (4.624)
2026-04-26 18:31:23,339 | Val: [20/25]	Time  0.083 ( 0.557)	Loss (MSE) 55.417 (38.712)	Loss (L1) 5.736 (4.907)
2026-04-26 18:31:23,900 |  * Overall: MSE 39.957	L1 4.997	G-Mean 3.286
2026-04-26 18:31:23,900 |  * Many: MSE 37.882	L1 4.824	G-Mean 3.102
2026-04-26 18:31:23,900 |  * Median: MSE 38.986	L1 4.987	G-Mean 3.380
2026-04-26 18:31:23,900 |  * Low: MSE 65.156	L1 6.838	G-Mean 5.417
2026-04-26 18:31:23,901 | Best L1 Loss: 4.788
2026-04-26 18:31:24,114 | Epoch #52: Train loss [3.7461]; Val loss: MSE [39.9575], L1 [4.9967], G-Mean [3.2860]
2026-04-26 18:31:34,483 | Epoch: [53][  0/254]	Time  10.37 ( 10.37)	Data 10.2095 (10.2095)	Loss (L1) 3.841 (3.841)
2026-04-26 18:31:38,533 | Epoch: [53][ 10/254]	Time   0.30 (  1.31)	Data 0.0002 (1.0686)	Loss (L1) 4.879 (3.710)
2026-04-26 18:31:41,497 | Epoch: [53][ 20/254]	Time   0.29 (  0.83)	Data 0.0002 (0.5598)	Loss (L1) 3.512 (3.705)
2026-04-26 18:31:44,454 | Epoch: [53][ 30/254]	Time   0.30 (  0.66)	Data 0.0002 (0.3793)	Loss (L1) 4.276 (3.700)
2026-04-26 18:31:47,431 | Epoch: [53][ 40/254]	Time   0.30 (  0.57)	Data 0.0029 (0.2894)	Loss (L1) 4.118 (3.764)
2026-04-26 18:31:50,395 | Epoch: [53][ 50/254]	Time   0.30 (  0.52)	Data 0.0002 (0.2327)	Loss (L1) 3.880 (3.828)
2026-04-26 18:31:53,351 | Epoch: [53][ 60/254]	Time   0.30 (  0.48)	Data 0.0002 (0.1946)	Loss (L1) 4.086 (3.808)
2026-04-26 18:31:56,600 | Epoch: [53][ 70/254]	Time   0.31 (  0.46)	Data 0.0002 (0.1730)	Loss (L1) 3.432 (3.800)
2026-04-26 18:31:59,599 | Epoch: [53][ 80/254]	Time   0.32 (  0.44)	Data 0.0002 (0.1517)	Loss (L1) 5.329 (3.819)
2026-04-26 18:32:02,573 | Epoch: [53][ 90/254]	Time   0.29 (  0.42)	Data 0.0002 (0.1350)	Loss (L1) 4.307 (3.822)
2026-04-26 18:32:05,563 | Epoch: [53][100/254]	Time   0.29 (  0.41)	Data 0.0002 (0.1217)	Loss (L1) 3.655 (3.810)
2026-04-26 18:32:08,528 | Epoch: [53][110/254]	Time   0.30 (  0.40)	Data 0.0002 (0.1107)	Loss (L1) 4.013 (3.802)
2026-04-26 18:32:11,506 | Epoch: [53][120/254]	Time   0.30 (  0.39)	Data 0.0002 (0.1016)	Loss (L1) 3.641 (3.805)
2026-04-26 18:32:14,558 | Epoch: [53][130/254]	Time   0.32 (  0.39)	Data 0.0002 (0.0939)	Loss (L1) 3.518 (3.806)
2026-04-26 18:32:17,513 | Epoch: [53][140/254]	Time   0.30 (  0.38)	Data 0.0002 (0.0872)	Loss (L1) 3.689 (3.806)
2026-04-26 18:32:20,521 | Epoch: [53][150/254]	Time   0.30 (  0.37)	Data 0.0002 (0.0815)	Loss (L1) 3.876 (3.804)
2026-04-26 18:32:23,531 | Epoch: [53][160/254]	Time   0.31 (  0.37)	Data 0.0004 (0.0764)	Loss (L1) 3.205 (3.791)
2026-04-26 18:32:26,490 | Epoch: [53][170/254]	Time   0.29 (  0.36)	Data 0.0002 (0.0720)	Loss (L1) 3.506 (3.796)
2026-04-26 18:32:29,498 | Epoch: [53][180/254]	Time   0.32 (  0.36)	Data 0.0002 (0.0680)	Loss (L1) 3.821 (3.786)
2026-04-26 18:32:32,590 | Epoch: [53][190/254]	Time   0.30 (  0.36)	Data 0.0001 (0.0647)	Loss (L1) 3.545 (3.786)
2026-04-26 18:32:35,550 | Epoch: [53][200/254]	Time   0.29 (  0.36)	Data 0.0001 (0.0615)	Loss (L1) 3.637 (3.775)
2026-04-26 18:32:38,489 | Epoch: [53][210/254]	Time   0.29 (  0.35)	Data 0.0001 (0.0586)	Loss (L1) 3.759 (3.774)
2026-04-26 18:32:41,417 | Epoch: [53][220/254]	Time   0.29 (  0.35)	Data 0.0001 (0.0559)	Loss (L1) 4.006 (3.770)
2026-04-26 18:32:44,345 | Epoch: [53][230/254]	Time   0.29 (  0.35)	Data 0.0001 (0.0535)	Loss (L1) 4.073 (3.774)
2026-04-26 18:32:47,257 | Epoch: [53][240/254]	Time   0.29 (  0.34)	Data 0.0000 (0.0513)	Loss (L1) 3.468 (3.778)
2026-04-26 18:32:50,171 | Epoch: [53][250/254]	Time   0.29 (  0.34)	Data 0.0001 (0.0492)	Loss (L1) 4.009 (3.781)
2026-04-26 18:32:51,259 | Create Epoch [53] features of all training data...
2026-04-26 18:34:04,527 | Updated smoothed statistics on Epoch [53]!
2026-04-26 18:34:04,555 | Updated running statistics with Epoch [53] features!
2026-04-26 18:34:10,617 | Val: [ 0/25]	Time  6.061 ( 6.061)	Loss (MSE) 98.103 (98.103)	Loss (L1) 8.866 (8.866)
2026-04-26 18:34:14,988 | Val: [10/25]	Time  0.083 ( 0.948)	Loss (MSE) 36.870 (44.986)	Loss (L1) 4.750 (5.253)
2026-04-26 18:34:15,822 | Val: [20/25]	Time  0.084 ( 0.536)	Loss (MSE) 40.646 (41.114)	Loss (L1) 4.781 (5.032)
2026-04-26 18:34:16,376 |  * Overall: MSE 40.021	L1 4.944	G-Mean 3.218
2026-04-26 18:34:16,376 |  * Many: MSE 37.743	L1 4.764	G-Mean 3.065
2026-04-26 18:34:16,376 |  * Median: MSE 40.853	L1 5.080	G-Mean 3.365
2026-04-26 18:34:16,376 |  * Low: MSE 60.793	L1 6.328	G-Mean 4.561
2026-04-26 18:34:16,378 | Best L1 Loss: 4.788
2026-04-26 18:34:16,597 | Epoch #53: Train loss [3.7792]; Val loss: MSE [40.0210], L1 [4.9436], G-Mean [3.2183]
2026-04-26 18:34:29,192 | Epoch: [54][  0/254]	Time  12.59 ( 12.59)	Data 12.4265 (12.4265)	Loss (L1) 3.963 (3.963)
2026-04-26 18:34:32,150 | Epoch: [54][ 10/254]	Time   0.29 (  1.41)	Data 0.0004 (1.1299)	Loss (L1) 3.338 (3.556)
2026-04-26 18:34:35,217 | Epoch: [54][ 20/254]	Time   0.39 (  0.89)	Data 0.0002 (0.5920)	Loss (L1) 3.222 (3.603)
2026-04-26 18:34:38,371 | Epoch: [54][ 30/254]	Time   0.32 (  0.70)	Data 0.0002 (0.4014)	Loss (L1) 3.967 (3.680)
2026-04-26 18:34:41,608 | Epoch: [54][ 40/254]	Time   0.30 (  0.61)	Data 0.0002 (0.3036)	Loss (L1) 4.317 (3.736)
2026-04-26 18:34:44,685 | Epoch: [54][ 50/254]	Time   0.35 (  0.55)	Data 0.0003 (0.2441)	Loss (L1) 3.689 (3.795)
2026-04-26 18:34:47,669 | Epoch: [54][ 60/254]	Time   0.32 (  0.51)	Data 0.0003 (0.2042)	Loss (L1) 3.611 (3.794)
2026-04-26 18:34:50,802 | Epoch: [54][ 70/254]	Time   0.29 (  0.48)	Data 0.0003 (0.1754)	Loss (L1) 3.746 (3.792)
2026-04-26 18:34:53,793 | Epoch: [54][ 80/254]	Time   0.31 (  0.46)	Data 0.0002 (0.1538)	Loss (L1) 3.518 (3.798)
2026-04-26 18:34:56,821 | Epoch: [54][ 90/254]	Time   0.31 (  0.44)	Data 0.0003 (0.1370)	Loss (L1) 3.566 (3.785)
2026-04-26 18:34:59,888 | Epoch: [54][100/254]	Time   0.30 (  0.43)	Data 0.0003 (0.1234)	Loss (L1) 3.636 (3.768)
2026-04-26 18:35:02,901 | Epoch: [54][110/254]	Time   0.29 (  0.42)	Data 0.0003 (0.1123)	Loss (L1) 3.770 (3.754)
2026-04-26 18:35:05,959 | Epoch: [54][120/254]	Time   0.34 (  0.41)	Data 0.0002 (0.1031)	Loss (L1) 3.995 (3.756)
2026-04-26 18:35:09,038 | Epoch: [54][130/254]	Time   0.30 (  0.40)	Data 0.0002 (0.0952)	Loss (L1) 4.270 (3.761)
2026-04-26 18:35:12,026 | Epoch: [54][140/254]	Time   0.28 (  0.39)	Data 0.0003 (0.0885)	Loss (L1) 3.602 (3.750)
2026-04-26 18:35:15,086 | Epoch: [54][150/254]	Time   0.28 (  0.39)	Data 0.0003 (0.0826)	Loss (L1) 3.622 (3.733)
2026-04-26 18:35:18,145 | Epoch: [54][160/254]	Time   0.31 (  0.38)	Data 0.0003 (0.0776)	Loss (L1) 3.975 (3.734)
2026-04-26 18:35:21,144 | Epoch: [54][170/254]	Time   0.29 (  0.38)	Data 0.0006 (0.0730)	Loss (L1) 3.823 (3.734)
2026-04-26 18:35:24,143 | Epoch: [54][180/254]	Time   0.30 (  0.37)	Data 0.0003 (0.0690)	Loss (L1) 3.440 (3.735)
2026-04-26 18:35:27,162 | Epoch: [54][190/254]	Time   0.31 (  0.37)	Data 0.0001 (0.0657)	Loss (L1) 3.732 (3.733)
2026-04-26 18:35:30,114 | Epoch: [54][200/254]	Time   0.29 (  0.37)	Data 0.0001 (0.0625)	Loss (L1) 3.367 (3.735)
2026-04-26 18:35:33,027 | Epoch: [54][210/254]	Time   0.29 (  0.36)	Data 0.0002 (0.0595)	Loss (L1) 3.718 (3.737)
2026-04-26 18:35:35,945 | Epoch: [54][220/254]	Time   0.29 (  0.36)	Data 0.0001 (0.0568)	Loss (L1) 4.050 (3.739)
2026-04-26 18:35:38,853 | Epoch: [54][230/254]	Time   0.29 (  0.36)	Data 0.0001 (0.0544)	Loss (L1) 3.514 (3.734)
2026-04-26 18:35:41,760 | Epoch: [54][240/254]	Time   0.29 (  0.35)	Data 0.0001 (0.0521)	Loss (L1) 4.074 (3.729)
2026-04-26 18:35:44,677 | Epoch: [54][250/254]	Time   0.29 (  0.35)	Data 0.0001 (0.0500)	Loss (L1) 3.740 (3.722)
2026-04-26 18:35:45,780 | Create Epoch [54] features of all training data...
2026-04-26 18:37:00,145 | Updated smoothed statistics on Epoch [54]!
2026-04-26 18:37:00,174 | Updated running statistics with Epoch [54] features!
2026-04-26 18:37:08,669 | Val: [ 0/25]	Time  8.494 ( 8.494)	Loss (MSE) 86.751 (86.751)	Loss (L1) 8.341 (8.341)
2026-04-26 18:37:10,553 | Val: [10/25]	Time  0.083 ( 0.943)	Loss (MSE) 34.814 (43.717)	Loss (L1) 4.629 (5.239)
2026-04-26 18:37:11,388 | Val: [20/25]	Time  0.084 ( 0.534)	Loss (MSE) 41.709 (40.140)	Loss (L1) 4.838 (4.976)
2026-04-26 18:37:11,959 |  * Overall: MSE 40.425	L1 4.979	G-Mean 3.228
2026-04-26 18:37:11,960 |  * Many: MSE 36.878	L1 4.699	G-Mean 2.999
2026-04-26 18:37:11,960 |  * Median: MSE 42.262	L1 5.215	G-Mean 3.517
2026-04-26 18:37:11,960 |  * Low: MSE 70.821	L1 7.048	G-Mean 5.112
2026-04-26 18:37:11,961 | Best L1 Loss: 4.788
2026-04-26 18:37:12,177 | Epoch #54: Train loss [3.7199]; Val loss: MSE [40.4254], L1 [4.9793], G-Mean [3.2283]
2026-04-26 18:37:20,477 | Epoch: [55][  0/254]	Time   8.30 (  8.30)	Data 8.1525 (8.1525)	Loss (L1) 3.298 (3.298)
2026-04-26 18:37:26,979 | Epoch: [55][ 10/254]	Time   0.29 (  1.35)	Data 0.0002 (1.0861)	Loss (L1) 3.377 (3.553)
2026-04-26 18:37:29,923 | Epoch: [55][ 20/254]	Time   0.29 (  0.84)	Data 0.0003 (0.5690)	Loss (L1) 3.146 (3.588)
2026-04-26 18:37:32,877 | Epoch: [55][ 30/254]	Time   0.30 (  0.67)	Data 0.0002 (0.3855)	Loss (L1) 3.557 (3.649)
2026-04-26 18:37:35,908 | Epoch: [55][ 40/254]	Time   0.30 (  0.58)	Data 0.0003 (0.2916)	Loss (L1) 3.493 (3.657)
2026-04-26 18:37:38,863 | Epoch: [55][ 50/254]	Time   0.30 (  0.52)	Data 0.0003 (0.2345)	Loss (L1) 3.895 (3.665)
2026-04-26 18:37:41,855 | Epoch: [55][ 60/254]	Time   0.30 (  0.49)	Data 0.0002 (0.1961)	Loss (L1) 4.207 (3.666)
2026-04-26 18:37:44,877 | Epoch: [55][ 70/254]	Time   0.29 (  0.46)	Data 0.0002 (0.1685)	Loss (L1) 3.606 (3.664)
2026-04-26 18:37:47,835 | Epoch: [55][ 80/254]	Time   0.29 (  0.44)	Data 0.0003 (0.1477)	Loss (L1) 3.255 (3.667)
2026-04-26 18:37:50,826 | Epoch: [55][ 90/254]	Time   0.28 (  0.42)	Data 0.0003 (0.1315)	Loss (L1) 3.635 (3.693)
2026-04-26 18:37:53,872 | Epoch: [55][100/254]	Time   0.30 (  0.41)	Data 0.0002 (0.1187)	Loss (L1) 4.021 (3.679)
2026-04-26 18:37:56,835 | Epoch: [55][110/254]	Time   0.29 (  0.40)	Data 0.0002 (0.1080)	Loss (L1) 3.486 (3.700)
2026-04-26 18:37:59,811 | Epoch: [55][120/254]	Time   0.30 (  0.39)	Data 0.0002 (0.0991)	Loss (L1) 3.539 (3.699)
2026-04-26 18:38:02,793 | Epoch: [55][130/254]	Time   0.29 (  0.39)	Data 0.0002 (0.0916)	Loss (L1) 3.663 (3.719)
2026-04-26 18:38:05,762 | Epoch: [55][140/254]	Time   0.29 (  0.38)	Data 0.0002 (0.0851)	Loss (L1) 4.752 (3.731)
2026-04-26 18:38:08,729 | Epoch: [55][150/254]	Time   0.30 (  0.37)	Data 0.0002 (0.0795)	Loss (L1) 3.477 (3.723)
2026-04-26 18:38:11,711 | Epoch: [55][160/254]	Time   0.31 (  0.37)	Data 0.0002 (0.0746)	Loss (L1) 3.611 (3.714)
2026-04-26 18:38:14,709 | Epoch: [55][170/254]	Time   0.28 (  0.37)	Data 0.0002 (0.0702)	Loss (L1) 3.753 (3.714)
2026-04-26 18:38:17,684 | Epoch: [55][180/254]	Time   0.30 (  0.36)	Data 0.0003 (0.0664)	Loss (L1) 3.511 (3.708)
2026-04-26 18:38:20,650 | Epoch: [55][190/254]	Time   0.30 (  0.36)	Data 0.0001 (0.0630)	Loss (L1) 3.272 (3.696)
2026-04-26 18:38:23,605 | Epoch: [55][200/254]	Time   0.30 (  0.36)	Data 0.0001 (0.0599)	Loss (L1) 3.691 (3.690)
2026-04-26 18:38:26,547 | Epoch: [55][210/254]	Time   0.29 (  0.35)	Data 0.0001 (0.0571)	Loss (L1) 3.774 (3.685)
2026-04-26 18:38:29,475 | Epoch: [55][220/254]	Time   0.29 (  0.35)	Data 0.0002 (0.0545)	Loss (L1) 3.701 (3.691)
2026-04-26 18:38:32,393 | Epoch: [55][230/254]	Time   0.29 (  0.35)	Data 0.0001 (0.0521)	Loss (L1) 3.288 (3.685)
2026-04-26 18:38:35,309 | Epoch: [55][240/254]	Time   0.29 (  0.34)	Data 0.0001 (0.0500)	Loss (L1) 3.628 (3.689)
2026-04-26 18:38:38,224 | Epoch: [55][250/254]	Time   0.29 (  0.34)	Data 0.0001 (0.0480)	Loss (L1) 4.362 (3.699)
2026-04-26 18:38:39,326 | Create Epoch [55] features of all training data...
2026-04-26 18:39:52,209 | Updated smoothed statistics on Epoch [55]!
2026-04-26 18:39:52,238 | Updated running statistics with Epoch [55] features!
2026-04-26 18:40:00,080 | Val: [ 0/25]	Time  7.840 ( 7.840)	Loss (MSE) 87.878 (87.878)	Loss (L1) 8.330 (8.330)
2026-04-26 18:40:02,606 | Val: [10/25]	Time  0.083 ( 0.942)	Loss (MSE) 31.417 (41.729)	Loss (L1) 4.339 (5.096)
2026-04-26 18:40:03,442 | Val: [20/25]	Time  0.083 ( 0.533)	Loss (MSE) 57.942 (42.000)	Loss (L1) 6.090 (5.168)
2026-04-26 18:40:03,986 |  * Overall: MSE 43.551	L1 5.306	G-Mean 3.552
2026-04-26 18:40:03,986 |  * Many: MSE 39.133	L1 4.927	G-Mean 3.208
2026-04-26 18:40:03,986 |  * Median: MSE 48.035	L1 5.803	G-Mean 4.146
2026-04-26 18:40:03,986 |  * Low: MSE 73.427	L1 7.466	G-Mean 5.867
2026-04-26 18:40:03,987 | Best L1 Loss: 4.788
2026-04-26 18:40:04,203 | Epoch #55: Train loss [3.6984]; Val loss: MSE [43.5507], L1 [5.3059], G-Mean [3.5516]
2026-04-26 18:40:15,831 | Epoch: [56][  0/254]	Time  11.63 ( 11.63)	Data 11.4740 (11.4740)	Loss (L1) 4.857 (4.857)
2026-04-26 18:40:18,807 | Epoch: [56][ 10/254]	Time   0.30 (  1.33)	Data 0.0002 (1.0435)	Loss (L1) 3.706 (3.862)
2026-04-26 18:40:21,794 | Epoch: [56][ 20/254]	Time   0.29 (  0.84)	Data 0.0004 (0.5467)	Loss (L1) 3.354 (3.913)
2026-04-26 18:40:24,770 | Epoch: [56][ 30/254]	Time   0.30 (  0.66)	Data 0.0003 (0.3705)	Loss (L1) 3.782 (3.827)
2026-04-26 18:40:28,195 | Epoch: [56][ 40/254]	Time   0.30 (  0.59)	Data 0.0003 (0.2948)	Loss (L1) 3.973 (3.894)
2026-04-26 18:40:31,148 | Epoch: [56][ 50/254]	Time   0.29 (  0.53)	Data 0.0003 (0.2371)	Loss (L1) 3.414 (3.921)
2026-04-26 18:40:34,117 | Epoch: [56][ 60/254]	Time   0.29 (  0.49)	Data 0.0003 (0.1983)	Loss (L1) 4.000 (3.912)
2026-04-26 18:40:37,137 | Epoch: [56][ 70/254]	Time   0.30 (  0.46)	Data 0.0002 (0.1739)	Loss (L1) 3.212 (3.855)
2026-04-26 18:40:40,106 | Epoch: [56][ 80/254]	Time   0.29 (  0.44)	Data 0.0001 (0.1524)	Loss (L1) 3.541 (3.816)
2026-04-26 18:40:43,069 | Epoch: [56][ 90/254]	Time   0.30 (  0.43)	Data 0.0002 (0.1357)	Loss (L1) 3.617 (3.798)
2026-04-26 18:40:46,076 | Epoch: [56][100/254]	Time   0.30 (  0.41)	Data 0.0001 (0.1240)	Loss (L1) 3.749 (3.769)
2026-04-26 18:40:49,040 | Epoch: [56][110/254]	Time   0.30 (  0.40)	Data 0.0002 (0.1128)	Loss (L1) 3.699 (3.779)
2026-04-26 18:40:52,034 | Epoch: [56][120/254]	Time   0.30 (  0.40)	Data 0.0002 (0.1035)	Loss (L1) 4.302 (3.763)
2026-04-26 18:40:55,030 | Epoch: [56][130/254]	Time   0.30 (  0.39)	Data 0.0003 (0.0956)	Loss (L1) 3.621 (3.744)
2026-04-26 18:40:58,009 | Epoch: [56][140/254]	Time   0.30 (  0.38)	Data 0.0002 (0.0889)	Loss (L1) 3.680 (3.739)
2026-04-26 18:41:00,988 | Epoch: [56][150/254]	Time   0.31 (  0.38)	Data 0.0002 (0.0830)	Loss (L1) 3.558 (3.738)
2026-04-26 18:41:03,934 | Epoch: [56][160/254]	Time   0.29 (  0.37)	Data 0.0003 (0.0779)	Loss (L1) 3.731 (3.732)
2026-04-26 18:41:06,925 | Epoch: [56][170/254]	Time   0.30 (  0.37)	Data 0.0002 (0.0733)	Loss (L1) 4.351 (3.727)
2026-04-26 18:41:09,882 | Epoch: [56][180/254]	Time   0.30 (  0.36)	Data 0.0002 (0.0693)	Loss (L1) 3.409 (3.716)
2026-04-26 18:41:12,877 | Epoch: [56][190/254]	Time   0.30 (  0.36)	Data 0.0001 (0.0658)	Loss (L1) 3.779 (3.711)
2026-04-26 18:41:15,838 | Epoch: [56][200/254]	Time   0.30 (  0.36)	Data 0.0001 (0.0626)	Loss (L1) 3.382 (3.719)
2026-04-26 18:41:18,788 | Epoch: [56][210/254]	Time   0.29 (  0.35)	Data 0.0001 (0.0596)	Loss (L1) 3.865 (3.714)
2026-04-26 18:41:21,714 | Epoch: [56][220/254]	Time   0.29 (  0.35)	Data 0.0001 (0.0569)	Loss (L1) 3.414 (3.708)
2026-04-26 18:41:24,632 | Epoch: [56][230/254]	Time   0.29 (  0.35)	Data 0.0001 (0.0545)	Loss (L1) 3.246 (3.707)
2026-04-26 18:41:27,550 | Epoch: [56][240/254]	Time   0.29 (  0.35)	Data 0.0001 (0.0522)	Loss (L1) 3.443 (3.711)
2026-04-26 18:41:30,470 | Epoch: [56][250/254]	Time   0.29 (  0.34)	Data 0.0001 (0.0501)	Loss (L1) 3.938 (3.714)
2026-04-26 18:41:31,573 | Create Epoch [56] features of all training data...
2026-04-26 18:42:44,733 | Updated smoothed statistics on Epoch [56]!
2026-04-26 18:42:44,761 | Updated running statistics with Epoch [56] features!
2026-04-26 18:42:51,870 | Val: [ 0/25]	Time  7.108 ( 7.108)	Loss (MSE) 108.991 (108.991)	Loss (L1) 9.605 (9.605)
2026-04-26 18:42:55,101 | Val: [10/25]	Time  0.083 ( 0.940)	Loss (MSE) 41.229 (51.516)	Loss (L1) 5.085 (5.782)
2026-04-26 18:42:56,366 | Val: [20/25]	Time  0.083 ( 0.553)	Loss (MSE) 36.969 (43.479)	Loss (L1) 4.837 (5.219)
2026-04-26 18:42:56,925 |  * Overall: MSE 42.270	L1 5.106	G-Mean 3.341
2026-04-26 18:42:56,926 |  * Many: MSE 38.526	L1 4.818	G-Mean 3.106
2026-04-26 18:42:56,926 |  * Median: MSE 47.986	L1 5.668	G-Mean 3.895
2026-04-26 18:42:56,926 |  * Low: MSE 60.646	L1 6.081	G-Mean 4.095
2026-04-26 18:42:56,927 | Best L1 Loss: 4.788
2026-04-26 18:42:57,138 | Epoch #56: Train loss [3.7174]; Val loss: MSE [42.2701], L1 [5.1062], G-Mean [3.3410]
2026-04-26 18:43:08,729 | Epoch: [57][  0/254]	Time  11.59 ( 11.59)	Data 11.4383 (11.4383)	Loss (L1) 3.840 (3.840)
2026-04-26 18:43:12,119 | Epoch: [57][ 10/254]	Time   0.30 (  1.36)	Data 0.0002 (1.0847)	Loss (L1) 4.625 (3.910)
2026-04-26 18:43:15,128 | Epoch: [57][ 20/254]	Time   0.31 (  0.86)	Data 0.0002 (0.5683)	Loss (L1) 3.979 (3.841)
2026-04-26 18:43:18,414 | Epoch: [57][ 30/254]	Time   0.29 (  0.69)	Data 0.0002 (0.3850)	Loss (L1) 3.096 (3.736)
2026-04-26 18:43:21,445 | Epoch: [57][ 40/254]	Time   0.29 (  0.59)	Data 0.0004 (0.2912)	Loss (L1) 3.998 (3.704)
2026-04-26 18:43:24,571 | Epoch: [57][ 50/254]	Time   0.29 (  0.54)	Data 0.0002 (0.2342)	Loss (L1) 3.750 (3.701)
2026-04-26 18:43:27,658 | Epoch: [57][ 60/254]	Time   0.33 (  0.50)	Data 0.0002 (0.1958)	Loss (L1) 3.889 (3.678)
2026-04-26 18:43:30,663 | Epoch: [57][ 70/254]	Time   0.30 (  0.47)	Data 0.0002 (0.1683)	Loss (L1) 3.872 (3.686)
2026-04-26 18:43:33,646 | Epoch: [57][ 80/254]	Time   0.30 (  0.45)	Data 0.0003 (0.1476)	Loss (L1) 3.763 (3.683)
2026-04-26 18:43:36,751 | Epoch: [57][ 90/254]	Time   0.34 (  0.44)	Data 0.0003 (0.1315)	Loss (L1) 3.869 (3.675)
2026-04-26 18:43:39,731 | Epoch: [57][100/254]	Time   0.30 (  0.42)	Data 0.0003 (0.1185)	Loss (L1) 3.675 (3.673)
2026-04-26 18:43:42,717 | Epoch: [57][110/254]	Time   0.30 (  0.41)	Data 0.0003 (0.1078)	Loss (L1) 4.031 (3.689)
2026-04-26 18:43:45,801 | Epoch: [57][120/254]	Time   0.30 (  0.40)	Data 0.0002 (0.0989)	Loss (L1) 3.387 (3.693)
2026-04-26 18:43:48,857 | Epoch: [57][130/254]	Time   0.30 (  0.39)	Data 0.0002 (0.0914)	Loss (L1) 3.529 (3.698)
2026-04-26 18:43:51,828 | Epoch: [57][140/254]	Time   0.29 (  0.39)	Data 0.0003 (0.0850)	Loss (L1) 3.473 (3.697)
2026-04-26 18:43:54,856 | Epoch: [57][150/254]	Time   0.29 (  0.38)	Data 0.0002 (0.0794)	Loss (L1) 3.398 (3.691)
2026-04-26 18:43:57,906 | Epoch: [57][160/254]	Time   0.30 (  0.38)	Data 0.0004 (0.0745)	Loss (L1) 3.538 (3.708)
2026-04-26 18:44:00,938 | Epoch: [57][170/254]	Time   0.31 (  0.37)	Data 0.0003 (0.0702)	Loss (L1) 3.921 (3.716)
2026-04-26 18:44:04,008 | Epoch: [57][180/254]	Time   0.30 (  0.37)	Data 0.0003 (0.0663)	Loss (L1) 3.778 (3.713)
2026-04-26 18:44:07,025 | Epoch: [57][190/254]	Time   0.30 (  0.37)	Data 0.0001 (0.0630)	Loss (L1) 3.554 (3.719)
2026-04-26 18:44:10,008 | Epoch: [57][200/254]	Time   0.29 (  0.36)	Data 0.0001 (0.0599)	Loss (L1) 3.629 (3.713)
2026-04-26 18:44:12,954 | Epoch: [57][210/254]	Time   0.30 (  0.36)	Data 0.0001 (0.0571)	Loss (L1) 4.808 (3.713)
2026-04-26 18:44:15,886 | Epoch: [57][220/254]	Time   0.29 (  0.36)	Data 0.0001 (0.0545)	Loss (L1) 3.199 (3.707)
2026-04-26 18:44:18,812 | Epoch: [57][230/254]	Time   0.29 (  0.35)	Data 0.0001 (0.0521)	Loss (L1) 3.821 (3.704)
2026-04-26 18:44:21,730 | Epoch: [57][240/254]	Time   0.29 (  0.35)	Data 0.0000 (0.0500)	Loss (L1) 3.624 (3.698)
2026-04-26 18:44:24,653 | Epoch: [57][250/254]	Time   0.29 (  0.35)	Data 0.0001 (0.0480)	Loss (L1) 4.131 (3.702)
2026-04-26 18:44:25,757 | Create Epoch [57] features of all training data...
2026-04-26 18:45:39,525 | Updated smoothed statistics on Epoch [57]!
2026-04-26 18:45:39,554 | Updated running statistics with Epoch [57] features!
2026-04-26 18:45:49,752 | Val: [ 0/25]	Time 10.195 (10.195)	Loss (MSE) 65.281 (65.281)	Loss (L1) 7.009 (7.009)
2026-04-26 18:45:50,586 | Val: [10/25]	Time  0.083 ( 1.003)	Loss (MSE) 39.952 (40.640)	Loss (L1) 4.969 (5.005)
2026-04-26 18:45:51,417 | Val: [20/25]	Time  0.083 ( 0.565)	Loss (MSE) 59.854 (45.737)	Loss (L1) 5.728 (5.320)
2026-04-26 18:45:51,957 |  * Overall: MSE 45.728	L1 5.317	G-Mean 3.487
2026-04-26 18:45:51,957 |  * Many: MSE 45.582	L1 5.281	G-Mean 3.416
2026-04-26 18:45:51,957 |  * Median: MSE 40.424	L1 4.984	G-Mean 3.301
2026-04-26 18:45:51,957 |  * Low: MSE 66.497	L1 6.912	G-Mean 5.262
2026-04-26 18:45:51,958 | Best L1 Loss: 4.788
2026-04-26 18:45:52,174 | Epoch #57: Train loss [3.7026]; Val loss: MSE [45.7283], L1 [5.3174], G-Mean [3.4868]
2026-04-26 18:46:00,482 | Epoch: [58][  0/254]	Time   8.31 (  8.31)	Data 8.1370 (8.1370)	Loss (L1) 3.803 (3.803)
2026-04-26 18:46:07,680 | Epoch: [58][ 10/254]	Time   0.41 (  1.41)	Data 0.0002 (1.1094)	Loss (L1) 3.401 (3.623)
2026-04-26 18:46:10,856 | Epoch: [58][ 20/254]	Time   0.35 (  0.89)	Data 0.0002 (0.5819)	Loss (L1) 3.268 (3.507)
2026-04-26 18:46:13,910 | Epoch: [58][ 30/254]	Time   0.30 (  0.70)	Data 0.0002 (0.3943)	Loss (L1) 3.325 (3.569)
2026-04-26 18:46:17,052 | Epoch: [58][ 40/254]	Time   0.31 (  0.61)	Data 0.0002 (0.3004)	Loss (L1) 3.928 (3.539)
2026-04-26 18:46:20,069 | Epoch: [58][ 50/254]	Time   0.30 (  0.55)	Data 0.0002 (0.2417)	Loss (L1) 3.884 (3.562)
2026-04-26 18:46:23,140 | Epoch: [58][ 60/254]	Time   0.30 (  0.51)	Data 0.0002 (0.2021)	Loss (L1) 3.458 (3.566)
2026-04-26 18:46:26,225 | Epoch: [58][ 70/254]	Time   0.32 (  0.48)	Data 0.0002 (0.1737)	Loss (L1) 3.431 (3.573)
2026-04-26 18:46:29,215 | Epoch: [58][ 80/254]	Time   0.30 (  0.46)	Data 0.0002 (0.1523)	Loss (L1) 3.766 (3.599)
2026-04-26 18:46:32,326 | Epoch: [58][ 90/254]	Time   0.35 (  0.44)	Data 0.0002 (0.1356)	Loss (L1) 3.346 (3.576)
2026-04-26 18:46:35,396 | Epoch: [58][100/254]	Time   0.31 (  0.43)	Data 0.0004 (0.1222)	Loss (L1) 3.533 (3.582)
2026-04-26 18:46:38,404 | Epoch: [58][110/254]	Time   0.30 (  0.42)	Data 0.0003 (0.1112)	Loss (L1) 3.696 (3.596)
2026-04-26 18:46:41,481 | Epoch: [58][120/254]	Time   0.30 (  0.41)	Data 0.0002 (0.1022)	Loss (L1) 2.977 (3.604)
2026-04-26 18:46:44,509 | Epoch: [58][130/254]	Time   0.29 (  0.40)	Data 0.0001 (0.0944)	Loss (L1) 3.523 (3.606)
2026-04-26 18:46:47,511 | Epoch: [58][140/254]	Time   0.29 (  0.39)	Data 0.0002 (0.0877)	Loss (L1) 3.175 (3.605)
2026-04-26 18:46:50,559 | Epoch: [58][150/254]	Time   0.29 (  0.39)	Data 0.0002 (0.0819)	Loss (L1) 3.709 (3.606)
2026-04-26 18:46:53,607 | Epoch: [58][160/254]	Time   0.29 (  0.38)	Data 0.0002 (0.0769)	Loss (L1) 3.225 (3.605)
2026-04-26 18:46:56,616 | Epoch: [58][170/254]	Time   0.32 (  0.38)	Data 0.0001 (0.0724)	Loss (L1) 3.356 (3.604)
2026-04-26 18:46:59,660 | Epoch: [58][180/254]	Time   0.30 (  0.37)	Data 0.0003 (0.0684)	Loss (L1) 3.433 (3.611)
2026-04-26 18:47:02,633 | Epoch: [58][190/254]	Time   0.30 (  0.37)	Data 0.0001 (0.0649)	Loss (L1) 3.367 (3.612)
2026-04-26 18:47:05,618 | Epoch: [58][200/254]	Time   0.29 (  0.37)	Data 0.0001 (0.0617)	Loss (L1) 3.620 (3.613)
2026-04-26 18:47:08,537 | Epoch: [58][210/254]	Time   0.29 (  0.36)	Data 0.0001 (0.0588)	Loss (L1) 3.498 (3.615)
2026-04-26 18:47:11,453 | Epoch: [58][220/254]	Time   0.29 (  0.36)	Data 0.0001 (0.0561)	Loss (L1) 3.846 (3.613)
2026-04-26 18:47:14,366 | Epoch: [58][230/254]	Time   0.29 (  0.36)	Data 0.0000 (0.0537)	Loss (L1) 3.690 (3.613)
2026-04-26 18:47:17,290 | Epoch: [58][240/254]	Time   0.29 (  0.35)	Data 0.0001 (0.0515)	Loss (L1) 3.422 (3.638)
2026-04-26 18:47:20,200 | Epoch: [58][250/254]	Time   0.29 (  0.35)	Data 0.0001 (0.0494)	Loss (L1) 3.416 (3.634)
2026-04-26 18:47:21,329 | Create Epoch [58] features of all training data...
2026-04-26 18:48:34,455 | Updated smoothed statistics on Epoch [58]!
2026-04-26 18:48:34,483 | Updated running statistics with Epoch [58] features!
2026-04-26 18:48:43,235 | Val: [ 0/25]	Time  8.751 ( 8.751)	Loss (MSE) 75.676 (75.676)	Loss (L1) 7.686 (7.686)
2026-04-26 18:48:45,176 | Val: [10/25]	Time  0.083 ( 0.972)	Loss (MSE) 31.286 (37.164)	Loss (L1) 4.382 (4.779)
2026-04-26 18:48:46,006 | Val: [20/25]	Time  0.083 ( 0.549)	Loss (MSE) 52.814 (39.020)	Loss (L1) 5.495 (4.866)
2026-04-26 18:48:46,576 |  * Overall: MSE 43.122	L1 5.158	G-Mean 3.342
2026-04-26 18:48:46,576 |  * Many: MSE 37.184	L1 4.681	G-Mean 2.928
2026-04-26 18:48:46,576 |  * Median: MSE 43.570	L1 5.418	G-Mean 3.862
2026-04-26 18:48:46,576 |  * Low: MSE 103.514	L1 9.186	G-Mean 7.856
2026-04-26 18:48:46,577 | Best L1 Loss: 4.788
2026-04-26 18:48:46,790 | Epoch #58: Train loss [3.6343]; Val loss: MSE [43.1217], L1 [5.1575], G-Mean [3.3419]
2026-04-26 18:48:56,446 | Epoch: [59][  0/254]	Time   9.65 (  9.65)	Data 9.4492 (9.4492)	Loss (L1) 4.247 (4.247)
2026-04-26 18:49:02,629 | Epoch: [59][ 10/254]	Time   0.31 (  1.44)	Data 0.0003 (1.1598)	Loss (L1) 3.799 (3.658)
2026-04-26 18:49:05,638 | Epoch: [59][ 20/254]	Time   0.27 (  0.90)	Data 0.0002 (0.6076)	Loss (L1) 3.299 (3.647)
2026-04-26 18:49:08,714 | Epoch: [59][ 30/254]	Time   0.33 (  0.71)	Data 0.0003 (0.4117)	Loss (L1) 3.456 (3.629)
2026-04-26 18:49:11,683 | Epoch: [59][ 40/254]	Time   0.30 (  0.61)	Data 0.0044 (0.3117)	Loss (L1) 3.272 (3.586)
2026-04-26 18:49:14,710 | Epoch: [59][ 50/254]	Time   0.32 (  0.55)	Data 0.0002 (0.2506)	Loss (L1) 3.739 (3.662)
2026-04-26 18:49:17,860 | Epoch: [59][ 60/254]	Time   0.29 (  0.51)	Data 0.0001 (0.2102)	Loss (L1) 3.404 (3.661)
2026-04-26 18:49:20,963 | Epoch: [59][ 70/254]	Time   0.32 (  0.48)	Data 0.0003 (0.1806)	Loss (L1) 3.783 (3.671)
2026-04-26 18:49:24,066 | Epoch: [59][ 80/254]	Time   0.31 (  0.46)	Data 0.0002 (0.1584)	Loss (L1) 3.796 (3.647)
2026-04-26 18:49:27,174 | Epoch: [59][ 90/254]	Time   0.32 (  0.44)	Data 0.0002 (0.1410)	Loss (L1) 3.943 (3.652)
2026-04-26 18:49:30,113 | Epoch: [59][100/254]	Time   0.30 (  0.43)	Data 0.0001 (0.1271)	Loss (L1) 3.729 (3.651)
2026-04-26 18:49:33,062 | Epoch: [59][110/254]	Time   0.29 (  0.42)	Data 0.0002 (0.1156)	Loss (L1) 3.386 (3.643)
2026-04-26 18:49:36,013 | Epoch: [59][120/254]	Time   0.29 (  0.41)	Data 0.0003 (0.1061)	Loss (L1) 3.990 (3.647)
2026-04-26 18:49:39,005 | Epoch: [59][130/254]	Time   0.29 (  0.40)	Data 0.0003 (0.0980)	Loss (L1) 3.108 (3.641)
2026-04-26 18:49:41,943 | Epoch: [59][140/254]	Time   0.29 (  0.39)	Data 0.0002 (0.0911)	Loss (L1) 3.764 (3.651)
2026-04-26 18:49:44,870 | Epoch: [59][150/254]	Time   0.29 (  0.38)	Data 0.0003 (0.0851)	Loss (L1) 3.504 (3.651)
2026-04-26 18:49:47,890 | Epoch: [59][160/254]	Time   0.35 (  0.38)	Data 0.0003 (0.0798)	Loss (L1) 3.418 (3.636)
2026-04-26 18:49:55,305 | Epoch: [59][170/254]	Time   0.29 (  0.40)	Data 0.0002 (0.1013)	Loss (L1) 3.428 (3.625)
2026-04-26 18:49:58,381 | Epoch: [59][180/254]	Time   0.31 (  0.40)	Data 0.0002 (0.0957)	Loss (L1) 3.362 (3.634)
2026-04-26 18:50:01,416 | Epoch: [59][190/254]	Time   0.29 (  0.39)	Data 0.0001 (0.0909)	Loss (L1) 3.532 (3.640)
2026-04-26 18:50:04,469 | Epoch: [59][200/254]	Time   0.29 (  0.39)	Data 0.0001 (0.0876)	Loss (L1) 3.932 (3.645)
2026-04-26 18:50:07,383 | Epoch: [59][210/254]	Time   0.29 (  0.38)	Data 0.0001 (0.0834)	Loss (L1) 3.692 (3.647)
2026-04-26 18:50:13,538 | Epoch: [59][220/254]	Time   0.29 (  0.39)	Data 0.0001 (0.0950)	Loss (L1) 4.010 (3.657)
2026-04-26 18:50:37,013 | Epoch: [59][230/254]	Time   0.29 (  0.48)	Data 0.0001 (0.1820)	Loss (L1) 3.761 (3.654)
2026-04-26 18:50:39,902 | Epoch: [59][240/254]	Time   0.29 (  0.47)	Data 0.0001 (0.1745)	Loss (L1) 3.750 (3.648)
2026-04-26 18:50:42,793 | Epoch: [59][250/254]	Time   0.29 (  0.46)	Data 0.0001 (0.1675)	Loss (L1) 2.956 (3.643)
2026-04-26 18:50:43,886 | Create Epoch [59] features of all training data...
2026-04-26 18:52:10,667 | Updated smoothed statistics on Epoch [59]!
2026-04-26 18:52:10,695 | Updated running statistics with Epoch [59] features!
2026-04-26 18:52:17,097 | Val: [ 0/25]	Time  6.400 ( 6.400)	Loss (MSE) 78.854 (78.854)	Loss (L1) 8.035 (8.035)
2026-04-26 18:52:21,669 | Val: [10/25]	Time  0.083 ( 0.997)	Loss (MSE) 35.271 (40.315)	Loss (L1) 4.709 (4.983)
2026-04-26 18:52:22,505 | Val: [20/25]	Time  0.084 ( 0.562)	Loss (MSE) 45.733 (38.302)	Loss (L1) 5.117 (4.826)
2026-04-26 18:52:23,061 |  * Overall: MSE 41.308	L1 5.049	G-Mean 3.313
2026-04-26 18:52:23,061 |  * Many: MSE 36.212	L1 4.624	G-Mean 2.954
2026-04-26 18:52:23,061 |  * Median: MSE 41.317	L1 5.262	G-Mean 3.691
2026-04-26 18:52:23,061 |  * Low: MSE 94.510	L1 8.727	G-Mean 7.428
2026-04-26 18:52:23,062 | Best L1 Loss: 4.788
2026-04-26 18:52:23,281 | Epoch #59: Train loss [3.6437]; Val loss: MSE [41.3084], L1 [5.0494], G-Mean [3.3131]
2026-04-26 18:52:29,797 | Epoch: [60][  0/254]	Time   6.51 (  6.51)	Data 6.2826 (6.2826)	Loss (L1) 3.369 (3.369)
2026-04-26 18:52:39,268 | Epoch: [60][ 10/254]	Time   0.30 (  1.45)	Data 0.0002 (1.1812)	Loss (L1) 3.322 (3.405)
2026-04-26 18:52:42,265 | Epoch: [60][ 20/254]	Time   0.32 (  0.90)	Data 0.0002 (0.6188)	Loss (L1) 3.293 (3.448)
2026-04-26 18:52:45,377 | Epoch: [60][ 30/254]	Time   0.31 (  0.71)	Data 0.0002 (0.4193)	Loss (L1) 3.287 (3.457)
2026-04-26 18:52:48,535 | Epoch: [60][ 40/254]	Time   0.31 (  0.62)	Data 0.0003 (0.3175)	Loss (L1) 3.155 (3.413)
2026-04-26 18:52:51,680 | Epoch: [60][ 50/254]	Time   0.34 (  0.56)	Data 0.0006 (0.2553)	Loss (L1) 3.840 (3.439)
2026-04-26 18:52:54,871 | Epoch: [60][ 60/254]	Time   0.30 (  0.52)	Data 0.0002 (0.2135)	Loss (L1) 3.417 (3.439)
2026-04-26 18:52:57,995 | Epoch: [60][ 70/254]	Time   0.31 (  0.49)	Data 0.0003 (0.1837)	Loss (L1) 3.065 (3.427)
2026-04-26 18:53:01,054 | Epoch: [60][ 80/254]	Time   0.31 (  0.47)	Data 0.0011 (0.1611)	Loss (L1) 3.485 (3.439)
2026-04-26 18:53:04,063 | Epoch: [60][ 90/254]	Time   0.29 (  0.45)	Data 0.0002 (0.1434)	Loss (L1) 3.777 (3.465)
2026-04-26 18:53:07,129 | Epoch: [60][100/254]	Time   0.31 (  0.43)	Data 0.0006 (0.1293)	Loss (L1) 2.777 (3.453)
2026-04-26 18:53:10,217 | Epoch: [60][110/254]	Time   0.30 (  0.42)	Data 0.0003 (0.1176)	Loss (L1) 3.014 (3.458)
2026-04-26 18:53:13,271 | Epoch: [60][120/254]	Time   0.32 (  0.41)	Data 0.0002 (0.1080)	Loss (L1) 3.384 (3.446)
2026-04-26 18:53:16,294 | Epoch: [60][130/254]	Time   0.32 (  0.40)	Data 0.0002 (0.0997)	Loss (L1) 3.989 (3.451)
2026-04-26 18:53:19,479 | Epoch: [60][140/254]	Time   0.31 (  0.40)	Data 0.0002 (0.0927)	Loss (L1) 3.526 (3.444)
2026-04-26 18:53:22,449 | Epoch: [60][150/254]	Time   0.30 (  0.39)	Data 0.0002 (0.0866)	Loss (L1) 3.144 (3.434)
2026-04-26 18:53:25,572 | Epoch: [60][160/254]	Time   0.30 (  0.39)	Data 0.0002 (0.0813)	Loss (L1) 3.312 (3.450)
2026-04-26 18:53:28,708 | Epoch: [60][170/254]	Time   0.30 (  0.38)	Data 0.0002 (0.0765)	Loss (L1) 3.375 (3.443)
2026-04-26 18:53:31,762 | Epoch: [60][180/254]	Time   0.32 (  0.38)	Data 0.0002 (0.0724)	Loss (L1) 3.524 (3.451)
2026-04-26 18:53:34,770 | Epoch: [60][190/254]	Time   0.30 (  0.37)	Data 0.0001 (0.0687)	Loss (L1) 3.846 (3.450)
2026-04-26 18:53:37,713 | Epoch: [60][200/254]	Time   0.29 (  0.37)	Data 0.0001 (0.0653)	Loss (L1) 3.486 (3.447)
2026-04-26 18:53:40,634 | Epoch: [60][210/254]	Time   0.29 (  0.37)	Data 0.0002 (0.0622)	Loss (L1) 3.983 (3.448)
2026-04-26 18:53:43,539 | Epoch: [60][220/254]	Time   0.29 (  0.36)	Data 0.0000 (0.0594)	Loss (L1) 3.610 (3.440)
2026-04-26 18:53:46,451 | Epoch: [60][230/254]	Time   0.29 (  0.36)	Data 0.0000 (0.0569)	Loss (L1) 3.346 (3.438)
2026-04-26 18:53:49,357 | Epoch: [60][240/254]	Time   0.29 (  0.36)	Data 0.0001 (0.0545)	Loss (L1) 3.153 (3.434)
2026-04-26 18:53:52,266 | Epoch: [60][250/254]	Time   0.29 (  0.35)	Data 0.0001 (0.0523)	Loss (L1) 4.532 (3.432)
2026-04-26 18:53:53,362 | Create Epoch [60] features of all training data...
2026-04-26 18:55:06,486 | Updated smoothed statistics on Epoch [60]!
2026-04-26 18:55:06,514 | Updated running statistics with Epoch [60] features!
2026-04-26 18:55:15,017 | Val: [ 0/25]	Time  8.501 ( 8.501)	Loss (MSE) 92.541 (92.541)	Loss (L1) 8.754 (8.754)
2026-04-26 18:55:17,562 | Val: [10/25]	Time  0.083 ( 1.004)	Loss (MSE) 35.855 (43.807)	Loss (L1) 4.774 (5.213)
2026-04-26 18:55:18,393 | Val: [20/25]	Time  0.083 ( 0.566)	Loss (MSE) 44.738 (40.246)	Loss (L1) 5.026 (4.957)
2026-04-26 18:55:18,932 |  * Overall: MSE 42.510	L1 5.116	G-Mean 3.354
2026-04-26 18:55:18,933 |  * Many: MSE 36.778	L1 4.659	G-Mean 2.996
2026-04-26 18:55:18,933 |  * Median: MSE 45.138	L1 5.514	G-Mean 3.796
2026-04-26 18:55:18,933 |  * Low: MSE 92.848	L1 8.451	G-Mean 6.971
2026-04-26 18:55:18,933 | Best L1 Loss: 4.788
2026-04-26 18:55:19,147 | Epoch #60: Train loss [3.4342]; Val loss: MSE [42.5097], L1 [5.1161], G-Mean [3.3540]
2026-04-26 18:55:33,101 | Epoch: [61][  0/254]	Time  13.95 ( 13.95)	Data 13.7810 (13.7810)	Loss (L1) 3.774 (3.774)
2026-04-26 18:55:36,104 | Epoch: [61][ 10/254]	Time   0.30 (  1.54)	Data 0.0003 (1.2531)	Loss (L1) 3.411 (3.542)
2026-04-26 18:55:39,084 | Epoch: [61][ 20/254]	Time   0.31 (  0.95)	Data 0.0003 (0.6566)	Loss (L1) 3.489 (3.474)
2026-04-26 18:55:42,066 | Epoch: [61][ 30/254]	Time   0.28 (  0.74)	Data 0.0003 (0.4449)	Loss (L1) 2.944 (3.422)
2026-04-26 18:55:45,111 | Epoch: [61][ 40/254]	Time   0.30 (  0.63)	Data 0.0002 (0.3368)	Loss (L1) 3.016 (3.398)
2026-04-26 18:55:48,195 | Epoch: [61][ 50/254]	Time   0.31 (  0.57)	Data 0.0003 (0.2708)	Loss (L1) 3.703 (3.397)
2026-04-26 18:55:51,237 | Epoch: [61][ 60/254]	Time   0.30 (  0.53)	Data 0.0003 (0.2265)	Loss (L1) 3.174 (3.417)
2026-04-26 18:55:54,260 | Epoch: [61][ 70/254]	Time   0.32 (  0.49)	Data 0.0002 (0.1946)	Loss (L1) 3.081 (3.406)
2026-04-26 18:55:57,276 | Epoch: [61][ 80/254]	Time   0.32 (  0.47)	Data 0.0002 (0.1706)	Loss (L1) 3.093 (3.397)
2026-04-26 18:56:00,285 | Epoch: [61][ 90/254]	Time   0.31 (  0.45)	Data 0.0003 (0.1519)	Loss (L1) 3.703 (3.422)
2026-04-26 18:56:03,343 | Epoch: [61][100/254]	Time   0.35 (  0.44)	Data 0.0002 (0.1369)	Loss (L1) 3.480 (3.414)
2026-04-26 18:56:06,421 | Epoch: [61][110/254]	Time   0.30 (  0.43)	Data 0.0002 (0.1246)	Loss (L1) 3.223 (3.424)
2026-04-26 18:56:09,433 | Epoch: [61][120/254]	Time   0.31 (  0.42)	Data 0.0002 (0.1143)	Loss (L1) 3.296 (3.410)
2026-04-26 18:56:12,591 | Epoch: [61][130/254]	Time   0.30 (  0.41)	Data 0.0002 (0.1056)	Loss (L1) 3.095 (3.403)
2026-04-26 18:56:15,604 | Epoch: [61][140/254]	Time   0.31 (  0.40)	Data 0.0003 (0.0982)	Loss (L1) 3.116 (3.396)
2026-04-26 18:56:18,581 | Epoch: [61][150/254]	Time   0.30 (  0.39)	Data 0.0003 (0.0917)	Loss (L1) 3.204 (3.396)
2026-04-26 18:56:21,673 | Epoch: [61][160/254]	Time   0.30 (  0.39)	Data 0.0004 (0.0860)	Loss (L1) 3.394 (3.395)
2026-04-26 18:56:24,712 | Epoch: [61][170/254]	Time   0.31 (  0.38)	Data 0.0003 (0.0810)	Loss (L1) 3.263 (3.392)
2026-04-26 18:56:27,697 | Epoch: [61][180/254]	Time   0.30 (  0.38)	Data 0.0003 (0.0765)	Loss (L1) 3.414 (3.397)
2026-04-26 18:56:30,716 | Epoch: [61][190/254]	Time   0.31 (  0.37)	Data 0.0002 (0.0727)	Loss (L1) 3.981 (3.395)
2026-04-26 18:56:33,654 | Epoch: [61][200/254]	Time   0.29 (  0.37)	Data 0.0001 (0.0691)	Loss (L1) 3.504 (3.388)
2026-04-26 18:56:36,588 | Epoch: [61][210/254]	Time   0.30 (  0.37)	Data 0.0001 (0.0658)	Loss (L1) 3.512 (3.378)
2026-04-26 18:56:39,517 | Epoch: [61][220/254]	Time   0.29 (  0.36)	Data 0.0001 (0.0628)	Loss (L1) 3.320 (3.379)
2026-04-26 18:56:42,451 | Epoch: [61][230/254]	Time   0.29 (  0.36)	Data 0.0001 (0.0601)	Loss (L1) 3.409 (3.383)
2026-04-26 18:56:45,378 | Epoch: [61][240/254]	Time   0.29 (  0.36)	Data 0.0001 (0.0576)	Loss (L1) 3.565 (3.383)
2026-04-26 18:56:48,293 | Epoch: [61][250/254]	Time   0.29 (  0.36)	Data 0.0001 (0.0553)	Loss (L1) 3.770 (3.381)
2026-04-26 18:56:49,377 | Create Epoch [61] features of all training data...
2026-04-26 18:58:01,513 | Updated smoothed statistics on Epoch [61]!
2026-04-26 18:58:01,541 | Updated running statistics with Epoch [61] features!
2026-04-26 18:58:11,263 | Val: [ 0/25]	Time  9.720 ( 9.720)	Loss (MSE) 83.527 (83.527)	Loss (L1) 8.273 (8.273)
2026-04-26 18:58:12,569 | Val: [10/25]	Time  0.083 ( 1.002)	Loss (MSE) 36.248 (41.990)	Loss (L1) 4.798 (5.114)
2026-04-26 18:58:13,403 | Val: [20/25]	Time  0.084 ( 0.565)	Loss (MSE) 43.243 (39.627)	Loss (L1) 4.907 (4.925)
2026-04-26 18:58:13,951 |  * Overall: MSE 41.313	L1 5.037	G-Mean 3.271
2026-04-26 18:58:13,951 |  * Many: MSE 36.984	L1 4.690	G-Mean 2.979
2026-04-26 18:58:13,951 |  * Median: MSE 41.826	L1 5.237	G-Mean 3.573
2026-04-26 18:58:13,951 |  * Low: MSE 84.666	L1 7.935	G-Mean 6.302
2026-04-26 18:58:13,952 | Best L1 Loss: 4.788
2026-04-26 18:58:14,168 | Epoch #61: Train loss [3.3824]; Val loss: MSE [41.3129], L1 [5.0372], G-Mean [3.2711]
2026-04-26 18:58:26,380 | Epoch: [62][  0/254]	Time  12.21 ( 12.21)	Data 12.0596 (12.0596)	Loss (L1) 3.271 (3.271)
2026-04-26 18:58:29,440 | Epoch: [62][ 10/254]	Time   0.30 (  1.39)	Data 0.0002 (1.1123)	Loss (L1) 3.293 (3.494)
2026-04-26 18:58:32,417 | Epoch: [62][ 20/254]	Time   0.29 (  0.87)	Data 0.0002 (0.5828)	Loss (L1) 2.993 (3.367)
2026-04-26 18:58:35,463 | Epoch: [62][ 30/254]	Time   0.29 (  0.69)	Data 0.0002 (0.3950)	Loss (L1) 3.171 (3.370)
2026-04-26 18:58:38,422 | Epoch: [62][ 40/254]	Time   0.30 (  0.59)	Data 0.0003 (0.2993)	Loss (L1) 3.762 (3.374)
2026-04-26 18:58:41,448 | Epoch: [62][ 50/254]	Time   0.31 (  0.53)	Data 0.0002 (0.2407)	Loss (L1) 3.553 (3.372)
2026-04-26 18:58:44,507 | Epoch: [62][ 60/254]	Time   0.29 (  0.50)	Data 0.0002 (0.2015)	Loss (L1) 3.134 (3.370)
2026-04-26 18:58:47,570 | Epoch: [62][ 70/254]	Time   0.30 (  0.47)	Data 0.0002 (0.1731)	Loss (L1) 3.343 (3.371)
2026-04-26 18:58:50,584 | Epoch: [62][ 80/254]	Time   0.31 (  0.45)	Data 0.0002 (0.1518)	Loss (L1) 3.285 (3.373)
2026-04-26 18:58:53,649 | Epoch: [62][ 90/254]	Time   0.31 (  0.43)	Data 0.0003 (0.1351)	Loss (L1) 3.220 (3.385)
2026-04-26 18:58:56,709 | Epoch: [62][100/254]	Time   0.29 (  0.42)	Data 0.0003 (0.1221)	Loss (L1) 3.263 (3.388)
2026-04-26 18:58:59,732 | Epoch: [62][110/254]	Time   0.30 (  0.41)	Data 0.0003 (0.1111)	Loss (L1) 3.310 (3.384)
2026-04-26 18:59:02,836 | Epoch: [62][120/254]	Time   0.34 (  0.40)	Data 0.0003 (0.1020)	Loss (L1) 3.152 (3.374)
2026-04-26 18:59:05,859 | Epoch: [62][130/254]	Time   0.29 (  0.39)	Data 0.0003 (0.0943)	Loss (L1) 3.386 (3.365)
2026-04-26 18:59:08,860 | Epoch: [62][140/254]	Time   0.31 (  0.39)	Data 0.0003 (0.0876)	Loss (L1) 3.232 (3.361)
2026-04-26 18:59:11,888 | Epoch: [62][150/254]	Time   0.30 (  0.38)	Data 0.0003 (0.0818)	Loss (L1) 3.227 (3.359)
2026-04-26 18:59:14,891 | Epoch: [62][160/254]	Time   0.29 (  0.38)	Data 0.0003 (0.0768)	Loss (L1) 3.626 (3.359)
2026-04-26 18:59:17,883 | Epoch: [62][170/254]	Time   0.29 (  0.37)	Data 0.0002 (0.0723)	Loss (L1) 3.248 (3.356)
2026-04-26 18:59:20,877 | Epoch: [62][180/254]	Time   0.30 (  0.37)	Data 0.0003 (0.0684)	Loss (L1) 3.394 (3.355)
2026-04-26 18:59:23,844 | Epoch: [62][190/254]	Time   0.30 (  0.36)	Data 0.0001 (0.0650)	Loss (L1) 3.561 (3.358)
2026-04-26 18:59:26,808 | Epoch: [62][200/254]	Time   0.30 (  0.36)	Data 0.0001 (0.0618)	Loss (L1) 3.284 (3.348)
2026-04-26 18:59:29,756 | Epoch: [62][210/254]	Time   0.29 (  0.36)	Data 0.0001 (0.0589)	Loss (L1) 3.363 (3.352)
2026-04-26 18:59:32,687 | Epoch: [62][220/254]	Time   0.29 (  0.36)	Data 0.0001 (0.0562)	Loss (L1) 3.141 (3.357)
2026-04-26 18:59:35,609 | Epoch: [62][230/254]	Time   0.29 (  0.35)	Data 0.0001 (0.0538)	Loss (L1) 3.161 (3.354)
2026-04-26 18:59:38,521 | Epoch: [62][240/254]	Time   0.29 (  0.35)	Data 0.0001 (0.0516)	Loss (L1) 3.012 (3.357)
2026-04-26 18:59:41,423 | Epoch: [62][250/254]	Time   0.29 (  0.35)	Data 0.0001 (0.0495)	Loss (L1) 3.438 (3.351)
2026-04-26 18:59:42,516 | Create Epoch [62] features of all training data...
2026-04-26 19:00:54,820 | Updated smoothed statistics on Epoch [62]!
2026-04-26 19:00:54,848 | Updated running statistics with Epoch [62] features!
2026-04-26 19:01:01,469 | Val: [ 0/25]	Time  6.619 ( 6.619)	Loss (MSE) 89.022 (89.022)	Loss (L1) 8.525 (8.525)
2026-04-26 19:01:05,389 | Val: [10/25]	Time  0.083 ( 0.958)	Loss (MSE) 34.388 (42.067)	Loss (L1) 4.661 (5.128)
2026-04-26 19:01:06,222 | Val: [20/25]	Time  0.083 ( 0.542)	Loss (MSE) 44.254 (39.364)	Loss (L1) 4.991 (4.908)
2026-04-26 19:01:06,788 |  * Overall: MSE 41.965	L1 5.083	G-Mean 3.314
2026-04-26 19:01:06,789 |  * Many: MSE 35.936	L1 4.613	G-Mean 2.933
2026-04-26 19:01:06,789 |  * Median: MSE 44.943	L1 5.493	G-Mean 3.846
2026-04-26 19:01:06,789 |  * Low: MSE 94.140	L1 8.501	G-Mean 6.914
2026-04-26 19:01:06,790 | Best L1 Loss: 4.788
2026-04-26 19:01:07,008 | Epoch #62: Train loss [3.3513]; Val loss: MSE [41.9653], L1 [5.0826], G-Mean [3.3138]
2026-04-26 19:01:19,682 | Epoch: [63][  0/254]	Time  12.67 ( 12.67)	Data 12.5223 (12.5223)	Loss (L1) 2.929 (2.929)
2026-04-26 19:01:22,636 | Epoch: [63][ 10/254]	Time   0.29 (  1.42)	Data 0.0002 (1.1386)	Loss (L1) 3.089 (3.198)
2026-04-26 19:01:25,586 | Epoch: [63][ 20/254]	Time   0.29 (  0.88)	Data 0.0003 (0.5965)	Loss (L1) 3.290 (3.214)
2026-04-26 19:01:28,558 | Epoch: [63][ 30/254]	Time   0.30 (  0.70)	Data 0.0002 (0.4045)	Loss (L1) 3.671 (3.238)
2026-04-26 19:01:31,533 | Epoch: [63][ 40/254]	Time   0.30 (  0.60)	Data 0.0002 (0.3059)	Loss (L1) 3.238 (3.258)
2026-04-26 19:01:34,557 | Epoch: [63][ 50/254]	Time   0.30 (  0.54)	Data 0.0002 (0.2460)	Loss (L1) 3.159 (3.268)
2026-04-26 19:01:37,522 | Epoch: [63][ 60/254]	Time   0.29 (  0.50)	Data 0.0002 (0.2057)	Loss (L1) 2.916 (3.280)
2026-04-26 19:01:40,570 | Epoch: [63][ 70/254]	Time   0.31 (  0.47)	Data 0.0002 (0.1767)	Loss (L1) 4.104 (3.290)
2026-04-26 19:01:43,574 | Epoch: [63][ 80/254]	Time   0.30 (  0.45)	Data 0.0002 (0.1549)	Loss (L1) 2.943 (3.313)
2026-04-26 19:01:46,542 | Epoch: [63][ 90/254]	Time   0.30 (  0.43)	Data 0.0002 (0.1379)	Loss (L1) 3.633 (3.306)
2026-04-26 19:01:49,539 | Epoch: [63][100/254]	Time   0.30 (  0.42)	Data 0.0002 (0.1243)	Loss (L1) 3.416 (3.299)
2026-04-26 19:01:52,551 | Epoch: [63][110/254]	Time   0.30 (  0.41)	Data 0.0002 (0.1132)	Loss (L1) 3.103 (3.290)
2026-04-26 19:01:55,511 | Epoch: [63][120/254]	Time   0.30 (  0.40)	Data 0.0004 (0.1039)	Loss (L1) 3.114 (3.314)
2026-04-26 19:01:58,469 | Epoch: [63][130/254]	Time   0.29 (  0.39)	Data 0.0002 (0.0960)	Loss (L1) 2.886 (3.311)
2026-04-26 19:02:01,493 | Epoch: [63][140/254]	Time   0.32 (  0.39)	Data 0.0002 (0.0892)	Loss (L1) 3.399 (3.326)
2026-04-26 19:02:04,481 | Epoch: [63][150/254]	Time   0.28 (  0.38)	Data 0.0002 (0.0834)	Loss (L1) 2.880 (3.320)
2026-04-26 19:02:07,459 | Epoch: [63][160/254]	Time   0.30 (  0.38)	Data 0.0002 (0.0782)	Loss (L1) 3.554 (3.328)
2026-04-26 19:02:10,504 | Epoch: [63][170/254]	Time   0.29 (  0.37)	Data 0.0002 (0.0737)	Loss (L1) 3.441 (3.333)
2026-04-26 19:02:13,490 | Epoch: [63][180/254]	Time   0.29 (  0.37)	Data 0.0002 (0.0696)	Loss (L1) 3.130 (3.335)
2026-04-26 19:02:16,537 | Epoch: [63][190/254]	Time   0.31 (  0.36)	Data 0.0001 (0.0661)	Loss (L1) 3.598 (3.334)
2026-04-26 19:02:19,523 | Epoch: [63][200/254]	Time   0.29 (  0.36)	Data 0.0001 (0.0628)	Loss (L1) 3.284 (3.337)
2026-04-26 19:02:22,450 | Epoch: [63][210/254]	Time   0.29 (  0.36)	Data 0.0001 (0.0599)	Loss (L1) 3.198 (3.335)
2026-04-26 19:02:25,373 | Epoch: [63][220/254]	Time   0.29 (  0.35)	Data 0.0001 (0.0572)	Loss (L1) 3.326 (3.343)
2026-04-26 19:02:28,303 | Epoch: [63][230/254]	Time   0.29 (  0.35)	Data 0.0001 (0.0547)	Loss (L1) 3.522 (3.340)
2026-04-26 19:02:31,230 | Epoch: [63][240/254]	Time   0.29 (  0.35)	Data 0.0001 (0.0524)	Loss (L1) 3.540 (3.339)
2026-04-26 19:02:34,149 | Epoch: [63][250/254]	Time   0.29 (  0.35)	Data 0.0001 (0.0503)	Loss (L1) 3.815 (3.345)
2026-04-26 19:02:35,237 | Create Epoch [63] features of all training data...
2026-04-26 19:03:48,391 | Updated smoothed statistics on Epoch [63]!
2026-04-26 19:03:48,420 | Updated running statistics with Epoch [63] features!
2026-04-26 19:03:56,254 | Val: [ 0/25]	Time  7.833 ( 7.833)	Loss (MSE) 83.470 (83.470)	Loss (L1) 8.287 (8.287)
2026-04-26 19:03:59,209 | Val: [10/25]	Time  0.083 ( 0.981)	Loss (MSE) 33.923 (39.705)	Loss (L1) 4.636 (4.951)
2026-04-26 19:04:00,041 | Val: [20/25]	Time  0.083 ( 0.553)	Loss (MSE) 49.593 (39.609)	Loss (L1) 5.382 (4.924)
2026-04-26 19:04:00,591 |  * Overall: MSE 44.208	L1 5.223	G-Mean 3.407
2026-04-26 19:04:00,591 |  * Many: MSE 37.066	L1 4.691	G-Mean 2.984
2026-04-26 19:04:00,591 |  * Median: MSE 45.661	L1 5.557	G-Mean 3.924
2026-04-26 19:04:00,591 |  * Low: MSE 113.531	L1 9.560	G-Mean 8.116
2026-04-26 19:04:00,592 | Best L1 Loss: 4.788
2026-04-26 19:04:00,807 | Epoch #63: Train loss [3.3463]; Val loss: MSE [44.2077], L1 [5.2226], G-Mean [3.4065]
2026-04-26 19:04:13,998 | Epoch: [64][  0/254]	Time  13.19 ( 13.19)	Data 13.0456 (13.0456)	Loss (L1) 5.019 (5.019)
2026-04-26 19:04:17,000 | Epoch: [64][ 10/254]	Time   0.29 (  1.47)	Data 0.0003 (1.2053)	Loss (L1) 3.314 (3.459)
2026-04-26 19:04:20,000 | Epoch: [64][ 20/254]	Time   0.28 (  0.91)	Data 0.0005 (0.6316)	Loss (L1) 2.831 (3.369)
2026-04-26 19:04:23,060 | Epoch: [64][ 30/254]	Time   0.29 (  0.72)	Data 0.0003 (0.4290)	Loss (L1) 3.021 (3.367)
2026-04-26 19:04:26,054 | Epoch: [64][ 40/254]	Time   0.33 (  0.62)	Data 0.0003 (0.3245)	Loss (L1) 3.211 (3.391)
2026-04-26 19:04:29,144 | Epoch: [64][ 50/254]	Time   0.33 (  0.56)	Data 0.0003 (0.2612)	Loss (L1) 3.343 (3.390)
2026-04-26 19:04:32,151 | Epoch: [64][ 60/254]	Time   0.33 (  0.51)	Data 0.0003 (0.2184)	Loss (L1) 3.598 (3.400)
2026-04-26 19:04:35,271 | Epoch: [64][ 70/254]	Time   0.31 (  0.49)	Data 0.0003 (0.1877)	Loss (L1) 3.195 (3.394)
2026-04-26 19:04:38,279 | Epoch: [64][ 80/254]	Time   0.29 (  0.46)	Data 0.0003 (0.1646)	Loss (L1) 3.396 (3.395)
2026-04-26 19:04:41,345 | Epoch: [64][ 90/254]	Time   0.29 (  0.45)	Data 0.0003 (0.1468)	Loss (L1) 3.385 (3.379)
2026-04-26 19:04:44,322 | Epoch: [64][100/254]	Time   0.30 (  0.43)	Data 0.0003 (0.1323)	Loss (L1) 3.373 (3.367)
2026-04-26 19:04:47,383 | Epoch: [64][110/254]	Time   0.29 (  0.42)	Data 0.0003 (0.1204)	Loss (L1) 3.134 (3.372)
2026-04-26 19:04:50,531 | Epoch: [64][120/254]	Time   0.31 (  0.41)	Data 0.0003 (0.1105)	Loss (L1) 3.007 (3.375)
2026-04-26 19:04:53,629 | Epoch: [64][130/254]	Time   0.33 (  0.40)	Data 0.0002 (0.1021)	Loss (L1) 3.508 (3.375)
2026-04-26 19:04:56,663 | Epoch: [64][140/254]	Time   0.30 (  0.40)	Data 0.0002 (0.0949)	Loss (L1) 2.863 (3.378)
2026-04-26 19:04:59,652 | Epoch: [64][150/254]	Time   0.28 (  0.39)	Data 0.0003 (0.0886)	Loss (L1) 3.338 (3.375)
2026-04-26 19:05:02,701 | Epoch: [64][160/254]	Time   0.29 (  0.38)	Data 0.0002 (0.0831)	Loss (L1) 3.306 (3.367)
2026-04-26 19:05:05,665 | Epoch: [64][170/254]	Time   0.30 (  0.38)	Data 0.0003 (0.0783)	Loss (L1) 3.448 (3.362)
2026-04-26 19:05:08,641 | Epoch: [64][180/254]	Time   0.29 (  0.37)	Data 0.0003 (0.0740)	Loss (L1) 3.107 (3.349)
2026-04-26 19:05:11,684 | Epoch: [64][190/254]	Time   0.30 (  0.37)	Data 0.0002 (0.0704)	Loss (L1) 3.490 (3.344)
2026-04-26 19:05:14,635 | Epoch: [64][200/254]	Time   0.29 (  0.37)	Data 0.0002 (0.0669)	Loss (L1) 3.059 (3.346)
2026-04-26 19:05:17,543 | Epoch: [64][210/254]	Time   0.29 (  0.36)	Data 0.0001 (0.0638)	Loss (L1) 3.525 (3.339)
2026-04-26 19:05:20,448 | Epoch: [64][220/254]	Time   0.29 (  0.36)	Data 0.0001 (0.0609)	Loss (L1) 3.088 (3.340)
2026-04-26 19:05:23,354 | Epoch: [64][230/254]	Time   0.29 (  0.36)	Data 0.0001 (0.0582)	Loss (L1) 3.505 (3.337)
2026-04-26 19:05:26,250 | Epoch: [64][240/254]	Time   0.29 (  0.35)	Data 0.0000 (0.0558)	Loss (L1) 3.279 (3.335)
2026-04-26 19:05:29,154 | Epoch: [64][250/254]	Time   0.29 (  0.35)	Data 0.0001 (0.0536)	Loss (L1) 3.443 (3.332)
2026-04-26 19:05:30,256 | Create Epoch [64] features of all training data...
2026-04-26 19:06:44,655 | Updated smoothed statistics on Epoch [64]!
2026-04-26 19:06:44,683 | Updated running statistics with Epoch [64] features!
2026-04-26 19:06:55,103 | Val: [ 0/25]	Time 10.419 (10.419)	Loss (MSE) 77.537 (77.537)	Loss (L1) 7.908 (7.908)
2026-04-26 19:06:55,933 | Val: [10/25]	Time  0.083 ( 1.023)	Loss (MSE) 34.049 (39.003)	Loss (L1) 4.610 (4.900)
2026-04-26 19:06:56,764 | Val: [20/25]	Time  0.083 ( 0.575)	Loss (MSE) 50.141 (39.757)	Loss (L1) 5.368 (4.924)
2026-04-26 19:06:57,317 |  * Overall: MSE 43.696	L1 5.188	G-Mean 3.364
2026-04-26 19:06:57,317 |  * Many: MSE 37.834	L1 4.738	G-Mean 2.975
2026-04-26 19:06:57,317 |  * Median: MSE 43.491	L1 5.382	G-Mean 3.818
2026-04-26 19:06:57,317 |  * Low: MSE 105.667	L1 9.178	G-Mean 7.691
2026-04-26 19:06:57,318 | Best L1 Loss: 4.788
2026-04-26 19:06:57,531 | Epoch #64: Train loss [3.3326]; Val loss: MSE [43.6958], L1 [5.1876], G-Mean [3.3642]
2026-04-26 19:07:05,248 | Epoch: [65][  0/254]	Time   7.72 (  7.72)	Data 7.3856 (7.3856)	Loss (L1) 3.180 (3.180)
2026-04-26 19:07:11,647 | Epoch: [65][ 10/254]	Time   0.30 (  1.28)	Data 0.0003 (1.0014)	Loss (L1) 3.763 (3.341)
2026-04-26 19:07:14,865 | Epoch: [65][ 20/254]	Time   0.31 (  0.83)	Data 0.0002 (0.5267)	Loss (L1) 3.650 (3.279)
2026-04-26 19:07:18,185 | Epoch: [65][ 30/254]	Time   0.40 (  0.67)	Data 0.0002 (0.3569)	Loss (L1) 2.886 (3.346)
2026-04-26 19:07:21,270 | Epoch: [65][ 40/254]	Time   0.30 (  0.58)	Data 0.0144 (0.2703)	Loss (L1) 3.677 (3.367)
2026-04-26 19:07:24,379 | Epoch: [65][ 50/254]	Time   0.29 (  0.53)	Data 0.0002 (0.2176)	Loss (L1) 3.245 (3.343)
2026-04-26 19:07:27,521 | Epoch: [65][ 60/254]	Time   0.36 (  0.49)	Data 0.0281 (0.1825)	Loss (L1) 3.866 (3.325)
2026-04-26 19:07:30,553 | Epoch: [65][ 70/254]	Time   0.29 (  0.47)	Data 0.0002 (0.1587)	Loss (L1) 3.002 (3.316)
2026-04-26 19:07:33,605 | Epoch: [65][ 80/254]	Time   0.31 (  0.45)	Data 0.0041 (0.1392)	Loss (L1) 3.214 (3.301)
2026-04-26 19:07:36,708 | Epoch: [65][ 90/254]	Time   0.32 (  0.43)	Data 0.0005 (0.1239)	Loss (L1) 3.283 (3.296)
2026-04-26 19:07:39,758 | Epoch: [65][100/254]	Time   0.35 (  0.42)	Data 0.0003 (0.1118)	Loss (L1) 3.100 (3.301)
2026-04-26 19:07:42,788 | Epoch: [65][110/254]	Time   0.30 (  0.41)	Data 0.0002 (0.1017)	Loss (L1) 3.484 (3.305)
2026-04-26 19:07:45,887 | Epoch: [65][120/254]	Time   0.31 (  0.40)	Data 0.0003 (0.0935)	Loss (L1) 3.485 (3.299)
2026-04-26 19:07:48,853 | Epoch: [65][130/254]	Time   0.30 (  0.39)	Data 0.0004 (0.0864)	Loss (L1) 3.569 (3.303)
2026-04-26 19:07:51,855 | Epoch: [65][140/254]	Time   0.29 (  0.39)	Data 0.0002 (0.0803)	Loss (L1) 3.265 (3.312)
2026-04-26 19:07:54,890 | Epoch: [65][150/254]	Time   0.32 (  0.38)	Data 0.0003 (0.0750)	Loss (L1) 3.041 (3.315)
2026-04-26 19:07:57,855 | Epoch: [65][160/254]	Time   0.29 (  0.37)	Data 0.0003 (0.0704)	Loss (L1) 3.327 (3.311)
2026-04-26 19:08:00,819 | Epoch: [65][170/254]	Time   0.30 (  0.37)	Data 0.0003 (0.0663)	Loss (L1) 3.713 (3.314)
2026-04-26 19:08:03,847 | Epoch: [65][180/254]	Time   0.28 (  0.37)	Data 0.0003 (0.0627)	Loss (L1) 3.003 (3.316)
2026-04-26 19:08:06,902 | Epoch: [65][190/254]	Time   0.30 (  0.36)	Data 0.0001 (0.0597)	Loss (L1) 3.274 (3.318)
2026-04-26 19:08:09,876 | Epoch: [65][200/254]	Time   0.30 (  0.36)	Data 0.0001 (0.0567)	Loss (L1) 3.864 (3.324)
2026-04-26 19:08:12,814 | Epoch: [65][210/254]	Time   0.29 (  0.36)	Data 0.0001 (0.0540)	Loss (L1) 3.421 (3.319)
2026-04-26 19:08:15,752 | Epoch: [65][220/254]	Time   0.29 (  0.35)	Data 0.0001 (0.0516)	Loss (L1) 3.552 (3.322)
2026-04-26 19:08:18,668 | Epoch: [65][230/254]	Time   0.29 (  0.35)	Data 0.0000 (0.0494)	Loss (L1) 3.390 (3.323)
2026-04-26 19:08:21,579 | Epoch: [65][240/254]	Time   0.29 (  0.35)	Data 0.0001 (0.0473)	Loss (L1) 3.389 (3.326)
2026-04-26 19:08:24,488 | Epoch: [65][250/254]	Time   0.29 (  0.35)	Data 0.0001 (0.0454)	Loss (L1) 3.550 (3.331)
2026-04-26 19:08:25,584 | Create Epoch [65] features of all training data...
2026-04-26 19:09:38,009 | Updated smoothed statistics on Epoch [65]!
2026-04-26 19:09:38,038 | Updated running statistics with Epoch [65] features!
2026-04-26 19:09:48,090 | Val: [ 0/25]	Time 10.051 (10.051)	Loss (MSE) 81.440 (81.440)	Loss (L1) 8.117 (8.117)
2026-04-26 19:09:48,971 | Val: [10/25]	Time  0.083 ( 0.994)	Loss (MSE) 34.900 (40.848)	Loss (L1) 4.694 (5.025)
2026-04-26 19:09:49,804 | Val: [20/25]	Time  0.083 ( 0.560)	Loss (MSE) 48.472 (40.475)	Loss (L1) 5.257 (4.965)
2026-04-26 19:09:50,358 |  * Overall: MSE 43.762	L1 5.177	G-Mean 3.336
2026-04-26 19:09:50,359 |  * Many: MSE 38.226	L1 4.754	G-Mean 2.982
2026-04-26 19:09:50,359 |  * Median: MSE 43.856	L1 5.391	G-Mean 3.732
2026-04-26 19:09:50,359 |  * Low: MSE 101.242	L1 8.828	G-Mean 7.175
2026-04-26 19:09:50,360 | Best L1 Loss: 4.788
2026-04-26 19:09:50,572 | Epoch #65: Train loss [3.3329]; Val loss: MSE [43.7620], L1 [5.1772], G-Mean [3.3359]
2026-04-26 19:10:03,551 | Epoch: [66][  0/254]	Time  12.98 ( 12.98)	Data 12.8030 (12.8030)	Loss (L1) 3.597 (3.597)
2026-04-26 19:10:06,541 | Epoch: [66][ 10/254]	Time   0.29 (  1.45)	Data 0.0003 (1.1641)	Loss (L1) 2.844 (3.296)
2026-04-26 19:10:09,560 | Epoch: [66][ 20/254]	Time   0.29 (  0.90)	Data 0.0002 (0.6099)	Loss (L1) 3.586 (3.275)
2026-04-26 19:10:12,724 | Epoch: [66][ 30/254]	Time   0.28 (  0.71)	Data 0.0003 (0.4132)	Loss (L1) 5.215 (3.336)
2026-04-26 19:10:15,747 | Epoch: [66][ 40/254]	Time   0.31 (  0.61)	Data 0.0002 (0.3125)	Loss (L1) 3.086 (3.316)
2026-04-26 19:10:18,846 | Epoch: [66][ 50/254]	Time   0.36 (  0.55)	Data 0.0003 (0.2513)	Loss (L1) 3.015 (3.311)
2026-04-26 19:10:21,972 | Epoch: [66][ 60/254]	Time   0.27 (  0.51)	Data 0.0112 (0.2103)	Loss (L1) 2.972 (3.316)
2026-04-26 19:10:25,053 | Epoch: [66][ 70/254]	Time   0.31 (  0.49)	Data 0.0002 (0.1807)	Loss (L1) 2.871 (3.306)
2026-04-26 19:10:28,253 | Epoch: [66][ 80/254]	Time   0.30 (  0.47)	Data 0.0002 (0.1585)	Loss (L1) 3.300 (3.281)
2026-04-26 19:10:31,299 | Epoch: [66][ 90/254]	Time   0.29 (  0.45)	Data 0.0017 (0.1413)	Loss (L1) 3.418 (3.287)
2026-04-26 19:10:34,294 | Epoch: [66][100/254]	Time   0.30 (  0.43)	Data 0.0002 (0.1273)	Loss (L1) 2.940 (3.271)
2026-04-26 19:10:37,270 | Epoch: [66][110/254]	Time   0.29 (  0.42)	Data 0.0002 (0.1159)	Loss (L1) 3.179 (3.294)
2026-04-26 19:10:40,325 | Epoch: [66][120/254]	Time   0.32 (  0.41)	Data 0.0006 (0.1064)	Loss (L1) 3.299 (3.302)
2026-04-26 19:10:43,332 | Epoch: [66][130/254]	Time   0.28 (  0.40)	Data 0.0004 (0.0983)	Loss (L1) 3.753 (3.307)
2026-04-26 19:10:46,359 | Epoch: [66][140/254]	Time   0.30 (  0.40)	Data 0.0002 (0.0914)	Loss (L1) 3.359 (3.311)
2026-04-26 19:10:49,397 | Epoch: [66][150/254]	Time   0.30 (  0.39)	Data 0.0004 (0.0854)	Loss (L1) 3.082 (3.311)
2026-04-26 19:10:52,370 | Epoch: [66][160/254]	Time   0.30 (  0.38)	Data 0.0002 (0.0801)	Loss (L1) 3.354 (3.306)
2026-04-26 19:10:55,337 | Epoch: [66][170/254]	Time   0.30 (  0.38)	Data 0.0003 (0.0754)	Loss (L1) 2.902 (3.296)
2026-04-26 19:10:58,344 | Epoch: [66][180/254]	Time   0.31 (  0.37)	Data 0.0002 (0.0712)	Loss (L1) 2.927 (3.290)
2026-04-26 19:11:01,360 | Epoch: [66][190/254]	Time   0.30 (  0.37)	Data 0.0001 (0.0677)	Loss (L1) 3.377 (3.292)
2026-04-26 19:11:04,306 | Epoch: [66][200/254]	Time   0.29 (  0.37)	Data 0.0001 (0.0643)	Loss (L1) 3.051 (3.304)
2026-04-26 19:11:07,271 | Epoch: [66][210/254]	Time   0.29 (  0.36)	Data 0.0001 (0.0613)	Loss (L1) 3.483 (3.311)
2026-04-26 19:11:10,197 | Epoch: [66][220/254]	Time   0.29 (  0.36)	Data 0.0001 (0.0585)	Loss (L1) 3.124 (3.311)
2026-04-26 19:11:13,107 | Epoch: [66][230/254]	Time   0.29 (  0.36)	Data 0.0001 (0.0560)	Loss (L1) 2.964 (3.311)
2026-04-26 19:11:16,025 | Epoch: [66][240/254]	Time   0.29 (  0.35)	Data 0.0001 (0.0537)	Loss (L1) 4.118 (3.317)
2026-04-26 19:11:18,933 | Epoch: [66][250/254]	Time   0.29 (  0.35)	Data 0.0001 (0.0516)	Loss (L1) 3.187 (3.318)
2026-04-26 19:11:20,031 | Create Epoch [66] features of all training data...
2026-04-26 19:13:13,347 | Updated smoothed statistics on Epoch [66]!
2026-04-26 19:13:13,375 | Updated running statistics with Epoch [66] features!
2026-04-26 19:13:20,279 | Val: [ 0/25]	Time  6.903 ( 6.903)	Loss (MSE) 83.365 (83.365)	Loss (L1) 8.257 (8.257)
2026-04-26 19:13:24,401 | Val: [10/25]	Time  0.083 ( 1.002)	Loss (MSE) 34.972 (40.591)	Loss (L1) 4.686 (5.010)
2026-04-26 19:13:25,235 | Val: [20/25]	Time  0.083 ( 0.565)	Loss (MSE) 48.595 (39.850)	Loss (L1) 5.291 (4.927)
2026-04-26 19:13:25,808 |  * Overall: MSE 43.650	L1 5.177	G-Mean 3.354
2026-04-26 19:13:25,808 |  * Many: MSE 37.305	L1 4.692	G-Mean 2.959
2026-04-26 19:13:25,808 |  * Median: MSE 44.694	L1 5.480	G-Mean 3.846
2026-04-26 19:13:25,808 |  * Low: MSE 106.141	L1 9.146	G-Mean 7.549
2026-04-26 19:13:25,809 | Best L1 Loss: 4.788
2026-04-26 19:13:26,021 | Epoch #66: Train loss [3.3159]; Val loss: MSE [43.6502], L1 [5.1773], G-Mean [3.3539]
2026-04-26 19:13:38,704 | Epoch: [67][  0/254]	Time  12.68 ( 12.68)	Data 12.4927 (12.4927)	Loss (L1) 3.132 (3.132)
2026-04-26 19:13:41,713 | Epoch: [67][ 10/254]	Time   0.29 (  1.43)	Data 0.0002 (1.1359)	Loss (L1) 3.700 (3.322)
2026-04-26 19:13:44,716 | Epoch: [67][ 20/254]	Time   0.29 (  0.89)	Data 0.0002 (0.5951)	Loss (L1) 2.902 (3.373)
2026-04-26 19:13:47,755 | Epoch: [67][ 30/254]	Time   0.34 (  0.70)	Data 0.0002 (0.4032)	Loss (L1) 3.584 (3.368)
2026-04-26 19:13:50,756 | Epoch: [67][ 40/254]	Time   0.30 (  0.60)	Data 0.0003 (0.3051)	Loss (L1) 3.490 (3.339)
2026-04-26 19:13:53,885 | Epoch: [67][ 50/254]	Time   0.33 (  0.55)	Data 0.0002 (0.2453)	Loss (L1) 2.961 (3.334)
2026-04-26 19:13:56,877 | Epoch: [67][ 60/254]	Time   0.29 (  0.51)	Data 0.0003 (0.2051)	Loss (L1) 3.301 (3.317)
2026-04-26 19:13:59,942 | Epoch: [67][ 70/254]	Time   0.30 (  0.48)	Data 0.0002 (0.1763)	Loss (L1) 3.505 (3.311)
2026-04-26 19:14:02,981 | Epoch: [67][ 80/254]	Time   0.30 (  0.46)	Data 0.0005 (0.1546)	Loss (L1) 3.352 (3.322)
2026-04-26 19:14:06,102 | Epoch: [67][ 90/254]	Time   0.30 (  0.44)	Data 0.0003 (0.1378)	Loss (L1) 3.100 (3.313)
2026-04-26 19:14:09,073 | Epoch: [67][100/254]	Time   0.29 (  0.43)	Data 0.0002 (0.1242)	Loss (L1) 3.367 (3.305)
2026-04-26 19:14:12,131 | Epoch: [67][110/254]	Time   0.35 (  0.42)	Data 0.0003 (0.1130)	Loss (L1) 3.253 (3.301)
2026-04-26 19:14:15,182 | Epoch: [67][120/254]	Time   0.31 (  0.41)	Data 0.0003 (0.1037)	Loss (L1) 3.090 (3.294)
2026-04-26 19:14:18,273 | Epoch: [67][130/254]	Time   0.30 (  0.40)	Data 0.0002 (0.0958)	Loss (L1) 3.937 (3.297)
2026-04-26 19:14:21,354 | Epoch: [67][140/254]	Time   0.33 (  0.39)	Data 0.0002 (0.0890)	Loss (L1) 3.702 (3.299)
2026-04-26 19:14:24,478 | Epoch: [67][150/254]	Time   0.32 (  0.39)	Data 0.0003 (0.0832)	Loss (L1) 3.382 (3.303)
2026-04-26 19:14:27,451 | Epoch: [67][160/254]	Time   0.30 (  0.38)	Data 0.0004 (0.0780)	Loss (L1) 3.538 (3.316)
2026-04-26 19:14:30,515 | Epoch: [67][170/254]	Time   0.28 (  0.38)	Data 0.0003 (0.0735)	Loss (L1) 3.533 (3.317)
2026-04-26 19:14:33,544 | Epoch: [67][180/254]	Time   0.30 (  0.37)	Data 0.0003 (0.0694)	Loss (L1) 3.034 (3.313)
2026-04-26 19:14:36,566 | Epoch: [67][190/254]	Time   0.30 (  0.37)	Data 0.0001 (0.0660)	Loss (L1) 3.331 (3.316)
2026-04-26 19:14:39,571 | Epoch: [67][200/254]	Time   0.29 (  0.37)	Data 0.0001 (0.0628)	Loss (L1) 3.025 (3.310)
2026-04-26 19:14:42,489 | Epoch: [67][210/254]	Time   0.29 (  0.36)	Data 0.0001 (0.0598)	Loss (L1) 3.662 (3.310)
2026-04-26 19:14:45,406 | Epoch: [67][220/254]	Time   0.29 (  0.36)	Data 0.0001 (0.0571)	Loss (L1) 3.341 (3.307)
2026-04-26 19:14:48,328 | Epoch: [67][230/254]	Time   0.29 (  0.36)	Data 0.0001 (0.0546)	Loss (L1) 3.932 (3.311)
2026-04-26 19:14:51,235 | Epoch: [67][240/254]	Time   0.29 (  0.35)	Data 0.0001 (0.0524)	Loss (L1) 3.056 (3.312)
2026-04-26 19:14:54,135 | Epoch: [67][250/254]	Time   0.29 (  0.35)	Data 0.0000 (0.0503)	Loss (L1) 2.789 (3.309)
2026-04-26 19:14:55,219 | Create Epoch [67] features of all training data...
2026-04-26 19:16:09,014 | Updated smoothed statistics on Epoch [67]!
2026-04-26 19:16:09,042 | Updated running statistics with Epoch [67] features!
2026-04-26 19:16:17,785 | Val: [ 0/25]	Time  8.742 ( 8.742)	Loss (MSE) 102.073 (102.073)	Loss (L1) 9.327 (9.327)
2026-04-26 19:16:19,889 | Val: [10/25]	Time  0.083 ( 0.986)	Loss (MSE) 36.090 (45.136)	Loss (L1) 4.812 (5.311)
2026-04-26 19:16:20,721 | Val: [20/25]	Time  0.083 ( 0.556)	Loss (MSE) 44.102 (40.470)	Loss (L1) 5.012 (4.960)
2026-04-26 19:16:21,258 |  * Overall: MSE 44.000	L1 5.182	G-Mean 3.328
2026-04-26 19:16:21,259 |  * Many: MSE 36.285	L1 4.614	G-Mean 2.898
2026-04-26 19:16:21,259 |  * Median: MSE 48.231	L1 5.702	G-Mean 3.962
2026-04-26 19:16:21,259 |  * Low: MSE 109.240	L1 9.228	G-Mean 7.493
2026-04-26 19:16:21,260 | Best L1 Loss: 4.788
2026-04-26 19:16:21,474 | Epoch #67: Train loss [3.3065]; Val loss: MSE [44.0001], L1 [5.1822], G-Mean [3.3280]
2026-04-26 19:16:33,993 | Epoch: [68][  0/254]	Time  12.52 ( 12.52)	Data 12.3601 (12.3601)	Loss (L1) 3.128 (3.128)
2026-04-26 19:16:37,208 | Epoch: [68][ 10/254]	Time   0.31 (  1.43)	Data 0.0002 (1.1602)	Loss (L1) 3.537 (3.382)
2026-04-26 19:16:40,163 | Epoch: [68][ 20/254]	Time   0.29 (  0.89)	Data 0.0002 (0.6078)	Loss (L1) 3.156 (3.232)
2026-04-26 19:16:43,161 | Epoch: [68][ 30/254]	Time   0.32 (  0.70)	Data 0.0002 (0.4119)	Loss (L1) 3.183 (3.227)
2026-04-26 19:16:46,140 | Epoch: [68][ 40/254]	Time   0.29 (  0.60)	Data 0.0049 (0.3116)	Loss (L1) 3.425 (3.294)
2026-04-26 19:16:49,094 | Epoch: [68][ 50/254]	Time   0.30 (  0.54)	Data 0.0003 (0.2508)	Loss (L1) 3.577 (3.336)
2026-04-26 19:16:52,108 | Epoch: [68][ 60/254]	Time   0.29 (  0.50)	Data 0.0003 (0.2098)	Loss (L1) 2.929 (3.296)
2026-04-26 19:16:55,125 | Epoch: [68][ 70/254]	Time   0.31 (  0.47)	Data 0.0003 (0.1803)	Loss (L1) 3.373 (3.297)
2026-04-26 19:16:58,074 | Epoch: [68][ 80/254]	Time   0.28 (  0.45)	Data 0.0158 (0.1583)	Loss (L1) 3.745 (3.288)
2026-04-26 19:17:01,070 | Epoch: [68][ 90/254]	Time   0.30 (  0.44)	Data 0.0003 (0.1409)	Loss (L1) 3.314 (3.285)
2026-04-26 19:17:04,022 | Epoch: [68][100/254]	Time   0.29 (  0.42)	Data 0.0003 (0.1271)	Loss (L1) 3.346 (3.289)
2026-04-26 19:17:06,969 | Epoch: [68][110/254]	Time   0.30 (  0.41)	Data 0.0027 (0.1157)	Loss (L1) 2.952 (3.295)
2026-04-26 19:17:09,973 | Epoch: [68][120/254]	Time   0.31 (  0.40)	Data 0.0003 (0.1062)	Loss (L1) 3.159 (3.301)
2026-04-26 19:17:13,047 | Epoch: [68][130/254]	Time   0.29 (  0.39)	Data 0.0003 (0.0981)	Loss (L1) 3.258 (3.294)
2026-04-26 19:17:16,013 | Epoch: [68][140/254]	Time   0.30 (  0.39)	Data 0.0110 (0.0913)	Loss (L1) 3.661 (3.301)
2026-04-26 19:17:18,964 | Epoch: [68][150/254]	Time   0.29 (  0.38)	Data 0.0003 (0.0853)	Loss (L1) 3.261 (3.304)
2026-04-26 19:17:21,933 | Epoch: [68][160/254]	Time   0.30 (  0.38)	Data 0.0004 (0.0800)	Loss (L1) 3.367 (3.300)
2026-04-26 19:17:24,952 | Epoch: [68][170/254]	Time   0.30 (  0.37)	Data 0.0003 (0.0754)	Loss (L1) 3.446 (3.294)
2026-04-26 19:17:27,952 | Epoch: [68][180/254]	Time   0.31 (  0.37)	Data 0.0003 (0.0712)	Loss (L1) 3.232 (3.292)
2026-04-26 19:17:30,902 | Epoch: [68][190/254]	Time   0.30 (  0.36)	Data 0.0001 (0.0677)	Loss (L1) 3.472 (3.286)
2026-04-26 19:17:33,872 | Epoch: [68][200/254]	Time   0.29 (  0.36)	Data 0.0001 (0.0643)	Loss (L1) 3.377 (3.296)
2026-04-26 19:17:36,809 | Epoch: [68][210/254]	Time   0.29 (  0.36)	Data 0.0001 (0.0613)	Loss (L1) 3.133 (3.293)
2026-04-26 19:17:39,742 | Epoch: [68][220/254]	Time   0.29 (  0.35)	Data 0.0003 (0.0585)	Loss (L1) 3.366 (3.294)
2026-04-26 19:17:42,670 | Epoch: [68][230/254]	Time   0.29 (  0.35)	Data 0.0001 (0.0560)	Loss (L1) 3.168 (3.292)
2026-04-26 19:17:45,598 | Epoch: [68][240/254]	Time   0.29 (  0.35)	Data 0.0000 (0.0537)	Loss (L1) 3.184 (3.297)
2026-04-26 19:17:48,498 | Epoch: [68][250/254]	Time   0.29 (  0.35)	Data 0.0001 (0.0515)	Loss (L1) 3.045 (3.298)
2026-04-26 19:17:49,587 | Create Epoch [68] features of all training data...
2026-04-26 19:19:03,257 | Updated smoothed statistics on Epoch [68]!
2026-04-26 19:19:03,286 | Updated running statistics with Epoch [68] features!
2026-04-26 19:19:13,263 | Val: [ 0/25]	Time  9.975 ( 9.975)	Loss (MSE) 90.670 (90.670)	Loss (L1) 8.658 (8.658)
2026-04-26 19:19:14,096 | Val: [10/25]	Time  0.083 ( 0.983)	Loss (MSE) 36.603 (42.789)	Loss (L1) 4.804 (5.133)
2026-04-26 19:19:14,927 | Val: [20/25]	Time  0.083 ( 0.554)	Loss (MSE) 46.303 (40.835)	Loss (L1) 5.055 (4.980)
2026-04-26 19:19:15,472 |  * Overall: MSE 43.875	L1 5.172	G-Mean 3.318
2026-04-26 19:19:15,472 |  * Many: MSE 37.775	L1 4.716	G-Mean 2.965
2026-04-26 19:19:15,472 |  * Median: MSE 45.472	L1 5.470	G-Mean 3.712
2026-04-26 19:19:15,472 |  * Low: MSE 101.794	L1 8.848	G-Mean 7.142
2026-04-26 19:19:15,473 | Best L1 Loss: 4.788
2026-04-26 19:19:15,687 | Epoch #68: Train loss [3.2959]; Val loss: MSE [43.8751], L1 [5.1718], G-Mean [3.3181]
2026-04-26 19:19:26,725 | Epoch: [69][  0/254]	Time  11.04 ( 11.04)	Data 10.8201 (10.8201)	Loss (L1) 3.459 (3.459)
2026-04-26 19:19:29,905 | Epoch: [69][ 10/254]	Time   0.29 (  1.29)	Data 0.0003 (1.0039)	Loss (L1) 2.881 (3.239)
2026-04-26 19:19:32,933 | Epoch: [69][ 20/254]	Time   0.30 (  0.82)	Data 0.0002 (0.5264)	Loss (L1) 3.162 (3.235)
2026-04-26 19:19:35,991 | Epoch: [69][ 30/254]	Time   0.29 (  0.65)	Data 0.0002 (0.3567)	Loss (L1) 3.454 (3.210)
2026-04-26 19:19:39,133 | Epoch: [69][ 40/254]	Time   0.29 (  0.57)	Data 0.0002 (0.2698)	Loss (L1) 3.526 (3.246)
2026-04-26 19:19:42,147 | Epoch: [69][ 50/254]	Time   0.32 (  0.52)	Data 0.0003 (0.2169)	Loss (L1) 3.511 (3.252)
2026-04-26 19:19:45,249 | Epoch: [69][ 60/254]	Time   0.29 (  0.48)	Data 0.0002 (0.1814)	Loss (L1) 3.311 (3.282)
2026-04-26 19:19:48,300 | Epoch: [69][ 70/254]	Time   0.31 (  0.46)	Data 0.0003 (0.1559)	Loss (L1) 3.425 (3.304)
2026-04-26 19:19:51,302 | Epoch: [69][ 80/254]	Time   0.30 (  0.44)	Data 0.0007 (0.1367)	Loss (L1) 3.342 (3.297)
2026-04-26 19:19:54,366 | Epoch: [69][ 90/254]	Time   0.27 (  0.43)	Data 0.0002 (0.1217)	Loss (L1) 3.359 (3.316)
2026-04-26 19:19:57,453 | Epoch: [69][100/254]	Time   0.31 (  0.41)	Data 0.0002 (0.1097)	Loss (L1) 3.076 (3.306)
2026-04-26 19:20:00,520 | Epoch: [69][110/254]	Time   0.31 (  0.40)	Data 0.0002 (0.0998)	Loss (L1) 3.140 (3.302)
2026-04-26 19:20:03,628 | Epoch: [69][120/254]	Time   0.33 (  0.40)	Data 0.0002 (0.0916)	Loss (L1) 3.094 (3.294)
2026-04-26 19:20:06,676 | Epoch: [69][130/254]	Time   0.28 (  0.39)	Data 0.0002 (0.0847)	Loss (L1) 3.154 (3.297)
2026-04-26 19:20:09,683 | Epoch: [69][140/254]	Time   0.30 (  0.38)	Data 0.0003 (0.0787)	Loss (L1) 3.252 (3.287)
2026-04-26 19:20:12,813 | Epoch: [69][150/254]	Time   0.31 (  0.38)	Data 0.0003 (0.0736)	Loss (L1) 3.065 (3.284)
2026-04-26 19:20:15,852 | Epoch: [69][160/254]	Time   0.33 (  0.37)	Data 0.0003 (0.0690)	Loss (L1) 3.218 (3.281)
2026-04-26 19:20:18,997 | Epoch: [69][170/254]	Time   0.33 (  0.37)	Data 0.0003 (0.0650)	Loss (L1) 3.371 (3.279)
2026-04-26 19:20:21,996 | Epoch: [69][180/254]	Time   0.32 (  0.37)	Data 0.0002 (0.0614)	Loss (L1) 2.956 (3.268)
2026-04-26 19:20:24,978 | Epoch: [69][190/254]	Time   0.32 (  0.36)	Data 0.0001 (0.0584)	Loss (L1) 3.114 (3.271)
2026-04-26 19:20:27,936 | Epoch: [69][200/254]	Time   0.29 (  0.36)	Data 0.0001 (0.0555)	Loss (L1) 3.311 (3.271)
2026-04-26 19:20:30,845 | Epoch: [69][210/254]	Time   0.29 (  0.36)	Data 0.0001 (0.0529)	Loss (L1) 3.810 (3.280)
2026-04-26 19:20:33,770 | Epoch: [69][220/254]	Time   0.30 (  0.35)	Data 0.0001 (0.0505)	Loss (L1) 3.627 (3.283)
2026-04-26 19:20:36,691 | Epoch: [69][230/254]	Time   0.29 (  0.35)	Data 0.0001 (0.0484)	Loss (L1) 3.603 (3.287)
2026-04-26 19:20:39,600 | Epoch: [69][240/254]	Time   0.29 (  0.35)	Data 0.0001 (0.0464)	Loss (L1) 3.690 (3.284)
2026-04-26 19:20:42,503 | Epoch: [69][250/254]	Time   0.29 (  0.35)	Data 0.0001 (0.0445)	Loss (L1) 3.225 (3.283)
2026-04-26 19:20:43,596 | Create Epoch [69] features of all training data...
2026-04-26 19:21:56,962 | Updated smoothed statistics on Epoch [69]!
2026-04-26 19:21:56,991 | Updated running statistics with Epoch [69] features!
2026-04-26 19:22:06,595 | Val: [ 0/25]	Time  9.603 ( 9.603)	Loss (MSE) 81.990 (81.990)	Loss (L1) 8.148 (8.148)
2026-04-26 19:22:08,065 | Val: [10/25]	Time  0.083 ( 1.007)	Loss (MSE) 35.557 (40.531)	Loss (L1) 4.698 (4.996)
2026-04-26 19:22:08,896 | Val: [20/25]	Time  0.083 ( 0.567)	Loss (MSE) 49.287 (40.703)	Loss (L1) 5.311 (4.986)
2026-04-26 19:22:09,438 |  * Overall: MSE 44.451	L1 5.229	G-Mean 3.379
2026-04-26 19:22:09,438 |  * Many: MSE 38.353	L1 4.769	G-Mean 3.003
2026-04-26 19:22:09,438 |  * Median: MSE 44.985	L1 5.480	G-Mean 3.818
2026-04-26 19:22:09,438 |  * Low: MSE 106.205	L1 9.112	G-Mean 7.449
2026-04-26 19:22:09,438 | Best L1 Loss: 4.788
2026-04-26 19:22:09,652 | Epoch #69: Train loss [3.2820]; Val loss: MSE [44.4512], L1 [5.2285], G-Mean [3.3794]
2026-04-26 19:22:21,013 | Epoch: [70][  0/254]	Time  11.36 ( 11.36)	Data 11.1148 (11.1148)	Loss (L1) 2.841 (2.841)
2026-04-26 19:22:24,428 | Epoch: [70][ 10/254]	Time   0.32 (  1.34)	Data 0.0002 (1.0107)	Loss (L1) 3.138 (3.107)
2026-04-26 19:22:27,568 | Epoch: [70][ 20/254]	Time   0.34 (  0.85)	Data 0.0002 (0.5300)	Loss (L1) 3.359 (3.161)
2026-04-26 19:22:30,715 | Epoch: [70][ 30/254]	Time   0.32 (  0.68)	Data 0.0092 (0.3602)	Loss (L1) 2.896 (3.207)
2026-04-26 19:22:33,821 | Epoch: [70][ 40/254]	Time   0.31 (  0.59)	Data 0.0003 (0.2724)	Loss (L1) 3.277 (3.253)
2026-04-26 19:22:36,807 | Epoch: [70][ 50/254]	Time   0.30 (  0.53)	Data 0.0004 (0.2193)	Loss (L1) 3.534 (3.233)
2026-04-26 19:22:39,879 | Epoch: [70][ 60/254]	Time   0.31 (  0.50)	Data 0.0079 (0.1835)	Loss (L1) 3.651 (3.261)
2026-04-26 19:22:42,972 | Epoch: [70][ 70/254]	Time   0.30 (  0.47)	Data 0.0002 (0.1577)	Loss (L1) 2.909 (3.242)
2026-04-26 19:22:46,056 | Epoch: [70][ 80/254]	Time   0.31 (  0.45)	Data 0.0001 (0.1383)	Loss (L1) 3.235 (3.248)
2026-04-26 19:22:49,175 | Epoch: [70][ 90/254]	Time   0.35 (  0.43)	Data 0.0002 (0.1231)	Loss (L1) 3.041 (3.250)
2026-04-26 19:22:52,262 | Epoch: [70][100/254]	Time   0.34 (  0.42)	Data 0.0002 (0.1109)	Loss (L1) 2.726 (3.233)
2026-04-26 19:22:55,229 | Epoch: [70][110/254]	Time   0.30 (  0.41)	Data 0.0002 (0.1010)	Loss (L1) 3.561 (3.247)
2026-04-26 19:22:58,435 | Epoch: [70][120/254]	Time   0.35 (  0.40)	Data 0.0002 (0.0927)	Loss (L1) 3.212 (3.263)
2026-04-26 19:23:01,510 | Epoch: [70][130/254]	Time   0.31 (  0.40)	Data 0.0117 (0.0858)	Loss (L1) 2.910 (3.260)
2026-04-26 19:23:04,596 | Epoch: [70][140/254]	Time   0.31 (  0.39)	Data 0.0003 (0.0797)	Loss (L1) 3.432 (3.273)
2026-04-26 19:23:07,607 | Epoch: [70][150/254]	Time   0.27 (  0.38)	Data 0.0002 (0.0744)	Loss (L1) 3.357 (3.264)
2026-04-26 19:23:10,632 | Epoch: [70][160/254]	Time   0.30 (  0.38)	Data 0.0002 (0.0698)	Loss (L1) 3.778 (3.268)
2026-04-26 19:23:13,686 | Epoch: [70][170/254]	Time   0.34 (  0.37)	Data 0.0006 (0.0658)	Loss (L1) 3.819 (3.267)
2026-04-26 19:23:16,736 | Epoch: [70][180/254]	Time   0.30 (  0.37)	Data 0.0002 (0.0622)	Loss (L1) 3.492 (3.280)
2026-04-26 19:23:19,720 | Epoch: [70][190/254]	Time   0.29 (  0.37)	Data 0.0001 (0.0591)	Loss (L1) 3.466 (3.277)
2026-04-26 19:23:22,672 | Epoch: [70][200/254]	Time   0.29 (  0.36)	Data 0.0001 (0.0562)	Loss (L1) 3.191 (3.274)
2026-04-26 19:23:25,583 | Epoch: [70][210/254]	Time   0.29 (  0.36)	Data 0.0001 (0.0535)	Loss (L1) 2.814 (3.266)
2026-04-26 19:23:28,490 | Epoch: [70][220/254]	Time   0.29 (  0.36)	Data 0.0001 (0.0511)	Loss (L1) 3.175 (3.261)
2026-04-26 19:23:31,405 | Epoch: [70][230/254]	Time   0.29 (  0.35)	Data 0.0001 (0.0489)	Loss (L1) 3.225 (3.267)
2026-04-26 19:23:34,318 | Epoch: [70][240/254]	Time   0.29 (  0.35)	Data 0.0001 (0.0469)	Loss (L1) 3.037 (3.265)
2026-04-26 19:23:37,230 | Epoch: [70][250/254]	Time   0.29 (  0.35)	Data 0.0001 (0.0450)	Loss (L1) 3.021 (3.275)
2026-04-26 19:23:38,319 | Create Epoch [70] features of all training data...
2026-04-26 19:24:52,062 | Updated smoothed statistics on Epoch [70]!
2026-04-26 19:24:52,090 | Updated running statistics with Epoch [70] features!
2026-04-26 19:24:57,694 | Val: [ 0/25]	Time  5.603 ( 5.603)	Loss (MSE) 83.983 (83.983)	Loss (L1) 8.288 (8.288)
2026-04-26 19:25:03,133 | Val: [10/25]	Time  0.083 ( 1.004)	Loss (MSE) 35.193 (41.231)	Loss (L1) 4.696 (5.048)
2026-04-26 19:25:03,966 | Val: [20/25]	Time  0.083 ( 0.565)	Loss (MSE) 47.732 (39.973)	Loss (L1) 5.205 (4.937)
2026-04-26 19:25:04,514 |  * Overall: MSE 43.922	L1 5.192	G-Mean 3.360
2026-04-26 19:25:04,514 |  * Many: MSE 37.210	L1 4.689	G-Mean 2.961
2026-04-26 19:25:04,514 |  * Median: MSE 45.582	L1 5.527	G-Mean 3.853
2026-04-26 19:25:04,514 |  * Low: MSE 108.009	L1 9.226	G-Mean 7.634
2026-04-26 19:25:04,515 | Best L1 Loss: 4.788
2026-04-26 19:25:04,725 | Epoch #70: Train loss [3.2750]; Val loss: MSE [43.9219], L1 [5.1915], G-Mean [3.3595]
2026-04-26 19:25:14,909 | Epoch: [71][  0/254]	Time  10.18 ( 10.18)	Data 10.0022 (10.0022)	Loss (L1) 3.419 (3.419)
2026-04-26 19:25:19,757 | Epoch: [71][ 10/254]	Time   0.30 (  1.37)	Data 0.0004 (1.0960)	Loss (L1) 3.168 (3.420)
2026-04-26 19:25:22,751 | Epoch: [71][ 20/254]	Time   0.30 (  0.86)	Data 0.0003 (0.5743)	Loss (L1) 3.100 (3.310)
2026-04-26 19:25:25,820 | Epoch: [71][ 30/254]	Time   0.32 (  0.68)	Data 0.0001 (0.3895)	Loss (L1) 2.826 (3.262)
2026-04-26 19:25:28,833 | Epoch: [71][ 40/254]	Time   0.28 (  0.59)	Data 0.0107 (0.2948)	Loss (L1) 3.171 (3.232)
2026-04-26 19:25:31,952 | Epoch: [71][ 50/254]	Time   0.32 (  0.53)	Data 0.0003 (0.2371)	Loss (L1) 3.439 (3.252)
2026-04-26 19:25:35,035 | Epoch: [71][ 60/254]	Time   0.33 (  0.50)	Data 0.0002 (0.1983)	Loss (L1) 3.245 (3.252)
2026-04-26 19:25:38,168 | Epoch: [71][ 70/254]	Time   0.30 (  0.47)	Data 0.0002 (0.1704)	Loss (L1) 2.964 (3.243)
2026-04-26 19:25:41,275 | Epoch: [71][ 80/254]	Time   0.31 (  0.45)	Data 0.0003 (0.1494)	Loss (L1) 4.778 (3.252)
2026-04-26 19:25:44,321 | Epoch: [71][ 90/254]	Time   0.31 (  0.44)	Data 0.0004 (0.1330)	Loss (L1) 3.453 (3.248)
2026-04-26 19:25:47,460 | Epoch: [71][100/254]	Time   0.30 (  0.42)	Data 0.0003 (0.1201)	Loss (L1) 3.274 (3.243)
2026-04-26 19:25:50,502 | Epoch: [71][110/254]	Time   0.31 (  0.41)	Data 0.0002 (0.1093)	Loss (L1) 3.883 (3.256)
2026-04-26 19:25:53,624 | Epoch: [71][120/254]	Time   0.32 (  0.40)	Data 0.0002 (0.1003)	Loss (L1) 3.227 (3.261)
2026-04-26 19:25:56,689 | Epoch: [71][130/254]	Time   0.30 (  0.40)	Data 0.0002 (0.0927)	Loss (L1) 3.004 (3.248)
2026-04-26 19:25:59,692 | Epoch: [71][140/254]	Time   0.28 (  0.39)	Data 0.0002 (0.0861)	Loss (L1) 3.627 (3.250)
2026-04-26 19:26:02,712 | Epoch: [71][150/254]	Time   0.29 (  0.38)	Data 0.0002 (0.0804)	Loss (L1) 3.580 (3.261)
2026-04-26 19:26:05,788 | Epoch: [71][160/254]	Time   0.32 (  0.38)	Data 0.0002 (0.0754)	Loss (L1) 2.662 (3.263)
2026-04-26 19:26:08,840 | Epoch: [71][170/254]	Time   0.30 (  0.37)	Data 0.0002 (0.0710)	Loss (L1) 3.058 (3.260)
2026-04-26 19:26:12,018 | Epoch: [71][180/254]	Time   0.30 (  0.37)	Data 0.0002 (0.0671)	Loss (L1) 3.351 (3.264)
2026-04-26 19:26:15,016 | Epoch: [71][190/254]	Time   0.29 (  0.37)	Data 0.0001 (0.0637)	Loss (L1) 3.444 (3.274)
2026-04-26 19:26:18,040 | Epoch: [71][200/254]	Time   0.31 (  0.36)	Data 0.0001 (0.0605)	Loss (L1) 3.143 (3.274)
2026-04-26 19:26:20,979 | Epoch: [71][210/254]	Time   0.29 (  0.36)	Data 0.0002 (0.0577)	Loss (L1) 3.350 (3.272)
2026-04-26 19:26:23,894 | Epoch: [71][220/254]	Time   0.29 (  0.36)	Data 0.0001 (0.0551)	Loss (L1) 3.265 (3.272)
2026-04-26 19:26:26,816 | Epoch: [71][230/254]	Time   0.29 (  0.36)	Data 0.0000 (0.0527)	Loss (L1) 3.375 (3.277)
2026-04-26 19:26:29,726 | Epoch: [71][240/254]	Time   0.29 (  0.35)	Data 0.0000 (0.0505)	Loss (L1) 3.100 (3.274)
2026-04-26 19:26:32,633 | Epoch: [71][250/254]	Time   0.29 (  0.35)	Data 0.0000 (0.0485)	Loss (L1) 3.172 (3.270)
2026-04-26 19:26:33,711 | Create Epoch [71] features of all training data...
2026-04-26 19:27:47,098 | Updated smoothed statistics on Epoch [71]!
2026-04-26 19:27:47,128 | Updated running statistics with Epoch [71] features!
2026-04-26 19:27:54,715 | Val: [ 0/25]	Time  7.584 ( 7.584)	Loss (MSE) 94.204 (94.204)	Loss (L1) 8.933 (8.933)
2026-04-26 19:27:57,970 | Val: [10/25]	Time  0.083 ( 0.985)	Loss (MSE) 37.166 (44.189)	Loss (L1) 4.832 (5.247)
2026-04-26 19:27:58,805 | Val: [20/25]	Time  0.083 ( 0.556)	Loss (MSE) 43.308 (40.269)	Loss (L1) 4.890 (4.958)
2026-04-26 19:27:59,357 |  * Overall: MSE 43.235	L1 5.138	G-Mean 3.316
2026-04-26 19:27:59,357 |  * Many: MSE 36.649	L1 4.652	G-Mean 2.940
2026-04-26 19:27:59,357 |  * Median: MSE 45.982	L1 5.522	G-Mean 3.794
2026-04-26 19:27:59,357 |  * Low: MSE 102.068	L1 8.832	G-Mean 7.150
2026-04-26 19:27:59,358 | Best L1 Loss: 4.788
2026-04-26 19:27:59,569 | Epoch #71: Train loss [3.2698]; Val loss: MSE [43.2353], L1 [5.1383], G-Mean [3.3158]
2026-04-26 19:28:12,687 | Epoch: [72][  0/254]	Time  13.12 ( 13.12)	Data 12.9199 (12.9199)	Loss (L1) 2.660 (2.660)
2026-04-26 19:28:15,917 | Epoch: [72][ 10/254]	Time   0.30 (  1.49)	Data 0.0002 (1.2112)	Loss (L1) 3.184 (3.160)
2026-04-26 19:28:19,008 | Epoch: [72][ 20/254]	Time   0.33 (  0.93)	Data 0.0002 (0.6346)	Loss (L1) 3.619 (3.213)
2026-04-26 19:28:22,260 | Epoch: [72][ 30/254]	Time   0.34 (  0.73)	Data 0.0003 (0.4300)	Loss (L1) 3.148 (3.222)
2026-04-26 19:28:25,323 | Epoch: [72][ 40/254]	Time   0.29 (  0.63)	Data 0.0002 (0.3252)	Loss (L1) 2.943 (3.175)
2026-04-26 19:28:28,293 | Epoch: [72][ 50/254]	Time   0.30 (  0.56)	Data 0.0002 (0.2615)	Loss (L1) 3.269 (3.197)
2026-04-26 19:28:31,338 | Epoch: [72][ 60/254]	Time   0.29 (  0.52)	Data 0.0003 (0.2188)	Loss (L1) 3.167 (3.227)
2026-04-26 19:28:34,345 | Epoch: [72][ 70/254]	Time   0.30 (  0.49)	Data 0.0003 (0.1880)	Loss (L1) 3.034 (3.237)
2026-04-26 19:28:37,336 | Epoch: [72][ 80/254]	Time   0.32 (  0.47)	Data 0.0003 (0.1648)	Loss (L1) 3.282 (3.236)
2026-04-26 19:28:40,379 | Epoch: [72][ 90/254]	Time   0.30 (  0.45)	Data 0.0124 (0.1469)	Loss (L1) 3.223 (3.225)
2026-04-26 19:28:43,412 | Epoch: [72][100/254]	Time   0.31 (  0.43)	Data 0.0002 (0.1324)	Loss (L1) 3.196 (3.245)
2026-04-26 19:28:46,490 | Epoch: [72][110/254]	Time   0.29 (  0.42)	Data 0.0003 (0.1205)	Loss (L1) 3.185 (3.247)
2026-04-26 19:28:49,534 | Epoch: [72][120/254]	Time   0.32 (  0.41)	Data 0.0002 (0.1106)	Loss (L1) 2.768 (3.250)
2026-04-26 19:28:52,608 | Epoch: [72][130/254]	Time   0.31 (  0.40)	Data 0.0003 (0.1022)	Loss (L1) 2.985 (3.274)
2026-04-26 19:28:55,738 | Epoch: [72][140/254]	Time   0.31 (  0.40)	Data 0.0003 (0.0950)	Loss (L1) 3.023 (3.270)
2026-04-26 19:28:58,743 | Epoch: [72][150/254]	Time   0.30 (  0.39)	Data 0.0002 (0.0887)	Loss (L1) 3.036 (3.266)
2026-04-26 19:29:01,736 | Epoch: [72][160/254]	Time   0.31 (  0.39)	Data 0.0003 (0.0832)	Loss (L1) 3.270 (3.268)
2026-04-26 19:29:04,731 | Epoch: [72][170/254]	Time   0.29 (  0.38)	Data 0.0003 (0.0784)	Loss (L1) 2.830 (3.260)
2026-04-26 19:29:07,745 | Epoch: [72][180/254]	Time   0.29 (  0.38)	Data 0.0003 (0.0741)	Loss (L1) 3.084 (3.268)
2026-04-26 19:29:10,746 | Epoch: [72][190/254]	Time   0.30 (  0.37)	Data 0.0001 (0.0706)	Loss (L1) 3.040 (3.265)
2026-04-26 19:29:13,793 | Epoch: [72][200/254]	Time   0.30 (  0.37)	Data 0.0001 (0.0670)	Loss (L1) 3.445 (3.273)
2026-04-26 19:29:16,722 | Epoch: [72][210/254]	Time   0.29 (  0.37)	Data 0.0001 (0.0639)	Loss (L1) 3.550 (3.270)
2026-04-26 19:29:19,641 | Epoch: [72][220/254]	Time   0.29 (  0.36)	Data 0.0001 (0.0610)	Loss (L1) 3.354 (3.272)
2026-04-26 19:29:22,542 | Epoch: [72][230/254]	Time   0.29 (  0.36)	Data 0.0001 (0.0584)	Loss (L1) 3.331 (3.270)
2026-04-26 19:29:25,455 | Epoch: [72][240/254]	Time   0.29 (  0.36)	Data 0.0001 (0.0559)	Loss (L1) 3.359 (3.270)
2026-04-26 19:29:28,365 | Epoch: [72][250/254]	Time   0.29 (  0.35)	Data 0.0001 (0.0537)	Loss (L1) 3.124 (3.270)
2026-04-26 19:29:29,462 | Create Epoch [72] features of all training data...
2026-04-26 19:30:43,225 | Updated smoothed statistics on Epoch [72]!
2026-04-26 19:30:43,253 | Updated running statistics with Epoch [72] features!
2026-04-26 19:30:53,456 | Val: [ 0/25]	Time 10.201 (10.201)	Loss (MSE) 94.906 (94.906)	Loss (L1) 8.875 (8.875)
2026-04-26 19:30:54,290 | Val: [10/25]	Time  0.083 ( 1.003)	Loss (MSE) 36.880 (43.535)	Loss (L1) 4.861 (5.201)
2026-04-26 19:30:55,123 | Val: [20/25]	Time  0.083 ( 0.565)	Loss (MSE) 45.713 (40.802)	Loss (L1) 5.047 (4.997)
2026-04-26 19:30:55,662 |  * Overall: MSE 44.566	L1 5.227	G-Mean 3.398
2026-04-26 19:30:55,662 |  * Many: MSE 37.291	L1 4.704	G-Mean 2.986
2026-04-26 19:30:55,662 |  * Median: MSE 47.190	L1 5.613	G-Mean 3.951
2026-04-26 19:30:55,662 |  * Low: MSE 111.029	L1 9.295	G-Mean 7.609
2026-04-26 19:30:55,663 | Best L1 Loss: 4.788
2026-04-26 19:30:55,875 | Epoch #72: Train loss [3.2705]; Val loss: MSE [44.5655], L1 [5.2274], G-Mean [3.3985]
2026-04-26 19:31:06,269 | Epoch: [73][  0/254]	Time  10.39 ( 10.39)	Data 10.1885 (10.1885)	Loss (L1) 2.892 (2.892)
2026-04-26 19:31:11,979 | Epoch: [73][ 10/254]	Time   0.32 (  1.46)	Data 0.0002 (1.1954)	Loss (L1) 3.727 (3.292)
2026-04-26 19:31:15,070 | Epoch: [73][ 20/254]	Time   0.29 (  0.91)	Data 0.0003 (0.6263)	Loss (L1) 3.243 (3.234)
2026-04-26 19:31:18,146 | Epoch: [73][ 30/254]	Time   0.35 (  0.72)	Data 0.0038 (0.4245)	Loss (L1) 3.572 (3.278)
2026-04-26 19:31:21,229 | Epoch: [73][ 40/254]	Time   0.29 (  0.62)	Data 0.0002 (0.3212)	Loss (L1) 3.128 (3.252)
2026-04-26 19:31:24,261 | Epoch: [73][ 50/254]	Time   0.31 (  0.56)	Data 0.0002 (0.2585)	Loss (L1) 3.331 (3.238)
2026-04-26 19:31:27,254 | Epoch: [73][ 60/254]	Time   0.29 (  0.51)	Data 0.0002 (0.2161)	Loss (L1) 3.415 (3.248)
2026-04-26 19:31:30,235 | Epoch: [73][ 70/254]	Time   0.30 (  0.48)	Data 0.0002 (0.1857)	Loss (L1) 3.520 (3.249)
2026-04-26 19:31:33,262 | Epoch: [73][ 80/254]	Time   0.28 (  0.46)	Data 0.0002 (0.1628)	Loss (L1) 3.089 (3.235)
2026-04-26 19:31:36,295 | Epoch: [73][ 90/254]	Time   0.30 (  0.44)	Data 0.0004 (0.1450)	Loss (L1) 3.114 (3.236)
2026-04-26 19:31:39,356 | Epoch: [73][100/254]	Time   0.30 (  0.43)	Data 0.0003 (0.1307)	Loss (L1) 3.090 (3.224)
2026-04-26 19:31:42,472 | Epoch: [73][110/254]	Time   0.30 (  0.42)	Data 0.0002 (0.1189)	Loss (L1) 3.351 (3.236)
2026-04-26 19:31:45,501 | Epoch: [73][120/254]	Time   0.31 (  0.41)	Data 0.0002 (0.1091)	Loss (L1) 2.985 (3.237)
2026-04-26 19:31:48,576 | Epoch: [73][130/254]	Time   0.32 (  0.40)	Data 0.0003 (0.1009)	Loss (L1) 3.551 (3.237)
2026-04-26 19:31:51,622 | Epoch: [73][140/254]	Time   0.31 (  0.40)	Data 0.0001 (0.0938)	Loss (L1) 3.176 (3.238)
2026-04-26 19:31:54,682 | Epoch: [73][150/254]	Time   0.30 (  0.39)	Data 0.0003 (0.0876)	Loss (L1) 3.109 (3.238)
2026-04-26 19:31:57,717 | Epoch: [73][160/254]	Time   0.29 (  0.38)	Data 0.0002 (0.0822)	Loss (L1) 3.233 (3.238)
2026-04-26 19:32:00,751 | Epoch: [73][170/254]	Time   0.33 (  0.38)	Data 0.0002 (0.0774)	Loss (L1) 3.282 (3.241)
2026-04-26 19:32:03,727 | Epoch: [73][180/254]	Time   0.31 (  0.37)	Data 0.0003 (0.0731)	Loss (L1) 3.311 (3.241)
2026-04-26 19:32:06,761 | Epoch: [73][190/254]	Time   0.28 (  0.37)	Data 0.0001 (0.0695)	Loss (L1) 3.322 (3.254)
2026-04-26 19:32:09,721 | Epoch: [73][200/254]	Time   0.30 (  0.37)	Data 0.0002 (0.0661)	Loss (L1) 3.513 (3.251)
2026-04-26 19:32:12,637 | Epoch: [73][210/254]	Time   0.29 (  0.36)	Data 0.0000 (0.0629)	Loss (L1) 3.244 (3.251)
2026-04-26 19:32:15,555 | Epoch: [73][220/254]	Time   0.29 (  0.36)	Data 0.0001 (0.0601)	Loss (L1) 3.233 (3.246)
2026-04-26 19:32:18,462 | Epoch: [73][230/254]	Time   0.29 (  0.36)	Data 0.0001 (0.0575)	Loss (L1) 3.481 (3.253)
2026-04-26 19:32:21,373 | Epoch: [73][240/254]	Time   0.29 (  0.35)	Data 0.0000 (0.0551)	Loss (L1) 2.903 (3.254)
2026-04-26 19:32:24,286 | Epoch: [73][250/254]	Time   0.29 (  0.35)	Data 0.0000 (0.0529)	Loss (L1) 3.169 (3.256)
2026-04-26 19:32:25,371 | Create Epoch [73] features of all training data...
2026-04-26 19:33:38,943 | Updated smoothed statistics on Epoch [73]!
2026-04-26 19:33:38,971 | Updated running statistics with Epoch [73] features!
2026-04-26 19:33:43,946 | Val: [ 0/25]	Time  4.973 ( 4.973)	Loss (MSE) 96.139 (96.139)	Loss (L1) 8.959 (8.959)
2026-04-26 19:33:49,236 | Val: [10/25]	Time  0.083 ( 0.933)	Loss (MSE) 36.413 (43.001)	Loss (L1) 4.825 (5.163)
2026-04-26 19:33:50,071 | Val: [20/25]	Time  0.083 ( 0.529)	Loss (MSE) 45.812 (40.261)	Loss (L1) 5.143 (4.954)
2026-04-26 19:33:50,635 |  * Overall: MSE 44.219	L1 5.206	G-Mean 3.375
2026-04-26 19:33:50,635 |  * Many: MSE 36.668	L1 4.652	G-Mean 2.942
2026-04-26 19:33:50,635 |  * Median: MSE 47.292	L1 5.653	G-Mean 3.996
2026-04-26 19:33:50,635 |  * Low: MSE 111.942	L1 9.374	G-Mean 7.659
2026-04-26 19:33:50,636 | Best L1 Loss: 4.788
2026-04-26 19:33:50,850 | Epoch #73: Train loss [3.2561]; Val loss: MSE [44.2188], L1 [5.2064], G-Mean [3.3746]
2026-04-26 19:33:56,462 | Epoch: [74][  0/254]	Time   5.61 (  5.61)	Data 5.3942 (5.3942)	Loss (L1) 3.149 (3.149)
2026-04-26 19:34:05,758 | Epoch: [74][ 10/254]	Time   0.35 (  1.36)	Data 0.0002 (1.0954)	Loss (L1) 3.648 (3.235)
2026-04-26 19:34:08,800 | Epoch: [74][ 20/254]	Time   0.33 (  0.85)	Data 0.0002 (0.5739)	Loss (L1) 3.685 (3.231)
2026-04-26 19:34:11,964 | Epoch: [74][ 30/254]	Time   0.32 (  0.68)	Data 0.0003 (0.3888)	Loss (L1) 3.680 (3.288)
2026-04-26 19:34:15,130 | Epoch: [74][ 40/254]	Time   0.29 (  0.59)	Data 0.0005 (0.2943)	Loss (L1) 3.372 (3.250)
2026-04-26 19:34:18,219 | Epoch: [74][ 50/254]	Time   0.32 (  0.54)	Data 0.0003 (0.2366)	Loss (L1) 3.646 (3.259)
2026-04-26 19:34:21,245 | Epoch: [74][ 60/254]	Time   0.32 (  0.50)	Data 0.0003 (0.1979)	Loss (L1) 3.134 (3.247)
2026-04-26 19:34:24,480 | Epoch: [74][ 70/254]	Time   0.30 (  0.47)	Data 0.0002 (0.1700)	Loss (L1) 3.076 (3.251)
2026-04-26 19:34:27,532 | Epoch: [74][ 80/254]	Time   0.31 (  0.45)	Data 0.0003 (0.1492)	Loss (L1) 3.554 (3.277)
2026-04-26 19:34:30,513 | Epoch: [74][ 90/254]	Time   0.30 (  0.44)	Data 0.0002 (0.1329)	Loss (L1) 3.357 (3.272)
2026-04-26 19:34:33,602 | Epoch: [74][100/254]	Time   0.30 (  0.42)	Data 0.0003 (0.1198)	Loss (L1) 3.036 (3.275)
2026-04-26 19:34:36,656 | Epoch: [74][110/254]	Time   0.32 (  0.41)	Data 0.0003 (0.1091)	Loss (L1) 3.126 (3.267)
2026-04-26 19:34:39,709 | Epoch: [74][120/254]	Time   0.32 (  0.40)	Data 0.0003 (0.1002)	Loss (L1) 3.072 (3.269)
2026-04-26 19:34:42,717 | Epoch: [74][130/254]	Time   0.29 (  0.40)	Data 0.0002 (0.0926)	Loss (L1) 3.051 (3.260)
2026-04-26 19:34:45,941 | Epoch: [74][140/254]	Time   0.32 (  0.39)	Data 0.0002 (0.0862)	Loss (L1) 3.429 (3.270)
2026-04-26 19:34:48,981 | Epoch: [74][150/254]	Time   0.29 (  0.38)	Data 0.0003 (0.0805)	Loss (L1) 2.749 (3.267)
2026-04-26 19:34:52,050 | Epoch: [74][160/254]	Time   0.30 (  0.38)	Data 0.0003 (0.0755)	Loss (L1) 3.212 (3.271)
2026-04-26 19:34:55,106 | Epoch: [74][170/254]	Time   0.26 (  0.38)	Data 0.0003 (0.0711)	Loss (L1) 3.171 (3.263)
2026-04-26 19:34:58,173 | Epoch: [74][180/254]	Time   0.30 (  0.37)	Data 0.0003 (0.0673)	Loss (L1) 4.016 (3.259)
2026-04-26 19:35:01,148 | Epoch: [74][190/254]	Time   0.31 (  0.37)	Data 0.0002 (0.0640)	Loss (L1) 3.386 (3.258)
2026-04-26 19:35:04,120 | Epoch: [74][200/254]	Time   0.29 (  0.36)	Data 0.0002 (0.0608)	Loss (L1) 3.056 (3.269)
2026-04-26 19:35:07,043 | Epoch: [74][210/254]	Time   0.29 (  0.36)	Data 0.0001 (0.0579)	Loss (L1) 3.023 (3.266)
2026-04-26 19:35:09,957 | Epoch: [74][220/254]	Time   0.29 (  0.36)	Data 0.0000 (0.0553)	Loss (L1) 3.126 (3.265)
2026-04-26 19:35:12,864 | Epoch: [74][230/254]	Time   0.29 (  0.36)	Data 0.0000 (0.0529)	Loss (L1) 2.959 (3.258)
2026-04-26 19:35:15,773 | Epoch: [74][240/254]	Time   0.29 (  0.35)	Data 0.0001 (0.0507)	Loss (L1) 3.153 (3.258)
2026-04-26 19:35:18,682 | Epoch: [74][250/254]	Time   0.29 (  0.35)	Data 0.0001 (0.0487)	Loss (L1) 3.182 (3.258)
2026-04-26 19:35:19,766 | Create Epoch [74] features of all training data...
2026-04-26 19:36:33,159 | Updated smoothed statistics on Epoch [74]!
2026-04-26 19:36:33,187 | Updated running statistics with Epoch [74] features!
2026-04-26 19:36:43,280 | Val: [ 0/25]	Time 10.091 (10.091)	Loss (MSE) 84.499 (84.499)	Loss (L1) 8.354 (8.354)
2026-04-26 19:36:44,482 | Val: [10/25]	Time  0.083 ( 1.027)	Loss (MSE) 35.626 (40.256)	Loss (L1) 4.734 (4.967)
2026-04-26 19:36:45,313 | Val: [20/25]	Time  0.083 ( 0.577)	Loss (MSE) 49.948 (39.935)	Loss (L1) 5.318 (4.925)
2026-04-26 19:36:45,896 |  * Overall: MSE 44.754	L1 5.229	G-Mean 3.368
2026-04-26 19:36:45,896 |  * Many: MSE 37.390	L1 4.699	G-Mean 2.944
2026-04-26 19:36:45,896 |  * Median: MSE 45.869	L1 5.522	G-Mean 3.877
2026-04-26 19:36:45,896 |  * Low: MSE 117.627	L1 9.711	G-Mean 8.220
2026-04-26 19:36:45,897 | Best L1 Loss: 4.788
2026-04-26 19:36:46,115 | Epoch #74: Train loss [3.2587]; Val loss: MSE [44.7539], L1 [5.2295], G-Mean [3.3676]
2026-04-26 19:36:56,357 | Epoch: [75][  0/254]	Time  10.24 ( 10.24)	Data 10.0006 (10.0006)	Loss (L1) 2.801 (2.801)
2026-04-26 19:37:02,253 | Epoch: [75][ 10/254]	Time   0.32 (  1.47)	Data 0.0001 (1.1674)	Loss (L1) 3.034 (3.130)
2026-04-26 19:37:05,277 | Epoch: [75][ 20/254]	Time   0.29 (  0.91)	Data 0.0001 (0.6116)	Loss (L1) 3.228 (3.248)
2026-04-26 19:37:08,332 | Epoch: [75][ 30/254]	Time   0.31 (  0.72)	Data 0.0002 (0.4144)	Loss (L1) 3.033 (3.208)
2026-04-26 19:37:11,287 | Epoch: [75][ 40/254]	Time   0.30 (  0.61)	Data 0.0002 (0.3134)	Loss (L1) 3.201 (3.206)
2026-04-26 19:37:14,335 | Epoch: [75][ 50/254]	Time   0.31 (  0.55)	Data 0.0002 (0.2520)	Loss (L1) 3.414 (3.232)
2026-04-26 19:37:17,376 | Epoch: [75][ 60/254]	Time   0.29 (  0.51)	Data 0.0001 (0.2107)	Loss (L1) 3.244 (3.228)
2026-04-26 19:37:20,380 | Epoch: [75][ 70/254]	Time   0.28 (  0.48)	Data 0.0002 (0.1810)	Loss (L1) 3.654 (3.224)
2026-04-26 19:37:23,391 | Epoch: [75][ 80/254]	Time   0.34 (  0.46)	Data 0.0002 (0.1587)	Loss (L1) 3.049 (3.207)
2026-04-26 19:37:26,451 | Epoch: [75][ 90/254]	Time   0.33 (  0.44)	Data 0.0002 (0.1414)	Loss (L1) 3.251 (3.254)
2026-04-26 19:37:29,420 | Epoch: [75][100/254]	Time   0.30 (  0.43)	Data 0.0001 (0.1274)	Loss (L1) 3.276 (3.262)
2026-04-26 19:37:32,358 | Epoch: [75][110/254]	Time   0.29 (  0.42)	Data 0.0002 (0.1160)	Loss (L1) 3.343 (3.258)
2026-04-26 19:37:35,420 | Epoch: [75][120/254]	Time   0.29 (  0.41)	Data 0.0002 (0.1064)	Loss (L1) 2.938 (3.253)
2026-04-26 19:37:38,394 | Epoch: [75][130/254]	Time   0.31 (  0.40)	Data 0.0002 (0.0984)	Loss (L1) 3.110 (3.251)
2026-04-26 19:37:41,370 | Epoch: [75][140/254]	Time   0.28 (  0.39)	Data 0.0002 (0.0914)	Loss (L1) 3.291 (3.260)
2026-04-26 19:37:44,430 | Epoch: [75][150/254]	Time   0.30 (  0.39)	Data 0.0003 (0.0854)	Loss (L1) 3.291 (3.273)
2026-04-26 19:37:47,455 | Epoch: [75][160/254]	Time   0.33 (  0.38)	Data 0.0002 (0.0802)	Loss (L1) 3.775 (3.278)
2026-04-26 19:37:50,398 | Epoch: [75][170/254]	Time   0.29 (  0.38)	Data 0.0002 (0.0756)	Loss (L1) 2.852 (3.268)
2026-04-26 19:37:53,370 | Epoch: [75][180/254]	Time   0.30 (  0.37)	Data 0.0002 (0.0714)	Loss (L1) 3.205 (3.263)
2026-04-26 19:37:56,330 | Epoch: [75][190/254]	Time   0.29 (  0.37)	Data 0.0002 (0.0678)	Loss (L1) 3.328 (3.262)
2026-04-26 19:37:59,258 | Epoch: [75][200/254]	Time   0.29 (  0.36)	Data 0.0001 (0.0644)	Loss (L1) 3.114 (3.256)
2026-04-26 19:38:02,166 | Epoch: [75][210/254]	Time   0.29 (  0.36)	Data 0.0001 (0.0614)	Loss (L1) 3.173 (3.259)
2026-04-26 19:38:05,076 | Epoch: [75][220/254]	Time   0.29 (  0.36)	Data 0.0001 (0.0586)	Loss (L1) 3.527 (3.254)
2026-04-26 19:38:07,984 | Epoch: [75][230/254]	Time   0.29 (  0.35)	Data 0.0001 (0.0561)	Loss (L1) 3.046 (3.250)
2026-04-26 19:38:10,885 | Epoch: [75][240/254]	Time   0.29 (  0.35)	Data 0.0001 (0.0538)	Loss (L1) 2.866 (3.242)
2026-04-26 19:38:13,790 | Epoch: [75][250/254]	Time   0.29 (  0.35)	Data 0.0001 (0.0516)	Loss (L1) 2.917 (3.240)
2026-04-26 19:38:14,874 | Create Epoch [75] features of all training data...
2026-04-26 19:39:27,892 | Updated smoothed statistics on Epoch [75]!
2026-04-26 19:39:27,920 | Updated running statistics with Epoch [75] features!
2026-04-26 19:39:35,503 | Val: [ 0/25]	Time  7.582 ( 7.582)	Loss (MSE) 92.689 (92.689)	Loss (L1) 8.804 (8.804)
2026-04-26 19:39:38,414 | Val: [10/25]	Time  0.083 ( 0.954)	Loss (MSE) 39.010 (43.874)	Loss (L1) 4.989 (5.195)
2026-04-26 19:39:39,247 | Val: [20/25]	Time  0.083 ( 0.539)	Loss (MSE) 43.978 (40.878)	Loss (L1) 4.920 (4.997)
2026-04-26 19:39:39,807 |  * Overall: MSE 43.876	L1 5.180	G-Mean 3.326
2026-04-26 19:39:39,807 |  * Many: MSE 37.853	L1 4.741	G-Mean 2.982
2026-04-26 19:39:39,807 |  * Median: MSE 44.604	L1 5.396	G-Mean 3.685
2026-04-26 19:39:39,807 |  * Low: MSE 104.145	L1 8.989	G-Mean 7.181
2026-04-26 19:39:39,808 | Best L1 Loss: 4.788
2026-04-26 19:39:40,017 | Epoch #75: Train loss [3.2424]; Val loss: MSE [43.8760], L1 [5.1803], G-Mean [3.3263]
2026-04-26 19:39:52,302 | Epoch: [76][  0/254]	Time  12.28 ( 12.28)	Data 12.0817 (12.0817)	Loss (L1) 3.483 (3.483)
2026-04-26 19:39:55,782 | Epoch: [76][ 10/254]	Time   0.29 (  1.43)	Data 0.0002 (1.1605)	Loss (L1) 3.545 (3.226)
2026-04-26 19:39:58,852 | Epoch: [76][ 20/254]	Time   0.31 (  0.90)	Data 0.0002 (0.6080)	Loss (L1) 3.321 (3.230)
2026-04-26 19:40:02,154 | Epoch: [76][ 30/254]	Time   0.44 (  0.71)	Data 0.0005 (0.4120)	Loss (L1) 3.035 (3.217)
2026-04-26 19:40:05,326 | Epoch: [76][ 40/254]	Time   0.29 (  0.62)	Data 0.0002 (0.3116)	Loss (L1) 3.230 (3.229)
2026-04-26 19:40:08,577 | Epoch: [76][ 50/254]	Time   0.32 (  0.56)	Data 0.0002 (0.2505)	Loss (L1) 2.782 (3.210)
2026-04-26 19:40:11,673 | Epoch: [76][ 60/254]	Time   0.29 (  0.52)	Data 0.0006 (0.2095)	Loss (L1) 3.338 (3.203)
2026-04-26 19:40:14,731 | Epoch: [76][ 70/254]	Time   0.29 (  0.49)	Data 0.0004 (0.1801)	Loss (L1) 3.059 (3.211)
2026-04-26 19:40:17,769 | Epoch: [76][ 80/254]	Time   0.30 (  0.47)	Data 0.0002 (0.1579)	Loss (L1) 2.947 (3.227)
2026-04-26 19:40:20,804 | Epoch: [76][ 90/254]	Time   0.29 (  0.45)	Data 0.0004 (0.1406)	Loss (L1) 3.155 (3.225)
2026-04-26 19:40:23,820 | Epoch: [76][100/254]	Time   0.31 (  0.43)	Data 0.0042 (0.1267)	Loss (L1) 3.273 (3.228)
2026-04-26 19:40:26,839 | Epoch: [76][110/254]	Time   0.31 (  0.42)	Data 0.0004 (0.1153)	Loss (L1) 3.237 (3.254)
2026-04-26 19:40:29,806 | Epoch: [76][120/254]	Time   0.30 (  0.41)	Data 0.0002 (0.1058)	Loss (L1) 3.938 (3.259)
2026-04-26 19:40:32,844 | Epoch: [76][130/254]	Time   0.31 (  0.40)	Data 0.0003 (0.0978)	Loss (L1) 3.076 (3.261)
2026-04-26 19:40:35,876 | Epoch: [76][140/254]	Time   0.29 (  0.40)	Data 0.0002 (0.0910)	Loss (L1) 3.286 (3.262)
2026-04-26 19:40:38,906 | Epoch: [76][150/254]	Time   0.31 (  0.39)	Data 0.0003 (0.0850)	Loss (L1) 2.979 (3.260)
2026-04-26 19:40:41,893 | Epoch: [76][160/254]	Time   0.29 (  0.38)	Data 0.0003 (0.0797)	Loss (L1) 2.989 (3.259)
2026-04-26 19:40:44,907 | Epoch: [76][170/254]	Time   0.31 (  0.38)	Data 0.0002 (0.0751)	Loss (L1) 3.259 (3.257)
2026-04-26 19:40:47,933 | Epoch: [76][180/254]	Time   0.29 (  0.38)	Data 0.0003 (0.0709)	Loss (L1) 3.042 (3.247)
2026-04-26 19:40:50,968 | Epoch: [76][190/254]	Time   0.30 (  0.37)	Data 0.0001 (0.0674)	Loss (L1) 3.047 (3.250)
2026-04-26 19:40:53,926 | Epoch: [76][200/254]	Time   0.29 (  0.37)	Data 0.0001 (0.0640)	Loss (L1) 3.114 (3.251)
2026-04-26 19:40:56,851 | Epoch: [76][210/254]	Time   0.30 (  0.36)	Data 0.0001 (0.0610)	Loss (L1) 2.953 (3.243)
2026-04-26 19:40:59,776 | Epoch: [76][220/254]	Time   0.29 (  0.36)	Data 0.0001 (0.0583)	Loss (L1) 3.249 (3.242)
2026-04-26 19:41:02,684 | Epoch: [76][230/254]	Time   0.29 (  0.36)	Data 0.0001 (0.0558)	Loss (L1) 3.087 (3.237)
2026-04-26 19:41:05,597 | Epoch: [76][240/254]	Time   0.29 (  0.36)	Data 0.0001 (0.0534)	Loss (L1) 2.855 (3.234)
2026-04-26 19:41:08,502 | Epoch: [76][250/254]	Time   0.29 (  0.35)	Data 0.0001 (0.0513)	Loss (L1) 5.192 (3.245)
2026-04-26 19:41:09,602 | Create Epoch [76] features of all training data...
2026-04-26 19:42:21,562 | Updated smoothed statistics on Epoch [76]!
2026-04-26 19:42:21,590 | Updated running statistics with Epoch [76] features!
2026-04-26 19:42:30,019 | Val: [ 0/25]	Time  8.427 ( 8.427)	Loss (MSE) 88.927 (88.927)	Loss (L1) 8.579 (8.579)
2026-04-26 19:42:32,419 | Val: [10/25]	Time  0.083 ( 0.984)	Loss (MSE) 36.966 (42.374)	Loss (L1) 4.861 (5.112)
2026-04-26 19:42:33,251 | Val: [20/25]	Time  0.083 ( 0.555)	Loss (MSE) 45.624 (40.296)	Loss (L1) 5.025 (4.953)
2026-04-26 19:42:33,807 |  * Overall: MSE 44.205	L1 5.198	G-Mean 3.360
2026-04-26 19:42:33,807 |  * Many: MSE 37.469	L1 4.707	G-Mean 2.958
2026-04-26 19:42:33,807 |  * Median: MSE 45.258	L1 5.469	G-Mean 3.846
2026-04-26 19:42:33,807 |  * Low: MSE 110.736	L1 9.352	G-Mean 7.795
2026-04-26 19:42:33,808 | Best L1 Loss: 4.788
2026-04-26 19:42:34,017 | Epoch #76: Train loss [3.2448]; Val loss: MSE [44.2045], L1 [5.1983], G-Mean [3.3602]
2026-04-26 19:42:39,352 | Epoch: [77][  0/254]	Time   5.33 (  5.33)	Data 5.1089 (5.1089)	Loss (L1) 3.115 (3.115)
2026-04-26 19:42:49,936 | Epoch: [77][ 10/254]	Time   0.30 (  1.45)	Data 0.0002 (1.1689)	Loss (L1) 2.819 (3.183)
2026-04-26 19:42:53,079 | Epoch: [77][ 20/254]	Time   0.32 (  0.91)	Data 0.0002 (0.6124)	Loss (L1) 3.567 (3.224)
2026-04-26 19:42:56,090 | Epoch: [77][ 30/254]	Time   0.32 (  0.71)	Data 0.0002 (0.4153)	Loss (L1) 2.989 (3.235)
2026-04-26 19:42:59,168 | Epoch: [77][ 40/254]	Time   0.36 (  0.61)	Data 0.0002 (0.3142)	Loss (L1) 3.329 (3.291)
2026-04-26 19:43:02,119 | Epoch: [77][ 50/254]	Time   0.30 (  0.55)	Data 0.0002 (0.2528)	Loss (L1) 4.519 (3.301)
2026-04-26 19:43:05,101 | Epoch: [77][ 60/254]	Time   0.30 (  0.51)	Data 0.0002 (0.2116)	Loss (L1) 3.172 (3.277)
2026-04-26 19:43:08,107 | Epoch: [77][ 70/254]	Time   0.30 (  0.48)	Data 0.0002 (0.1818)	Loss (L1) 3.332 (3.255)
2026-04-26 19:43:11,276 | Epoch: [77][ 80/254]	Time   0.32 (  0.46)	Data 0.0002 (0.1594)	Loss (L1) 3.901 (3.273)
2026-04-26 19:43:14,445 | Epoch: [77][ 90/254]	Time   0.29 (  0.44)	Data 0.0002 (0.1419)	Loss (L1) 3.374 (3.285)
2026-04-26 19:43:17,436 | Epoch: [77][100/254]	Time   0.30 (  0.43)	Data 0.0003 (0.1279)	Loss (L1) 3.100 (3.284)
2026-04-26 19:43:20,449 | Epoch: [77][110/254]	Time   0.30 (  0.42)	Data 0.0002 (0.1164)	Loss (L1) 3.062 (3.271)
2026-04-26 19:43:23,576 | Epoch: [77][120/254]	Time   0.31 (  0.41)	Data 0.0002 (0.1068)	Loss (L1) 3.235 (3.261)
2026-04-26 19:43:26,552 | Epoch: [77][130/254]	Time   0.30 (  0.40)	Data 0.0004 (0.0987)	Loss (L1) 3.481 (3.249)
2026-04-26 19:43:29,577 | Epoch: [77][140/254]	Time   0.34 (  0.39)	Data 0.0004 (0.0917)	Loss (L1) 3.101 (3.244)
2026-04-26 19:43:32,635 | Epoch: [77][150/254]	Time   0.31 (  0.39)	Data 0.0002 (0.0857)	Loss (L1) 3.152 (3.254)
2026-04-26 19:43:35,650 | Epoch: [77][160/254]	Time   0.30 (  0.38)	Data 0.0002 (0.0805)	Loss (L1) 3.309 (3.252)
2026-04-26 19:43:38,619 | Epoch: [77][170/254]	Time   0.30 (  0.38)	Data 0.0002 (0.0758)	Loss (L1) 3.118 (3.248)
2026-04-26 19:43:41,608 | Epoch: [77][180/254]	Time   0.28 (  0.37)	Data 0.0006 (0.0717)	Loss (L1) 3.386 (3.242)
2026-04-26 19:43:44,613 | Epoch: [77][190/254]	Time   0.32 (  0.37)	Data 0.0001 (0.0681)	Loss (L1) 3.410 (3.242)
2026-04-26 19:43:47,598 | Epoch: [77][200/254]	Time   0.29 (  0.37)	Data 0.0001 (0.0647)	Loss (L1) 2.960 (3.240)
2026-04-26 19:43:50,519 | Epoch: [77][210/254]	Time   0.29 (  0.36)	Data 0.0001 (0.0616)	Loss (L1) 2.979 (3.237)
2026-04-26 19:43:53,430 | Epoch: [77][220/254]	Time   0.29 (  0.36)	Data 0.0001 (0.0589)	Loss (L1) 3.043 (3.229)
2026-04-26 19:43:56,339 | Epoch: [77][230/254]	Time   0.29 (  0.36)	Data 0.0001 (0.0563)	Loss (L1) 3.265 (3.223)
2026-04-26 19:43:59,249 | Epoch: [77][240/254]	Time   0.29 (  0.35)	Data 0.0001 (0.0540)	Loss (L1) 3.117 (3.224)
2026-04-26 19:44:02,155 | Epoch: [77][250/254]	Time   0.29 (  0.35)	Data 0.0001 (0.0518)	Loss (L1) 2.949 (3.222)
2026-04-26 19:44:03,267 | Create Epoch [77] features of all training data...
2026-04-26 19:45:16,572 | Updated smoothed statistics on Epoch [77]!
2026-04-26 19:45:16,602 | Updated running statistics with Epoch [77] features!
2026-04-26 19:45:26,882 | Val: [ 0/25]	Time 10.277 (10.277)	Loss (MSE) 85.229 (85.229)	Loss (L1) 8.324 (8.324)
2026-04-26 19:45:27,732 | Val: [10/25]	Time  0.083 ( 1.012)	Loss (MSE) 35.299 (41.023)	Loss (L1) 4.759 (5.041)
2026-04-26 19:45:28,564 | Val: [20/25]	Time  0.083 ( 0.569)	Loss (MSE) 48.535 (40.084)	Loss (L1) 5.274 (4.940)
2026-04-26 19:45:29,123 |  * Overall: MSE 44.497	L1 5.229	G-Mean 3.386
2026-04-26 19:45:29,123 |  * Many: MSE 37.421	L1 4.703	G-Mean 2.951
2026-04-26 19:45:29,123 |  * Median: MSE 45.808	L1 5.551	G-Mean 3.956
2026-04-26 19:45:29,123 |  * Low: MSE 113.645	L1 9.558	G-Mean 8.093
2026-04-26 19:45:29,124 | Best L1 Loss: 4.788
2026-04-26 19:45:29,340 | Epoch #77: Train loss [3.2221]; Val loss: MSE [44.4966], L1 [5.2291], G-Mean [3.3862]
2026-04-26 19:45:42,062 | Epoch: [78][  0/254]	Time  12.72 ( 12.72)	Data 12.5750 (12.5750)	Loss (L1) 3.042 (3.042)
2026-04-26 19:45:45,040 | Epoch: [78][ 10/254]	Time   0.30 (  1.43)	Data 0.0003 (1.1436)	Loss (L1) 3.114 (3.151)
2026-04-26 19:45:48,067 | Epoch: [78][ 20/254]	Time   0.31 (  0.89)	Data 0.0003 (0.5992)	Loss (L1) 3.186 (3.251)
2026-04-26 19:45:51,113 | Epoch: [78][ 30/254]	Time   0.30 (  0.70)	Data 0.0003 (0.4060)	Loss (L1) 2.966 (3.222)
2026-04-26 19:45:54,130 | Epoch: [78][ 40/254]	Time   0.29 (  0.60)	Data 0.0003 (0.3070)	Loss (L1) 2.655 (3.214)
2026-04-26 19:45:57,165 | Epoch: [78][ 50/254]	Time   0.29 (  0.55)	Data 0.0003 (0.2469)	Loss (L1) 2.947 (3.208)
2026-04-26 19:46:00,154 | Epoch: [78][ 60/254]	Time   0.32 (  0.51)	Data 0.0003 (0.2065)	Loss (L1) 3.017 (3.228)
2026-04-26 19:46:03,261 | Epoch: [78][ 70/254]	Time   0.30 (  0.48)	Data 0.0002 (0.1775)	Loss (L1) 3.171 (3.261)
2026-04-26 19:46:06,298 | Epoch: [78][ 80/254]	Time   0.29 (  0.46)	Data 0.0003 (0.1556)	Loss (L1) 2.781 (3.242)
2026-04-26 19:46:09,320 | Epoch: [78][ 90/254]	Time   0.30 (  0.44)	Data 0.0002 (0.1385)	Loss (L1) 3.753 (3.245)
2026-04-26 19:46:12,337 | Epoch: [78][100/254]	Time   0.29 (  0.43)	Data 0.0003 (0.1248)	Loss (L1) 3.145 (3.244)
2026-04-26 19:46:15,316 | Epoch: [78][110/254]	Time   0.29 (  0.41)	Data 0.0003 (0.1137)	Loss (L1) 2.795 (3.241)
2026-04-26 19:46:18,299 | Epoch: [78][120/254]	Time   0.28 (  0.40)	Data 0.0003 (0.1043)	Loss (L1) 3.044 (3.241)
2026-04-26 19:46:21,349 | Epoch: [78][130/254]	Time   0.31 (  0.40)	Data 0.0002 (0.0964)	Loss (L1) 2.898 (3.228)
2026-04-26 19:46:24,388 | Epoch: [78][140/254]	Time   0.33 (  0.39)	Data 0.0003 (0.0896)	Loss (L1) 3.141 (3.233)
2026-04-26 19:46:27,361 | Epoch: [78][150/254]	Time   0.32 (  0.38)	Data 0.0003 (0.0837)	Loss (L1) 3.032 (3.231)
2026-04-26 19:46:30,362 | Epoch: [78][160/254]	Time   0.28 (  0.38)	Data 0.0009 (0.0785)	Loss (L1) 3.243 (3.230)
2026-04-26 19:46:33,331 | Epoch: [78][170/254]	Time   0.29 (  0.37)	Data 0.0003 (0.0739)	Loss (L1) 2.861 (3.222)
2026-04-26 19:46:36,298 | Epoch: [78][180/254]	Time   0.29 (  0.37)	Data 0.0003 (0.0699)	Loss (L1) 2.851 (3.225)
2026-04-26 19:46:39,285 | Epoch: [78][190/254]	Time   0.31 (  0.37)	Data 0.0001 (0.0663)	Loss (L1) 3.246 (3.224)
2026-04-26 19:46:42,225 | Epoch: [78][200/254]	Time   0.29 (  0.36)	Data 0.0001 (0.0630)	Loss (L1) 3.372 (3.229)
2026-04-26 19:46:45,134 | Epoch: [78][210/254]	Time   0.29 (  0.36)	Data 0.0001 (0.0601)	Loss (L1) 3.211 (3.233)
2026-04-26 19:46:48,034 | Epoch: [78][220/254]	Time   0.29 (  0.36)	Data 0.0001 (0.0574)	Loss (L1) 3.972 (3.240)
2026-04-26 19:46:50,940 | Epoch: [78][230/254]	Time   0.29 (  0.35)	Data 0.0000 (0.0549)	Loss (L1) 3.065 (3.235)
2026-04-26 19:46:53,847 | Epoch: [78][240/254]	Time   0.29 (  0.35)	Data 0.0001 (0.0526)	Loss (L1) 3.046 (3.234)
2026-04-26 19:46:56,751 | Epoch: [78][250/254]	Time   0.29 (  0.35)	Data 0.0001 (0.0505)	Loss (L1) 3.390 (3.231)
2026-04-26 19:46:57,833 | Create Epoch [78] features of all training data...
2026-04-26 19:48:10,513 | Updated smoothed statistics on Epoch [78]!
2026-04-26 19:48:10,541 | Updated running statistics with Epoch [78] features!
2026-04-26 19:48:20,545 | Val: [ 0/25]	Time 10.002 (10.002)	Loss (MSE) 95.731 (95.731)	Loss (L1) 8.912 (8.912)
2026-04-26 19:48:21,693 | Val: [10/25]	Time  0.083 ( 1.014)	Loss (MSE) 36.646 (43.812)	Loss (L1) 4.835 (5.215)
2026-04-26 19:48:22,525 | Val: [20/25]	Time  0.083 ( 0.571)	Loss (MSE) 46.305 (40.556)	Loss (L1) 5.127 (4.963)
2026-04-26 19:48:23,088 |  * Overall: MSE 45.378	L1 5.259	G-Mean 3.404
2026-04-26 19:48:23,088 |  * Many: MSE 37.048	L1 4.672	G-Mean 2.951
2026-04-26 19:48:23,088 |  * Median: MSE 48.044	L1 5.672	G-Mean 4.004
2026-04-26 19:48:23,088 |  * Low: MSE 122.704	L1 9.899	G-Mean 8.372
2026-04-26 19:48:23,089 | Best L1 Loss: 4.788
2026-04-26 19:48:23,307 | Epoch #78: Train loss [3.2313]; Val loss: MSE [45.3776], L1 [5.2595], G-Mean [3.4038]
2026-04-26 19:48:35,753 | Epoch: [79][  0/254]	Time  12.44 ( 12.44)	Data 12.2669 (12.2669)	Loss (L1) 2.983 (2.983)
2026-04-26 19:48:38,936 | Epoch: [79][ 10/254]	Time   0.29 (  1.42)	Data 0.0002 (1.1391)	Loss (L1) 2.997 (3.213)
2026-04-26 19:48:41,998 | Epoch: [79][ 20/254]	Time   0.31 (  0.89)	Data 0.0002 (0.5968)	Loss (L1) 3.472 (3.163)
2026-04-26 19:48:45,147 | Epoch: [79][ 30/254]	Time   0.33 (  0.70)	Data 0.0002 (0.4043)	Loss (L1) 3.086 (3.180)
2026-04-26 19:48:48,257 | Epoch: [79][ 40/254]	Time   0.27 (  0.61)	Data 0.0003 (0.3058)	Loss (L1) 3.193 (3.212)
2026-04-26 19:48:51,268 | Epoch: [79][ 50/254]	Time   0.30 (  0.55)	Data 0.0002 (0.2459)	Loss (L1) 3.336 (3.189)
2026-04-26 19:48:54,366 | Epoch: [79][ 60/254]	Time   0.29 (  0.51)	Data 0.0002 (0.2057)	Loss (L1) 2.823 (3.189)
2026-04-26 19:48:57,342 | Epoch: [79][ 70/254]	Time   0.29 (  0.48)	Data 0.0002 (0.1768)	Loss (L1) 3.081 (3.184)
2026-04-26 19:49:00,353 | Epoch: [79][ 80/254]	Time   0.31 (  0.46)	Data 0.0002 (0.1550)	Loss (L1) 3.724 (3.181)
2026-04-26 19:49:03,411 | Epoch: [79][ 90/254]	Time   0.32 (  0.44)	Data 0.0002 (0.1380)	Loss (L1) 2.956 (3.185)
2026-04-26 19:49:06,448 | Epoch: [79][100/254]	Time   0.30 (  0.43)	Data 0.0004 (0.1244)	Loss (L1) 3.159 (3.193)
2026-04-26 19:49:09,548 | Epoch: [79][110/254]	Time   0.30 (  0.42)	Data 0.0003 (0.1132)	Loss (L1) 2.954 (3.176)
2026-04-26 19:49:12,555 | Epoch: [79][120/254]	Time   0.31 (  0.41)	Data 0.0007 (0.1040)	Loss (L1) 3.127 (3.178)
2026-04-26 19:49:15,652 | Epoch: [79][130/254]	Time   0.32 (  0.40)	Data 0.0002 (0.0961)	Loss (L1) 3.412 (3.183)
2026-04-26 19:49:18,654 | Epoch: [79][140/254]	Time   0.30 (  0.39)	Data 0.0002 (0.0893)	Loss (L1) 3.096 (3.189)
2026-04-26 19:49:21,631 | Epoch: [79][150/254]	Time   0.30 (  0.39)	Data 0.0002 (0.0834)	Loss (L1) 3.306 (3.193)
2026-04-26 19:49:24,751 | Epoch: [79][160/254]	Time   0.34 (  0.38)	Data 0.0002 (0.0783)	Loss (L1) 3.109 (3.200)
2026-04-26 19:49:27,737 | Epoch: [79][170/254]	Time   0.30 (  0.38)	Data 0.0004 (0.0737)	Loss (L1) 3.242 (3.203)
2026-04-26 19:49:30,749 | Epoch: [79][180/254]	Time   0.31 (  0.37)	Data 0.0002 (0.0697)	Loss (L1) 3.167 (3.207)
2026-04-26 19:49:33,771 | Epoch: [79][190/254]	Time   0.30 (  0.37)	Data 0.0001 (0.0661)	Loss (L1) 3.634 (3.213)
2026-04-26 19:49:36,721 | Epoch: [79][200/254]	Time   0.29 (  0.37)	Data 0.0001 (0.0628)	Loss (L1) 2.893 (3.221)
2026-04-26 19:49:39,644 | Epoch: [79][210/254]	Time   0.30 (  0.36)	Data 0.0001 (0.0599)	Loss (L1) 3.214 (3.222)
2026-04-26 19:49:42,554 | Epoch: [79][220/254]	Time   0.29 (  0.36)	Data 0.0001 (0.0572)	Loss (L1) 2.931 (3.217)
2026-04-26 19:49:45,461 | Epoch: [79][230/254]	Time   0.29 (  0.36)	Data 0.0001 (0.0547)	Loss (L1) 2.985 (3.223)
2026-04-26 19:49:48,373 | Epoch: [79][240/254]	Time   0.29 (  0.35)	Data 0.0001 (0.0524)	Loss (L1) 3.420 (3.226)
2026-04-26 19:49:51,278 | Epoch: [79][250/254]	Time   0.29 (  0.35)	Data 0.0000 (0.0503)	Loss (L1) 3.331 (3.227)
2026-04-26 19:49:52,368 | Create Epoch [79] features of all training data...
2026-04-26 19:51:05,045 | Updated smoothed statistics on Epoch [79]!
2026-04-26 19:51:05,073 | Updated running statistics with Epoch [79] features!
2026-04-26 19:51:13,491 | Val: [ 0/25]	Time  8.417 ( 8.417)	Loss (MSE) 87.224 (87.224)	Loss (L1) 8.517 (8.517)
2026-04-26 19:51:15,762 | Val: [10/25]	Time  0.083 ( 0.972)	Loss (MSE) 37.467 (41.789)	Loss (L1) 4.879 (5.059)
2026-04-26 19:51:16,596 | Val: [20/25]	Time  0.083 ( 0.549)	Loss (MSE) 48.655 (40.736)	Loss (L1) 5.218 (4.973)
2026-04-26 19:51:17,169 |  * Overall: MSE 45.359	L1 5.257	G-Mean 3.406
2026-04-26 19:51:17,170 |  * Many: MSE 38.182	L1 4.748	G-Mean 3.002
2026-04-26 19:51:17,170 |  * Median: MSE 45.971	L1 5.502	G-Mean 3.853
2026-04-26 19:51:17,170 |  * Low: MSE 118.108	L1 9.677	G-Mean 8.154
2026-04-26 19:51:17,171 | Best L1 Loss: 4.788
2026-04-26 19:51:17,386 | Epoch #79: Train loss [3.2283]; Val loss: MSE [45.3593], L1 [5.2565], G-Mean [3.4061]
2026-04-26 19:51:27,633 | Epoch: [80][  0/254]	Time  10.25 ( 10.25)	Data 10.1062 (10.1062)	Loss (L1) 3.030 (3.030)
2026-04-26 19:51:32,344 | Epoch: [80][ 10/254]	Time   0.29 (  1.36)	Data 0.0001 (1.0938)	Loss (L1) 2.809 (3.154)
2026-04-26 19:51:35,291 | Epoch: [80][ 20/254]	Time   0.28 (  0.85)	Data 0.0002 (0.5731)	Loss (L1) 2.957 (3.130)
2026-04-26 19:51:38,322 | Epoch: [80][ 30/254]	Time   0.29 (  0.68)	Data 0.0002 (0.3885)	Loss (L1) 2.662 (3.121)
2026-04-26 19:51:41,346 | Epoch: [80][ 40/254]	Time   0.28 (  0.58)	Data 0.0114 (0.2944)	Loss (L1) 2.901 (3.129)
2026-04-26 19:51:44,307 | Epoch: [80][ 50/254]	Time   0.31 (  0.53)	Data 0.0002 (0.2367)	Loss (L1) 3.236 (3.152)
2026-04-26 19:51:47,275 | Epoch: [80][ 60/254]	Time   0.30 (  0.49)	Data 0.0002 (0.1980)	Loss (L1) 3.030 (3.147)
2026-04-26 19:51:50,222 | Epoch: [80][ 70/254]	Time   0.30 (  0.46)	Data 0.0003 (0.1701)	Loss (L1) 3.078 (3.132)
2026-04-26 19:51:53,199 | Epoch: [80][ 80/254]	Time   0.30 (  0.44)	Data 0.0002 (0.1492)	Loss (L1) 3.416 (3.141)
2026-04-26 19:51:56,195 | Epoch: [80][ 90/254]	Time   0.29 (  0.43)	Data 0.0002 (0.1328)	Loss (L1) 3.200 (3.157)
2026-04-26 19:51:59,218 | Epoch: [80][100/254]	Time   0.32 (  0.41)	Data 0.0003 (0.1198)	Loss (L1) 3.127 (3.161)
2026-04-26 19:52:02,189 | Epoch: [80][110/254]	Time   0.29 (  0.40)	Data 0.0003 (0.1090)	Loss (L1) 3.229 (3.165)
2026-04-26 19:52:05,230 | Epoch: [80][120/254]	Time   0.31 (  0.40)	Data 0.0003 (0.1000)	Loss (L1) 3.105 (3.169)
2026-04-26 19:52:08,197 | Epoch: [80][130/254]	Time   0.29 (  0.39)	Data 0.0002 (0.0924)	Loss (L1) 3.472 (3.178)
2026-04-26 19:52:11,173 | Epoch: [80][140/254]	Time   0.30 (  0.38)	Data 0.0002 (0.0859)	Loss (L1) 3.195 (3.177)
2026-04-26 19:52:14,155 | Epoch: [80][150/254]	Time   0.30 (  0.38)	Data 0.0002 (0.0803)	Loss (L1) 3.081 (3.171)
2026-04-26 19:52:17,146 | Epoch: [80][160/254]	Time   0.31 (  0.37)	Data 0.0003 (0.0753)	Loss (L1) 2.986 (3.179)
2026-04-26 19:52:20,110 | Epoch: [80][170/254]	Time   0.29 (  0.37)	Data 0.0002 (0.0709)	Loss (L1) 2.822 (3.177)
2026-04-26 19:52:23,112 | Epoch: [80][180/254]	Time   0.31 (  0.36)	Data 0.0002 (0.0670)	Loss (L1) 2.919 (3.178)
2026-04-26 19:52:26,074 | Epoch: [80][190/254]	Time   0.30 (  0.36)	Data 0.0002 (0.0637)	Loss (L1) 3.157 (3.182)
2026-04-26 19:52:29,042 | Epoch: [80][200/254]	Time   0.30 (  0.36)	Data 0.0001 (0.0606)	Loss (L1) 2.816 (3.176)
2026-04-26 19:52:31,978 | Epoch: [80][210/254]	Time   0.29 (  0.35)	Data 0.0001 (0.0577)	Loss (L1) 3.581 (3.178)
2026-04-26 19:52:34,907 | Epoch: [80][220/254]	Time   0.29 (  0.35)	Data 0.0001 (0.0551)	Loss (L1) 3.462 (3.181)
2026-04-26 19:52:37,839 | Epoch: [80][230/254]	Time   0.29 (  0.35)	Data 0.0001 (0.0527)	Loss (L1) 3.181 (3.179)
2026-04-26 19:52:40,765 | Epoch: [80][240/254]	Time   0.29 (  0.35)	Data 0.0001 (0.0505)	Loss (L1) 2.796 (3.176)
2026-04-26 19:52:43,692 | Epoch: [80][250/254]	Time   0.29 (  0.34)	Data 0.0001 (0.0485)	Loss (L1) 3.143 (3.184)
2026-04-26 19:52:44,804 | Create Epoch [80] features of all training data...
2026-04-26 19:53:57,991 | Updated smoothed statistics on Epoch [80]!
2026-04-26 19:53:58,019 | Updated running statistics with Epoch [80] features!
2026-04-26 19:54:05,974 | Val: [ 0/25]	Time  7.953 ( 7.953)	Loss (MSE) 93.937 (93.937)	Loss (L1) 8.891 (8.891)
2026-04-26 19:54:08,687 | Val: [10/25]	Time  0.083 ( 0.970)	Loss (MSE) 36.825 (42.842)	Loss (L1) 4.816 (5.125)
2026-04-26 19:54:09,520 | Val: [20/25]	Time  0.083 ( 0.548)	Loss (MSE) 47.496 (40.426)	Loss (L1) 5.172 (4.948)
2026-04-26 19:54:10,069 |  * Overall: MSE 44.795	L1 5.216	G-Mean 3.354
2026-04-26 19:54:10,069 |  * Many: MSE 37.157	L1 4.673	G-Mean 2.942
2026-04-26 19:54:10,069 |  * Median: MSE 46.987	L1 5.578	G-Mean 3.861
2026-04-26 19:54:10,069 |  * Low: MSE 116.624	L1 9.581	G-Mean 7.927
2026-04-26 19:54:10,070 | Best L1 Loss: 4.788
2026-04-26 19:54:10,280 | Epoch #80: Train loss [3.1839]; Val loss: MSE [44.7952], L1 [5.2164], G-Mean [3.3543]
2026-04-26 19:54:22,773 | Epoch: [81][  0/254]	Time  12.49 ( 12.49)	Data 12.3082 (12.3082)	Loss (L1) 3.007 (3.007)
2026-04-26 19:54:25,828 | Epoch: [81][ 10/254]	Time   0.29 (  1.41)	Data 0.0002 (1.1210)	Loss (L1) 2.637 (3.205)
2026-04-26 19:54:28,917 | Epoch: [81][ 20/254]	Time   0.35 (  0.89)	Data 0.0002 (0.5873)	Loss (L1) 3.249 (3.175)
2026-04-26 19:54:31,945 | Epoch: [81][ 30/254]	Time   0.29 (  0.70)	Data 0.0003 (0.3979)	Loss (L1) 2.754 (3.173)
2026-04-26 19:54:34,936 | Epoch: [81][ 40/254]	Time   0.30 (  0.60)	Data 0.0002 (0.3013)	Loss (L1) 2.958 (3.147)
2026-04-26 19:54:37,899 | Epoch: [81][ 50/254]	Time   0.29 (  0.54)	Data 0.0003 (0.2425)	Loss (L1) 3.235 (3.181)
2026-04-26 19:54:40,954 | Epoch: [81][ 60/254]	Time   0.32 (  0.50)	Data 0.0004 (0.2028)	Loss (L1) 3.394 (3.198)
2026-04-26 19:54:43,995 | Epoch: [81][ 70/254]	Time   0.31 (  0.47)	Data 0.0004 (0.1743)	Loss (L1) 3.211 (3.195)
2026-04-26 19:54:47,051 | Epoch: [81][ 80/254]	Time   0.36 (  0.45)	Data 0.0002 (0.1528)	Loss (L1) 3.070 (3.184)
2026-04-26 19:54:50,226 | Epoch: [81][ 90/254]	Time   0.32 (  0.44)	Data 0.0002 (0.1360)	Loss (L1) 3.610 (3.194)
2026-04-26 19:54:53,270 | Epoch: [81][100/254]	Time   0.28 (  0.43)	Data 0.0003 (0.1226)	Loss (L1) 2.616 (3.190)
2026-04-26 19:54:56,299 | Epoch: [81][110/254]	Time   0.30 (  0.41)	Data 0.0003 (0.1116)	Loss (L1) 2.919 (3.194)
2026-04-26 19:54:59,448 | Epoch: [81][120/254]	Time   0.30 (  0.41)	Data 0.0003 (0.1024)	Loss (L1) 2.758 (3.187)
2026-04-26 19:55:02,494 | Epoch: [81][130/254]	Time   0.31 (  0.40)	Data 0.0002 (0.0946)	Loss (L1) 3.147 (3.195)
2026-04-26 19:55:05,524 | Epoch: [81][140/254]	Time   0.31 (  0.39)	Data 0.0002 (0.0879)	Loss (L1) 3.193 (3.200)
2026-04-26 19:55:08,569 | Epoch: [81][150/254]	Time   0.30 (  0.39)	Data 0.0003 (0.0821)	Loss (L1) 3.429 (3.205)
2026-04-26 19:55:11,630 | Epoch: [81][160/254]	Time   0.30 (  0.38)	Data 0.0003 (0.0770)	Loss (L1) 2.833 (3.202)
2026-04-26 19:55:14,640 | Epoch: [81][170/254]	Time   0.30 (  0.38)	Data 0.0003 (0.0726)	Loss (L1) 3.344 (3.203)
2026-04-26 19:55:17,654 | Epoch: [81][180/254]	Time   0.29 (  0.37)	Data 0.0004 (0.0686)	Loss (L1) 3.214 (3.201)
2026-04-26 19:55:20,670 | Epoch: [81][190/254]	Time   0.30 (  0.37)	Data 0.0001 (0.0651)	Loss (L1) 2.791 (3.190)
2026-04-26 19:55:23,638 | Epoch: [81][200/254]	Time   0.30 (  0.36)	Data 0.0001 (0.0619)	Loss (L1) 3.401 (3.202)
2026-04-26 19:55:26,558 | Epoch: [81][210/254]	Time   0.30 (  0.36)	Data 0.0001 (0.0589)	Loss (L1) 3.133 (3.195)
2026-04-26 19:55:29,468 | Epoch: [81][220/254]	Time   0.29 (  0.36)	Data 0.0001 (0.0563)	Loss (L1) 3.255 (3.194)
2026-04-26 19:55:32,381 | Epoch: [81][230/254]	Time   0.29 (  0.36)	Data 0.0001 (0.0539)	Loss (L1) 3.338 (3.193)
2026-04-26 19:55:35,301 | Epoch: [81][240/254]	Time   0.29 (  0.35)	Data 0.0001 (0.0516)	Loss (L1) 3.095 (3.196)
2026-04-26 19:55:38,208 | Epoch: [81][250/254]	Time   0.29 (  0.35)	Data 0.0002 (0.0496)	Loss (L1) 3.138 (3.189)
2026-04-26 19:55:39,308 | Create Epoch [81] features of all training data...
2026-04-26 19:56:52,545 | Updated smoothed statistics on Epoch [81]!
2026-04-26 19:56:52,573 | Updated running statistics with Epoch [81] features!
2026-04-26 19:57:03,083 | Val: [ 0/25]	Time 10.509 (10.509)	Loss (MSE) 89.589 (89.589)	Loss (L1) 8.660 (8.660)
2026-04-26 19:57:03,942 | Val: [10/25]	Time  0.083 ( 1.033)	Loss (MSE) 36.060 (41.418)	Loss (L1) 4.775 (5.038)
2026-04-26 19:57:04,775 | Val: [20/25]	Time  0.083 ( 0.581)	Loss (MSE) 49.761 (40.372)	Loss (L1) 5.320 (4.946)
2026-04-26 19:57:05,341 |  * Overall: MSE 45.355	L1 5.252	G-Mean 3.376
2026-04-26 19:57:05,341 |  * Many: MSE 37.523	L1 4.699	G-Mean 2.933
2026-04-26 19:57:05,341 |  * Median: MSE 46.953	L1 5.584	G-Mean 3.955
2026-04-26 19:57:05,341 |  * Low: MSE 121.358	L1 9.821	G-Mean 8.256
2026-04-26 19:57:05,342 | Best L1 Loss: 4.788
2026-04-26 19:57:05,553 | Epoch #81: Train loss [3.1888]; Val loss: MSE [45.3548], L1 [5.2518], G-Mean [3.3759]
2026-04-26 19:57:18,443 | Epoch: [82][  0/254]	Time  12.89 ( 12.89)	Data 12.6896 (12.6896)	Loss (L1) 3.060 (3.060)
2026-04-26 19:57:21,402 | Epoch: [82][ 10/254]	Time   0.29 (  1.44)	Data 0.0002 (1.1538)	Loss (L1) 3.532 (3.142)
2026-04-26 19:57:24,391 | Epoch: [82][ 20/254]	Time   0.30 (  0.90)	Data 0.0002 (0.6045)	Loss (L1) 3.110 (3.138)
2026-04-26 19:57:27,669 | Epoch: [82][ 30/254]	Time   0.31 (  0.71)	Data 0.0002 (0.4099)	Loss (L1) 3.178 (3.215)
2026-04-26 19:57:30,845 | Epoch: [82][ 40/254]	Time   0.31 (  0.62)	Data 0.0027 (0.3101)	Loss (L1) 3.537 (3.214)
2026-04-26 19:57:33,865 | Epoch: [82][ 50/254]	Time   0.31 (  0.56)	Data 0.0003 (0.2496)	Loss (L1) 3.432 (3.243)
2026-04-26 19:57:36,857 | Epoch: [82][ 60/254]	Time   0.31 (  0.51)	Data 0.0003 (0.2087)	Loss (L1) 2.933 (3.223)
2026-04-26 19:57:39,966 | Epoch: [82][ 70/254]	Time   0.29 (  0.48)	Data 0.0116 (0.1795)	Loss (L1) 2.758 (3.199)
2026-04-26 19:57:43,037 | Epoch: [82][ 80/254]	Time   0.31 (  0.46)	Data 0.0003 (0.1574)	Loss (L1) 3.215 (3.184)
2026-04-26 19:57:45,991 | Epoch: [82][ 90/254]	Time   0.30 (  0.44)	Data 0.0003 (0.1401)	Loss (L1) 3.372 (3.187)
2026-04-26 19:57:48,967 | Epoch: [82][100/254]	Time   0.29 (  0.43)	Data 0.0003 (0.1263)	Loss (L1) 3.219 (3.167)
2026-04-26 19:57:52,121 | Epoch: [82][110/254]	Time   0.30 (  0.42)	Data 0.0051 (0.1150)	Loss (L1) 3.245 (3.182)
2026-04-26 19:57:55,089 | Epoch: [82][120/254]	Time   0.29 (  0.41)	Data 0.0003 (0.1055)	Loss (L1) 2.808 (3.186)
2026-04-26 19:57:58,152 | Epoch: [82][130/254]	Time   0.32 (  0.40)	Data 0.0003 (0.0975)	Loss (L1) 2.941 (3.176)
2026-04-26 19:58:01,217 | Epoch: [82][140/254]	Time   0.31 (  0.39)	Data 0.0003 (0.0906)	Loss (L1) 2.979 (3.182)
2026-04-26 19:58:04,205 | Epoch: [82][150/254]	Time   0.30 (  0.39)	Data 0.0002 (0.0847)	Loss (L1) 3.021 (3.176)
2026-04-26 19:58:07,175 | Epoch: [82][160/254]	Time   0.29 (  0.38)	Data 0.0002 (0.0794)	Loss (L1) 3.032 (3.176)
2026-04-26 19:58:10,181 | Epoch: [82][170/254]	Time   0.31 (  0.38)	Data 0.0002 (0.0748)	Loss (L1) 3.603 (3.181)
2026-04-26 19:58:13,180 | Epoch: [82][180/254]	Time   0.30 (  0.37)	Data 0.0002 (0.0707)	Loss (L1) 3.356 (3.190)
2026-04-26 19:58:16,152 | Epoch: [82][190/254]	Time   0.30 (  0.37)	Data 0.0001 (0.0672)	Loss (L1) 3.069 (3.182)
2026-04-26 19:58:19,084 | Epoch: [82][200/254]	Time   0.29 (  0.37)	Data 0.0001 (0.0639)	Loss (L1) 3.035 (3.185)
2026-04-26 19:58:21,992 | Epoch: [82][210/254]	Time   0.29 (  0.36)	Data 0.0001 (0.0608)	Loss (L1) 3.260 (3.185)
2026-04-26 19:58:24,891 | Epoch: [82][220/254]	Time   0.29 (  0.36)	Data 0.0001 (0.0581)	Loss (L1) 2.993 (3.193)
2026-04-26 19:58:27,792 | Epoch: [82][230/254]	Time   0.29 (  0.36)	Data 0.0001 (0.0556)	Loss (L1) 2.842 (3.190)
2026-04-26 19:58:30,695 | Epoch: [82][240/254]	Time   0.29 (  0.35)	Data 0.0001 (0.0533)	Loss (L1) 2.928 (3.186)
2026-04-26 19:58:33,590 | Epoch: [82][250/254]	Time   0.29 (  0.35)	Data 0.0001 (0.0512)	Loss (L1) 2.696 (3.187)
2026-04-26 19:58:34,680 | Create Epoch [82] features of all training data...
2026-04-26 19:59:47,322 | Updated smoothed statistics on Epoch [82]!
2026-04-26 19:59:47,350 | Updated running statistics with Epoch [82] features!
2026-04-26 19:59:57,449 | Val: [ 0/25]	Time 10.098 (10.098)	Loss (MSE) 90.586 (90.586)	Loss (L1) 8.706 (8.706)
2026-04-26 19:59:58,283 | Val: [10/25]	Time  0.083 ( 0.994)	Loss (MSE) 36.789 (41.911)	Loss (L1) 4.816 (5.072)
2026-04-26 19:59:59,115 | Val: [20/25]	Time  0.083 ( 0.560)	Loss (MSE) 48.346 (40.502)	Loss (L1) 5.232 (4.961)
2026-04-26 19:59:59,660 |  * Overall: MSE 45.150	L1 5.247	G-Mean 3.391
2026-04-26 19:59:59,660 |  * Many: MSE 37.609	L1 4.712	G-Mean 2.971
2026-04-26 19:59:59,660 |  * Median: MSE 46.660	L1 5.565	G-Mean 3.900
2026-04-26 19:59:59,660 |  * Low: MSE 118.432	L1 9.678	G-Mean 8.131
2026-04-26 19:59:59,661 | Best L1 Loss: 4.788
2026-04-26 19:59:59,876 | Epoch #82: Train loss [3.1859]; Val loss: MSE [45.1501], L1 [5.2466], G-Mean [3.3910]
2026-04-26 20:00:12,158 | Epoch: [83][  0/254]	Time  12.28 ( 12.28)	Data 12.1338 (12.1338)	Loss (L1) 2.939 (2.939)
2026-04-26 20:00:15,173 | Epoch: [83][ 10/254]	Time   0.31 (  1.39)	Data 0.0002 (1.1033)	Loss (L1) 2.698 (3.022)
2026-04-26 20:00:18,131 | Epoch: [83][ 20/254]	Time   0.30 (  0.87)	Data 0.0002 (0.5781)	Loss (L1) 3.297 (3.113)
2026-04-26 20:00:21,178 | Epoch: [83][ 30/254]	Time   0.30 (  0.69)	Data 0.0002 (0.3917)	Loss (L1) 3.232 (3.138)
2026-04-26 20:00:24,226 | Epoch: [83][ 40/254]	Time   0.30 (  0.59)	Data 0.0002 (0.2963)	Loss (L1) 3.112 (3.173)
2026-04-26 20:00:27,210 | Epoch: [83][ 50/254]	Time   0.29 (  0.54)	Data 0.0003 (0.2383)	Loss (L1) 2.743 (3.169)
2026-04-26 20:00:30,197 | Epoch: [83][ 60/254]	Time   0.31 (  0.50)	Data 0.0003 (0.1993)	Loss (L1) 2.944 (3.164)
2026-04-26 20:00:33,147 | Epoch: [83][ 70/254]	Time   0.29 (  0.47)	Data 0.0003 (0.1713)	Loss (L1) 2.917 (3.160)
2026-04-26 20:00:36,095 | Epoch: [83][ 80/254]	Time   0.29 (  0.45)	Data 0.0002 (0.1502)	Loss (L1) 3.019 (3.153)
2026-04-26 20:00:39,090 | Epoch: [83][ 90/254]	Time   0.29 (  0.43)	Data 0.0002 (0.1337)	Loss (L1) 2.903 (3.155)
2026-04-26 20:00:42,118 | Epoch: [83][100/254]	Time   0.30 (  0.42)	Data 0.0002 (0.1205)	Loss (L1) 3.023 (3.153)
2026-04-26 20:00:45,137 | Epoch: [83][110/254]	Time   0.31 (  0.41)	Data 0.0002 (0.1097)	Loss (L1) 3.786 (3.166)
2026-04-26 20:00:48,140 | Epoch: [83][120/254]	Time   0.28 (  0.40)	Data 0.0004 (0.1007)	Loss (L1) 3.386 (3.187)
2026-04-26 20:00:51,111 | Epoch: [83][130/254]	Time   0.30 (  0.39)	Data 0.0002 (0.0930)	Loss (L1) 3.201 (3.188)
2026-04-26 20:00:54,089 | Epoch: [83][140/254]	Time   0.31 (  0.38)	Data 0.0002 (0.0864)	Loss (L1) 2.874 (3.168)
2026-04-26 20:00:57,060 | Epoch: [83][150/254]	Time   0.29 (  0.38)	Data 0.0002 (0.0807)	Loss (L1) 2.969 (3.172)
2026-04-26 20:01:00,060 | Epoch: [83][160/254]	Time   0.30 (  0.37)	Data 0.0003 (0.0757)	Loss (L1) 3.272 (3.188)
2026-04-26 20:01:03,138 | Epoch: [83][170/254]	Time   0.31 (  0.37)	Data 0.0002 (0.0713)	Loss (L1) 3.549 (3.186)
2026-04-26 20:01:06,126 | Epoch: [83][180/254]	Time   0.29 (  0.37)	Data 0.0003 (0.0674)	Loss (L1) 5.185 (3.194)
2026-04-26 20:01:09,104 | Epoch: [83][190/254]	Time   0.29 (  0.36)	Data 0.0001 (0.0641)	Loss (L1) 3.026 (3.202)
2026-04-26 20:01:12,115 | Epoch: [83][200/254]	Time   0.29 (  0.36)	Data 0.0001 (0.0609)	Loss (L1) 3.263 (3.208)
2026-04-26 20:01:15,024 | Epoch: [83][210/254]	Time   0.29 (  0.36)	Data 0.0001 (0.0580)	Loss (L1) 2.941 (3.198)
2026-04-26 20:01:17,933 | Epoch: [83][220/254]	Time   0.29 (  0.35)	Data 0.0001 (0.0554)	Loss (L1) 2.882 (3.193)
2026-04-26 20:01:20,848 | Epoch: [83][230/254]	Time   0.29 (  0.35)	Data 0.0001 (0.0530)	Loss (L1) 3.021 (3.190)
2026-04-26 20:01:23,747 | Epoch: [83][240/254]	Time   0.29 (  0.35)	Data 0.0001 (0.0508)	Loss (L1) 3.017 (3.184)
2026-04-26 20:01:26,647 | Epoch: [83][250/254]	Time   0.29 (  0.35)	Data 0.0001 (0.0488)	Loss (L1) 2.997 (3.181)
2026-04-26 20:01:27,747 | Create Epoch [83] features of all training data...
2026-04-26 20:02:41,026 | Updated smoothed statistics on Epoch [83]!
2026-04-26 20:02:41,054 | Updated running statistics with Epoch [83] features!
2026-04-26 20:02:50,152 | Val: [ 0/25]	Time  9.097 ( 9.097)	Loss (MSE) 91.211 (91.211)	Loss (L1) 8.711 (8.711)
2026-04-26 20:02:51,639 | Val: [10/25]	Time  0.083 ( 0.962)	Loss (MSE) 36.635 (42.455)	Loss (L1) 4.806 (5.106)
2026-04-26 20:02:52,473 | Val: [20/25]	Time  0.083 ( 0.544)	Loss (MSE) 48.229 (40.624)	Loss (L1) 5.217 (4.961)
2026-04-26 20:02:53,020 |  * Overall: MSE 45.037	L1 5.232	G-Mean 3.369
2026-04-26 20:02:53,021 |  * Many: MSE 37.583	L1 4.699	G-Mean 2.947
2026-04-26 20:02:53,021 |  * Median: MSE 46.898	L1 5.577	G-Mean 3.909
2026-04-26 20:02:53,021 |  * Low: MSE 116.142	L1 9.543	G-Mean 7.942
2026-04-26 20:02:53,022 | Best L1 Loss: 4.788
2026-04-26 20:02:53,234 | Epoch #83: Train loss [3.1827]; Val loss: MSE [45.0373], L1 [5.2320], G-Mean [3.3685]
2026-04-26 20:03:05,994 | Epoch: [84][  0/254]	Time  12.76 ( 12.76)	Data 12.6149 (12.6149)	Loss (L1) 2.594 (2.594)
2026-04-26 20:03:08,947 | Epoch: [84][ 10/254]	Time   0.29 (  1.43)	Data 0.0002 (1.1472)	Loss (L1) 2.816 (3.038)
2026-04-26 20:03:11,891 | Epoch: [84][ 20/254]	Time   0.29 (  0.89)	Data 0.0002 (0.6010)	Loss (L1) 2.935 (3.098)
2026-04-26 20:03:14,879 | Epoch: [84][ 30/254]	Time   0.29 (  0.70)	Data 0.0004 (0.4072)	Loss (L1) 2.942 (3.134)
2026-04-26 20:03:17,848 | Epoch: [84][ 40/254]	Time   0.30 (  0.60)	Data 0.0001 (0.3079)	Loss (L1) 3.356 (3.139)
2026-04-26 20:03:20,802 | Epoch: [84][ 50/254]	Time   0.29 (  0.54)	Data 0.0002 (0.2476)	Loss (L1) 3.080 (3.128)
2026-04-26 20:03:23,793 | Epoch: [84][ 60/254]	Time   0.30 (  0.50)	Data 0.0002 (0.2070)	Loss (L1) 3.497 (3.139)
2026-04-26 20:03:26,760 | Epoch: [84][ 70/254]	Time   0.30 (  0.47)	Data 0.0001 (0.1779)	Loss (L1) 3.426 (3.167)
2026-04-26 20:03:29,754 | Epoch: [84][ 80/254]	Time   0.30 (  0.45)	Data 0.0002 (0.1560)	Loss (L1) 2.676 (3.153)
2026-04-26 20:03:32,794 | Epoch: [84][ 90/254]	Time   0.30 (  0.43)	Data 0.0002 (0.1390)	Loss (L1) 2.922 (3.154)
2026-04-26 20:03:35,777 | Epoch: [84][100/254]	Time   0.30 (  0.42)	Data 0.0002 (0.1252)	Loss (L1) 2.900 (3.160)
2026-04-26 20:03:38,746 | Epoch: [84][110/254]	Time   0.28 (  0.41)	Data 0.0002 (0.1140)	Loss (L1) 3.126 (3.159)
2026-04-26 20:03:41,741 | Epoch: [84][120/254]	Time   0.30 (  0.40)	Data 0.0002 (0.1046)	Loss (L1) 2.894 (3.160)
2026-04-26 20:03:44,748 | Epoch: [84][130/254]	Time   0.30 (  0.39)	Data 0.0002 (0.0966)	Loss (L1) 2.975 (3.164)
2026-04-26 20:03:47,707 | Epoch: [84][140/254]	Time   0.30 (  0.39)	Data 0.0002 (0.0898)	Loss (L1) 3.248 (3.164)
2026-04-26 20:03:50,844 | Epoch: [84][150/254]	Time   0.33 (  0.38)	Data 0.0002 (0.0838)	Loss (L1) 2.792 (3.157)
2026-04-26 20:03:53,817 | Epoch: [84][160/254]	Time   0.29 (  0.38)	Data 0.0003 (0.0786)	Loss (L1) 3.252 (3.152)
2026-04-26 20:03:56,807 | Epoch: [84][170/254]	Time   0.30 (  0.37)	Data 0.0002 (0.0741)	Loss (L1) 3.469 (3.160)
2026-04-26 20:03:59,870 | Epoch: [84][180/254]	Time   0.31 (  0.37)	Data 0.0002 (0.0700)	Loss (L1) 3.400 (3.161)
2026-04-26 20:04:02,868 | Epoch: [84][190/254]	Time   0.30 (  0.36)	Data 0.0001 (0.0665)	Loss (L1) 3.396 (3.158)
2026-04-26 20:04:05,856 | Epoch: [84][200/254]	Time   0.29 (  0.36)	Data 0.0001 (0.0632)	Loss (L1) 2.770 (3.161)
2026-04-26 20:04:08,780 | Epoch: [84][210/254]	Time   0.30 (  0.36)	Data 0.0001 (0.0602)	Loss (L1) 2.853 (3.163)
2026-04-26 20:04:11,718 | Epoch: [84][220/254]	Time   0.29 (  0.36)	Data 0.0001 (0.0575)	Loss (L1) 3.129 (3.172)
2026-04-26 20:04:14,650 | Epoch: [84][230/254]	Time   0.29 (  0.35)	Data 0.0001 (0.0550)	Loss (L1) 2.919 (3.173)
2026-04-26 20:04:17,573 | Epoch: [84][240/254]	Time   0.29 (  0.35)	Data 0.0001 (0.0527)	Loss (L1) 3.017 (3.178)
2026-04-26 20:04:20,475 | Epoch: [84][250/254]	Time   0.29 (  0.35)	Data 0.0001 (0.0506)	Loss (L1) 2.893 (3.176)
2026-04-26 20:04:21,564 | Create Epoch [84] features of all training data...
2026-04-26 20:05:34,769 | Updated smoothed statistics on Epoch [84]!
2026-04-26 20:05:34,796 | Updated running statistics with Epoch [84] features!
2026-04-26 20:05:44,768 | Val: [ 0/25]	Time  9.970 ( 9.970)	Loss (MSE) 91.979 (91.979)	Loss (L1) 8.772 (8.772)
2026-04-26 20:05:45,992 | Val: [10/25]	Time  0.084 ( 1.018)	Loss (MSE) 35.467 (41.736)	Loss (L1) 4.735 (5.064)
2026-04-26 20:05:46,827 | Val: [20/25]	Time  0.083 ( 0.573)	Loss (MSE) 48.597 (40.073)	Loss (L1) 5.262 (4.929)
2026-04-26 20:05:47,391 |  * Overall: MSE 44.724	L1 5.220	G-Mean 3.364
2026-04-26 20:05:47,391 |  * Many: MSE 36.937	L1 4.661	G-Mean 2.929
2026-04-26 20:05:47,391 |  * Median: MSE 46.964	L1 5.598	G-Mean 3.932
2026-04-26 20:05:47,391 |  * Low: MSE 117.926	L1 9.686	G-Mean 8.120
2026-04-26 20:05:47,392 | Best L1 Loss: 4.788
2026-04-26 20:05:47,603 | Epoch #84: Train loss [3.1735]; Val loss: MSE [44.7237], L1 [5.2202], G-Mean [3.3643]
2026-04-26 20:05:58,831 | Epoch: [85][  0/254]	Time  11.23 ( 11.23)	Data 11.0752 (11.0752)	Loss (L1) 3.508 (3.508)
2026-04-26 20:06:01,802 | Epoch: [85][ 10/254]	Time   0.29 (  1.29)	Data 0.0002 (1.0216)	Loss (L1) 3.011 (3.149)
2026-04-26 20:06:05,002 | Epoch: [85][ 20/254]	Time   0.32 (  0.83)	Data 0.0002 (0.5354)	Loss (L1) 3.225 (3.114)
2026-04-26 20:06:08,211 | Epoch: [85][ 30/254]	Time   0.30 (  0.66)	Data 0.0002 (0.3628)	Loss (L1) 3.344 (3.140)
2026-04-26 20:06:12,312 | Epoch: [85][ 40/254]	Time   0.30 (  0.60)	Data 0.0003 (0.3044)	Loss (L1) 2.881 (3.168)
2026-04-26 20:06:15,434 | Epoch: [85][ 50/254]	Time   0.30 (  0.55)	Data 0.0003 (0.2448)	Loss (L1) 2.764 (3.156)
2026-04-26 20:06:18,411 | Epoch: [85][ 60/254]	Time   0.30 (  0.51)	Data 0.0003 (0.2047)	Loss (L1) 3.512 (3.144)
2026-04-26 20:06:21,469 | Epoch: [85][ 70/254]	Time   0.30 (  0.48)	Data 0.0002 (0.1759)	Loss (L1) 3.063 (3.151)
2026-04-26 20:06:24,474 | Epoch: [85][ 80/254]	Time   0.32 (  0.46)	Data 0.0002 (0.1542)	Loss (L1) 2.918 (3.150)
2026-04-26 20:06:27,425 | Epoch: [85][ 90/254]	Time   0.30 (  0.44)	Data 0.0002 (0.1373)	Loss (L1) 3.223 (3.171)
2026-04-26 20:06:30,592 | Epoch: [85][100/254]	Time   0.29 (  0.43)	Data 0.0002 (0.1237)	Loss (L1) 3.535 (3.180)
2026-04-26 20:06:33,552 | Epoch: [85][110/254]	Time   0.29 (  0.41)	Data 0.0002 (0.1126)	Loss (L1) 2.797 (3.168)
2026-04-26 20:06:36,538 | Epoch: [85][120/254]	Time   0.30 (  0.40)	Data 0.0002 (0.1033)	Loss (L1) 2.896 (3.167)
2026-04-26 20:06:39,570 | Epoch: [85][130/254]	Time   0.30 (  0.40)	Data 0.0002 (0.0955)	Loss (L1) 2.924 (3.158)
2026-04-26 20:06:42,558 | Epoch: [85][140/254]	Time   0.30 (  0.39)	Data 0.0002 (0.0887)	Loss (L1) 3.036 (3.162)
2026-04-26 20:06:45,528 | Epoch: [85][150/254]	Time   0.29 (  0.38)	Data 0.0002 (0.0828)	Loss (L1) 3.338 (3.171)
2026-04-26 20:06:48,542 | Epoch: [85][160/254]	Time   0.30 (  0.38)	Data 0.0003 (0.0777)	Loss (L1) 2.996 (3.176)
2026-04-26 20:06:51,539 | Epoch: [85][170/254]	Time   0.29 (  0.37)	Data 0.0002 (0.0732)	Loss (L1) 3.600 (3.182)
2026-04-26 20:06:54,603 | Epoch: [85][180/254]	Time   0.29 (  0.37)	Data 0.0105 (0.0692)	Loss (L1) 2.708 (3.194)
2026-04-26 20:06:57,614 | Epoch: [85][190/254]	Time   0.30 (  0.37)	Data 0.0001 (0.0657)	Loss (L1) 3.303 (3.198)
2026-04-26 20:07:00,572 | Epoch: [85][200/254]	Time   0.30 (  0.36)	Data 0.0001 (0.0624)	Loss (L1) 3.004 (3.190)
2026-04-26 20:07:03,526 | Epoch: [85][210/254]	Time   0.29 (  0.36)	Data 0.0001 (0.0595)	Loss (L1) 2.967 (3.187)
2026-04-26 20:07:06,440 | Epoch: [85][220/254]	Time   0.29 (  0.36)	Data 0.0000 (0.0568)	Loss (L1) 2.883 (3.186)
2026-04-26 20:07:09,367 | Epoch: [85][230/254]	Time   0.30 (  0.35)	Data 0.0001 (0.0544)	Loss (L1) 3.600 (3.187)
2026-04-26 20:07:12,280 | Epoch: [85][240/254]	Time   0.29 (  0.35)	Data 0.0004 (0.0521)	Loss (L1) 3.010 (3.182)
2026-04-26 20:07:15,191 | Epoch: [85][250/254]	Time   0.29 (  0.35)	Data 0.0000 (0.0500)	Loss (L1) 3.525 (3.184)
2026-04-26 20:07:16,317 | Create Epoch [85] features of all training data...
2026-04-26 20:08:29,278 | Updated smoothed statistics on Epoch [85]!
2026-04-26 20:08:29,306 | Updated running statistics with Epoch [85] features!
2026-04-26 20:08:39,532 | Val: [ 0/25]	Time 10.224 (10.224)	Loss (MSE) 90.012 (90.012)	Loss (L1) 8.661 (8.661)
2026-04-26 20:08:40,369 | Val: [10/25]	Time  0.084 ( 1.006)	Loss (MSE) 35.526 (41.398)	Loss (L1) 4.744 (5.041)
2026-04-26 20:08:41,204 | Val: [20/25]	Time  0.083 ( 0.567)	Loss (MSE) 50.466 (40.388)	Loss (L1) 5.376 (4.947)
2026-04-26 20:08:41,751 |  * Overall: MSE 45.568	L1 5.266	G-Mean 3.383
2026-04-26 20:08:41,752 |  * Many: MSE 37.443	L1 4.693	G-Mean 2.933
2026-04-26 20:08:41,752 |  * Median: MSE 47.485	L1 5.630	G-Mean 3.976
2026-04-26 20:08:41,752 |  * Low: MSE 123.475	L1 9.924	G-Mean 8.365
2026-04-26 20:08:41,752 | Best L1 Loss: 4.788
2026-04-26 20:08:41,965 | Epoch #85: Train loss [3.1816]; Val loss: MSE [45.5681], L1 [5.2656], G-Mean [3.3829]
2026-04-26 20:08:53,521 | Epoch: [86][  0/254]	Time  11.55 ( 11.55)	Data 11.4114 (11.4114)	Loss (L1) 3.337 (3.337)
2026-04-26 20:08:57,307 | Epoch: [86][ 10/254]	Time   0.30 (  1.39)	Data 0.0002 (1.1272)	Loss (L1) 3.363 (3.128)
2026-04-26 20:09:00,265 | Epoch: [86][ 20/254]	Time   0.30 (  0.87)	Data 0.0002 (0.5905)	Loss (L1) 3.130 (3.132)
2026-04-26 20:09:03,346 | Epoch: [86][ 30/254]	Time   0.30 (  0.69)	Data 0.0052 (0.4003)	Loss (L1) 2.982 (3.153)
2026-04-26 20:09:06,324 | Epoch: [86][ 40/254]	Time   0.31 (  0.59)	Data 0.0003 (0.3029)	Loss (L1) 3.243 (3.147)
2026-04-26 20:09:09,336 | Epoch: [86][ 50/254]	Time   0.29 (  0.54)	Data 0.0002 (0.2435)	Loss (L1) 3.094 (3.149)
2026-04-26 20:09:12,368 | Epoch: [86][ 60/254]	Time   0.30 (  0.50)	Data 0.0003 (0.2036)	Loss (L1) 3.223 (3.146)
2026-04-26 20:09:15,324 | Epoch: [86][ 70/254]	Time   0.29 (  0.47)	Data 0.0003 (0.1750)	Loss (L1) 3.342 (3.171)
2026-04-26 20:09:18,311 | Epoch: [86][ 80/254]	Time   0.30 (  0.45)	Data 0.0003 (0.1534)	Loss (L1) 3.209 (3.176)
2026-04-26 20:09:21,331 | Epoch: [86][ 90/254]	Time   0.32 (  0.43)	Data 0.0003 (0.1366)	Loss (L1) 2.910 (3.166)
2026-04-26 20:09:24,301 | Epoch: [86][100/254]	Time   0.30 (  0.42)	Data 0.0002 (0.1231)	Loss (L1) 3.068 (3.160)
2026-04-26 20:09:27,274 | Epoch: [86][110/254]	Time   0.29 (  0.41)	Data 0.0003 (0.1120)	Loss (L1) 3.133 (3.159)
2026-04-26 20:09:30,299 | Epoch: [86][120/254]	Time   0.30 (  0.40)	Data 0.0002 (0.1028)	Loss (L1) 2.981 (3.157)
2026-04-26 20:09:33,296 | Epoch: [86][130/254]	Time   0.29 (  0.39)	Data 0.0003 (0.0950)	Loss (L1) 3.165 (3.153)
2026-04-26 20:09:36,295 | Epoch: [86][140/254]	Time   0.30 (  0.39)	Data 0.0003 (0.0883)	Loss (L1) 2.953 (3.161)
2026-04-26 20:09:39,343 | Epoch: [86][150/254]	Time   0.34 (  0.38)	Data 0.0003 (0.0825)	Loss (L1) 2.707 (3.158)
2026-04-26 20:09:42,389 | Epoch: [86][160/254]	Time   0.32 (  0.38)	Data 0.0004 (0.0774)	Loss (L1) 3.101 (3.152)
2026-04-26 20:09:45,352 | Epoch: [86][170/254]	Time   0.30 (  0.37)	Data 0.0003 (0.0729)	Loss (L1) 2.891 (3.167)
2026-04-26 20:09:48,305 | Epoch: [86][180/254]	Time   0.30 (  0.37)	Data 0.0003 (0.0689)	Loss (L1) 2.867 (3.159)
2026-04-26 20:09:51,337 | Epoch: [86][190/254]	Time   0.29 (  0.36)	Data 0.0001 (0.0655)	Loss (L1) 2.937 (3.157)
2026-04-26 20:09:54,304 | Epoch: [86][200/254]	Time   0.30 (  0.36)	Data 0.0001 (0.0622)	Loss (L1) 3.388 (3.166)
2026-04-26 20:09:57,233 | Epoch: [86][210/254]	Time   0.29 (  0.36)	Data 0.0001 (0.0593)	Loss (L1) 3.476 (3.171)
2026-04-26 20:10:00,177 | Epoch: [86][220/254]	Time   0.29 (  0.35)	Data 0.0001 (0.0566)	Loss (L1) 2.584 (3.172)
2026-04-26 20:10:03,098 | Epoch: [86][230/254]	Time   0.29 (  0.35)	Data 0.0000 (0.0542)	Loss (L1) 2.998 (3.170)
2026-04-26 20:10:06,005 | Epoch: [86][240/254]	Time   0.29 (  0.35)	Data 0.0001 (0.0519)	Loss (L1) 3.189 (3.170)
2026-04-26 20:10:08,909 | Epoch: [86][250/254]	Time   0.29 (  0.35)	Data 0.0001 (0.0499)	Loss (L1) 3.166 (3.164)
2026-04-26 20:10:09,984 | Create Epoch [86] features of all training data...
2026-04-26 20:11:21,523 | Updated smoothed statistics on Epoch [86]!
2026-04-26 20:11:21,551 | Updated running statistics with Epoch [86] features!
2026-04-26 20:11:31,999 | Val: [ 0/25]	Time 10.446 (10.446)	Loss (MSE) 93.213 (93.213)	Loss (L1) 8.829 (8.829)
2026-04-26 20:11:32,836 | Val: [10/25]	Time  0.084 ( 1.026)	Loss (MSE) 36.178 (42.352)	Loss (L1) 4.779 (5.105)
2026-04-26 20:11:33,671 | Val: [20/25]	Time  0.084 ( 0.577)	Loss (MSE) 47.362 (40.278)	Loss (L1) 5.165 (4.945)
2026-04-26 20:11:34,241 |  * Overall: MSE 44.590	L1 5.214	G-Mean 3.366
2026-04-26 20:11:34,241 |  * Many: MSE 37.018	L1 4.671	G-Mean 2.939
2026-04-26 20:11:34,241 |  * Median: MSE 46.897	L1 5.587	G-Mean 3.923
2026-04-26 20:11:34,242 |  * Low: MSE 115.304	L1 9.535	G-Mean 7.960
2026-04-26 20:11:34,242 | Best L1 Loss: 4.788
2026-04-26 20:11:34,461 | Epoch #86: Train loss [3.1639]; Val loss: MSE [44.5897], L1 [5.2143], G-Mean [3.3657]
2026-04-26 20:11:46,273 | Epoch: [87][  0/254]	Time  11.81 ( 11.81)	Data 11.6497 (11.6497)	Loss (L1) 3.059 (3.059)
2026-04-26 20:11:49,251 | Epoch: [87][ 10/254]	Time   0.29 (  1.34)	Data 0.0003 (1.0594)	Loss (L1) 3.493 (3.200)
2026-04-26 20:11:52,237 | Epoch: [87][ 20/254]	Time   0.30 (  0.85)	Data 0.0002 (0.5550)	Loss (L1) 3.383 (3.194)
2026-04-26 20:11:55,229 | Epoch: [87][ 30/254]	Time   0.29 (  0.67)	Data 0.0002 (0.3761)	Loss (L1) 3.096 (3.165)
2026-04-26 20:11:58,812 | Epoch: [87][ 40/254]	Time   0.29 (  0.59)	Data 0.0003 (0.3032)	Loss (L1) 3.454 (3.193)
2026-04-26 20:12:01,788 | Epoch: [87][ 50/254]	Time   0.31 (  0.54)	Data 0.0002 (0.2440)	Loss (L1) 3.230 (3.232)
2026-04-26 20:12:04,765 | Epoch: [87][ 60/254]	Time   0.29 (  0.50)	Data 0.0002 (0.2040)	Loss (L1) 2.994 (3.222)
2026-04-26 20:12:07,746 | Epoch: [87][ 70/254]	Time   0.30 (  0.47)	Data 0.0002 (0.1753)	Loss (L1) 3.136 (3.229)
2026-04-26 20:12:10,722 | Epoch: [87][ 80/254]	Time   0.29 (  0.45)	Data 0.0002 (0.1538)	Loss (L1) 3.073 (3.225)
2026-04-26 20:12:13,691 | Epoch: [87][ 90/254]	Time   0.28 (  0.43)	Data 0.0002 (0.1369)	Loss (L1) 3.187 (3.235)
2026-04-26 20:12:16,652 | Epoch: [87][100/254]	Time   0.29 (  0.42)	Data 0.0002 (0.1234)	Loss (L1) 2.826 (3.225)
2026-04-26 20:12:19,630 | Epoch: [87][110/254]	Time   0.30 (  0.41)	Data 0.0002 (0.1123)	Loss (L1) 3.003 (3.226)
2026-04-26 20:12:22,598 | Epoch: [87][120/254]	Time   0.30 (  0.40)	Data 0.0002 (0.1031)	Loss (L1) 3.017 (3.216)
2026-04-26 20:12:25,558 | Epoch: [87][130/254]	Time   0.29 (  0.39)	Data 0.0002 (0.0952)	Loss (L1) 3.104 (3.206)
2026-04-26 20:12:28,547 | Epoch: [87][140/254]	Time   0.29 (  0.38)	Data 0.0003 (0.0885)	Loss (L1) 3.161 (3.191)
2026-04-26 20:12:31,515 | Epoch: [87][150/254]	Time   0.30 (  0.38)	Data 0.0003 (0.0826)	Loss (L1) 3.494 (3.189)
2026-04-26 20:12:34,485 | Epoch: [87][160/254]	Time   0.32 (  0.37)	Data 0.0003 (0.0775)	Loss (L1) 3.693 (3.184)
2026-04-26 20:12:37,434 | Epoch: [87][170/254]	Time   0.30 (  0.37)	Data 0.0003 (0.0730)	Loss (L1) 3.102 (3.184)
2026-04-26 20:12:40,413 | Epoch: [87][180/254]	Time   0.31 (  0.36)	Data 0.0003 (0.0690)	Loss (L1) 3.123 (3.189)
2026-04-26 20:12:43,401 | Epoch: [87][190/254]	Time   0.30 (  0.36)	Data 0.0001 (0.0656)	Loss (L1) 3.276 (3.186)
2026-04-26 20:12:46,358 | Epoch: [87][200/254]	Time   0.29 (  0.36)	Data 0.0001 (0.0624)	Loss (L1) 3.332 (3.183)
2026-04-26 20:12:49,321 | Epoch: [87][210/254]	Time   0.29 (  0.35)	Data 0.0001 (0.0594)	Loss (L1) 2.965 (3.179)
2026-04-26 20:12:52,249 | Epoch: [87][220/254]	Time   0.29 (  0.35)	Data 0.0001 (0.0568)	Loss (L1) 3.100 (3.177)
2026-04-26 20:12:55,169 | Epoch: [87][230/254]	Time   0.29 (  0.35)	Data 0.0001 (0.0543)	Loss (L1) 3.045 (3.178)
2026-04-26 20:12:58,094 | Epoch: [87][240/254]	Time   0.29 (  0.35)	Data 0.0001 (0.0521)	Loss (L1) 3.317 (3.176)
2026-04-26 20:13:01,025 | Epoch: [87][250/254]	Time   0.29 (  0.34)	Data 0.0001 (0.0500)	Loss (L1) 3.033 (3.173)
2026-04-26 20:13:02,136 | Create Epoch [87] features of all training data...
2026-04-26 20:14:14,786 | Updated smoothed statistics on Epoch [87]!
2026-04-26 20:14:14,814 | Updated running statistics with Epoch [87] features!
2026-04-26 20:14:24,434 | Val: [ 0/25]	Time  9.619 ( 9.619)	Loss (MSE) 93.102 (93.102)	Loss (L1) 8.818 (8.818)
2026-04-26 20:14:25,435 | Val: [10/25]	Time  0.083 ( 0.965)	Loss (MSE) 36.681 (42.542)	Loss (L1) 4.813 (5.118)
2026-04-26 20:14:26,268 | Val: [20/25]	Time  0.084 ( 0.545)	Loss (MSE) 47.196 (40.406)	Loss (L1) 5.173 (4.953)
2026-04-26 20:14:26,804 |  * Overall: MSE 44.673	L1 5.220	G-Mean 3.379
2026-04-26 20:14:26,805 |  * Many: MSE 37.186	L1 4.680	G-Mean 2.953
2026-04-26 20:14:26,805 |  * Median: MSE 46.936	L1 5.594	G-Mean 3.936
2026-04-26 20:14:26,805 |  * Low: MSE 114.670	L1 9.506	G-Mean 7.930
2026-04-26 20:14:26,806 | Best L1 Loss: 4.788
2026-04-26 20:14:27,020 | Epoch #87: Train loss [3.1740]; Val loss: MSE [44.6731], L1 [5.2205], G-Mean [3.3792]
2026-04-26 20:14:36,364 | Epoch: [88][  0/254]	Time   9.34 (  9.34)	Data 9.1099 (9.1099)	Loss (L1) 3.203 (3.203)
2026-04-26 20:14:41,931 | Epoch: [88][ 10/254]	Time   0.29 (  1.36)	Data 0.0002 (1.0621)	Loss (L1) 2.949 (3.018)
2026-04-26 20:14:44,898 | Epoch: [88][ 20/254]	Time   0.29 (  0.85)	Data 0.0004 (0.5565)	Loss (L1) 3.728 (3.090)
2026-04-26 20:14:47,960 | Epoch: [88][ 30/254]	Time   0.33 (  0.68)	Data 0.0002 (0.3770)	Loss (L1) 3.176 (3.154)
2026-04-26 20:14:51,411 | Epoch: [88][ 40/254]	Time   0.42 (  0.59)	Data 0.0002 (0.2856)	Loss (L1) 3.045 (3.188)
2026-04-26 20:14:54,464 | Epoch: [88][ 50/254]	Time   0.30 (  0.54)	Data 0.0004 (0.2297)	Loss (L1) 3.141 (3.217)
2026-04-26 20:14:57,533 | Epoch: [88][ 60/254]	Time   0.30 (  0.50)	Data 0.0003 (0.1921)	Loss (L1) 3.385 (3.215)
2026-04-26 20:15:00,621 | Epoch: [88][ 70/254]	Time   0.31 (  0.47)	Data 0.0003 (0.1651)	Loss (L1) 2.884 (3.201)
2026-04-26 20:15:03,587 | Epoch: [88][ 80/254]	Time   0.29 (  0.45)	Data 0.0003 (0.1447)	Loss (L1) 2.905 (3.187)
2026-04-26 20:15:06,570 | Epoch: [88][ 90/254]	Time   0.30 (  0.43)	Data 0.0002 (0.1289)	Loss (L1) 2.925 (3.173)
2026-04-26 20:15:09,555 | Epoch: [88][100/254]	Time   0.29 (  0.42)	Data 0.0003 (0.1161)	Loss (L1) 3.053 (3.174)
2026-04-26 20:15:12,614 | Epoch: [88][110/254]	Time   0.29 (  0.41)	Data 0.0003 (0.1057)	Loss (L1) 2.965 (3.174)
2026-04-26 20:15:15,631 | Epoch: [88][120/254]	Time   0.32 (  0.40)	Data 0.0002 (0.0970)	Loss (L1) 2.868 (3.182)
2026-04-26 20:15:18,585 | Epoch: [88][130/254]	Time   0.30 (  0.39)	Data 0.0003 (0.0896)	Loss (L1) 3.469 (3.173)
2026-04-26 20:15:21,595 | Epoch: [88][140/254]	Time   0.32 (  0.39)	Data 0.0002 (0.0833)	Loss (L1) 2.948 (3.163)
2026-04-26 20:15:24,586 | Epoch: [88][150/254]	Time   0.30 (  0.38)	Data 0.0001 (0.0778)	Loss (L1) 2.763 (3.157)
2026-04-26 20:15:27,653 | Epoch: [88][160/254]	Time   0.29 (  0.38)	Data 0.0002 (0.0730)	Loss (L1) 2.902 (3.152)
2026-04-26 20:15:30,746 | Epoch: [88][170/254]	Time   0.31 (  0.37)	Data 0.0005 (0.0687)	Loss (L1) 3.139 (3.150)
2026-04-26 20:15:33,799 | Epoch: [88][180/254]	Time   0.30 (  0.37)	Data 0.0003 (0.0650)	Loss (L1) 3.546 (3.149)
2026-04-26 20:15:36,785 | Epoch: [88][190/254]	Time   0.29 (  0.37)	Data 0.0001 (0.0618)	Loss (L1) 2.886 (3.153)
2026-04-26 20:15:39,746 | Epoch: [88][200/254]	Time   0.29 (  0.36)	Data 0.0001 (0.0587)	Loss (L1) 3.418 (3.149)
2026-04-26 20:15:42,674 | Epoch: [88][210/254]	Time   0.29 (  0.36)	Data 0.0001 (0.0559)	Loss (L1) 2.941 (3.156)
2026-04-26 20:15:45,612 | Epoch: [88][220/254]	Time   0.29 (  0.36)	Data 0.0001 (0.0534)	Loss (L1) 3.385 (3.161)
2026-04-26 20:15:48,534 | Epoch: [88][230/254]	Time   0.29 (  0.35)	Data 0.0001 (0.0511)	Loss (L1) 3.291 (3.160)
2026-04-26 20:15:51,439 | Epoch: [88][240/254]	Time   0.29 (  0.35)	Data 0.0001 (0.0490)	Loss (L1) 3.085 (3.165)
2026-04-26 20:15:54,344 | Epoch: [88][250/254]	Time   0.29 (  0.35)	Data 0.0001 (0.0470)	Loss (L1) 2.999 (3.162)
2026-04-26 20:15:55,431 | Create Epoch [88] features of all training data...
2026-04-26 20:17:08,471 | Updated smoothed statistics on Epoch [88]!
2026-04-26 20:17:08,499 | Updated running statistics with Epoch [88] features!
2026-04-26 20:17:15,293 | Val: [ 0/25]	Time  6.793 ( 6.793)	Loss (MSE) 94.049 (94.049)	Loss (L1) 8.885 (8.885)
2026-04-26 20:17:19,739 | Val: [10/25]	Time  0.083 ( 1.022)	Loss (MSE) 36.089 (42.468)	Loss (L1) 4.787 (5.114)
2026-04-26 20:17:20,573 | Val: [20/25]	Time  0.083 ( 0.575)	Loss (MSE) 47.151 (40.189)	Loss (L1) 5.166 (4.940)
2026-04-26 20:17:21,117 |  * Overall: MSE 44.692	L1 5.222	G-Mean 3.373
2026-04-26 20:17:21,117 |  * Many: MSE 36.847	L1 4.660	G-Mean 2.936
2026-04-26 20:17:21,117 |  * Median: MSE 47.139	L1 5.611	G-Mean 3.949
2026-04-26 20:17:21,117 |  * Low: MSE 117.749	L1 9.680	G-Mean 8.135
2026-04-26 20:17:21,118 | Best L1 Loss: 4.788
2026-04-26 20:17:21,329 | Epoch #88: Train loss [3.1624]; Val loss: MSE [44.6918], L1 [5.2220], G-Mean [3.3733]
2026-04-26 20:17:34,425 | Epoch: [89][  0/254]	Time  13.09 ( 13.09)	Data 12.9517 (12.9517)	Loss (L1) 2.874 (2.874)
2026-04-26 20:17:37,379 | Epoch: [89][ 10/254]	Time   0.29 (  1.46)	Data 0.0002 (1.1923)	Loss (L1) 3.193 (3.063)
2026-04-26 20:17:40,341 | Epoch: [89][ 20/254]	Time   0.30 (  0.91)	Data 0.0003 (0.6247)	Loss (L1) 3.262 (3.121)
2026-04-26 20:17:43,341 | Epoch: [89][ 30/254]	Time   0.28 (  0.71)	Data 0.0003 (0.4234)	Loss (L1) 2.892 (3.136)
2026-04-26 20:17:46,329 | Epoch: [89][ 40/254]	Time   0.30 (  0.61)	Data 0.0002 (0.3202)	Loss (L1) 3.488 (3.147)
2026-04-26 20:17:49,277 | Epoch: [89][ 50/254]	Time   0.29 (  0.55)	Data 0.0002 (0.2575)	Loss (L1) 3.145 (3.151)
2026-04-26 20:17:52,312 | Epoch: [89][ 60/254]	Time   0.31 (  0.51)	Data 0.0002 (0.2153)	Loss (L1) 2.787 (3.143)
2026-04-26 20:17:55,263 | Epoch: [89][ 70/254]	Time   0.30 (  0.48)	Data 0.0002 (0.1852)	Loss (L1) 3.873 (3.154)
2026-04-26 20:17:58,317 | Epoch: [89][ 80/254]	Time   0.31 (  0.46)	Data 0.0002 (0.1624)	Loss (L1) 3.370 (3.160)
2026-04-26 20:18:01,298 | Epoch: [89][ 90/254]	Time   0.31 (  0.44)	Data 0.0002 (0.1446)	Loss (L1) 3.049 (3.167)
2026-04-26 20:18:04,281 | Epoch: [89][100/254]	Time   0.29 (  0.43)	Data 0.0049 (0.1303)	Loss (L1) 3.229 (3.164)
2026-04-26 20:18:07,273 | Epoch: [89][110/254]	Time   0.28 (  0.41)	Data 0.0002 (0.1186)	Loss (L1) 2.867 (3.174)
2026-04-26 20:18:10,260 | Epoch: [89][120/254]	Time   0.31 (  0.40)	Data 0.0105 (0.1089)	Loss (L1) 2.809 (3.167)
2026-04-26 20:18:13,288 | Epoch: [89][130/254]	Time   0.30 (  0.40)	Data 0.0002 (0.1006)	Loss (L1) 5.036 (3.186)
2026-04-26 20:18:16,255 | Epoch: [89][140/254]	Time   0.30 (  0.39)	Data 0.0003 (0.0935)	Loss (L1) 3.056 (3.187)
2026-04-26 20:18:19,309 | Epoch: [89][150/254]	Time   0.29 (  0.38)	Data 0.0002 (0.0873)	Loss (L1) 3.157 (3.182)
2026-04-26 20:18:22,275 | Epoch: [89][160/254]	Time   0.30 (  0.38)	Data 0.0003 (0.0819)	Loss (L1) 3.311 (3.187)
2026-04-26 20:18:25,277 | Epoch: [89][170/254]	Time   0.33 (  0.37)	Data 0.0002 (0.0772)	Loss (L1) 3.610 (3.191)
2026-04-26 20:18:28,286 | Epoch: [89][180/254]	Time   0.30 (  0.37)	Data 0.0002 (0.0729)	Loss (L1) 3.205 (3.190)
2026-04-26 20:18:31,354 | Epoch: [89][190/254]	Time   0.29 (  0.37)	Data 0.0002 (0.0693)	Loss (L1) 3.001 (3.190)
2026-04-26 20:18:34,326 | Epoch: [89][200/254]	Time   0.30 (  0.36)	Data 0.0001 (0.0659)	Loss (L1) 3.200 (3.189)
2026-04-26 20:18:37,268 | Epoch: [89][210/254]	Time   0.29 (  0.36)	Data 0.0001 (0.0628)	Loss (L1) 3.290 (3.187)
2026-04-26 20:18:40,173 | Epoch: [89][220/254]	Time   0.29 (  0.36)	Data 0.0001 (0.0599)	Loss (L1) 2.961 (3.184)
2026-04-26 20:18:43,091 | Epoch: [89][230/254]	Time   0.29 (  0.35)	Data 0.0001 (0.0573)	Loss (L1) 2.762 (3.181)
2026-04-26 20:18:46,005 | Epoch: [89][240/254]	Time   0.29 (  0.35)	Data 0.0000 (0.0550)	Loss (L1) 3.277 (3.181)
2026-04-26 20:18:48,912 | Epoch: [89][250/254]	Time   0.29 (  0.35)	Data 0.0000 (0.0528)	Loss (L1) 2.933 (3.177)
2026-04-26 20:18:50,024 | Create Epoch [89] features of all training data...
2026-04-26 20:20:03,694 | Updated smoothed statistics on Epoch [89]!
2026-04-26 20:20:03,723 | Updated running statistics with Epoch [89] features!
2026-04-26 20:20:09,501 | Val: [ 0/25]	Time  5.777 ( 5.777)	Loss (MSE) 93.590 (93.590)	Loss (L1) 8.844 (8.844)
2026-04-26 20:20:13,964 | Val: [10/25]	Time  0.085 ( 0.931)	Loss (MSE) 35.891 (42.583)	Loss (L1) 4.773 (5.127)
2026-04-26 20:20:15,255 | Val: [20/25]	Time  0.083 ( 0.549)	Loss (MSE) 47.419 (40.142)	Loss (L1) 5.206 (4.937)
2026-04-26 20:20:15,815 |  * Overall: MSE 44.695	L1 5.221	G-Mean 3.368
2026-04-26 20:20:15,815 |  * Many: MSE 36.769	L1 4.654	G-Mean 2.925
2026-04-26 20:20:15,815 |  * Median: MSE 47.333	L1 5.628	G-Mean 3.968
2026-04-26 20:20:15,815 |  * Low: MSE 117.917	L1 9.663	G-Mean 8.100
2026-04-26 20:20:15,816 | Best L1 Loss: 4.788
2026-04-26 20:20:16,036 | Epoch #89: Train loss [3.1739]; Val loss: MSE [44.6954], L1 [5.2206], G-Mean [3.3680]
2026-04-26 20:20:16,037 | ========================================================================================================================
2026-04-26 20:20:16,037 | Test best model on testset...
2026-04-26 20:20:17,623 | Loaded best model, epoch 38, best val loss 4.7876
