2026-04-26 01:01:21,817 | Args: Namespace(lds=False, lds_kernel='gaussian', lds_ks=9, lds_sigma=1, fds=True, fds_kernel='gaussian', fds_ks=5, fds_sigma=2.0, start_update=0, start_smooth=1, bucket_num=80, bucket_start=0, fds_mmt=0.9, reweight='sqrt_inv', retrain_fc=False, dataset='skyfinder_30_balanced', data_dir='./data', model='resnet50', store_root='checkpoint', store_name='skyfinder_30_balanced_resnet50_FDS_sqrt_inv_fds_gau_5_2.0_0_1_0.9_adam_l1_0.001_256', gpu=1, optimizer='adam', loss='l1', lr=0.001, epoch=90, momentum=0.9, weight_decay=0.0001, schedule=[60, 80], batch_size=256, print_freq=10, img_size=224, workers=32, resume='', pretrained='/gpfs/data/shenlab/hc4549/ucla/imbalanced-regression/pretrained/resnet50-19c8e357.pth', evaluate=False, fusion=False, feature_extract=False, augment=True, start_epoch=0, best_loss=100000.0)
2026-04-26 01:01:21,817 | Store name: skyfinder_30_balanced_resnet50_FDS_sqrt_inv_fds_gau_5_2.0_0_1_0.9_adam_l1_0.001_256
2026-04-26 01:01:21,987 | Use GPU: 1 for training
2026-04-26 01:01:21,987 | =====> Preparing data...
2026-04-26 01:01:21,987 | File (.csv): skyfinder_30_balanced.csv
2026-04-26 01:01:22,103 | Using re-weighting: [SQRT_INV]
2026-04-26 01:01:22,152 | Training data size: 64939
2026-04-26 01:01:22,152 | Validation data size: 6270
2026-04-26 01:01:22,152 | Test data size: 5117
2026-04-26 01:01:22,152 | =====> Building model...
2026-04-26 01:01:22,273 | Using FDS: [GAUSSIAN] (5/2.0)
2026-04-26 01:01:22,944 | ===> Pretrained weights found in total: [265]
2026-04-26 01:01:22,944 | ===> Pre-trained model loaded: /gpfs/data/shenlab/hc4549/ucla/imbalanced-regression/pretrained/resnet50-19c8e357.pth
2026-04-26 01:01:44,671 | Epoch: [0][  0/254]	Time  21.73 ( 21.73)	Data 15.4731 (15.4731)	Loss (L1) 41.254 (41.254)
2026-04-26 01:01:47,178 | Epoch: [0][ 10/254]	Time   0.26 (  2.20)	Data 0.0002 (1.4071)	Loss (L1) 13.805 (24.044)
2026-04-26 01:01:49,806 | Epoch: [0][ 20/254]	Time   0.26 (  1.28)	Data 0.0002 (0.7372)	Loss (L1) 8.944 (17.635)
2026-04-26 01:01:52,436 | Epoch: [0][ 30/254]	Time   0.26 (  0.95)	Data 0.0001 (0.4994)	Loss (L1) 10.920 (15.149)
2026-04-26 01:01:55,104 | Epoch: [0][ 40/254]	Time   0.28 (  0.78)	Data 0.0002 (0.3778)	Loss (L1) 9.732 (13.937)
2026-04-26 01:01:57,762 | Epoch: [0][ 50/254]	Time   0.27 (  0.68)	Data 0.0006 (0.3038)	Loss (L1) 9.463 (13.084)
2026-04-26 01:02:00,416 | Epoch: [0][ 60/254]	Time   0.26 (  0.61)	Data 0.0002 (0.2541)	Loss (L1) 9.134 (12.556)
2026-04-26 01:02:03,103 | Epoch: [0][ 70/254]	Time   0.28 (  0.57)	Data 0.0002 (0.2183)	Loss (L1) 10.212 (12.215)
2026-04-26 01:02:05,785 | Epoch: [0][ 80/254]	Time   0.26 (  0.53)	Data 0.0001 (0.1914)	Loss (L1) 9.786 (11.858)
2026-04-26 01:02:08,449 | Epoch: [0][ 90/254]	Time   0.26 (  0.50)	Data 0.0002 (0.1704)	Loss (L1) 10.083 (11.529)
2026-04-26 01:02:11,108 | Epoch: [0][100/254]	Time   0.26 (  0.48)	Data 0.0002 (0.1536)	Loss (L1) 9.229 (11.374)
2026-04-26 01:02:13,768 | Epoch: [0][110/254]	Time   0.26 (  0.46)	Data 0.0002 (0.1398)	Loss (L1) 9.032 (11.183)
2026-04-26 01:02:16,441 | Epoch: [0][120/254]	Time   0.26 (  0.44)	Data 0.0002 (0.1283)	Loss (L1) 10.917 (11.008)
2026-04-26 01:02:19,108 | Epoch: [0][130/254]	Time   0.26 (  0.43)	Data 0.0002 (0.1185)	Loss (L1) 8.429 (10.830)
2026-04-26 01:02:21,787 | Epoch: [0][140/254]	Time   0.29 (  0.42)	Data 0.0001 (0.1101)	Loss (L1) 8.445 (10.721)
2026-04-26 01:02:24,440 | Epoch: [0][150/254]	Time   0.30 (  0.41)	Data 0.0002 (0.1028)	Loss (L1) 7.607 (10.622)
2026-04-26 01:02:27,128 | Epoch: [0][160/254]	Time   0.26 (  0.40)	Data 0.0002 (0.0965)	Loss (L1) 8.730 (10.535)
2026-04-26 01:02:29,791 | Epoch: [0][170/254]	Time   0.27 (  0.39)	Data 0.0002 (0.0908)	Loss (L1) 9.150 (10.409)
2026-04-26 01:02:32,465 | Epoch: [0][180/254]	Time   0.26 (  0.38)	Data 0.0004 (0.0858)	Loss (L1) 8.919 (10.334)
2026-04-26 01:02:35,110 | Epoch: [0][190/254]	Time   0.26 (  0.38)	Data 0.0001 (0.0815)	Loss (L1) 8.258 (10.275)
2026-04-26 01:02:37,773 | Epoch: [0][200/254]	Time   0.27 (  0.37)	Data 0.0002 (0.0774)	Loss (L1) 8.683 (10.198)
2026-04-26 01:02:40,461 | Epoch: [0][210/254]	Time   0.26 (  0.37)	Data 0.0001 (0.0738)	Loss (L1) 8.339 (10.138)
2026-04-26 01:02:43,126 | Epoch: [0][220/254]	Time   0.26 (  0.36)	Data 0.0001 (0.0705)	Loss (L1) 8.058 (10.080)
2026-04-26 01:02:45,769 | Epoch: [0][230/254]	Time   0.26 (  0.36)	Data 0.0001 (0.0675)	Loss (L1) 8.328 (10.036)
2026-04-26 01:02:48,411 | Epoch: [0][240/254]	Time   0.27 (  0.35)	Data 0.0001 (0.0647)	Loss (L1) 7.825 (9.995)
2026-04-26 01:02:51,057 | Epoch: [0][250/254]	Time   0.26 (  0.35)	Data 0.0001 (0.0621)	Loss (L1) 9.013 (9.942)
2026-04-26 01:02:53,630 | Create Epoch [0] features of all training data...
2026-04-26 01:04:08,396 | Updated running statistics with Epoch [0] features!
2026-04-26 01:04:16,580 | Val: [ 0/25]	Time  8.182 ( 8.182)	Loss (MSE) 339.849 (339.849)	Loss (L1) 16.210 (16.210)
2026-04-26 01:04:19,072 | Val: [10/25]	Time  0.083 ( 0.970)	Loss (MSE) 50.998 (119.913)	Loss (L1) 5.867 (9.031)
2026-04-26 01:04:19,902 | Val: [20/25]	Time  0.083 ( 0.548)	Loss (MSE) 321.370 (132.764)	Loss (L1) 16.948 (9.422)
2026-04-26 01:04:20,818 |  * Overall: MSE 193.250	L1 11.328	G-Mean 7.792
2026-04-26 01:04:20,818 |  * Many: MSE 112.099	L1 8.623	G-Mean 5.958
2026-04-26 01:04:20,818 |  * Median: MSE 287.740	L1 15.166	G-Mean 12.261
2026-04-26 01:04:20,818 |  * Low: MSE 698.090	L1 25.665	G-Mean 24.820
2026-04-26 01:04:20,819 | Best L1 Loss: 11.328
2026-04-26 01:04:21,047 | ===> Saving current best checkpoint...
2026-04-26 01:04:21,553 | Epoch #0: Train loss [9.9209]; Val loss: MSE [193.2495], L1 [11.3283], G-Mean [7.7918]
2026-04-26 01:04:32,836 | Epoch: [1][  0/254]	Time  11.28 ( 11.28)	Data 10.7103 (10.7103)	Loss (L1) 10.091 (10.091)
2026-04-26 01:04:37,356 | Epoch: [1][ 10/254]	Time   0.31 (  1.44)	Data 0.0003 (1.1340)	Loss (L1) 8.531 (9.117)
2026-04-26 01:04:40,321 | Epoch: [1][ 20/254]	Time   0.30 (  0.89)	Data 0.0002 (0.5942)	Loss (L1) 10.428 (9.226)
2026-04-26 01:04:43,629 | Epoch: [1][ 30/254]	Time   0.31 (  0.71)	Data 0.0272 (0.4038)	Loss (L1) 7.832 (9.236)
2026-04-26 01:04:46,709 | Epoch: [1][ 40/254]	Time   0.31 (  0.61)	Data 0.0002 (0.3055)	Loss (L1) 10.125 (9.252)
2026-04-26 01:04:49,760 | Epoch: [1][ 50/254]	Time   0.30 (  0.55)	Data 0.0002 (0.2456)	Loss (L1) 9.552 (9.413)
2026-04-26 01:04:52,870 | Epoch: [1][ 60/254]	Time   0.31 (  0.51)	Data 0.0004 (0.2054)	Loss (L1) 9.322 (9.466)
2026-04-26 01:04:55,953 | Epoch: [1][ 70/254]	Time   0.31 (  0.48)	Data 0.0002 (0.1765)	Loss (L1) 8.884 (9.356)
2026-04-26 01:04:58,981 | Epoch: [1][ 80/254]	Time   0.30 (  0.46)	Data 0.0003 (0.1548)	Loss (L1) 8.418 (9.292)
2026-04-26 01:05:02,046 | Epoch: [1][ 90/254]	Time   0.33 (  0.44)	Data 0.0002 (0.1378)	Loss (L1) 9.645 (9.199)
2026-04-26 01:05:05,184 | Epoch: [1][100/254]	Time   0.31 (  0.43)	Data 0.0003 (0.1242)	Loss (L1) 7.741 (9.086)
2026-04-26 01:05:08,303 | Epoch: [1][110/254]	Time   0.30 (  0.42)	Data 0.0002 (0.1131)	Loss (L1) 8.146 (9.014)
2026-04-26 01:05:11,319 | Epoch: [1][120/254]	Time   0.30 (  0.41)	Data 0.0002 (0.1038)	Loss (L1) 8.921 (8.945)
2026-04-26 01:05:14,400 | Epoch: [1][130/254]	Time   0.31 (  0.40)	Data 0.0003 (0.0959)	Loss (L1) 8.807 (8.940)
2026-04-26 01:05:17,407 | Epoch: [1][140/254]	Time   0.30 (  0.40)	Data 0.0002 (0.0891)	Loss (L1) 6.288 (8.926)
2026-04-26 01:05:20,495 | Epoch: [1][150/254]	Time   0.30 (  0.39)	Data 0.0002 (0.0832)	Loss (L1) 8.719 (8.914)
2026-04-26 01:05:23,693 | Epoch: [1][160/254]	Time   0.30 (  0.39)	Data 0.0006 (0.0781)	Loss (L1) 9.624 (8.880)
2026-04-26 01:05:26,807 | Epoch: [1][170/254]	Time   0.30 (  0.38)	Data 0.0002 (0.0735)	Loss (L1) 8.787 (8.863)
2026-04-26 01:05:29,909 | Epoch: [1][180/254]	Time   0.29 (  0.38)	Data 0.0002 (0.0695)	Loss (L1) 8.945 (8.871)
2026-04-26 01:05:33,009 | Epoch: [1][190/254]	Time   0.32 (  0.37)	Data 0.0002 (0.0660)	Loss (L1) 9.763 (8.841)
2026-04-26 01:05:36,140 | Epoch: [1][200/254]	Time   0.30 (  0.37)	Data 0.0001 (0.0627)	Loss (L1) 8.156 (8.829)
2026-04-26 01:05:39,123 | Epoch: [1][210/254]	Time   0.30 (  0.37)	Data 0.0001 (0.0597)	Loss (L1) 7.501 (8.784)
2026-04-26 01:05:42,083 | Epoch: [1][220/254]	Time   0.30 (  0.36)	Data 0.0001 (0.0570)	Loss (L1) 7.050 (8.771)
2026-04-26 01:05:45,020 | Epoch: [1][230/254]	Time   0.30 (  0.36)	Data 0.0001 (0.0546)	Loss (L1) 9.456 (8.748)
2026-04-26 01:05:47,951 | Epoch: [1][240/254]	Time   0.29 (  0.36)	Data 0.0001 (0.0523)	Loss (L1) 7.694 (8.723)
2026-04-26 01:05:50,878 | Epoch: [1][250/254]	Time   0.29 (  0.36)	Data 0.0000 (0.0502)	Loss (L1) 8.513 (8.696)
2026-04-26 01:05:51,972 | Create Epoch [1] features of all training data...
2026-04-26 01:07:09,779 | Updated smoothed statistics on Epoch [1]!
2026-04-26 01:07:09,810 | Updated running statistics with Epoch [1] features!
2026-04-26 01:07:21,003 | Val: [ 0/25]	Time 11.192 (11.192)	Loss (MSE) 394.382 (394.382)	Loss (L1) 17.981 (17.981)
2026-04-26 01:07:21,835 | Val: [10/25]	Time  0.083 ( 1.093)	Loss (MSE) 82.446 (148.326)	Loss (L1) 7.161 (10.095)
2026-04-26 01:07:22,666 | Val: [20/25]	Time  0.083 ( 0.612)	Loss (MSE) 302.507 (149.968)	Loss (L1) 15.223 (10.067)
2026-04-26 01:07:23,224 |  * Overall: MSE 194.349	L1 11.451	G-Mean 7.908
2026-04-26 01:07:23,224 |  * Many: MSE 125.115	L1 9.126	G-Mean 6.174
2026-04-26 01:07:23,224 |  * Median: MSE 294.105	L1 15.178	G-Mean 12.366
2026-04-26 01:07:23,225 |  * Low: MSE 555.618	L1 22.211	G-Mean 20.723
2026-04-26 01:07:23,226 | Best L1 Loss: 11.328
2026-04-26 01:07:23,462 | Epoch #1: Train loss [8.6882]; Val loss: MSE [194.3488], L1 [11.4508], G-Mean [7.9078]
2026-04-26 01:07:30,669 | Epoch: [2][  0/254]	Time   7.20 (  7.20)	Data 7.0520 (7.0520)	Loss (L1) 9.488 (9.488)
2026-04-26 01:07:38,987 | Epoch: [2][ 10/254]	Time   0.31 (  1.41)	Data 0.0002 (1.1387)	Loss (L1) 8.187 (8.712)
2026-04-26 01:07:41,970 | Epoch: [2][ 20/254]	Time   0.29 (  0.88)	Data 0.0002 (0.5966)	Loss (L1) 6.998 (8.553)
2026-04-26 01:07:45,020 | Epoch: [2][ 30/254]	Time   0.30 (  0.70)	Data 0.0002 (0.4042)	Loss (L1) 7.194 (8.300)
2026-04-26 01:07:48,224 | Epoch: [2][ 40/254]	Time   0.30 (  0.60)	Data 0.0002 (0.3126)	Loss (L1) 10.516 (8.252)
2026-04-26 01:07:51,259 | Epoch: [2][ 50/254]	Time   0.30 (  0.54)	Data 0.0002 (0.2514)	Loss (L1) 6.372 (8.149)
2026-04-26 01:07:54,262 | Epoch: [2][ 60/254]	Time   0.28 (  0.50)	Data 0.0003 (0.2102)	Loss (L1) 7.473 (8.182)
2026-04-26 01:07:57,329 | Epoch: [2][ 70/254]	Time   0.30 (  0.48)	Data 0.0002 (0.1806)	Loss (L1) 6.751 (8.192)
2026-04-26 01:08:00,343 | Epoch: [2][ 80/254]	Time   0.30 (  0.46)	Data 0.0002 (0.1584)	Loss (L1) 8.556 (8.222)
2026-04-26 01:08:03,361 | Epoch: [2][ 90/254]	Time   0.30 (  0.44)	Data 0.0002 (0.1412)	Loss (L1) 6.515 (8.211)
2026-04-26 01:08:06,386 | Epoch: [2][100/254]	Time   0.30 (  0.42)	Data 0.0002 (0.1279)	Loss (L1) 8.760 (8.177)
2026-04-26 01:08:09,738 | Epoch: [2][110/254]	Time   0.31 (  0.42)	Data 0.0002 (0.1207)	Loss (L1) 7.358 (8.163)
2026-04-26 01:08:12,812 | Epoch: [2][120/254]	Time   0.39 (  0.41)	Data 0.0002 (0.1107)	Loss (L1) 7.829 (8.166)
2026-04-26 01:08:15,909 | Epoch: [2][130/254]	Time   0.31 (  0.40)	Data 0.0002 (0.1023)	Loss (L1) 7.144 (8.162)
2026-04-26 01:08:18,928 | Epoch: [2][140/254]	Time   0.30 (  0.39)	Data 0.0002 (0.0956)	Loss (L1) 7.712 (8.171)
2026-04-26 01:08:21,985 | Epoch: [2][150/254]	Time   0.32 (  0.39)	Data 0.0002 (0.0893)	Loss (L1) 7.696 (8.145)
2026-04-26 01:08:25,053 | Epoch: [2][160/254]	Time   0.29 (  0.38)	Data 0.0002 (0.0839)	Loss (L1) 8.271 (8.126)
2026-04-26 01:08:28,288 | Epoch: [2][170/254]	Time   0.31 (  0.38)	Data 0.0002 (0.0811)	Loss (L1) 8.211 (8.158)
2026-04-26 01:08:31,304 | Epoch: [2][180/254]	Time   0.30 (  0.37)	Data 0.0002 (0.0767)	Loss (L1) 8.139 (8.137)
2026-04-26 01:08:34,360 | Epoch: [2][190/254]	Time   0.30 (  0.37)	Data 0.0001 (0.0729)	Loss (L1) 7.430 (8.127)
2026-04-26 01:08:37,362 | Epoch: [2][200/254]	Time   0.31 (  0.37)	Data 0.0001 (0.0692)	Loss (L1) 7.961 (8.099)
2026-04-26 01:08:40,335 | Epoch: [2][210/254]	Time   0.30 (  0.36)	Data 0.0001 (0.0660)	Loss (L1) 6.749 (8.065)
2026-04-26 01:08:43,304 | Epoch: [2][220/254]	Time   0.29 (  0.36)	Data 0.0001 (0.0630)	Loss (L1) 6.980 (8.042)
2026-04-26 01:08:46,272 | Epoch: [2][230/254]	Time   0.30 (  0.36)	Data 0.0001 (0.0603)	Loss (L1) 7.647 (8.037)
2026-04-26 01:08:49,248 | Epoch: [2][240/254]	Time   0.30 (  0.36)	Data 0.0001 (0.0578)	Loss (L1) 11.123 (8.050)
2026-04-26 01:08:52,207 | Epoch: [2][250/254]	Time   0.30 (  0.35)	Data 0.0001 (0.0555)	Loss (L1) 7.406 (8.023)
2026-04-26 01:08:53,325 | Create Epoch [2] features of all training data...
2026-04-26 01:10:10,479 | Updated smoothed statistics on Epoch [2]!
2026-04-26 01:10:10,508 | Updated running statistics with Epoch [2] features!
2026-04-26 01:10:20,616 | Val: [ 0/25]	Time 10.106 (10.106)	Loss (MSE) 389.751 (389.751)	Loss (L1) 17.454 (17.454)
2026-04-26 01:10:22,134 | Val: [10/25]	Time  0.084 ( 1.057)	Loss (MSE) 61.521 (144.897)	Loss (L1) 6.440 (9.934)
2026-04-26 01:10:22,973 | Val: [20/25]	Time  0.084 ( 0.593)	Loss (MSE) 384.065 (157.820)	Loss (L1) 17.875 (10.161)
2026-04-26 01:10:23,554 |  * Overall: MSE 217.982	L1 11.980	G-Mean 8.007
2026-04-26 01:10:23,554 |  * Many: MSE 129.885	L1 9.149	G-Mean 6.072
2026-04-26 01:10:23,554 |  * Median: MSE 346.359	L1 16.563	G-Mean 13.151
2026-04-26 01:10:23,554 |  * Low: MSE 672.450	L1 24.927	G-Mean 23.816
2026-04-26 01:10:23,555 | Best L1 Loss: 11.328
2026-04-26 01:10:23,784 | Epoch #2: Train loss [8.0203]; Val loss: MSE [217.9819], L1 [11.9799], G-Mean [8.0075]
2026-04-26 01:10:37,756 | Epoch: [3][  0/254]	Time  13.97 ( 13.97)	Data 13.7836 (13.7836)	Loss (L1) 6.675 (6.675)
2026-04-26 01:10:40,738 | Epoch: [3][ 10/254]	Time   0.30 (  1.54)	Data 0.0002 (1.2673)	Loss (L1) 10.371 (7.749)
2026-04-26 01:10:43,719 | Epoch: [3][ 20/254]	Time   0.30 (  0.95)	Data 0.0002 (0.6640)	Loss (L1) 6.791 (7.684)
2026-04-26 01:10:46,772 | Epoch: [3][ 30/254]	Time   0.30 (  0.74)	Data 0.0002 (0.4499)	Loss (L1) 8.407 (7.787)
2026-04-26 01:10:50,612 | Epoch: [3][ 40/254]	Time   0.30 (  0.65)	Data 0.0002 (0.3644)	Loss (L1) 6.471 (7.899)
2026-04-26 01:10:53,578 | Epoch: [3][ 50/254]	Time   0.29 (  0.58)	Data 0.0003 (0.2930)	Loss (L1) 8.102 (7.921)
2026-04-26 01:10:56,611 | Epoch: [3][ 60/254]	Time   0.30 (  0.54)	Data 0.0003 (0.2450)	Loss (L1) 11.701 (8.012)
2026-04-26 01:10:59,706 | Epoch: [3][ 70/254]	Time   0.30 (  0.51)	Data 0.0003 (0.2105)	Loss (L1) 6.786 (7.942)
2026-04-26 01:11:02,745 | Epoch: [3][ 80/254]	Time   0.32 (  0.48)	Data 0.0002 (0.1847)	Loss (L1) 7.214 (7.897)
2026-04-26 01:11:05,772 | Epoch: [3][ 90/254]	Time   0.30 (  0.46)	Data 0.0002 (0.1644)	Loss (L1) 7.398 (7.898)
2026-04-26 01:11:08,879 | Epoch: [3][100/254]	Time   0.30 (  0.45)	Data 0.0002 (0.1484)	Loss (L1) 7.234 (7.852)
2026-04-26 01:11:11,901 | Epoch: [3][110/254]	Time   0.30 (  0.43)	Data 0.0002 (0.1350)	Loss (L1) 7.834 (7.831)
2026-04-26 01:11:15,034 | Epoch: [3][120/254]	Time   0.30 (  0.42)	Data 0.0003 (0.1239)	Loss (L1) 7.170 (7.851)
2026-04-26 01:11:18,031 | Epoch: [3][130/254]	Time   0.30 (  0.41)	Data 0.0003 (0.1145)	Loss (L1) 6.432 (7.847)
2026-04-26 01:11:21,094 | Epoch: [3][140/254]	Time   0.33 (  0.41)	Data 0.0002 (0.1064)	Loss (L1) 8.109 (7.850)
2026-04-26 01:11:24,225 | Epoch: [3][150/254]	Time   0.32 (  0.40)	Data 0.0002 (0.0994)	Loss (L1) 8.751 (7.837)
2026-04-26 01:11:27,253 | Epoch: [3][160/254]	Time   0.30 (  0.39)	Data 0.0003 (0.0932)	Loss (L1) 6.678 (7.800)
2026-04-26 01:11:30,397 | Epoch: [3][170/254]	Time   0.35 (  0.39)	Data 0.0002 (0.0878)	Loss (L1) 9.334 (7.771)
2026-04-26 01:11:33,487 | Epoch: [3][180/254]	Time   0.35 (  0.39)	Data 0.0004 (0.0829)	Loss (L1) 7.054 (7.740)
2026-04-26 01:11:36,581 | Epoch: [3][190/254]	Time   0.30 (  0.38)	Data 0.0001 (0.0788)	Loss (L1) 7.242 (7.732)
2026-04-26 01:11:39,614 | Epoch: [3][200/254]	Time   0.30 (  0.38)	Data 0.0001 (0.0749)	Loss (L1) 6.582 (7.711)
2026-04-26 01:11:42,610 | Epoch: [3][210/254]	Time   0.30 (  0.37)	Data 0.0001 (0.0714)	Loss (L1) 7.368 (7.708)
2026-04-26 01:11:45,583 | Epoch: [3][220/254]	Time   0.30 (  0.37)	Data 0.0001 (0.0681)	Loss (L1) 7.557 (7.693)
2026-04-26 01:11:48,543 | Epoch: [3][230/254]	Time   0.30 (  0.37)	Data 0.0001 (0.0652)	Loss (L1) 9.673 (7.699)
2026-04-26 01:11:51,503 | Epoch: [3][240/254]	Time   0.30 (  0.36)	Data 0.0001 (0.0625)	Loss (L1) 9.227 (7.712)
2026-04-26 01:11:54,433 | Epoch: [3][250/254]	Time   0.29 (  0.36)	Data 0.0001 (0.0600)	Loss (L1) 6.565 (7.696)
2026-04-26 01:11:55,558 | Create Epoch [3] features of all training data...
2026-04-26 01:13:13,938 | Updated smoothed statistics on Epoch [3]!
2026-04-26 01:13:13,969 | Updated running statistics with Epoch [3] features!
2026-04-26 01:13:23,925 | Val: [ 0/25]	Time  9.954 ( 9.954)	Loss (MSE) 441.710 (441.710)	Loss (L1) 19.541 (19.541)
2026-04-26 01:13:25,081 | Val: [10/25]	Time  0.084 ( 1.010)	Loss (MSE) 78.302 (166.811)	Loss (L1) 6.303 (10.666)
2026-04-26 01:13:25,916 | Val: [20/25]	Time  0.084 ( 0.569)	Loss (MSE) 267.708 (149.379)	Loss (L1) 15.209 (10.125)
2026-04-26 01:13:26,483 |  * Overall: MSE 199.446	L1 11.750	G-Mean 8.201
2026-04-26 01:13:26,483 |  * Many: MSE 115.736	L1 8.872	G-Mean 6.142
2026-04-26 01:13:26,483 |  * Median: MSE 316.846	L1 16.432	G-Mean 13.994
2026-04-26 01:13:26,483 |  * Low: MSE 647.918	L1 24.837	G-Mean 24.184
2026-04-26 01:13:26,484 | Best L1 Loss: 11.328
2026-04-26 01:13:26,720 | Epoch #3: Train loss [7.6953]; Val loss: MSE [199.4459], L1 [11.7504], G-Mean [8.2011]
2026-04-26 01:13:39,754 | Epoch: [4][  0/254]	Time  13.03 ( 13.03)	Data 12.8938 (12.8938)	Loss (L1) 5.655 (5.655)
2026-04-26 01:13:44,207 | Epoch: [4][ 10/254]	Time   0.29 (  1.59)	Data 0.0002 (1.3473)	Loss (L1) 6.326 (8.043)
2026-04-26 01:13:47,192 | Epoch: [4][ 20/254]	Time   0.30 (  0.97)	Data 0.0002 (0.7059)	Loss (L1) 8.076 (7.790)
2026-04-26 01:13:50,247 | Epoch: [4][ 30/254]	Time   0.33 (  0.76)	Data 0.0002 (0.4783)	Loss (L1) 7.997 (7.723)
2026-04-26 01:13:53,400 | Epoch: [4][ 40/254]	Time   0.31 (  0.65)	Data 0.0003 (0.3617)	Loss (L1) 7.287 (7.606)
2026-04-26 01:13:56,586 | Epoch: [4][ 50/254]	Time   0.31 (  0.59)	Data 0.0005 (0.2911)	Loss (L1) 6.796 (7.521)
2026-04-26 01:13:59,733 | Epoch: [4][ 60/254]	Time   0.33 (  0.54)	Data 0.0002 (0.2434)	Loss (L1) 8.375 (7.578)
2026-04-26 01:14:02,865 | Epoch: [4][ 70/254]	Time   0.30 (  0.51)	Data 0.0002 (0.2092)	Loss (L1) 6.684 (7.496)
2026-04-26 01:14:05,944 | Epoch: [4][ 80/254]	Time   0.32 (  0.48)	Data 0.0007 (0.1834)	Loss (L1) 7.029 (7.449)
2026-04-26 01:14:09,082 | Epoch: [4][ 90/254]	Time   0.31 (  0.47)	Data 0.0002 (0.1633)	Loss (L1) 6.731 (7.424)
2026-04-26 01:14:12,239 | Epoch: [4][100/254]	Time   0.29 (  0.45)	Data 0.0002 (0.1472)	Loss (L1) 7.010 (7.460)
2026-04-26 01:14:15,445 | Epoch: [4][110/254]	Time   0.29 (  0.44)	Data 0.0003 (0.1339)	Loss (L1) 6.902 (7.429)
2026-04-26 01:14:18,538 | Epoch: [4][120/254]	Time   0.32 (  0.43)	Data 0.0002 (0.1229)	Loss (L1) 7.465 (7.436)
2026-04-26 01:14:21,616 | Epoch: [4][130/254]	Time   0.30 (  0.42)	Data 0.0003 (0.1135)	Loss (L1) 8.394 (7.410)
2026-04-26 01:14:24,761 | Epoch: [4][140/254]	Time   0.32 (  0.41)	Data 0.0003 (0.1055)	Loss (L1) 6.511 (7.383)
2026-04-26 01:14:27,854 | Epoch: [4][150/254]	Time   0.33 (  0.40)	Data 0.0003 (0.0986)	Loss (L1) 6.965 (7.338)
2026-04-26 01:14:31,001 | Epoch: [4][160/254]	Time   0.32 (  0.40)	Data 0.0002 (0.0926)	Loss (L1) 8.587 (7.332)
2026-04-26 01:14:34,167 | Epoch: [4][170/254]	Time   0.30 (  0.39)	Data 0.0003 (0.0872)	Loss (L1) 5.938 (7.304)
2026-04-26 01:14:37,287 | Epoch: [4][180/254]	Time   0.33 (  0.39)	Data 0.0004 (0.0825)	Loss (L1) 6.533 (7.295)
2026-04-26 01:14:40,290 | Epoch: [4][190/254]	Time   0.31 (  0.39)	Data 0.0001 (0.0784)	Loss (L1) 8.563 (7.301)
2026-04-26 01:14:43,396 | Epoch: [4][200/254]	Time   0.30 (  0.38)	Data 0.0001 (0.0745)	Loss (L1) 5.879 (7.290)
2026-04-26 01:14:46,365 | Epoch: [4][210/254]	Time   0.29 (  0.38)	Data 0.0002 (0.0709)	Loss (L1) 6.000 (7.255)
2026-04-26 01:14:49,325 | Epoch: [4][220/254]	Time   0.30 (  0.37)	Data 0.0001 (0.0677)	Loss (L1) 6.186 (7.245)
2026-04-26 01:14:52,258 | Epoch: [4][230/254]	Time   0.29 (  0.37)	Data 0.0001 (0.0648)	Loss (L1) 6.386 (7.224)
2026-04-26 01:14:55,202 | Epoch: [4][240/254]	Time   0.29 (  0.37)	Data 0.0001 (0.0621)	Loss (L1) 7.029 (7.203)
2026-04-26 01:14:58,148 | Epoch: [4][250/254]	Time   0.30 (  0.36)	Data 0.0001 (0.0597)	Loss (L1) 6.999 (7.190)
2026-04-26 01:14:59,267 | Create Epoch [4] features of all training data...
2026-04-26 01:16:17,140 | Updated smoothed statistics on Epoch [4]!
2026-04-26 01:16:17,170 | Updated running statistics with Epoch [4] features!
2026-04-26 01:16:27,263 | Val: [ 0/25]	Time 10.091 (10.091)	Loss (MSE) 381.269 (381.269)	Loss (L1) 18.188 (18.188)
2026-04-26 01:16:28,733 | Val: [10/25]	Time  0.083 ( 1.051)	Loss (MSE) 34.596 (129.944)	Loss (L1) 4.937 (9.362)
2026-04-26 01:16:29,569 | Val: [20/25]	Time  0.084 ( 0.590)	Loss (MSE) 490.936 (162.167)	Loss (L1) 21.515 (10.428)
2026-04-26 01:16:30,153 |  * Overall: MSE 251.199	L1 12.871	G-Mean 8.538
2026-04-26 01:16:30,154 |  * Many: MSE 133.262	L1 9.312	G-Mean 6.204
2026-04-26 01:16:30,154 |  * Median: MSE 408.847	L1 18.460	G-Mean 15.238
2026-04-26 01:16:30,154 |  * Low: MSE 911.156	L1 29.769	G-Mean 29.293
2026-04-26 01:16:30,155 | Best L1 Loss: 11.328
2026-04-26 01:16:30,390 | Epoch #4: Train loss [7.1816]; Val loss: MSE [251.1985], L1 [12.8712], G-Mean [8.5376]
2026-04-26 01:16:44,028 | Epoch: [5][  0/254]	Time  13.64 ( 13.64)	Data 13.4899 (13.4899)	Loss (L1) 6.567 (6.567)
2026-04-26 01:16:47,065 | Epoch: [5][ 10/254]	Time   0.30 (  1.52)	Data 0.0003 (1.2266)	Loss (L1) 7.651 (7.669)
2026-04-26 01:16:50,041 | Epoch: [5][ 20/254]	Time   0.30 (  0.94)	Data 0.0002 (0.6431)	Loss (L1) 7.543 (7.412)
2026-04-26 01:16:53,043 | Epoch: [5][ 30/254]	Time   0.32 (  0.73)	Data 0.0002 (0.4357)	Loss (L1) 6.270 (7.208)
2026-04-26 01:16:56,082 | Epoch: [5][ 40/254]	Time   0.33 (  0.63)	Data 0.0002 (0.3318)	Loss (L1) 7.633 (7.217)
2026-04-26 01:16:59,312 | Epoch: [5][ 50/254]	Time   0.33 (  0.57)	Data 0.0005 (0.2668)	Loss (L1) 6.344 (7.187)
2026-04-26 01:17:02,336 | Epoch: [5][ 60/254]	Time   0.31 (  0.52)	Data 0.0002 (0.2231)	Loss (L1) 5.894 (7.210)
2026-04-26 01:17:05,439 | Epoch: [5][ 70/254]	Time   0.30 (  0.49)	Data 0.0002 (0.1951)	Loss (L1) 7.690 (7.202)
2026-04-26 01:17:08,475 | Epoch: [5][ 80/254]	Time   0.30 (  0.47)	Data 0.0004 (0.1710)	Loss (L1) 5.341 (7.219)
2026-04-26 01:17:11,488 | Epoch: [5][ 90/254]	Time   0.30 (  0.45)	Data 0.0004 (0.1523)	Loss (L1) 7.143 (7.215)
2026-04-26 01:17:14,497 | Epoch: [5][100/254]	Time   0.30 (  0.44)	Data 0.0003 (0.1372)	Loss (L1) 7.073 (7.178)
2026-04-26 01:17:17,610 | Epoch: [5][110/254]	Time   0.34 (  0.43)	Data 0.0002 (0.1249)	Loss (L1) 7.158 (7.161)
2026-04-26 01:17:20,632 | Epoch: [5][120/254]	Time   0.30 (  0.42)	Data 0.0003 (0.1146)	Loss (L1) 6.450 (7.144)
2026-04-26 01:17:23,632 | Epoch: [5][130/254]	Time   0.29 (  0.41)	Data 0.0002 (0.1059)	Loss (L1) 7.833 (7.140)
2026-04-26 01:17:26,678 | Epoch: [5][140/254]	Time   0.30 (  0.40)	Data 0.0003 (0.0984)	Loss (L1) 6.779 (7.178)
2026-04-26 01:17:29,695 | Epoch: [5][150/254]	Time   0.30 (  0.39)	Data 0.0002 (0.0919)	Loss (L1) 6.367 (7.175)
2026-04-26 01:17:32,705 | Epoch: [5][160/254]	Time   0.30 (  0.39)	Data 0.0005 (0.0862)	Loss (L1) 6.477 (7.162)
2026-04-26 01:17:35,761 | Epoch: [5][170/254]	Time   0.31 (  0.38)	Data 0.0003 (0.0812)	Loss (L1) 9.054 (7.170)
2026-04-26 01:17:38,836 | Epoch: [5][180/254]	Time   0.31 (  0.38)	Data 0.0003 (0.0768)	Loss (L1) 6.909 (7.164)
2026-04-26 01:17:41,920 | Epoch: [5][190/254]	Time   0.28 (  0.37)	Data 0.0002 (0.0731)	Loss (L1) 6.717 (7.155)
2026-04-26 01:17:44,916 | Epoch: [5][200/254]	Time   0.30 (  0.37)	Data 0.0001 (0.0695)	Loss (L1) 6.043 (7.145)
2026-04-26 01:17:47,901 | Epoch: [5][210/254]	Time   0.30 (  0.37)	Data 0.0002 (0.0662)	Loss (L1) 6.176 (7.131)
2026-04-26 01:17:50,867 | Epoch: [5][220/254]	Time   0.30 (  0.36)	Data 0.0001 (0.0632)	Loss (L1) 6.363 (7.112)
2026-04-26 01:17:53,855 | Epoch: [5][230/254]	Time   0.30 (  0.36)	Data 0.0001 (0.0605)	Loss (L1) 7.074 (7.120)
2026-04-26 01:17:56,839 | Epoch: [5][240/254]	Time   0.30 (  0.36)	Data 0.0001 (0.0580)	Loss (L1) 10.155 (7.136)
2026-04-26 01:17:59,809 | Epoch: [5][250/254]	Time   0.30 (  0.36)	Data 0.0001 (0.0556)	Loss (L1) 6.188 (7.135)
2026-04-26 01:18:00,955 | Create Epoch [5] features of all training data...
2026-04-26 01:19:17,797 | Updated smoothed statistics on Epoch [5]!
2026-04-26 01:19:17,825 | Updated running statistics with Epoch [5] features!
2026-04-26 01:19:25,481 | Val: [ 0/25]	Time  7.652 ( 7.652)	Loss (MSE) 373.983 (373.983)	Loss (L1) 17.398 (17.398)
2026-04-26 01:19:29,983 | Val: [10/25]	Time  0.083 ( 1.105)	Loss (MSE) 40.878 (126.940)	Loss (L1) 5.281 (9.202)
2026-04-26 01:19:30,817 | Val: [20/25]	Time  0.083 ( 0.619)	Loss (MSE) 452.551 (152.650)	Loss (L1) 20.570 (10.056)
2026-04-26 01:19:31,387 |  * Overall: MSE 236.581	L1 12.423	G-Mean 8.168
2026-04-26 01:19:31,387 |  * Many: MSE 126.321	L1 9.050	G-Mean 5.993
2026-04-26 01:19:31,388 |  * Median: MSE 382.308	L1 17.609	G-Mean 14.150
2026-04-26 01:19:31,388 |  * Low: MSE 859.603	L1 28.839	G-Mean 28.248
2026-04-26 01:19:31,388 | Best L1 Loss: 11.328
2026-04-26 01:19:31,621 | Epoch #5: Train loss [7.1337]; Val loss: MSE [236.5810], L1 [12.4228], G-Mean [8.1684]
2026-04-26 01:19:44,097 | Epoch: [6][  0/254]	Time  12.47 ( 12.47)	Data 12.2914 (12.2914)	Loss (L1) 5.987 (5.987)
2026-04-26 01:19:47,287 | Epoch: [6][ 10/254]	Time   0.35 (  1.42)	Data 0.0174 (1.1193)	Loss (L1) 7.735 (6.850)
2026-04-26 01:19:50,474 | Epoch: [6][ 20/254]	Time   0.33 (  0.90)	Data 0.0003 (0.5872)	Loss (L1) 7.166 (7.084)
2026-04-26 01:19:53,534 | Epoch: [6][ 30/254]	Time   0.30 (  0.71)	Data 0.0002 (0.3979)	Loss (L1) 6.931 (6.987)
2026-04-26 01:19:57,892 | Epoch: [6][ 40/254]	Time   0.30 (  0.64)	Data 0.0002 (0.3262)	Loss (L1) 6.819 (7.142)
2026-04-26 01:20:00,963 | Epoch: [6][ 50/254]	Time   0.30 (  0.58)	Data 0.0002 (0.2623)	Loss (L1) 8.030 (7.138)
2026-04-26 01:20:04,107 | Epoch: [6][ 60/254]	Time   0.30 (  0.53)	Data 0.0003 (0.2194)	Loss (L1) 7.143 (7.092)
2026-04-26 01:20:07,195 | Epoch: [6][ 70/254]	Time   0.32 (  0.50)	Data 0.0002 (0.1885)	Loss (L1) 7.005 (7.076)
2026-04-26 01:20:10,422 | Epoch: [6][ 80/254]	Time   0.32 (  0.48)	Data 0.0002 (0.1653)	Loss (L1) 7.105 (7.040)
2026-04-26 01:20:13,643 | Epoch: [6][ 90/254]	Time   0.33 (  0.46)	Data 0.0002 (0.1471)	Loss (L1) 8.344 (7.051)
2026-04-26 01:20:16,892 | Epoch: [6][100/254]	Time   0.32 (  0.45)	Data 0.0004 (0.1326)	Loss (L1) 6.173 (7.086)
2026-04-26 01:20:19,976 | Epoch: [6][110/254]	Time   0.33 (  0.44)	Data 0.0003 (0.1207)	Loss (L1) 8.908 (7.108)
2026-04-26 01:20:23,156 | Epoch: [6][120/254]	Time   0.30 (  0.43)	Data 0.0002 (0.1107)	Loss (L1) 6.764 (7.064)
2026-04-26 01:20:26,272 | Epoch: [6][130/254]	Time   0.33 (  0.42)	Data 0.0004 (0.1023)	Loss (L1) 6.826 (7.049)
2026-04-26 01:20:29,293 | Epoch: [6][140/254]	Time   0.29 (  0.41)	Data 0.0002 (0.0951)	Loss (L1) 7.249 (7.012)
2026-04-26 01:20:32,386 | Epoch: [6][150/254]	Time   0.33 (  0.40)	Data 0.0002 (0.0888)	Loss (L1) 7.196 (6.993)
2026-04-26 01:20:35,616 | Epoch: [6][160/254]	Time   0.35 (  0.40)	Data 0.0002 (0.0833)	Loss (L1) 5.939 (6.978)
2026-04-26 01:20:38,712 | Epoch: [6][170/254]	Time   0.30 (  0.39)	Data 0.0003 (0.0785)	Loss (L1) 6.628 (6.958)
2026-04-26 01:20:41,836 | Epoch: [6][180/254]	Time   0.31 (  0.39)	Data 0.0108 (0.0743)	Loss (L1) 6.056 (6.941)
2026-04-26 01:20:44,917 | Epoch: [6][190/254]	Time   0.29 (  0.38)	Data 0.0002 (0.0706)	Loss (L1) 7.147 (6.932)
2026-04-26 01:20:47,968 | Epoch: [6][200/254]	Time   0.30 (  0.38)	Data 0.0002 (0.0671)	Loss (L1) 5.618 (6.911)
2026-04-26 01:20:50,968 | Epoch: [6][210/254]	Time   0.29 (  0.38)	Data 0.0001 (0.0639)	Loss (L1) 6.045 (6.903)
2026-04-26 01:20:53,931 | Epoch: [6][220/254]	Time   0.30 (  0.37)	Data 0.0001 (0.0611)	Loss (L1) 6.901 (6.896)
2026-04-26 01:20:56,879 | Epoch: [6][230/254]	Time   0.30 (  0.37)	Data 0.0001 (0.0584)	Loss (L1) 7.103 (6.891)
2026-04-26 01:20:59,816 | Epoch: [6][240/254]	Time   0.29 (  0.37)	Data 0.0001 (0.0560)	Loss (L1) 5.749 (6.877)
2026-04-26 01:21:02,752 | Epoch: [6][250/254]	Time   0.29 (  0.36)	Data 0.0001 (0.0538)	Loss (L1) 7.158 (6.876)
2026-04-26 01:21:03,875 | Create Epoch [6] features of all training data...
2026-04-26 01:22:21,810 | Updated smoothed statistics on Epoch [6]!
2026-04-26 01:22:21,839 | Updated running statistics with Epoch [6] features!
2026-04-26 01:22:32,396 | Val: [ 0/25]	Time 10.555 (10.555)	Loss (MSE) 375.248 (375.248)	Loss (L1) 17.950 (17.950)
2026-04-26 01:22:33,230 | Val: [10/25]	Time  0.083 ( 1.035)	Loss (MSE) 55.320 (138.702)	Loss (L1) 6.170 (9.730)
2026-04-26 01:22:34,064 | Val: [20/25]	Time  0.083 ( 0.582)	Loss (MSE) 419.843 (154.314)	Loss (L1) 19.490 (10.193)
2026-04-26 01:22:34,625 |  * Overall: MSE 240.805	L1 12.573	G-Mean 8.340
2026-04-26 01:22:34,625 |  * Many: MSE 128.775	L1 9.231	G-Mean 6.210
2026-04-26 01:22:34,626 |  * Median: MSE 373.555	L1 17.388	G-Mean 13.766
2026-04-26 01:22:34,626 |  * Low: MSE 929.392	L1 30.009	G-Mean 29.469
2026-04-26 01:22:34,626 | Best L1 Loss: 11.328
2026-04-26 01:22:34,853 | Epoch #6: Train loss [6.8700]; Val loss: MSE [240.8049], L1 [12.5729], G-Mean [8.3400]
2026-04-26 01:22:48,619 | Epoch: [7][  0/254]	Time  13.76 ( 13.76)	Data 13.5904 (13.5904)	Loss (L1) 7.134 (7.134)
2026-04-26 01:22:51,572 | Epoch: [7][ 10/254]	Time   0.30 (  1.52)	Data 0.0002 (1.2357)	Loss (L1) 6.816 (6.954)
2026-04-26 01:22:54,649 | Epoch: [7][ 20/254]	Time   0.28 (  0.94)	Data 0.0002 (0.6474)	Loss (L1) 6.679 (6.810)
2026-04-26 01:22:57,965 | Epoch: [7][ 30/254]	Time   0.34 (  0.75)	Data 0.0002 (0.4392)	Loss (L1) 8.183 (6.836)
2026-04-26 01:23:01,193 | Epoch: [7][ 40/254]	Time   0.32 (  0.64)	Data 0.0004 (0.3327)	Loss (L1) 6.979 (6.946)
2026-04-26 01:23:04,297 | Epoch: [7][ 50/254]	Time   0.33 (  0.58)	Data 0.0007 (0.2676)	Loss (L1) 6.369 (6.936)
2026-04-26 01:23:07,381 | Epoch: [7][ 60/254]	Time   0.30 (  0.53)	Data 0.0003 (0.2238)	Loss (L1) 6.181 (6.913)
2026-04-26 01:23:10,646 | Epoch: [7][ 70/254]	Time   0.31 (  0.50)	Data 0.0002 (0.1923)	Loss (L1) 6.180 (6.890)
2026-04-26 01:23:13,835 | Epoch: [7][ 80/254]	Time   0.35 (  0.48)	Data 0.0011 (0.1686)	Loss (L1) 8.402 (6.883)
2026-04-26 01:23:17,045 | Epoch: [7][ 90/254]	Time   0.31 (  0.46)	Data 0.0004 (0.1501)	Loss (L1) 6.299 (6.888)
2026-04-26 01:23:20,085 | Epoch: [7][100/254]	Time   0.30 (  0.45)	Data 0.0002 (0.1353)	Loss (L1) 5.854 (6.881)
2026-04-26 01:23:23,372 | Epoch: [7][110/254]	Time   0.31 (  0.44)	Data 0.0002 (0.1232)	Loss (L1) 7.397 (6.888)
2026-04-26 01:23:26,502 | Epoch: [7][120/254]	Time   0.30 (  0.43)	Data 0.0002 (0.1130)	Loss (L1) 7.568 (6.870)
2026-04-26 01:23:29,595 | Epoch: [7][130/254]	Time   0.35 (  0.42)	Data 0.0002 (0.1044)	Loss (L1) 5.651 (6.866)
2026-04-26 01:23:32,784 | Epoch: [7][140/254]	Time   0.36 (  0.41)	Data 0.0004 (0.0971)	Loss (L1) 6.124 (6.860)
2026-04-26 01:23:35,842 | Epoch: [7][150/254]	Time   0.31 (  0.40)	Data 0.0002 (0.0906)	Loss (L1) 7.368 (6.841)
2026-04-26 01:23:38,947 | Epoch: [7][160/254]	Time   0.30 (  0.40)	Data 0.0003 (0.0851)	Loss (L1) 6.515 (6.859)
2026-04-26 01:23:42,059 | Epoch: [7][170/254]	Time   0.33 (  0.39)	Data 0.0001 (0.0801)	Loss (L1) 7.236 (6.837)
2026-04-26 01:23:45,182 | Epoch: [7][180/254]	Time   0.31 (  0.39)	Data 0.0003 (0.0757)	Loss (L1) 5.751 (6.805)
2026-04-26 01:23:48,239 | Epoch: [7][190/254]	Time   0.30 (  0.38)	Data 0.0002 (0.0719)	Loss (L1) 6.448 (6.797)
2026-04-26 01:23:51,306 | Epoch: [7][200/254]	Time   0.30 (  0.38)	Data 0.0001 (0.0683)	Loss (L1) 6.789 (6.818)
2026-04-26 01:23:54,239 | Epoch: [7][210/254]	Time   0.29 (  0.38)	Data 0.0001 (0.0651)	Loss (L1) 6.987 (6.832)
2026-04-26 01:23:57,174 | Epoch: [7][220/254]	Time   0.29 (  0.37)	Data 0.0001 (0.0621)	Loss (L1) 8.519 (6.831)
2026-04-26 01:24:00,099 | Epoch: [7][230/254]	Time   0.29 (  0.37)	Data 0.0002 (0.0595)	Loss (L1) 7.089 (6.820)
2026-04-26 01:24:03,021 | Epoch: [7][240/254]	Time   0.29 (  0.37)	Data 0.0001 (0.0570)	Loss (L1) 5.674 (6.813)
2026-04-26 01:24:05,948 | Epoch: [7][250/254]	Time   0.29 (  0.36)	Data 0.0001 (0.0547)	Loss (L1) 6.154 (6.809)
2026-04-26 01:24:07,087 | Create Epoch [7] features of all training data...
2026-04-26 01:25:24,416 | Updated smoothed statistics on Epoch [7]!
2026-04-26 01:25:24,445 | Updated running statistics with Epoch [7] features!
2026-04-26 01:25:32,531 | Val: [ 0/25]	Time  8.085 ( 8.085)	Loss (MSE) 302.794 (302.794)	Loss (L1) 15.136 (15.136)
2026-04-26 01:25:35,555 | Val: [10/25]	Time  0.085 ( 1.010)	Loss (MSE) 62.913 (109.085)	Loss (L1) 6.691 (8.507)
2026-04-26 01:25:36,393 | Val: [20/25]	Time  0.084 ( 0.569)	Loss (MSE) 496.045 (157.141)	Loss (L1) 21.151 (10.089)
2026-04-26 01:25:36,963 |  * Overall: MSE 257.032	L1 12.714	G-Mean 8.137
2026-04-26 01:25:36,963 |  * Many: MSE 140.336	L1 9.483	G-Mean 6.241
2026-04-26 01:25:36,963 |  * Median: MSE 380.346	L1 16.870	G-Mean 12.132
2026-04-26 01:25:36,963 |  * Low: MSE 1028.572	L1 31.388	G-Mean 30.502
2026-04-26 01:25:36,964 | Best L1 Loss: 11.328
2026-04-26 01:25:37,197 | Epoch #7: Train loss [6.8056]; Val loss: MSE [257.0317], L1 [12.7140], G-Mean [8.1366]
2026-04-26 01:25:42,265 | Epoch: [8][  0/254]	Time   5.07 (  5.07)	Data 4.9175 (4.9175)	Loss (L1) 8.070 (8.070)
2026-04-26 01:25:53,367 | Epoch: [8][ 10/254]	Time   0.29 (  1.47)	Data 0.0002 (1.2119)	Loss (L1) 6.282 (6.620)
2026-04-26 01:25:56,353 | Epoch: [8][ 20/254]	Time   0.30 (  0.91)	Data 0.0002 (0.6350)	Loss (L1) 7.349 (6.654)
2026-04-26 01:25:59,418 | Epoch: [8][ 30/254]	Time   0.30 (  0.72)	Data 0.0002 (0.4304)	Loss (L1) 5.872 (6.566)
2026-04-26 01:26:15,762 | Epoch: [8][ 40/254]	Time   0.30 (  0.94)	Data 0.0003 (0.6541)	Loss (L1) 7.944 (6.619)
2026-04-26 01:26:18,766 | Epoch: [8][ 50/254]	Time   0.29 (  0.82)	Data 0.0002 (0.5259)	Loss (L1) 6.620 (6.621)
2026-04-26 01:26:21,751 | Epoch: [8][ 60/254]	Time   0.30 (  0.73)	Data 0.0002 (0.4398)	Loss (L1) 6.187 (6.569)
2026-04-26 01:26:24,782 | Epoch: [8][ 70/254]	Time   0.30 (  0.67)	Data 0.0002 (0.3779)	Loss (L1) 5.970 (6.617)
2026-04-26 01:26:27,809 | Epoch: [8][ 80/254]	Time   0.30 (  0.62)	Data 0.0002 (0.3312)	Loss (L1) 7.115 (6.659)
2026-04-26 01:26:30,914 | Epoch: [8][ 90/254]	Time   0.31 (  0.59)	Data 0.0002 (0.2949)	Loss (L1) 6.093 (6.618)
2026-04-26 01:26:33,987 | Epoch: [8][100/254]	Time   0.30 (  0.56)	Data 0.0002 (0.2658)	Loss (L1) 6.658 (6.613)
2026-04-26 01:26:37,038 | Epoch: [8][110/254]	Time   0.31 (  0.54)	Data 0.0002 (0.2418)	Loss (L1) 5.613 (6.605)
2026-04-26 01:26:40,125 | Epoch: [8][120/254]	Time   0.31 (  0.52)	Data 0.0002 (0.2219)	Loss (L1) 6.734 (6.659)
2026-04-26 01:26:43,183 | Epoch: [8][130/254]	Time   0.33 (  0.50)	Data 0.0003 (0.2050)	Loss (L1) 6.436 (6.679)
2026-04-26 01:26:46,359 | Epoch: [8][140/254]	Time   0.30 (  0.49)	Data 0.0002 (0.1906)	Loss (L1) 6.549 (6.685)
2026-04-26 01:26:49,396 | Epoch: [8][150/254]	Time   0.32 (  0.48)	Data 0.0002 (0.1780)	Loss (L1) 5.628 (6.679)
2026-04-26 01:26:52,433 | Epoch: [8][160/254]	Time   0.30 (  0.47)	Data 0.0010 (0.1669)	Loss (L1) 7.820 (6.691)
2026-04-26 01:26:55,504 | Epoch: [8][170/254]	Time   0.31 (  0.46)	Data 0.0003 (0.1572)	Loss (L1) 7.477 (6.714)
2026-04-26 01:26:58,560 | Epoch: [8][180/254]	Time   0.31 (  0.45)	Data 0.0002 (0.1485)	Loss (L1) 7.576 (6.718)
2026-04-26 01:27:01,685 | Epoch: [8][190/254]	Time   0.30 (  0.44)	Data 0.0001 (0.1410)	Loss (L1) 6.120 (6.695)
2026-04-26 01:27:04,712 | Epoch: [8][200/254]	Time   0.29 (  0.44)	Data 0.0001 (0.1340)	Loss (L1) 6.233 (6.671)
2026-04-26 01:27:07,667 | Epoch: [8][210/254]	Time   0.29 (  0.43)	Data 0.0001 (0.1277)	Loss (L1) 6.697 (6.662)
2026-04-26 01:27:10,602 | Epoch: [8][220/254]	Time   0.29 (  0.42)	Data 0.0001 (0.1219)	Loss (L1) 5.909 (6.640)
2026-04-26 01:27:13,530 | Epoch: [8][230/254]	Time   0.29 (  0.42)	Data 0.0001 (0.1166)	Loss (L1) 7.077 (6.627)
2026-04-26 01:27:16,465 | Epoch: [8][240/254]	Time   0.29 (  0.41)	Data 0.0001 (0.1118)	Loss (L1) 6.286 (6.639)
2026-04-26 01:27:19,404 | Epoch: [8][250/254]	Time   0.29 (  0.41)	Data 0.0001 (0.1074)	Loss (L1) 5.482 (6.632)
2026-04-26 01:27:20,531 | Create Epoch [8] features of all training data...
2026-04-26 01:28:39,038 | Updated smoothed statistics on Epoch [8]!
2026-04-26 01:28:39,067 | Updated running statistics with Epoch [8] features!
2026-04-26 01:28:48,703 | Val: [ 0/25]	Time  9.634 ( 9.634)	Loss (MSE) 358.806 (358.806)	Loss (L1) 17.419 (17.419)
2026-04-26 01:28:50,152 | Val: [10/25]	Time  0.084 ( 1.008)	Loss (MSE) 50.053 (123.697)	Loss (L1) 5.922 (9.233)
2026-04-26 01:28:50,989 | Val: [20/25]	Time  0.084 ( 0.568)	Loss (MSE) 436.901 (149.220)	Loss (L1) 19.537 (9.862)
2026-04-26 01:28:51,552 |  * Overall: MSE 224.876	L1 12.044	G-Mean 7.960
2026-04-26 01:28:51,553 |  * Many: MSE 125.381	L1 8.914	G-Mean 5.891
2026-04-26 01:28:51,553 |  * Median: MSE 353.099	L1 16.761	G-Mean 13.532
2026-04-26 01:28:51,553 |  * Low: MSE 798.962	L1 27.626	G-Mean 26.951
2026-04-26 01:28:51,553 | Best L1 Loss: 11.328
2026-04-26 01:28:51,786 | Epoch #8: Train loss [6.6332]; Val loss: MSE [224.8761], L1 [12.0436], G-Mean [7.9604]
2026-04-26 01:29:05,597 | Epoch: [9][  0/254]	Time  13.81 ( 13.81)	Data 13.6460 (13.6460)	Loss (L1) 6.172 (6.172)
2026-04-26 01:29:08,603 | Epoch: [9][ 10/254]	Time   0.31 (  1.53)	Data 0.0002 (1.2416)	Loss (L1) 5.860 (6.634)
2026-04-26 01:29:11,716 | Epoch: [9][ 20/254]	Time   0.33 (  0.95)	Data 0.0002 (0.6505)	Loss (L1) 6.086 (6.422)
2026-04-26 01:29:14,890 | Epoch: [9][ 30/254]	Time   0.36 (  0.75)	Data 0.0002 (0.4408)	Loss (L1) 6.951 (6.453)
2026-04-26 01:29:18,073 | Epoch: [9][ 40/254]	Time   0.32 (  0.64)	Data 0.0003 (0.3334)	Loss (L1) 6.939 (6.467)
2026-04-26 01:29:21,224 | Epoch: [9][ 50/254]	Time   0.31 (  0.58)	Data 0.0003 (0.2683)	Loss (L1) 5.646 (6.555)
2026-04-26 01:29:24,533 | Epoch: [9][ 60/254]	Time   0.30 (  0.54)	Data 0.0002 (0.2244)	Loss (L1) 6.720 (6.565)
2026-04-26 01:29:27,627 | Epoch: [9][ 70/254]	Time   0.31 (  0.50)	Data 0.0002 (0.1928)	Loss (L1) 6.445 (6.554)
2026-04-26 01:29:30,696 | Epoch: [9][ 80/254]	Time   0.29 (  0.48)	Data 0.0002 (0.1691)	Loss (L1) 5.953 (6.591)
2026-04-26 01:29:33,826 | Epoch: [9][ 90/254]	Time   0.38 (  0.46)	Data 0.0002 (0.1506)	Loss (L1) 5.408 (6.545)
2026-04-26 01:29:36,908 | Epoch: [9][100/254]	Time   0.33 (  0.45)	Data 0.0002 (0.1357)	Loss (L1) 6.786 (6.557)
2026-04-26 01:29:39,952 | Epoch: [9][110/254]	Time   0.30 (  0.43)	Data 0.0002 (0.1235)	Loss (L1) 6.721 (6.576)
2026-04-26 01:29:43,110 | Epoch: [9][120/254]	Time   0.30 (  0.42)	Data 0.0002 (0.1133)	Loss (L1) 5.824 (6.570)
2026-04-26 01:29:46,156 | Epoch: [9][130/254]	Time   0.30 (  0.42)	Data 0.0004 (0.1047)	Loss (L1) 7.031 (6.547)
2026-04-26 01:29:49,257 | Epoch: [9][140/254]	Time   0.32 (  0.41)	Data 0.0002 (0.0973)	Loss (L1) 5.795 (6.560)
2026-04-26 01:29:52,435 | Epoch: [9][150/254]	Time   0.31 (  0.40)	Data 0.0002 (0.0910)	Loss (L1) 6.634 (6.548)
2026-04-26 01:29:55,679 | Epoch: [9][160/254]	Time   0.29 (  0.40)	Data 0.0007 (0.0853)	Loss (L1) 6.398 (6.540)
2026-04-26 01:29:58,838 | Epoch: [9][170/254]	Time   0.31 (  0.39)	Data 0.0002 (0.0804)	Loss (L1) 6.138 (6.539)
2026-04-26 01:30:01,929 | Epoch: [9][180/254]	Time   0.30 (  0.39)	Data 0.0003 (0.0760)	Loss (L1) 6.542 (6.534)
2026-04-26 01:30:04,930 | Epoch: [9][190/254]	Time   0.30 (  0.38)	Data 0.0001 (0.0721)	Loss (L1) 6.697 (6.515)
2026-04-26 01:30:07,948 | Epoch: [9][200/254]	Time   0.30 (  0.38)	Data 0.0001 (0.0685)	Loss (L1) 7.290 (6.513)
2026-04-26 01:30:10,894 | Epoch: [9][210/254]	Time   0.30 (  0.37)	Data 0.0001 (0.0653)	Loss (L1) 5.742 (6.484)
2026-04-26 01:30:13,826 | Epoch: [9][220/254]	Time   0.29 (  0.37)	Data 0.0001 (0.0623)	Loss (L1) 5.478 (6.454)
2026-04-26 01:30:16,760 | Epoch: [9][230/254]	Time   0.30 (  0.37)	Data 0.0001 (0.0596)	Loss (L1) 7.012 (6.465)
2026-04-26 01:30:19,690 | Epoch: [9][240/254]	Time   0.29 (  0.36)	Data 0.0001 (0.0572)	Loss (L1) 5.631 (6.461)
2026-04-26 01:30:22,617 | Epoch: [9][250/254]	Time   0.29 (  0.36)	Data 0.0001 (0.0549)	Loss (L1) 6.013 (6.450)
2026-04-26 01:30:23,744 | Create Epoch [9] features of all training data...
2026-04-26 01:31:42,391 | Updated smoothed statistics on Epoch [9]!
2026-04-26 01:31:42,420 | Updated running statistics with Epoch [9] features!
2026-04-26 01:31:51,301 | Val: [ 0/25]	Time  8.880 ( 8.880)	Loss (MSE) 406.746 (406.746)	Loss (L1) 18.403 (18.403)
2026-04-26 01:31:54,037 | Val: [10/25]	Time  0.084 ( 1.056)	Loss (MSE) 58.051 (137.901)	Loss (L1) 6.279 (9.534)
2026-04-26 01:31:54,876 | Val: [20/25]	Time  0.085 ( 0.593)	Loss (MSE) 380.613 (148.572)	Loss (L1) 17.606 (9.810)
2026-04-26 01:31:55,449 |  * Overall: MSE 211.885	L1 11.679	G-Mean 7.624
2026-04-26 01:31:55,449 |  * Many: MSE 120.066	L1 8.777	G-Mean 5.802
2026-04-26 01:31:55,449 |  * Median: MSE 338.492	L1 16.167	G-Mean 12.115
2026-04-26 01:31:55,449 |  * Low: MSE 711.654	L1 25.701	G-Mean 24.609
2026-04-26 01:31:55,450 | Best L1 Loss: 11.328
2026-04-26 01:31:55,691 | Epoch #9: Train loss [6.4438]; Val loss: MSE [211.8849], L1 [11.6786], G-Mean [7.6237]
2026-04-26 01:32:04,954 | Epoch: [10][  0/254]	Time   9.26 (  9.26)	Data 9.1079 (9.1079)	Loss (L1) 5.779 (5.779)
2026-04-26 01:32:11,741 | Epoch: [10][ 10/254]	Time   0.31 (  1.46)	Data 0.0002 (1.2117)	Loss (L1) 6.829 (6.539)
2026-04-26 01:32:14,726 | Epoch: [10][ 20/254]	Time   0.30 (  0.91)	Data 0.0002 (0.6348)	Loss (L1) 5.777 (6.345)
2026-04-26 01:32:17,707 | Epoch: [10][ 30/254]	Time   0.30 (  0.71)	Data 0.0002 (0.4301)	Loss (L1) 6.034 (6.349)
2026-04-26 01:32:21,581 | Epoch: [10][ 40/254]	Time   0.29 (  0.63)	Data 0.0003 (0.3538)	Loss (L1) 5.538 (6.393)
2026-04-26 01:32:24,594 | Epoch: [10][ 50/254]	Time   0.30 (  0.57)	Data 0.0005 (0.2845)	Loss (L1) 6.316 (6.384)
2026-04-26 01:32:27,740 | Epoch: [10][ 60/254]	Time   0.31 (  0.53)	Data 0.0003 (0.2379)	Loss (L1) 6.714 (6.446)
2026-04-26 01:32:30,817 | Epoch: [10][ 70/254]	Time   0.32 (  0.49)	Data 0.0002 (0.2046)	Loss (L1) 8.103 (6.474)
2026-04-26 01:32:33,868 | Epoch: [10][ 80/254]	Time   0.30 (  0.47)	Data 0.0002 (0.1794)	Loss (L1) 5.669 (6.492)
2026-04-26 01:32:37,041 | Epoch: [10][ 90/254]	Time   0.30 (  0.45)	Data 0.0003 (0.1597)	Loss (L1) 6.767 (6.537)
2026-04-26 01:32:40,172 | Epoch: [10][100/254]	Time   0.30 (  0.44)	Data 0.0002 (0.1439)	Loss (L1) 6.553 (6.525)
2026-04-26 01:32:43,266 | Epoch: [10][110/254]	Time   0.36 (  0.43)	Data 0.0091 (0.1310)	Loss (L1) 6.013 (6.494)
2026-04-26 01:32:46,268 | Epoch: [10][120/254]	Time   0.30 (  0.42)	Data 0.0003 (0.1202)	Loss (L1) 6.991 (6.480)
2026-04-26 01:32:50,428 | Epoch: [10][130/254]	Time   0.39 (  0.42)	Data 0.2012 (0.1217)	Loss (L1) 5.804 (6.453)
2026-04-26 01:32:54,843 | Epoch: [10][140/254]	Time   0.33 (  0.42)	Data 0.0002 (0.1233)	Loss (L1) 8.109 (6.464)
2026-04-26 01:32:57,931 | Epoch: [10][150/254]	Time   0.32 (  0.41)	Data 0.0002 (0.1152)	Loss (L1) 6.331 (6.448)
2026-04-26 01:33:01,026 | Epoch: [10][160/254]	Time   0.33 (  0.41)	Data 0.0002 (0.1080)	Loss (L1) 5.623 (6.435)
2026-04-26 01:33:04,200 | Epoch: [10][170/254]	Time   0.29 (  0.40)	Data 0.0002 (0.1017)	Loss (L1) 6.882 (6.418)
2026-04-26 01:33:07,314 | Epoch: [10][180/254]	Time   0.31 (  0.40)	Data 0.0002 (0.0961)	Loss (L1) 7.007 (6.410)
2026-04-26 01:33:10,374 | Epoch: [10][190/254]	Time   0.32 (  0.39)	Data 0.0002 (0.0912)	Loss (L1) 5.640 (6.387)
2026-04-26 01:33:13,417 | Epoch: [10][200/254]	Time   0.31 (  0.39)	Data 0.0001 (0.0867)	Loss (L1) 6.609 (6.382)
2026-04-26 01:33:16,441 | Epoch: [10][210/254]	Time   0.30 (  0.38)	Data 0.0001 (0.0826)	Loss (L1) 6.713 (6.372)
2026-04-26 01:33:19,412 | Epoch: [10][220/254]	Time   0.30 (  0.38)	Data 0.0002 (0.0789)	Loss (L1) 5.467 (6.361)
2026-04-26 01:33:22,381 | Epoch: [10][230/254]	Time   0.30 (  0.38)	Data 0.0002 (0.0755)	Loss (L1) 6.335 (6.357)
2026-04-26 01:33:25,344 | Epoch: [10][240/254]	Time   0.29 (  0.37)	Data 0.0002 (0.0723)	Loss (L1) 5.686 (6.355)
2026-04-26 01:33:28,298 | Epoch: [10][250/254]	Time   0.30 (  0.37)	Data 0.0001 (0.0695)	Loss (L1) 6.555 (6.341)
2026-04-26 01:33:29,432 | Create Epoch [10] features of all training data...
2026-04-26 01:35:00,651 | Updated smoothed statistics on Epoch [10]!
2026-04-26 01:35:00,680 | Updated running statistics with Epoch [10] features!
2026-04-26 01:35:37,412 | Val: [ 0/25]	Time 36.731 (36.731)	Loss (MSE) 288.980 (288.980)	Loss (L1) 15.112 (15.112)
2026-04-26 01:35:41,538 | Val: [10/25]	Time  0.083 ( 3.714)	Loss (MSE) 54.332 (111.172)	Loss (L1) 6.370 (8.662)
2026-04-26 01:35:44,110 | Val: [20/25]	Time  0.083 ( 2.068)	Loss (MSE) 405.755 (142.020)	Loss (L1) 18.817 (9.599)
2026-04-26 01:35:44,692 |  * Overall: MSE 217.410	L1 11.779	G-Mean 7.801
2026-04-26 01:35:44,692 |  * Many: MSE 123.265	L1 8.844	G-Mean 5.885
2026-04-26 01:35:44,692 |  * Median: MSE 328.193	L1 15.909	G-Mean 12.525
2026-04-26 01:35:44,692 |  * Low: MSE 798.878	L1 27.464	G-Mean 26.547
2026-04-26 01:35:44,694 | Best L1 Loss: 11.328
2026-04-26 01:35:44,942 | Epoch #10: Train loss [6.3414]; Val loss: MSE [217.4105], L1 [11.7795], G-Mean [7.8006]
2026-04-26 01:35:53,264 | Epoch: [11][  0/254]	Time   8.32 (  8.32)	Data 8.1391 (8.1391)	Loss (L1) 5.505 (5.505)
2026-04-26 01:36:03,237 | Epoch: [11][ 10/254]	Time   0.30 (  1.66)	Data 0.0002 (1.3881)	Loss (L1) 7.583 (5.976)
2026-04-26 01:36:06,319 | Epoch: [11][ 20/254]	Time   0.29 (  1.02)	Data 0.0004 (0.7280)	Loss (L1) 6.896 (6.190)
2026-04-26 01:36:09,350 | Epoch: [11][ 30/254]	Time   0.30 (  0.79)	Data 0.0005 (0.4933)	Loss (L1) 6.271 (6.181)
2026-04-26 01:36:12,459 | Epoch: [11][ 40/254]	Time   0.34 (  0.67)	Data 0.0003 (0.3771)	Loss (L1) 6.666 (6.158)
2026-04-26 01:36:15,499 | Epoch: [11][ 50/254]	Time   0.31 (  0.60)	Data 0.0003 (0.3032)	Loss (L1) 6.839 (6.138)
2026-04-26 01:36:18,597 | Epoch: [11][ 60/254]	Time   0.33 (  0.55)	Data 0.0003 (0.2536)	Loss (L1) 6.549 (6.177)
2026-04-26 01:36:21,688 | Epoch: [11][ 70/254]	Time   0.31 (  0.52)	Data 0.0002 (0.2179)	Loss (L1) 7.544 (6.185)
2026-04-26 01:36:24,752 | Epoch: [11][ 80/254]	Time   0.31 (  0.49)	Data 0.0003 (0.1914)	Loss (L1) 6.417 (6.179)
2026-04-26 01:36:27,877 | Epoch: [11][ 90/254]	Time   0.30 (  0.47)	Data 0.0002 (0.1704)	Loss (L1) 5.221 (6.220)
2026-04-26 01:36:30,963 | Epoch: [11][100/254]	Time   0.31 (  0.46)	Data 0.0002 (0.1536)	Loss (L1) 5.072 (6.188)
2026-04-26 01:36:34,048 | Epoch: [11][110/254]	Time   0.29 (  0.44)	Data 0.0002 (0.1399)	Loss (L1) 6.848 (6.222)
2026-04-26 01:36:37,163 | Epoch: [11][120/254]	Time   0.29 (  0.43)	Data 0.0063 (0.1284)	Loss (L1) 6.207 (6.230)
2026-04-26 01:36:40,235 | Epoch: [11][130/254]	Time   0.31 (  0.42)	Data 0.0005 (0.1186)	Loss (L1) 6.526 (6.203)
2026-04-26 01:36:43,318 | Epoch: [11][140/254]	Time   0.29 (  0.41)	Data 0.0003 (0.1103)	Loss (L1) 6.130 (6.187)
2026-04-26 01:36:46,434 | Epoch: [11][150/254]	Time   0.30 (  0.41)	Data 0.0004 (0.1030)	Loss (L1) 5.755 (6.189)
2026-04-26 01:36:49,677 | Epoch: [11][160/254]	Time   0.32 (  0.40)	Data 0.0002 (0.0966)	Loss (L1) 4.871 (6.178)
2026-04-26 01:36:52,797 | Epoch: [11][170/254]	Time   0.31 (  0.40)	Data 0.0002 (0.0910)	Loss (L1) 6.053 (6.187)
2026-04-26 01:36:55,901 | Epoch: [11][180/254]	Time   0.32 (  0.39)	Data 0.0002 (0.0860)	Loss (L1) 5.608 (6.163)
2026-04-26 01:36:59,024 | Epoch: [11][190/254]	Time   0.31 (  0.39)	Data 0.0001 (0.0816)	Loss (L1) 7.680 (6.155)
2026-04-26 01:37:02,049 | Epoch: [11][200/254]	Time   0.30 (  0.38)	Data 0.0001 (0.0776)	Loss (L1) 5.813 (6.140)
2026-04-26 01:37:05,031 | Epoch: [11][210/254]	Time   0.29 (  0.38)	Data 0.0001 (0.0739)	Loss (L1) 6.260 (6.139)
2026-04-26 01:37:07,993 | Epoch: [11][220/254]	Time   0.30 (  0.38)	Data 0.0001 (0.0706)	Loss (L1) 6.988 (6.134)
2026-04-26 01:37:10,943 | Epoch: [11][230/254]	Time   0.30 (  0.37)	Data 0.0001 (0.0675)	Loss (L1) 6.768 (6.142)
2026-04-26 01:37:13,886 | Epoch: [11][240/254]	Time   0.29 (  0.37)	Data 0.0001 (0.0647)	Loss (L1) 6.371 (6.135)
2026-04-26 01:37:16,816 | Epoch: [11][250/254]	Time   0.29 (  0.37)	Data 0.0001 (0.0621)	Loss (L1) 6.324 (6.131)
2026-04-26 01:37:17,928 | Create Epoch [11] features of all training data...
2026-04-26 01:38:35,469 | Updated smoothed statistics on Epoch [11]!
2026-04-26 01:38:35,501 | Updated running statistics with Epoch [11] features!
2026-04-26 01:38:43,932 | Val: [ 0/25]	Time  8.428 ( 8.428)	Loss (MSE) 356.430 (356.430)	Loss (L1) 17.419 (17.419)
2026-04-26 01:38:46,809 | Val: [10/25]	Time  0.083 ( 1.028)	Loss (MSE) 61.959 (129.067)	Loss (L1) 6.602 (9.478)
2026-04-26 01:38:47,647 | Val: [20/25]	Time  0.084 ( 0.578)	Loss (MSE) 290.533 (129.004)	Loss (L1) 15.457 (9.347)
2026-04-26 01:38:48,220 |  * Overall: MSE 176.299	L1 10.897	G-Mean 7.541
2026-04-26 01:38:48,220 |  * Many: MSE 106.057	L1 8.408	G-Mean 5.735
2026-04-26 01:38:48,220 |  * Median: MSE 269.723	L1 14.725	G-Mean 12.329
2026-04-26 01:38:48,220 |  * Low: MSE 571.073	L1 23.011	G-Mean 22.123
2026-04-26 01:38:48,220 | Best L1 Loss: 10.897
2026-04-26 01:38:48,447 | ===> Saving current best checkpoint...
2026-04-26 01:38:48,952 | Epoch #11: Train loss [6.1284]; Val loss: MSE [176.2995], L1 [10.8971], G-Mean [7.5407]
2026-04-26 01:39:00,863 | Epoch: [12][  0/254]	Time  11.91 ( 11.91)	Data 11.7594 (11.7594)	Loss (L1) 5.695 (5.695)
2026-04-26 01:39:05,469 | Epoch: [12][ 10/254]	Time   0.29 (  1.50)	Data 0.0003 (1.2310)	Loss (L1) 6.318 (6.044)
2026-04-26 01:39:08,439 | Epoch: [12][ 20/254]	Time   0.30 (  0.93)	Data 0.0065 (0.6452)	Loss (L1) 5.756 (6.323)
2026-04-26 01:39:11,418 | Epoch: [12][ 30/254]	Time   0.28 (  0.72)	Data 0.0002 (0.4374)	Loss (L1) 5.584 (6.240)
2026-04-26 01:39:14,432 | Epoch: [12][ 40/254]	Time   0.31 (  0.62)	Data 0.0003 (0.3308)	Loss (L1) 5.729 (6.221)
2026-04-26 01:39:17,494 | Epoch: [12][ 50/254]	Time   0.31 (  0.56)	Data 0.0003 (0.2660)	Loss (L1) 5.365 (6.201)
2026-04-26 01:39:20,694 | Epoch: [12][ 60/254]	Time   0.29 (  0.52)	Data 0.0003 (0.2225)	Loss (L1) 6.513 (6.210)
2026-04-26 01:39:23,751 | Epoch: [12][ 70/254]	Time   0.31 (  0.49)	Data 0.0002 (0.1912)	Loss (L1) 5.849 (6.219)
2026-04-26 01:39:26,795 | Epoch: [12][ 80/254]	Time   0.31 (  0.47)	Data 0.0002 (0.1676)	Loss (L1) 5.942 (6.214)
2026-04-26 01:39:29,836 | Epoch: [12][ 90/254]	Time   0.32 (  0.45)	Data 0.0002 (0.1492)	Loss (L1) 6.502 (6.209)
2026-04-26 01:39:33,005 | Epoch: [12][100/254]	Time   0.30 (  0.44)	Data 0.0003 (0.1345)	Loss (L1) 5.818 (6.162)
2026-04-26 01:39:36,095 | Epoch: [12][110/254]	Time   0.28 (  0.42)	Data 0.0003 (0.1224)	Loss (L1) 5.278 (6.141)
2026-04-26 01:39:39,171 | Epoch: [12][120/254]	Time   0.30 (  0.42)	Data 0.0002 (0.1123)	Loss (L1) 5.723 (6.126)
2026-04-26 01:39:42,321 | Epoch: [12][130/254]	Time   0.37 (  0.41)	Data 0.0003 (0.1038)	Loss (L1) 6.697 (6.111)
2026-04-26 01:39:45,417 | Epoch: [12][140/254]	Time   0.32 (  0.40)	Data 0.0003 (0.0965)	Loss (L1) 6.181 (6.125)
2026-04-26 01:39:48,485 | Epoch: [12][150/254]	Time   0.29 (  0.39)	Data 0.0004 (0.0901)	Loss (L1) 5.958 (6.117)
2026-04-26 01:39:51,520 | Epoch: [12][160/254]	Time   0.29 (  0.39)	Data 0.0004 (0.0846)	Loss (L1) 5.577 (6.114)
2026-04-26 01:39:54,544 | Epoch: [12][170/254]	Time   0.29 (  0.38)	Data 0.0004 (0.0796)	Loss (L1) 6.155 (6.108)
2026-04-26 01:39:57,597 | Epoch: [12][180/254]	Time   0.30 (  0.38)	Data 0.0002 (0.0752)	Loss (L1) 6.029 (6.100)
2026-04-26 01:40:00,632 | Epoch: [12][190/254]	Time   0.30 (  0.38)	Data 0.0002 (0.0716)	Loss (L1) 5.526 (6.082)
2026-04-26 01:40:03,717 | Epoch: [12][200/254]	Time   0.30 (  0.37)	Data 0.0001 (0.0680)	Loss (L1) 6.011 (6.074)
2026-04-26 01:40:06,707 | Epoch: [12][210/254]	Time   0.29 (  0.37)	Data 0.0001 (0.0648)	Loss (L1) 5.053 (6.069)
2026-04-26 01:40:09,669 | Epoch: [12][220/254]	Time   0.29 (  0.37)	Data 0.0001 (0.0619)	Loss (L1) 6.100 (6.071)
2026-04-26 01:40:12,620 | Epoch: [12][230/254]	Time   0.29 (  0.36)	Data 0.0001 (0.0592)	Loss (L1) 5.973 (6.056)
2026-04-26 01:40:15,560 | Epoch: [12][240/254]	Time   0.29 (  0.36)	Data 0.0001 (0.0568)	Loss (L1) 5.869 (6.060)
2026-04-26 01:40:18,495 | Epoch: [12][250/254]	Time   0.29 (  0.36)	Data 0.0001 (0.0545)	Loss (L1) 6.115 (6.055)
2026-04-26 01:40:19,616 | Create Epoch [12] features of all training data...
2026-04-26 01:41:38,244 | Updated smoothed statistics on Epoch [12]!
2026-04-26 01:41:38,273 | Updated running statistics with Epoch [12] features!
2026-04-26 01:41:47,938 | Val: [ 0/25]	Time  9.661 ( 9.661)	Loss (MSE) 353.656 (353.656)	Loss (L1) 17.110 (17.110)
2026-04-26 01:41:49,438 | Val: [10/25]	Time  0.084 ( 1.015)	Loss (MSE) 77.164 (143.152)	Loss (L1) 7.179 (9.933)
2026-04-26 01:41:50,272 | Val: [20/25]	Time  0.083 ( 0.571)	Loss (MSE) 328.594 (144.441)	Loss (L1) 16.060 (9.820)
2026-04-26 01:41:50,823 |  * Overall: MSE 200.934	L1 11.546	G-Mean 7.747
2026-04-26 01:41:50,823 |  * Many: MSE 119.854	L1 8.888	G-Mean 5.934
2026-04-26 01:41:50,823 |  * Median: MSE 306.226	L1 15.509	G-Mean 12.223
2026-04-26 01:41:50,823 |  * Low: MSE 665.850	L1 24.939	G-Mean 23.991
2026-04-26 01:41:50,824 | Best L1 Loss: 10.897
2026-04-26 01:41:51,052 | Epoch #12: Train loss [6.0618]; Val loss: MSE [200.9338], L1 [11.5465], G-Mean [7.7472]
2026-04-26 01:42:04,955 | Epoch: [13][  0/254]	Time  13.90 ( 13.90)	Data 13.7162 (13.7162)	Loss (L1) 6.192 (6.192)
2026-04-26 01:42:08,007 | Epoch: [13][ 10/254]	Time   0.29 (  1.54)	Data 0.0003 (1.2473)	Loss (L1) 5.228 (6.387)
2026-04-26 01:42:11,076 | Epoch: [13][ 20/254]	Time   0.33 (  0.95)	Data 0.0003 (0.6535)	Loss (L1) 5.450 (6.167)
2026-04-26 01:42:14,443 | Epoch: [13][ 30/254]	Time   0.31 (  0.75)	Data 0.0003 (0.4428)	Loss (L1) 5.804 (6.113)
2026-04-26 01:42:17,515 | Epoch: [13][ 40/254]	Time   0.30 (  0.65)	Data 0.0004 (0.3349)	Loss (L1) 6.519 (5.990)
2026-04-26 01:42:20,566 | Epoch: [13][ 50/254]	Time   0.29 (  0.58)	Data 0.0003 (0.2693)	Loss (L1) 6.400 (6.006)
2026-04-26 01:42:23,658 | Epoch: [13][ 60/254]	Time   0.31 (  0.53)	Data 0.0004 (0.2252)	Loss (L1) 5.907 (6.003)
2026-04-26 01:42:26,687 | Epoch: [13][ 70/254]	Time   0.29 (  0.50)	Data 0.0002 (0.1936)	Loss (L1) 5.367 (5.987)
2026-04-26 01:42:29,735 | Epoch: [13][ 80/254]	Time   0.30 (  0.48)	Data 0.0002 (0.1697)	Loss (L1) 6.531 (5.961)
2026-04-26 01:42:32,812 | Epoch: [13][ 90/254]	Time   0.30 (  0.46)	Data 0.0003 (0.1512)	Loss (L1) 5.338 (5.941)
2026-04-26 01:42:35,876 | Epoch: [13][100/254]	Time   0.30 (  0.44)	Data 0.0004 (0.1363)	Loss (L1) 6.150 (5.920)
2026-04-26 01:42:38,963 | Epoch: [13][110/254]	Time   0.30 (  0.43)	Data 0.0003 (0.1240)	Loss (L1) 5.404 (5.915)
2026-04-26 01:42:42,068 | Epoch: [13][120/254]	Time   0.32 (  0.42)	Data 0.0051 (0.1138)	Loss (L1) 5.131 (5.932)
2026-04-26 01:42:45,101 | Epoch: [13][130/254]	Time   0.31 (  0.41)	Data 0.0003 (0.1052)	Loss (L1) 6.437 (5.922)
2026-04-26 01:42:48,124 | Epoch: [13][140/254]	Time   0.30 (  0.40)	Data 0.0077 (0.0978)	Loss (L1) 5.754 (5.919)
2026-04-26 01:42:51,218 | Epoch: [13][150/254]	Time   0.30 (  0.40)	Data 0.0004 (0.0914)	Loss (L1) 5.751 (5.912)
2026-04-26 01:42:54,300 | Epoch: [13][160/254]	Time   0.31 (  0.39)	Data 0.0003 (0.0857)	Loss (L1) 6.724 (5.891)
2026-04-26 01:42:57,385 | Epoch: [13][170/254]	Time   0.30 (  0.39)	Data 0.0002 (0.0807)	Loss (L1) 5.919 (5.888)
2026-04-26 01:43:00,459 | Epoch: [13][180/254]	Time   0.32 (  0.38)	Data 0.0003 (0.0763)	Loss (L1) 7.416 (5.912)
2026-04-26 01:43:03,547 | Epoch: [13][190/254]	Time   0.30 (  0.38)	Data 0.0001 (0.0725)	Loss (L1) 5.997 (5.925)
2026-04-26 01:43:06,578 | Epoch: [13][200/254]	Time   0.30 (  0.38)	Data 0.0002 (0.0689)	Loss (L1) 5.824 (5.931)
2026-04-26 01:43:09,561 | Epoch: [13][210/254]	Time   0.30 (  0.37)	Data 0.0001 (0.0656)	Loss (L1) 6.319 (5.935)
2026-04-26 01:43:12,523 | Epoch: [13][220/254]	Time   0.30 (  0.37)	Data 0.0001 (0.0627)	Loss (L1) 5.158 (5.933)
2026-04-26 01:43:15,503 | Epoch: [13][230/254]	Time   0.30 (  0.37)	Data 0.0001 (0.0600)	Loss (L1) 5.962 (5.934)
2026-04-26 01:43:18,450 | Epoch: [13][240/254]	Time   0.29 (  0.36)	Data 0.0001 (0.0575)	Loss (L1) 4.834 (5.921)
2026-04-26 01:43:21,389 | Epoch: [13][250/254]	Time   0.29 (  0.36)	Data 0.0001 (0.0552)	Loss (L1) 8.285 (5.930)
2026-04-26 01:43:22,506 | Create Epoch [13] features of all training data...
2026-04-26 01:44:40,694 | Updated smoothed statistics on Epoch [13]!
2026-04-26 01:44:40,723 | Updated running statistics with Epoch [13] features!
2026-04-26 01:44:51,622 | Val: [ 0/25]	Time 10.898 (10.898)	Loss (MSE) 296.986 (296.986)	Loss (L1) 15.665 (15.665)
2026-04-26 01:44:52,456 | Val: [10/25]	Time  0.084 ( 1.067)	Loss (MSE) 55.798 (114.127)	Loss (L1) 6.288 (8.778)
2026-04-26 01:44:53,289 | Val: [20/25]	Time  0.083 ( 0.598)	Loss (MSE) 399.662 (139.297)	Loss (L1) 18.832 (9.679)
2026-04-26 01:44:53,863 |  * Overall: MSE 224.973	L1 12.065	G-Mean 8.007
2026-04-26 01:44:53,864 |  * Many: MSE 119.382	L1 8.913	G-Mean 6.077
2026-04-26 01:44:53,864 |  * Median: MSE 339.343	L1 16.306	G-Mean 12.444
2026-04-26 01:44:53,864 |  * Low: MSE 912.978	L1 29.604	G-Mean 28.851
2026-04-26 01:44:53,864 | Best L1 Loss: 10.897
2026-04-26 01:44:54,094 | Epoch #13: Train loss [5.9267]; Val loss: MSE [224.9734], L1 [12.0652], G-Mean [8.0075]
2026-04-26 01:45:08,438 | Epoch: [14][  0/254]	Time  14.34 ( 14.34)	Data 14.1825 (14.1825)	Loss (L1) 5.046 (5.046)
2026-04-26 01:45:11,505 | Epoch: [14][ 10/254]	Time   0.35 (  1.58)	Data 0.0004 (1.2941)	Loss (L1) 6.151 (5.916)
2026-04-26 01:45:14,632 | Epoch: [14][ 20/254]	Time   0.33 (  0.98)	Data 0.0003 (0.6780)	Loss (L1) 7.368 (5.934)
2026-04-26 01:45:17,771 | Epoch: [14][ 30/254]	Time   0.29 (  0.76)	Data 0.0002 (0.4598)	Loss (L1) 6.242 (6.027)
2026-04-26 01:45:21,035 | Epoch: [14][ 40/254]	Time   0.32 (  0.66)	Data 0.0003 (0.3483)	Loss (L1) 6.551 (5.982)
2026-04-26 01:45:24,197 | Epoch: [14][ 50/254]	Time   0.33 (  0.59)	Data 0.0002 (0.2801)	Loss (L1) 6.379 (6.013)
2026-04-26 01:45:27,249 | Epoch: [14][ 60/254]	Time   0.31 (  0.54)	Data 0.0002 (0.2342)	Loss (L1) 5.894 (6.007)
2026-04-26 01:45:30,549 | Epoch: [14][ 70/254]	Time   0.38 (  0.51)	Data 0.0003 (0.2013)	Loss (L1) 5.443 (5.958)
2026-04-26 01:45:33,709 | Epoch: [14][ 80/254]	Time   0.36 (  0.49)	Data 0.0003 (0.1765)	Loss (L1) 5.800 (5.947)
2026-04-26 01:45:36,858 | Epoch: [14][ 90/254]	Time   0.34 (  0.47)	Data 0.0005 (0.1571)	Loss (L1) 5.843 (5.944)
2026-04-26 01:45:39,953 | Epoch: [14][100/254]	Time   0.30 (  0.45)	Data 0.0003 (0.1416)	Loss (L1) 5.287 (5.910)
2026-04-26 01:45:43,146 | Epoch: [14][110/254]	Time   0.33 (  0.44)	Data 0.0004 (0.1289)	Loss (L1) 5.629 (5.879)
2026-04-26 01:45:46,286 | Epoch: [14][120/254]	Time   0.34 (  0.43)	Data 0.0003 (0.1182)	Loss (L1) 5.571 (5.868)
2026-04-26 01:45:49,436 | Epoch: [14][130/254]	Time   0.31 (  0.42)	Data 0.0056 (0.1093)	Loss (L1) 5.618 (5.871)
2026-04-26 01:45:52,501 | Epoch: [14][140/254]	Time   0.30 (  0.41)	Data 0.0002 (0.1019)	Loss (L1) 5.515 (5.872)
2026-04-26 01:45:55,685 | Epoch: [14][150/254]	Time   0.31 (  0.41)	Data 0.0006 (0.0952)	Loss (L1) 7.611 (5.882)
2026-04-26 01:45:58,829 | Epoch: [14][160/254]	Time   0.30 (  0.40)	Data 0.0013 (0.0893)	Loss (L1) 6.065 (5.887)
2026-04-26 01:46:02,006 | Epoch: [14][170/254]	Time   0.31 (  0.40)	Data 0.0003 (0.0841)	Loss (L1) 5.510 (5.867)
2026-04-26 01:46:05,144 | Epoch: [14][180/254]	Time   0.34 (  0.39)	Data 0.0005 (0.0796)	Loss (L1) 6.658 (5.865)
2026-04-26 01:46:08,435 | Epoch: [14][190/254]	Time   0.32 (  0.39)	Data 0.0001 (0.0756)	Loss (L1) 5.650 (5.856)
2026-04-26 01:46:11,503 | Epoch: [14][200/254]	Time   0.30 (  0.39)	Data 0.0001 (0.0719)	Loss (L1) 4.994 (5.838)
2026-04-26 01:46:14,492 | Epoch: [14][210/254]	Time   0.30 (  0.38)	Data 0.0001 (0.0685)	Loss (L1) 6.421 (5.822)
2026-04-26 01:46:17,437 | Epoch: [14][220/254]	Time   0.29 (  0.38)	Data 0.0001 (0.0654)	Loss (L1) 5.280 (5.821)
2026-04-26 01:46:20,370 | Epoch: [14][230/254]	Time   0.29 (  0.37)	Data 0.0001 (0.0626)	Loss (L1) 4.989 (5.811)
2026-04-26 01:46:23,301 | Epoch: [14][240/254]	Time   0.29 (  0.37)	Data 0.0001 (0.0600)	Loss (L1) 5.492 (5.804)
2026-04-26 01:46:26,235 | Epoch: [14][250/254]	Time   0.29 (  0.37)	Data 0.0000 (0.0576)	Loss (L1) 5.014 (5.792)
2026-04-26 01:46:27,351 | Create Epoch [14] features of all training data...
2026-04-26 01:47:45,426 | Updated smoothed statistics on Epoch [14]!
2026-04-26 01:47:45,457 | Updated running statistics with Epoch [14] features!
2026-04-26 01:47:51,065 | Val: [ 0/25]	Time  5.606 ( 5.606)	Loss (MSE) 293.324 (293.324)	Loss (L1) 15.816 (15.816)
2026-04-26 01:47:57,042 | Val: [10/25]	Time  0.084 ( 1.053)	Loss (MSE) 60.487 (124.650)	Loss (L1) 6.176 (9.249)
2026-04-26 01:47:57,879 | Val: [20/25]	Time  0.085 ( 0.591)	Loss (MSE) 346.967 (135.968)	Loss (L1) 17.524 (9.686)
2026-04-26 01:47:58,446 |  * Overall: MSE 205.471	L1 11.765	G-Mean 8.103
2026-04-26 01:47:58,447 |  * Many: MSE 115.064	L1 8.825	G-Mean 6.136
2026-04-26 01:47:58,447 |  * Median: MSE 312.687	L1 15.993	G-Mean 12.996
2026-04-26 01:47:58,447 |  * Low: MSE 760.831	L1 27.135	G-Mean 26.620
2026-04-26 01:47:58,447 | Best L1 Loss: 10.897
2026-04-26 01:47:58,811 | Epoch #14: Train loss [5.7945]; Val loss: MSE [205.4713], L1 [11.7651], G-Mean [8.1026]
2026-04-26 01:48:12,808 | Epoch: [15][  0/254]	Time  14.00 ( 14.00)	Data 13.8316 (13.8316)	Loss (L1) 5.920 (5.920)
2026-04-26 01:48:15,861 | Epoch: [15][ 10/254]	Time   0.31 (  1.55)	Data 0.0003 (1.2578)	Loss (L1) 6.819 (5.775)
2026-04-26 01:48:18,843 | Epoch: [15][ 20/254]	Time   0.30 (  0.95)	Data 0.0003 (0.6590)	Loss (L1) 5.239 (5.683)
2026-04-26 01:48:22,097 | Epoch: [15][ 30/254]	Time   0.32 (  0.75)	Data 0.0002 (0.4466)	Loss (L1) 6.454 (5.797)
2026-04-26 01:48:25,322 | Epoch: [15][ 40/254]	Time   0.30 (  0.65)	Data 0.0002 (0.3377)	Loss (L1) 6.803 (5.728)
2026-04-26 01:48:28,379 | Epoch: [15][ 50/254]	Time   0.31 (  0.58)	Data 0.0008 (0.2719)	Loss (L1) 5.181 (5.710)
2026-04-26 01:48:31,480 | Epoch: [15][ 60/254]	Time   0.31 (  0.54)	Data 0.0005 (0.2276)	Loss (L1) 6.008 (5.687)
2026-04-26 01:48:34,526 | Epoch: [15][ 70/254]	Time   0.30 (  0.50)	Data 0.0058 (0.1957)	Loss (L1) 6.227 (5.678)
2026-04-26 01:48:37,651 | Epoch: [15][ 80/254]	Time   0.30 (  0.48)	Data 0.0003 (0.1716)	Loss (L1) 5.850 (5.715)
2026-04-26 01:48:40,752 | Epoch: [15][ 90/254]	Time   0.32 (  0.46)	Data 0.0002 (0.1528)	Loss (L1) 5.626 (5.690)
2026-04-26 01:48:43,756 | Epoch: [15][100/254]	Time   0.30 (  0.44)	Data 0.0003 (0.1377)	Loss (L1) 6.224 (5.678)
2026-04-26 01:48:46,945 | Epoch: [15][110/254]	Time   0.30 (  0.43)	Data 0.0003 (0.1253)	Loss (L1) 5.465 (5.672)
2026-04-26 01:48:49,996 | Epoch: [15][120/254]	Time   0.28 (  0.42)	Data 0.0003 (0.1150)	Loss (L1) 5.185 (5.662)
2026-04-26 01:48:53,095 | Epoch: [15][130/254]	Time   0.30 (  0.41)	Data 0.0003 (0.1063)	Loss (L1) 6.562 (5.680)
2026-04-26 01:48:56,308 | Epoch: [15][140/254]	Time   0.29 (  0.41)	Data 0.0002 (0.0989)	Loss (L1) 5.067 (5.697)
2026-04-26 01:48:59,484 | Epoch: [15][150/254]	Time   0.34 (  0.40)	Data 0.0003 (0.0924)	Loss (L1) 5.568 (5.690)
2026-04-26 01:49:02,524 | Epoch: [15][160/254]	Time   0.32 (  0.40)	Data 0.0003 (0.0868)	Loss (L1) 4.954 (5.671)
2026-04-26 01:49:05,572 | Epoch: [15][170/254]	Time   0.32 (  0.39)	Data 0.0002 (0.0817)	Loss (L1) 7.278 (5.698)
2026-04-26 01:49:08,575 | Epoch: [15][180/254]	Time   0.29 (  0.39)	Data 0.0002 (0.0772)	Loss (L1) 5.224 (5.688)
2026-04-26 01:49:11,636 | Epoch: [15][190/254]	Time   0.32 (  0.38)	Data 0.0002 (0.0734)	Loss (L1) 5.685 (5.693)
2026-04-26 01:49:14,640 | Epoch: [15][200/254]	Time   0.29 (  0.38)	Data 0.0002 (0.0698)	Loss (L1) 7.238 (5.694)
2026-04-26 01:49:17,579 | Epoch: [15][210/254]	Time   0.29 (  0.37)	Data 0.0001 (0.0665)	Loss (L1) 5.876 (5.692)
2026-04-26 01:49:20,524 | Epoch: [15][220/254]	Time   0.29 (  0.37)	Data 0.0001 (0.0635)	Loss (L1) 5.869 (5.681)
2026-04-26 01:49:23,464 | Epoch: [15][230/254]	Time   0.29 (  0.37)	Data 0.0000 (0.0607)	Loss (L1) 4.851 (5.670)
2026-04-26 01:49:26,400 | Epoch: [15][240/254]	Time   0.29 (  0.36)	Data 0.0001 (0.0582)	Loss (L1) 5.786 (5.671)
2026-04-26 01:49:29,332 | Epoch: [15][250/254]	Time   0.29 (  0.36)	Data 0.0001 (0.0559)	Loss (L1) 4.322 (5.655)
2026-04-26 01:49:30,458 | Create Epoch [15] features of all training data...
2026-04-26 01:50:48,794 | Updated smoothed statistics on Epoch [15]!
2026-04-26 01:50:48,823 | Updated running statistics with Epoch [15] features!
2026-04-26 01:50:56,610 | Val: [ 0/25]	Time  7.785 ( 7.785)	Loss (MSE) 331.805 (331.805)	Loss (L1) 16.910 (16.910)
2026-04-26 01:51:00,078 | Val: [10/25]	Time  0.084 ( 1.023)	Loss (MSE) 53.015 (118.191)	Loss (L1) 5.544 (8.908)
2026-04-26 01:51:00,917 | Val: [20/25]	Time  0.083 ( 0.576)	Loss (MSE) 300.604 (122.951)	Loss (L1) 16.335 (9.221)
2026-04-26 01:51:01,502 |  * Overall: MSE 189.218	L1 11.258	G-Mean 7.697
2026-04-26 01:51:01,502 |  * Many: MSE 101.244	L1 8.318	G-Mean 5.752
2026-04-26 01:51:01,502 |  * Median: MSE 288.665	L1 15.404	G-Mean 12.670
2026-04-26 01:51:01,502 |  * Low: MSE 747.356	L1 26.927	G-Mean 26.462
2026-04-26 01:51:01,503 | Best L1 Loss: 10.897
2026-04-26 01:51:01,745 | Epoch #15: Train loss [5.6537]; Val loss: MSE [189.2184], L1 [11.2580], G-Mean [7.6972]
2026-04-26 01:51:07,294 | Epoch: [16][  0/254]	Time   5.55 (  5.55)	Data 5.3875 (5.3875)	Loss (L1) 4.620 (4.620)
2026-04-26 01:51:17,188 | Epoch: [16][ 10/254]	Time   0.30 (  1.40)	Data 0.0002 (1.1273)	Loss (L1) 5.395 (5.278)
2026-04-26 01:51:20,165 | Epoch: [16][ 20/254]	Time   0.30 (  0.88)	Data 0.0002 (0.5906)	Loss (L1) 4.936 (5.426)
2026-04-26 01:51:23,140 | Epoch: [16][ 30/254]	Time   0.30 (  0.69)	Data 0.0002 (0.4002)	Loss (L1) 4.694 (5.415)
2026-04-26 01:51:26,653 | Epoch: [16][ 40/254]	Time   0.29 (  0.61)	Data 0.0002 (0.3191)	Loss (L1) 4.950 (5.347)
2026-04-26 01:51:29,815 | Epoch: [16][ 50/254]	Time   0.30 (  0.55)	Data 0.0003 (0.2566)	Loss (L1) 5.869 (5.400)
2026-04-26 01:51:32,868 | Epoch: [16][ 60/254]	Time   0.35 (  0.51)	Data 0.0003 (0.2146)	Loss (L1) 5.643 (5.455)
2026-04-26 01:51:36,190 | Epoch: [16][ 70/254]	Time   0.30 (  0.49)	Data 0.0002 (0.1908)	Loss (L1) 5.984 (5.496)
2026-04-26 01:51:39,204 | Epoch: [16][ 80/254]	Time   0.30 (  0.46)	Data 0.0002 (0.1673)	Loss (L1) 5.479 (5.493)
2026-04-26 01:51:42,243 | Epoch: [16][ 90/254]	Time   0.30 (  0.45)	Data 0.0002 (0.1489)	Loss (L1) 5.033 (5.465)
2026-04-26 01:51:45,305 | Epoch: [16][100/254]	Time   0.31 (  0.43)	Data 0.0002 (0.1342)	Loss (L1) 5.376 (5.490)
2026-04-26 01:51:48,320 | Epoch: [16][110/254]	Time   0.30 (  0.42)	Data 0.0002 (0.1222)	Loss (L1) 5.675 (5.536)
2026-04-26 01:51:51,369 | Epoch: [16][120/254]	Time   0.33 (  0.41)	Data 0.0003 (0.1121)	Loss (L1) 4.844 (5.563)
2026-04-26 01:51:54,372 | Epoch: [16][130/254]	Time   0.30 (  0.40)	Data 0.0002 (0.1036)	Loss (L1) 5.624 (5.554)
2026-04-26 01:51:57,411 | Epoch: [16][140/254]	Time   0.29 (  0.39)	Data 0.0002 (0.0963)	Loss (L1) 5.496 (5.564)
2026-04-26 01:52:00,413 | Epoch: [16][150/254]	Time   0.30 (  0.39)	Data 0.0002 (0.0899)	Loss (L1) 4.689 (5.561)
2026-04-26 01:52:03,472 | Epoch: [16][160/254]	Time   0.29 (  0.38)	Data 0.0002 (0.0844)	Loss (L1) 5.494 (5.594)
2026-04-26 01:52:06,513 | Epoch: [16][170/254]	Time   0.30 (  0.38)	Data 0.0002 (0.0795)	Loss (L1) 4.781 (5.592)
2026-04-26 01:52:09,546 | Epoch: [16][180/254]	Time   0.30 (  0.37)	Data 0.0002 (0.0751)	Loss (L1) 5.083 (5.590)
2026-04-26 01:52:12,614 | Epoch: [16][190/254]	Time   0.34 (  0.37)	Data 0.0001 (0.0713)	Loss (L1) 5.019 (5.574)
2026-04-26 01:52:15,606 | Epoch: [16][200/254]	Time   0.30 (  0.37)	Data 0.0001 (0.0678)	Loss (L1) 5.658 (5.580)
2026-04-26 01:52:18,601 | Epoch: [16][210/254]	Time   0.29 (  0.36)	Data 0.0001 (0.0646)	Loss (L1) 4.644 (5.583)
2026-04-26 01:52:21,559 | Epoch: [16][220/254]	Time   0.29 (  0.36)	Data 0.0001 (0.0617)	Loss (L1) 4.889 (5.568)
2026-04-26 01:52:24,518 | Epoch: [16][230/254]	Time   0.30 (  0.36)	Data 0.0001 (0.0590)	Loss (L1) 5.028 (5.571)
2026-04-26 01:52:27,483 | Epoch: [16][240/254]	Time   0.30 (  0.36)	Data 0.0001 (0.0566)	Loss (L1) 5.316 (5.562)
2026-04-26 01:52:30,433 | Epoch: [16][250/254]	Time   0.29 (  0.35)	Data 0.0001 (0.0543)	Loss (L1) 4.718 (5.541)
2026-04-26 01:52:31,565 | Create Epoch [16] features of all training data...
2026-04-26 01:53:50,239 | Updated smoothed statistics on Epoch [16]!
2026-04-26 01:53:50,268 | Updated running statistics with Epoch [16] features!
2026-04-26 01:53:58,992 | Val: [ 0/25]	Time  8.722 ( 8.722)	Loss (MSE) 313.465 (313.465)	Loss (L1) 16.076 (16.076)
2026-04-26 01:54:01,000 | Val: [10/25]	Time  0.086 ( 0.975)	Loss (MSE) 88.129 (140.032)	Loss (L1) 7.679 (9.753)
2026-04-26 01:54:01,861 | Val: [20/25]	Time  0.084 ( 0.552)	Loss (MSE) 312.318 (141.836)	Loss (L1) 16.330 (9.943)
2026-04-26 01:54:02,422 |  * Overall: MSE 206.997	L1 11.870	G-Mean 8.291
2026-04-26 01:54:02,422 |  * Many: MSE 124.966	L1 9.298	G-Mean 6.549
2026-04-26 01:54:02,422 |  * Median: MSE 293.239	L1 15.172	G-Mean 11.920
2026-04-26 01:54:02,422 |  * Low: MSE 750.962	L1 26.761	G-Mean 26.059
2026-04-26 01:54:02,423 | Best L1 Loss: 10.897
2026-04-26 01:54:02,651 | Epoch #16: Train loss [5.5402]; Val loss: MSE [206.9973], L1 [11.8703], G-Mean [8.2906]
2026-04-26 01:54:15,387 | Epoch: [17][  0/254]	Time  12.73 ( 12.73)	Data 12.2903 (12.2903)	Loss (L1) 5.616 (5.616)
2026-04-26 01:54:19,194 | Epoch: [17][ 10/254]	Time   0.31 (  1.50)	Data 0.0004 (1.1994)	Loss (L1) 6.389 (5.576)
2026-04-26 01:54:22,427 | Epoch: [17][ 20/254]	Time   0.31 (  0.94)	Data 0.0002 (0.6284)	Loss (L1) 6.180 (5.781)
2026-04-26 01:54:25,901 | Epoch: [17][ 30/254]	Time   0.33 (  0.75)	Data 0.0002 (0.4262)	Loss (L1) 4.905 (5.666)
2026-04-26 01:54:29,055 | Epoch: [17][ 40/254]	Time   0.31 (  0.64)	Data 0.0006 (0.3223)	Loss (L1) 5.186 (5.665)
2026-04-26 01:54:32,242 | Epoch: [17][ 50/254]	Time   0.35 (  0.58)	Data 0.0003 (0.2595)	Loss (L1) 5.995 (5.660)
2026-04-26 01:54:35,273 | Epoch: [17][ 60/254]	Time   0.32 (  0.53)	Data 0.0002 (0.2170)	Loss (L1) 5.697 (5.613)
2026-04-26 01:54:38,339 | Epoch: [17][ 70/254]	Time   0.31 (  0.50)	Data 0.0002 (0.1865)	Loss (L1) 5.247 (5.598)
2026-04-26 01:54:41,381 | Epoch: [17][ 80/254]	Time   0.31 (  0.48)	Data 0.0002 (0.1635)	Loss (L1) 5.768 (5.583)
2026-04-26 01:54:44,507 | Epoch: [17][ 90/254]	Time   0.30 (  0.46)	Data 0.0002 (0.1455)	Loss (L1) 5.533 (5.564)
2026-04-26 01:54:47,609 | Epoch: [17][100/254]	Time   0.30 (  0.45)	Data 0.0002 (0.1312)	Loss (L1) 4.787 (5.522)
2026-04-26 01:54:50,666 | Epoch: [17][110/254]	Time   0.31 (  0.43)	Data 0.0002 (0.1194)	Loss (L1) 5.706 (5.529)
2026-04-26 01:54:53,825 | Epoch: [17][120/254]	Time   0.31 (  0.42)	Data 0.0002 (0.1096)	Loss (L1) 6.143 (5.541)
2026-04-26 01:54:56,897 | Epoch: [17][130/254]	Time   0.31 (  0.41)	Data 0.0003 (0.1013)	Loss (L1) 5.458 (5.529)
2026-04-26 01:54:59,999 | Epoch: [17][140/254]	Time   0.34 (  0.41)	Data 0.0002 (0.0941)	Loss (L1) 5.279 (5.517)
2026-04-26 01:55:03,124 | Epoch: [17][150/254]	Time   0.30 (  0.40)	Data 0.0001 (0.0879)	Loss (L1) 4.922 (5.510)
2026-04-26 01:55:06,298 | Epoch: [17][160/254]	Time   0.31 (  0.40)	Data 0.0003 (0.0825)	Loss (L1) 4.603 (5.503)
2026-04-26 01:55:09,457 | Epoch: [17][170/254]	Time   0.30 (  0.39)	Data 0.0002 (0.0776)	Loss (L1) 5.084 (5.492)
2026-04-26 01:55:12,548 | Epoch: [17][180/254]	Time   0.31 (  0.39)	Data 0.0002 (0.0734)	Loss (L1) 5.257 (5.495)
2026-04-26 01:55:15,855 | Epoch: [17][190/254]	Time   0.32 (  0.38)	Data 0.0001 (0.0696)	Loss (L1) 5.095 (5.500)
2026-04-26 01:55:18,929 | Epoch: [17][200/254]	Time   0.30 (  0.38)	Data 0.0002 (0.0662)	Loss (L1) 5.881 (5.506)
2026-04-26 01:55:21,901 | Epoch: [17][210/254]	Time   0.29 (  0.38)	Data 0.0001 (0.0631)	Loss (L1) 5.108 (5.514)
2026-04-26 01:55:24,829 | Epoch: [17][220/254]	Time   0.29 (  0.37)	Data 0.0001 (0.0602)	Loss (L1) 5.739 (5.513)
2026-04-26 01:55:27,756 | Epoch: [17][230/254]	Time   0.29 (  0.37)	Data 0.0001 (0.0576)	Loss (L1) 4.915 (5.506)
2026-04-26 01:55:30,692 | Epoch: [17][240/254]	Time   0.29 (  0.37)	Data 0.0001 (0.0552)	Loss (L1) 5.046 (5.517)
2026-04-26 01:55:33,629 | Epoch: [17][250/254]	Time   0.29 (  0.36)	Data 0.0001 (0.0530)	Loss (L1) 5.479 (5.516)
2026-04-26 01:55:34,755 | Create Epoch [17] features of all training data...
2026-04-26 01:56:53,641 | Updated smoothed statistics on Epoch [17]!
2026-04-26 01:56:53,669 | Updated running statistics with Epoch [17] features!
2026-04-26 01:57:04,291 | Val: [ 0/25]	Time 10.620 (10.620)	Loss (MSE) 301.981 (301.981)	Loss (L1) 15.616 (15.616)
2026-04-26 01:57:05,174 | Val: [10/25]	Time  0.084 ( 1.046)	Loss (MSE) 56.366 (125.531)	Loss (L1) 6.052 (9.386)
2026-04-26 01:57:06,013 | Val: [20/25]	Time  0.084 ( 0.588)	Loss (MSE) 300.967 (125.836)	Loss (L1) 16.307 (9.346)
2026-04-26 01:57:06,590 |  * Overall: MSE 196.244	L1 11.451	G-Mean 7.855
2026-04-26 01:57:06,591 |  * Many: MSE 104.836	L1 8.491	G-Mean 5.925
2026-04-26 01:57:06,591 |  * Median: MSE 294.302	L1 15.480	G-Mean 12.560
2026-04-26 01:57:06,591 |  * Low: MSE 795.290	L1 27.745	G-Mean 27.183
2026-04-26 01:57:06,592 | Best L1 Loss: 10.897
2026-04-26 01:57:06,829 | Epoch #17: Train loss [5.5099]; Val loss: MSE [196.2445], L1 [11.4507], G-Mean [7.8546]
2026-04-26 01:57:20,367 | Epoch: [18][  0/254]	Time  13.54 ( 13.54)	Data 13.3490 (13.3490)	Loss (L1) 5.339 (5.339)
2026-04-26 01:57:23,454 | Epoch: [18][ 10/254]	Time   0.30 (  1.51)	Data 0.0002 (1.2138)	Loss (L1) 5.924 (5.242)
2026-04-26 01:57:26,510 | Epoch: [18][ 20/254]	Time   0.31 (  0.94)	Data 0.0002 (0.6363)	Loss (L1) 6.454 (5.454)
2026-04-26 01:57:29,675 | Epoch: [18][ 30/254]	Time   0.31 (  0.74)	Data 0.0107 (0.4315)	Loss (L1) 5.134 (5.341)
2026-04-26 01:57:32,780 | Epoch: [18][ 40/254]	Time   0.30 (  0.63)	Data 0.0002 (0.3266)	Loss (L1) 5.267 (5.306)
2026-04-26 01:57:35,934 | Epoch: [18][ 50/254]	Time   0.29 (  0.57)	Data 0.0002 (0.2627)	Loss (L1) 4.631 (5.261)
2026-04-26 01:57:38,989 | Epoch: [18][ 60/254]	Time   0.30 (  0.53)	Data 0.0003 (0.2197)	Loss (L1) 7.512 (5.294)
2026-04-26 01:57:42,058 | Epoch: [18][ 70/254]	Time   0.30 (  0.50)	Data 0.0003 (0.1894)	Loss (L1) 4.818 (5.272)
2026-04-26 01:57:45,196 | Epoch: [18][ 80/254]	Time   0.33 (  0.47)	Data 0.0002 (0.1661)	Loss (L1) 6.247 (5.316)
2026-04-26 01:57:48,265 | Epoch: [18][ 90/254]	Time   0.33 (  0.46)	Data 0.0002 (0.1479)	Loss (L1) 4.941 (5.329)
2026-04-26 01:57:51,321 | Epoch: [18][100/254]	Time   0.30 (  0.44)	Data 0.0002 (0.1333)	Loss (L1) 5.266 (5.358)
2026-04-26 01:57:54,525 | Epoch: [18][110/254]	Time   0.37 (  0.43)	Data 0.0005 (0.1214)	Loss (L1) 5.459 (5.359)
2026-04-26 01:57:57,658 | Epoch: [18][120/254]	Time   0.33 (  0.42)	Data 0.0108 (0.1116)	Loss (L1) 5.220 (5.340)
2026-04-26 01:58:00,767 | Epoch: [18][130/254]	Time   0.30 (  0.41)	Data 0.0002 (0.1032)	Loss (L1) 5.421 (5.345)
2026-04-26 01:58:03,885 | Epoch: [18][140/254]	Time   0.33 (  0.40)	Data 0.0002 (0.0959)	Loss (L1) 5.055 (5.349)
2026-04-26 01:58:07,004 | Epoch: [18][150/254]	Time   0.30 (  0.40)	Data 0.0002 (0.0895)	Loss (L1) 5.127 (5.341)
2026-04-26 01:58:10,015 | Epoch: [18][160/254]	Time   0.30 (  0.39)	Data 0.0002 (0.0840)	Loss (L1) 5.042 (5.340)
2026-04-26 01:58:13,030 | Epoch: [18][170/254]	Time   0.31 (  0.39)	Data 0.0002 (0.0791)	Loss (L1) 5.091 (5.342)
2026-04-26 01:58:16,067 | Epoch: [18][180/254]	Time   0.31 (  0.38)	Data 0.0002 (0.0747)	Loss (L1) 5.068 (5.343)
2026-04-26 01:58:19,141 | Epoch: [18][190/254]	Time   0.30 (  0.38)	Data 0.0001 (0.0711)	Loss (L1) 5.296 (5.335)
2026-04-26 01:58:22,151 | Epoch: [18][200/254]	Time   0.30 (  0.37)	Data 0.0001 (0.0675)	Loss (L1) 5.453 (5.341)
2026-04-26 01:58:25,151 | Epoch: [18][210/254]	Time   0.29 (  0.37)	Data 0.0001 (0.0643)	Loss (L1) 4.741 (5.345)
2026-04-26 01:58:28,119 | Epoch: [18][220/254]	Time   0.30 (  0.37)	Data 0.0001 (0.0614)	Loss (L1) 4.744 (5.330)
2026-04-26 01:58:31,096 | Epoch: [18][230/254]	Time   0.30 (  0.36)	Data 0.0002 (0.0588)	Loss (L1) 4.686 (5.321)
2026-04-26 01:58:34,064 | Epoch: [18][240/254]	Time   0.30 (  0.36)	Data 0.0001 (0.0564)	Loss (L1) 5.282 (5.322)
2026-04-26 01:58:37,014 | Epoch: [18][250/254]	Time   0.30 (  0.36)	Data 0.0001 (0.0541)	Loss (L1) 7.272 (5.346)
2026-04-26 01:58:38,139 | Create Epoch [18] features of all training data...
2026-04-26 01:59:55,251 | Updated smoothed statistics on Epoch [18]!
2026-04-26 01:59:55,280 | Updated running statistics with Epoch [18] features!
2026-04-26 02:00:02,958 | Val: [ 0/25]	Time  7.676 ( 7.676)	Loss (MSE) 289.956 (289.956)	Loss (L1) 15.969 (15.969)
2026-04-26 02:00:06,833 | Val: [10/25]	Time  0.083 ( 1.050)	Loss (MSE) 68.748 (117.911)	Loss (L1) 6.625 (8.957)
2026-04-26 02:00:07,667 | Val: [20/25]	Time  0.083 ( 0.590)	Loss (MSE) 349.918 (136.253)	Loss (L1) 17.173 (9.605)
2026-04-26 02:00:08,255 |  * Overall: MSE 208.007	L1 11.706	G-Mean 7.885
2026-04-26 02:00:08,256 |  * Many: MSE 117.930	L1 8.819	G-Mean 5.968
2026-04-26 02:00:08,256 |  * Median: MSE 308.788	L1 15.693	G-Mean 12.556
2026-04-26 02:00:08,256 |  * Low: MSE 783.259	L1 27.402	G-Mean 26.757
2026-04-26 02:00:08,256 | Best L1 Loss: 10.897
2026-04-26 02:00:08,492 | Epoch #18: Train loss [5.3517]; Val loss: MSE [208.0069], L1 [11.7064], G-Mean [7.8846]
2026-04-26 02:00:21,729 | Epoch: [19][  0/254]	Time  13.24 ( 13.24)	Data 12.9252 (12.9252)	Loss (L1) 5.199 (5.199)
2026-04-26 02:00:24,905 | Epoch: [19][ 10/254]	Time   0.30 (  1.49)	Data 0.0002 (1.1753)	Loss (L1) 4.814 (5.387)
2026-04-26 02:00:28,108 | Epoch: [19][ 20/254]	Time   0.31 (  0.93)	Data 0.0002 (0.6158)	Loss (L1) 4.971 (5.350)
2026-04-26 02:00:31,224 | Epoch: [19][ 30/254]	Time   0.30 (  0.73)	Data 0.0005 (0.4172)	Loss (L1) 4.906 (5.308)
2026-04-26 02:00:34,494 | Epoch: [19][ 40/254]	Time   0.35 (  0.63)	Data 0.0003 (0.3156)	Loss (L1) 5.337 (5.288)
2026-04-26 02:00:37,702 | Epoch: [19][ 50/254]	Time   0.34 (  0.57)	Data 0.0004 (0.2538)	Loss (L1) 5.357 (5.314)
2026-04-26 02:00:40,817 | Epoch: [19][ 60/254]	Time   0.31 (  0.53)	Data 0.0004 (0.2122)	Loss (L1) 4.932 (5.287)
2026-04-26 02:00:44,284 | Epoch: [19][ 70/254]	Time   0.30 (  0.50)	Data 0.0004 (0.1908)	Loss (L1) 5.243 (5.321)
2026-04-26 02:00:47,313 | Epoch: [19][ 80/254]	Time   0.30 (  0.48)	Data 0.0004 (0.1673)	Loss (L1) 5.668 (5.340)
2026-04-26 02:00:50,444 | Epoch: [19][ 90/254]	Time   0.31 (  0.46)	Data 0.0003 (0.1490)	Loss (L1) 6.915 (5.378)
2026-04-26 02:00:53,600 | Epoch: [19][100/254]	Time   0.30 (  0.45)	Data 0.0003 (0.1343)	Loss (L1) 5.497 (5.385)
2026-04-26 02:00:56,719 | Epoch: [19][110/254]	Time   0.31 (  0.43)	Data 0.0003 (0.1222)	Loss (L1) 5.142 (5.378)
2026-04-26 02:00:59,857 | Epoch: [19][120/254]	Time   0.31 (  0.42)	Data 0.0003 (0.1122)	Loss (L1) 6.134 (5.368)
2026-04-26 02:01:02,989 | Epoch: [19][130/254]	Time   0.34 (  0.42)	Data 0.0003 (0.1036)	Loss (L1) 5.268 (5.369)
2026-04-26 02:01:06,056 | Epoch: [19][140/254]	Time   0.31 (  0.41)	Data 0.0004 (0.0963)	Loss (L1) 5.343 (5.351)
2026-04-26 02:01:09,221 | Epoch: [19][150/254]	Time   0.30 (  0.40)	Data 0.0002 (0.0900)	Loss (L1) 5.798 (5.321)
2026-04-26 02:01:12,346 | Epoch: [19][160/254]	Time   0.29 (  0.40)	Data 0.0005 (0.0845)	Loss (L1) 5.589 (5.321)
2026-04-26 02:01:15,432 | Epoch: [19][170/254]	Time   0.31 (  0.39)	Data 0.0002 (0.0796)	Loss (L1) 5.483 (5.338)
2026-04-26 02:01:18,567 | Epoch: [19][180/254]	Time   0.33 (  0.39)	Data 0.0012 (0.0753)	Loss (L1) 5.084 (5.338)
2026-04-26 02:01:21,712 | Epoch: [19][190/254]	Time   0.33 (  0.38)	Data 0.0001 (0.0716)	Loss (L1) 5.246 (5.319)
2026-04-26 02:01:24,709 | Epoch: [19][200/254]	Time   0.31 (  0.38)	Data 0.0001 (0.0680)	Loss (L1) 6.702 (5.326)
2026-04-26 02:01:27,690 | Epoch: [19][210/254]	Time   0.30 (  0.38)	Data 0.0002 (0.0648)	Loss (L1) 5.501 (5.327)
2026-04-26 02:01:30,656 | Epoch: [19][220/254]	Time   0.29 (  0.37)	Data 0.0001 (0.0619)	Loss (L1) 5.136 (5.318)
2026-04-26 02:01:33,622 | Epoch: [19][230/254]	Time   0.30 (  0.37)	Data 0.0001 (0.0592)	Loss (L1) 5.084 (5.315)
2026-04-26 02:01:36,580 | Epoch: [19][240/254]	Time   0.29 (  0.37)	Data 0.0001 (0.0568)	Loss (L1) 6.279 (5.318)
2026-04-26 02:01:39,521 | Epoch: [19][250/254]	Time   0.30 (  0.36)	Data 0.0001 (0.0545)	Loss (L1) 5.646 (5.320)
2026-04-26 02:01:40,658 | Create Epoch [19] features of all training data...
2026-04-26 02:02:58,397 | Updated smoothed statistics on Epoch [19]!
2026-04-26 02:02:58,426 | Updated running statistics with Epoch [19] features!
2026-04-26 02:03:06,187 | Val: [ 0/25]	Time  7.760 ( 7.760)	Loss (MSE) 293.855 (293.855)	Loss (L1) 16.135 (16.135)
2026-04-26 02:03:09,970 | Val: [10/25]	Time  0.084 ( 1.049)	Loss (MSE) 47.949 (114.443)	Loss (L1) 5.636 (8.930)
2026-04-26 02:03:10,804 | Val: [20/25]	Time  0.083 ( 0.589)	Loss (MSE) 345.442 (124.840)	Loss (L1) 17.701 (9.271)
2026-04-26 02:03:11,382 |  * Overall: MSE 199.539	L1 11.500	G-Mean 7.816
2026-04-26 02:03:11,383 |  * Many: MSE 103.490	L1 8.358	G-Mean 5.752
2026-04-26 02:03:11,383 |  * Median: MSE 312.990	L1 16.062	G-Mean 13.380
2026-04-26 02:03:11,383 |  * Low: MSE 791.207	L1 27.765	G-Mean 27.354
2026-04-26 02:03:11,383 | Best L1 Loss: 10.897
2026-04-26 02:03:11,618 | Epoch #19: Train loss [5.3193]; Val loss: MSE [199.5389], L1 [11.5000], G-Mean [7.8163]
2026-04-26 02:03:25,875 | Epoch: [20][  0/254]	Time  14.25 ( 14.25)	Data 14.0784 (14.0784)	Loss (L1) 4.913 (4.913)
2026-04-26 02:03:28,857 | Epoch: [20][ 10/254]	Time   0.30 (  1.57)	Data 0.0002 (1.2801)	Loss (L1) 5.108 (5.274)
2026-04-26 02:03:31,935 | Epoch: [20][ 20/254]	Time   0.34 (  0.97)	Data 0.0004 (0.6707)	Loss (L1) 5.008 (5.230)
2026-04-26 02:03:35,157 | Epoch: [20][ 30/254]	Time   0.32 (  0.76)	Data 0.0004 (0.4545)	Loss (L1) 4.559 (5.097)
2026-04-26 02:03:38,449 | Epoch: [20][ 40/254]	Time   0.30 (  0.65)	Data 0.0002 (0.3441)	Loss (L1) 4.781 (5.133)
2026-04-26 02:03:41,653 | Epoch: [20][ 50/254]	Time   0.37 (  0.59)	Data 0.0125 (0.2775)	Loss (L1) 5.135 (5.162)
2026-04-26 02:03:44,805 | Epoch: [20][ 60/254]	Time   0.30 (  0.54)	Data 0.0002 (0.2324)	Loss (L1) 4.965 (5.141)
2026-04-26 02:03:47,831 | Epoch: [20][ 70/254]	Time   0.28 (  0.51)	Data 0.0005 (0.1997)	Loss (L1) 5.142 (5.173)
2026-04-26 02:03:51,174 | Epoch: [20][ 80/254]	Time   0.32 (  0.49)	Data 0.0003 (0.1752)	Loss (L1) 5.019 (5.173)
2026-04-26 02:03:54,402 | Epoch: [20][ 90/254]	Time   0.32 (  0.47)	Data 0.0002 (0.1562)	Loss (L1) 4.620 (5.147)
2026-04-26 02:03:57,441 | Epoch: [20][100/254]	Time   0.30 (  0.45)	Data 0.0002 (0.1408)	Loss (L1) 5.150 (5.156)
2026-04-26 02:04:00,548 | Epoch: [20][110/254]	Time   0.29 (  0.44)	Data 0.0002 (0.1281)	Loss (L1) 4.730 (5.125)
2026-04-26 02:04:03,557 | Epoch: [20][120/254]	Time   0.30 (  0.43)	Data 0.0002 (0.1175)	Loss (L1) 4.906 (5.112)
2026-04-26 02:04:06,724 | Epoch: [20][130/254]	Time   0.33 (  0.42)	Data 0.0001 (0.1086)	Loss (L1) 5.124 (5.146)
2026-04-26 02:04:09,732 | Epoch: [20][140/254]	Time   0.30 (  0.41)	Data 0.0003 (0.1009)	Loss (L1) 5.117 (5.166)
2026-04-26 02:04:12,753 | Epoch: [20][150/254]	Time   0.29 (  0.40)	Data 0.0002 (0.0942)	Loss (L1) 5.139 (5.165)
2026-04-26 02:04:15,985 | Epoch: [20][160/254]	Time   0.31 (  0.40)	Data 0.0002 (0.0884)	Loss (L1) 5.267 (5.165)
2026-04-26 02:04:18,998 | Epoch: [20][170/254]	Time   0.32 (  0.39)	Data 0.0003 (0.0833)	Loss (L1) 6.108 (5.171)
2026-04-26 02:04:22,102 | Epoch: [20][180/254]	Time   0.30 (  0.39)	Data 0.0002 (0.0787)	Loss (L1) 5.088 (5.166)
2026-04-26 02:04:25,241 | Epoch: [20][190/254]	Time   0.31 (  0.39)	Data 0.0001 (0.0747)	Loss (L1) 5.196 (5.164)
2026-04-26 02:04:28,322 | Epoch: [20][200/254]	Time   0.30 (  0.38)	Data 0.0001 (0.0710)	Loss (L1) 5.909 (5.164)
2026-04-26 02:04:31,268 | Epoch: [20][210/254]	Time   0.29 (  0.38)	Data 0.0001 (0.0676)	Loss (L1) 4.162 (5.147)
2026-04-26 02:04:34,224 | Epoch: [20][220/254]	Time   0.29 (  0.37)	Data 0.0001 (0.0646)	Loss (L1) 4.812 (5.159)
2026-04-26 02:04:37,167 | Epoch: [20][230/254]	Time   0.30 (  0.37)	Data 0.0001 (0.0618)	Loss (L1) 6.441 (5.167)
2026-04-26 02:04:40,118 | Epoch: [20][240/254]	Time   0.29 (  0.37)	Data 0.0001 (0.0592)	Loss (L1) 5.126 (5.178)
2026-04-26 02:04:43,071 | Epoch: [20][250/254]	Time   0.30 (  0.36)	Data 0.0001 (0.0569)	Loss (L1) 5.837 (5.193)
2026-04-26 02:04:44,192 | Create Epoch [20] features of all training data...
2026-04-26 02:06:03,339 | Updated smoothed statistics on Epoch [20]!
2026-04-26 02:06:03,368 | Updated running statistics with Epoch [20] features!
2026-04-26 02:06:13,597 | Val: [ 0/25]	Time 10.227 (10.227)	Loss (MSE) 262.996 (262.996)	Loss (L1) 14.501 (14.501)
2026-04-26 02:06:14,439 | Val: [10/25]	Time  0.083 ( 1.006)	Loss (MSE) 62.561 (113.970)	Loss (L1) 6.582 (8.925)
2026-04-26 02:06:15,276 | Val: [20/25]	Time  0.083 ( 0.567)	Loss (MSE) 352.974 (131.008)	Loss (L1) 17.243 (9.424)
2026-04-26 02:06:15,839 |  * Overall: MSE 199.766	L1 11.466	G-Mean 7.717
2026-04-26 02:06:15,839 |  * Many: MSE 113.011	L1 8.686	G-Mean 5.922
2026-04-26 02:06:15,839 |  * Median: MSE 300.241	L1 15.320	G-Mean 11.882
2026-04-26 02:06:15,839 |  * Low: MSE 741.442	L1 26.518	G-Mean 25.642
2026-04-26 02:06:15,840 | Best L1 Loss: 10.897
2026-04-26 02:06:16,071 | Epoch #20: Train loss [5.1919]; Val loss: MSE [199.7665], L1 [11.4658], G-Mean [7.7174]
2026-04-26 02:06:27,223 | Epoch: [21][  0/254]	Time  11.15 ( 11.15)	Data 10.8532 (10.8532)	Loss (L1) 5.491 (5.491)
2026-04-26 02:06:31,985 | Epoch: [21][ 10/254]	Time   0.31 (  1.45)	Data 0.0003 (1.1412)	Loss (L1) 4.658 (5.119)
2026-04-26 02:06:35,018 | Epoch: [21][ 20/254]	Time   0.29 (  0.90)	Data 0.0004 (0.5981)	Loss (L1) 4.753 (5.152)
2026-04-26 02:06:38,104 | Epoch: [21][ 30/254]	Time   0.30 (  0.71)	Data 0.0003 (0.4054)	Loss (L1) 6.209 (5.165)
2026-04-26 02:06:41,384 | Epoch: [21][ 40/254]	Time   0.30 (  0.62)	Data 0.0003 (0.3133)	Loss (L1) 5.475 (5.153)
2026-04-26 02:06:44,484 | Epoch: [21][ 50/254]	Time   0.30 (  0.56)	Data 0.0004 (0.2522)	Loss (L1) 5.263 (5.124)
2026-04-26 02:06:47,623 | Epoch: [21][ 60/254]	Time   0.34 (  0.52)	Data 0.0003 (0.2109)	Loss (L1) 4.939 (5.177)
2026-04-26 02:06:50,758 | Epoch: [21][ 70/254]	Time   0.31 (  0.49)	Data 0.0003 (0.1813)	Loss (L1) 5.236 (5.171)
2026-04-26 02:06:53,803 | Epoch: [21][ 80/254]	Time   0.30 (  0.47)	Data 0.0002 (0.1589)	Loss (L1) 4.771 (5.148)
2026-04-26 02:06:56,875 | Epoch: [21][ 90/254]	Time   0.31 (  0.45)	Data 0.0003 (0.1415)	Loss (L1) 5.630 (5.121)
2026-04-26 02:07:00,040 | Epoch: [21][100/254]	Time   0.30 (  0.44)	Data 0.0004 (0.1275)	Loss (L1) 5.312 (5.133)
2026-04-26 02:07:03,131 | Epoch: [21][110/254]	Time   0.30 (  0.42)	Data 0.0003 (0.1161)	Loss (L1) 6.114 (5.147)
2026-04-26 02:07:06,167 | Epoch: [21][120/254]	Time   0.30 (  0.41)	Data 0.0003 (0.1065)	Loss (L1) 6.111 (5.148)
2026-04-26 02:07:09,253 | Epoch: [21][130/254]	Time   0.30 (  0.41)	Data 0.0002 (0.0984)	Loss (L1) 4.913 (5.142)
2026-04-26 02:07:12,345 | Epoch: [21][140/254]	Time   0.32 (  0.40)	Data 0.0003 (0.0915)	Loss (L1) 4.698 (5.163)
2026-04-26 02:07:15,384 | Epoch: [21][150/254]	Time   0.30 (  0.39)	Data 0.0002 (0.0854)	Loss (L1) 4.288 (5.161)
2026-04-26 02:07:18,452 | Epoch: [21][160/254]	Time   0.31 (  0.39)	Data 0.0002 (0.0801)	Loss (L1) 4.904 (5.156)
2026-04-26 02:07:21,506 | Epoch: [21][170/254]	Time   0.31 (  0.38)	Data 0.0003 (0.0755)	Loss (L1) 5.663 (5.164)
2026-04-26 02:07:24,566 | Epoch: [21][180/254]	Time   0.30 (  0.38)	Data 0.0002 (0.0713)	Loss (L1) 5.157 (5.157)
2026-04-26 02:07:27,724 | Epoch: [21][190/254]	Time   0.29 (  0.38)	Data 0.0002 (0.0678)	Loss (L1) 4.716 (5.164)
2026-04-26 02:07:30,723 | Epoch: [21][200/254]	Time   0.30 (  0.37)	Data 0.0001 (0.0645)	Loss (L1) 5.721 (5.163)
2026-04-26 02:07:33,744 | Epoch: [21][210/254]	Time   0.30 (  0.37)	Data 0.0001 (0.0614)	Loss (L1) 5.689 (5.161)
2026-04-26 02:07:36,719 | Epoch: [21][220/254]	Time   0.30 (  0.36)	Data 0.0001 (0.0586)	Loss (L1) 5.926 (5.165)
2026-04-26 02:07:39,697 | Epoch: [21][230/254]	Time   0.30 (  0.36)	Data 0.0002 (0.0561)	Loss (L1) 4.816 (5.184)
2026-04-26 02:07:42,671 | Epoch: [21][240/254]	Time   0.30 (  0.36)	Data 0.0001 (0.0538)	Loss (L1) 5.669 (5.188)
2026-04-26 02:07:45,635 | Epoch: [21][250/254]	Time   0.29 (  0.36)	Data 0.0001 (0.0517)	Loss (L1) 4.485 (5.181)
2026-04-26 02:07:46,767 | Create Epoch [21] features of all training data...
2026-04-26 02:09:06,228 | Updated smoothed statistics on Epoch [21]!
2026-04-26 02:09:06,257 | Updated running statistics with Epoch [21] features!
2026-04-26 02:09:16,928 | Val: [ 0/25]	Time 10.670 (10.670)	Loss (MSE) 249.549 (249.549)	Loss (L1) 14.442 (14.442)
2026-04-26 02:09:17,812 | Val: [10/25]	Time  0.083 ( 1.050)	Loss (MSE) 68.261 (102.488)	Loss (L1) 6.770 (8.306)
2026-04-26 02:09:18,647 | Val: [20/25]	Time  0.083 ( 0.590)	Loss (MSE) 428.789 (143.499)	Loss (L1) 19.381 (9.775)
2026-04-26 02:09:19,210 |  * Overall: MSE 230.370	L1 12.191	G-Mean 8.105
2026-04-26 02:09:19,210 |  * Many: MSE 130.845	L1 9.245	G-Mean 6.233
2026-04-26 02:09:19,211 |  * Median: MSE 335.587	L1 15.956	G-Mean 12.193
2026-04-26 02:09:19,211 |  * Low: MSE 888.225	L1 29.299	G-Mean 28.655
2026-04-26 02:09:19,211 | Best L1 Loss: 10.897
2026-04-26 02:09:19,450 | Epoch #21: Train loss [5.1808]; Val loss: MSE [230.3705], L1 [12.1911], G-Mean [8.1054]
2026-04-26 02:09:31,053 | Epoch: [22][  0/254]	Time  11.60 ( 11.60)	Data 11.4339 (11.4339)	Loss (L1) 4.848 (4.848)
2026-04-26 02:09:34,640 | Epoch: [22][ 10/254]	Time   0.46 (  1.38)	Data 0.0005 (1.0397)	Loss (L1) 5.398 (5.355)
2026-04-26 02:09:37,919 | Epoch: [22][ 20/254]	Time   0.31 (  0.88)	Data 0.0002 (0.5448)	Loss (L1) 4.783 (5.209)
2026-04-26 02:09:40,983 | Epoch: [22][ 30/254]	Time   0.30 (  0.69)	Data 0.0002 (0.3694)	Loss (L1) 5.157 (5.148)
2026-04-26 02:09:44,839 | Epoch: [22][ 40/254]	Time   0.32 (  0.62)	Data 0.0003 (0.2988)	Loss (L1) 3.831 (5.110)
2026-04-26 02:09:48,240 | Epoch: [22][ 50/254]	Time   0.37 (  0.56)	Data 0.0004 (0.2406)	Loss (L1) 5.332 (5.112)
2026-04-26 02:09:51,423 | Epoch: [22][ 60/254]	Time   0.32 (  0.52)	Data 0.0003 (0.2012)	Loss (L1) 4.890 (5.112)
2026-04-26 02:09:54,762 | Epoch: [22][ 70/254]	Time   0.38 (  0.50)	Data 0.0003 (0.1729)	Loss (L1) 4.975 (5.082)
2026-04-26 02:09:57,918 | Epoch: [22][ 80/254]	Time   0.28 (  0.47)	Data 0.0216 (0.1519)	Loss (L1) 5.104 (5.107)
2026-04-26 02:10:01,203 | Epoch: [22][ 90/254]	Time   0.31 (  0.46)	Data 0.0002 (0.1352)	Loss (L1) 4.566 (5.078)
2026-04-26 02:10:04,512 | Epoch: [22][100/254]	Time   0.30 (  0.45)	Data 0.0003 (0.1219)	Loss (L1) 5.791 (5.124)
2026-04-26 02:10:07,707 | Epoch: [22][110/254]	Time   0.31 (  0.43)	Data 0.0002 (0.1109)	Loss (L1) 5.345 (5.107)
2026-04-26 02:10:10,760 | Epoch: [22][120/254]	Time   0.29 (  0.42)	Data 0.0009 (0.1018)	Loss (L1) 5.576 (5.118)
2026-04-26 02:10:13,842 | Epoch: [22][130/254]	Time   0.31 (  0.42)	Data 0.0002 (0.0941)	Loss (L1) 5.776 (5.114)
2026-04-26 02:10:16,996 | Epoch: [22][140/254]	Time   0.32 (  0.41)	Data 0.0004 (0.0874)	Loss (L1) 6.016 (5.106)
2026-04-26 02:10:20,223 | Epoch: [22][150/254]	Time   0.31 (  0.40)	Data 0.0002 (0.0817)	Loss (L1) 4.769 (5.096)
2026-04-26 02:10:23,316 | Epoch: [22][160/254]	Time   0.31 (  0.40)	Data 0.0012 (0.0766)	Loss (L1) 4.484 (5.096)
2026-04-26 02:10:26,435 | Epoch: [22][170/254]	Time   0.30 (  0.39)	Data 0.0002 (0.0722)	Loss (L1) 4.440 (5.078)
2026-04-26 02:10:29,477 | Epoch: [22][180/254]	Time   0.28 (  0.39)	Data 0.0003 (0.0682)	Loss (L1) 4.147 (5.081)
2026-04-26 02:10:32,582 | Epoch: [22][190/254]	Time   0.32 (  0.38)	Data 0.0002 (0.0647)	Loss (L1) 4.346 (5.066)
2026-04-26 02:10:35,635 | Epoch: [22][200/254]	Time   0.31 (  0.38)	Data 0.0001 (0.0615)	Loss (L1) 4.713 (5.056)
2026-04-26 02:10:38,579 | Epoch: [22][210/254]	Time   0.29 (  0.38)	Data 0.0001 (0.0586)	Loss (L1) 4.901 (5.049)
2026-04-26 02:10:41,523 | Epoch: [22][220/254]	Time   0.29 (  0.37)	Data 0.0001 (0.0560)	Loss (L1) 5.182 (5.040)
2026-04-26 02:10:44,478 | Epoch: [22][230/254]	Time   0.30 (  0.37)	Data 0.0001 (0.0536)	Loss (L1) 5.589 (5.045)
2026-04-26 02:10:47,426 | Epoch: [22][240/254]	Time   0.29 (  0.37)	Data 0.0001 (0.0513)	Loss (L1) 4.635 (5.047)
2026-04-26 02:10:50,381 | Epoch: [22][250/254]	Time   0.30 (  0.36)	Data 0.0001 (0.0493)	Loss (L1) 4.974 (5.046)
2026-04-26 02:10:51,490 | Create Epoch [22] features of all training data...
2026-04-26 02:12:09,942 | Updated smoothed statistics on Epoch [22]!
2026-04-26 02:12:09,973 | Updated running statistics with Epoch [22] features!
2026-04-26 02:12:18,754 | Val: [ 0/25]	Time  8.779 ( 8.779)	Loss (MSE) 266.790 (266.790)	Loss (L1) 15.272 (15.272)
2026-04-26 02:12:20,572 | Val: [10/25]	Time  0.084 ( 0.963)	Loss (MSE) 57.676 (116.766)	Loss (L1) 5.988 (8.979)
2026-04-26 02:12:21,988 | Val: [20/25]	Time  0.083 ( 0.572)	Loss (MSE) 299.516 (123.483)	Loss (L1) 16.377 (9.247)
2026-04-26 02:12:22,568 |  * Overall: MSE 187.274	L1 11.239	G-Mean 7.743
2026-04-26 02:12:22,568 |  * Many: MSE 104.082	L1 8.394	G-Mean 5.835
2026-04-26 02:12:22,568 |  * Median: MSE 285.211	L1 15.355	G-Mean 12.590
2026-04-26 02:12:22,568 |  * Low: MSE 700.928	L1 26.026	G-Mean 25.536
2026-04-26 02:12:22,569 | Best L1 Loss: 10.897
2026-04-26 02:12:22,801 | Epoch #22: Train loss [5.0432]; Val loss: MSE [187.2740], L1 [11.2389], G-Mean [7.7434]
2026-04-26 02:12:30,004 | Epoch: [23][  0/254]	Time   7.20 (  7.20)	Data 7.0473 (7.0473)	Loss (L1) 5.865 (5.865)
2026-04-26 02:12:37,699 | Epoch: [23][ 10/254]	Time   0.30 (  1.35)	Data 0.0002 (1.0931)	Loss (L1) 5.558 (5.137)
2026-04-26 02:12:40,726 | Epoch: [23][ 20/254]	Time   0.33 (  0.85)	Data 0.0007 (0.5727)	Loss (L1) 5.172 (5.161)
2026-04-26 02:12:43,767 | Epoch: [23][ 30/254]	Time   0.33 (  0.68)	Data 0.0002 (0.3882)	Loss (L1) 5.784 (5.102)
2026-04-26 02:12:48,196 | Epoch: [23][ 40/254]	Time   0.30 (  0.62)	Data 0.0002 (0.3315)	Loss (L1) 5.041 (5.051)
2026-04-26 02:12:51,426 | Epoch: [23][ 50/254]	Time   0.31 (  0.56)	Data 0.0003 (0.2666)	Loss (L1) 5.117 (5.010)
2026-04-26 02:12:54,587 | Epoch: [23][ 60/254]	Time   0.34 (  0.52)	Data 0.0004 (0.2230)	Loss (L1) 5.258 (5.008)
2026-04-26 02:12:57,773 | Epoch: [23][ 70/254]	Time   0.28 (  0.49)	Data 0.0003 (0.1916)	Loss (L1) 4.531 (4.977)
2026-04-26 02:13:00,928 | Epoch: [23][ 80/254]	Time   0.30 (  0.47)	Data 0.0003 (0.1680)	Loss (L1) 4.315 (4.964)
2026-04-26 02:13:04,006 | Epoch: [23][ 90/254]	Time   0.31 (  0.45)	Data 0.0004 (0.1496)	Loss (L1) 5.750 (4.976)
2026-04-26 02:13:07,171 | Epoch: [23][100/254]	Time   0.34 (  0.44)	Data 0.0003 (0.1348)	Loss (L1) 5.807 (4.971)
2026-04-26 02:13:10,281 | Epoch: [23][110/254]	Time   0.37 (  0.43)	Data 0.0003 (0.1228)	Loss (L1) 5.081 (4.978)
2026-04-26 02:13:13,321 | Epoch: [23][120/254]	Time   0.29 (  0.42)	Data 0.0004 (0.1128)	Loss (L1) 4.330 (5.000)
2026-04-26 02:13:16,436 | Epoch: [23][130/254]	Time   0.31 (  0.41)	Data 0.0002 (0.1042)	Loss (L1) 5.313 (5.014)
2026-04-26 02:13:19,478 | Epoch: [23][140/254]	Time   0.31 (  0.40)	Data 0.0003 (0.0968)	Loss (L1) 5.115 (5.023)
2026-04-26 02:13:22,603 | Epoch: [23][150/254]	Time   0.32 (  0.40)	Data 0.0011 (0.0904)	Loss (L1) 4.482 (5.025)
2026-04-26 02:13:25,817 | Epoch: [23][160/254]	Time   0.30 (  0.39)	Data 0.0003 (0.0849)	Loss (L1) 4.294 (5.018)
2026-04-26 02:13:28,860 | Epoch: [23][170/254]	Time   0.31 (  0.39)	Data 0.0003 (0.0800)	Loss (L1) 5.447 (5.030)
2026-04-26 02:13:32,058 | Epoch: [23][180/254]	Time   0.36 (  0.38)	Data 0.0002 (0.0756)	Loss (L1) 4.920 (5.033)
2026-04-26 02:13:35,277 | Epoch: [23][190/254]	Time   0.33 (  0.38)	Data 0.0001 (0.0718)	Loss (L1) 4.905 (5.031)
2026-04-26 02:13:38,299 | Epoch: [23][200/254]	Time   0.29 (  0.38)	Data 0.0001 (0.0682)	Loss (L1) 4.637 (5.036)
2026-04-26 02:13:41,287 | Epoch: [23][210/254]	Time   0.30 (  0.37)	Data 0.0001 (0.0650)	Loss (L1) 4.766 (5.024)
2026-04-26 02:13:44,249 | Epoch: [23][220/254]	Time   0.29 (  0.37)	Data 0.0001 (0.0621)	Loss (L1) 4.969 (5.021)
2026-04-26 02:13:47,216 | Epoch: [23][230/254]	Time   0.30 (  0.37)	Data 0.0001 (0.0594)	Loss (L1) 4.025 (5.010)
2026-04-26 02:13:50,182 | Epoch: [23][240/254]	Time   0.30 (  0.36)	Data 0.0001 (0.0569)	Loss (L1) 5.373 (5.002)
2026-04-26 02:13:53,146 | Epoch: [23][250/254]	Time   0.30 (  0.36)	Data 0.0001 (0.0547)	Loss (L1) 4.569 (4.992)
2026-04-26 02:13:54,274 | Create Epoch [23] features of all training data...
2026-04-26 02:15:12,186 | Updated smoothed statistics on Epoch [23]!
2026-04-26 02:15:12,215 | Updated running statistics with Epoch [23] features!
2026-04-26 02:15:22,201 | Val: [ 0/25]	Time  9.984 ( 9.984)	Loss (MSE) 276.600 (276.600)	Loss (L1) 15.176 (15.176)
2026-04-26 02:15:23,922 | Val: [10/25]	Time  0.084 ( 1.064)	Loss (MSE) 46.652 (98.032)	Loss (L1) 5.624 (8.151)
2026-04-26 02:15:24,759 | Val: [20/25]	Time  0.084 ( 0.597)	Loss (MSE) 358.240 (122.453)	Loss (L1) 17.912 (9.006)
2026-04-26 02:15:25,333 |  * Overall: MSE 186.536	L1 11.042	G-Mean 7.339
2026-04-26 02:15:25,333 |  * Many: MSE 104.922	L1 8.257	G-Mean 5.553
2026-04-26 02:15:25,333 |  * Median: MSE 288.040	L1 15.098	G-Mean 11.705
2026-04-26 02:15:25,333 |  * Low: MSE 670.777	L1 25.418	G-Mean 24.860
2026-04-26 02:15:25,334 | Best L1 Loss: 10.897
2026-04-26 02:15:25,585 | Epoch #23: Train loss [4.9938]; Val loss: MSE [186.5361], L1 [11.0419], G-Mean [7.3393]
2026-04-26 02:15:38,705 | Epoch: [24][  0/254]	Time  13.12 ( 13.12)	Data 12.9460 (12.9460)	Loss (L1) 4.579 (4.579)
2026-04-26 02:15:41,738 | Epoch: [24][ 10/254]	Time   0.30 (  1.47)	Data 0.0003 (1.1772)	Loss (L1) 4.843 (5.055)
2026-04-26 02:15:44,708 | Epoch: [24][ 20/254]	Time   0.30 (  0.91)	Data 0.0002 (0.6167)	Loss (L1) 6.611 (5.072)
2026-04-26 02:15:47,721 | Epoch: [24][ 30/254]	Time   0.30 (  0.71)	Data 0.0003 (0.4179)	Loss (L1) 4.773 (5.053)
2026-04-26 02:15:51,097 | Epoch: [24][ 40/254]	Time   0.30 (  0.62)	Data 0.0002 (0.3294)	Loss (L1) 5.464 (5.057)
2026-04-26 02:15:54,100 | Epoch: [24][ 50/254]	Time   0.30 (  0.56)	Data 0.0003 (0.2649)	Loss (L1) 5.566 (5.098)
2026-04-26 02:15:57,101 | Epoch: [24][ 60/254]	Time   0.30 (  0.52)	Data 0.0002 (0.2215)	Loss (L1) 4.454 (5.062)
2026-04-26 02:16:01,056 | Epoch: [24][ 70/254]	Time   0.30 (  0.50)	Data 0.0002 (0.2057)	Loss (L1) 4.194 (5.022)
2026-04-26 02:16:04,048 | Epoch: [24][ 80/254]	Time   0.30 (  0.47)	Data 0.0002 (0.1804)	Loss (L1) 4.704 (4.994)
2026-04-26 02:16:07,040 | Epoch: [24][ 90/254]	Time   0.30 (  0.46)	Data 0.0004 (0.1606)	Loss (L1) 5.398 (4.976)
2026-04-26 02:16:10,083 | Epoch: [24][100/254]	Time   0.30 (  0.44)	Data 0.0002 (0.1447)	Loss (L1) 5.102 (4.973)
2026-04-26 02:16:13,100 | Epoch: [24][110/254]	Time   0.30 (  0.43)	Data 0.0002 (0.1317)	Loss (L1) 4.796 (4.982)
2026-04-26 02:16:16,097 | Epoch: [24][120/254]	Time   0.30 (  0.42)	Data 0.0002 (0.1208)	Loss (L1) 4.838 (4.984)
2026-04-26 02:16:19,267 | Epoch: [24][130/254]	Time   0.28 (  0.41)	Data 0.0002 (0.1137)	Loss (L1) 4.604 (4.968)
2026-04-26 02:16:22,267 | Epoch: [24][140/254]	Time   0.31 (  0.40)	Data 0.0003 (0.1057)	Loss (L1) 4.806 (4.961)
2026-04-26 02:16:25,304 | Epoch: [24][150/254]	Time   0.29 (  0.40)	Data 0.0002 (0.0987)	Loss (L1) 5.219 (4.973)
2026-04-26 02:16:28,429 | Epoch: [24][160/254]	Time   0.31 (  0.39)	Data 0.0003 (0.0926)	Loss (L1) 5.040 (4.954)
2026-04-26 02:16:31,485 | Epoch: [24][170/254]	Time   0.30 (  0.39)	Data 0.0002 (0.0873)	Loss (L1) 5.138 (4.951)
2026-04-26 02:16:34,545 | Epoch: [24][180/254]	Time   0.31 (  0.38)	Data 0.0002 (0.0824)	Loss (L1) 5.946 (4.974)
2026-04-26 02:16:37,596 | Epoch: [24][190/254]	Time   0.31 (  0.38)	Data 0.0001 (0.0784)	Loss (L1) 5.236 (4.971)
2026-04-26 02:16:40,585 | Epoch: [24][200/254]	Time   0.30 (  0.37)	Data 0.0001 (0.0745)	Loss (L1) 4.829 (4.962)
2026-04-26 02:16:43,556 | Epoch: [24][210/254]	Time   0.30 (  0.37)	Data 0.0001 (0.0710)	Loss (L1) 4.995 (4.958)
2026-04-26 02:16:46,525 | Epoch: [24][220/254]	Time   0.30 (  0.37)	Data 0.0002 (0.0677)	Loss (L1) 4.775 (4.962)
2026-04-26 02:16:52,799 | Epoch: [24][230/254]	Time   0.30 (  0.38)	Data 0.0001 (0.0797)	Loss (L1) 4.648 (4.958)
2026-04-26 02:16:55,767 | Epoch: [24][240/254]	Time   0.29 (  0.37)	Data 0.0001 (0.0764)	Loss (L1) 4.479 (4.956)
2026-04-26 02:16:58,714 | Epoch: [24][250/254]	Time   0.29 (  0.37)	Data 0.0001 (0.0734)	Loss (L1) 4.442 (4.956)
2026-04-26 02:16:59,867 | Create Epoch [24] features of all training data...
2026-04-26 02:18:17,839 | Updated smoothed statistics on Epoch [24]!
2026-04-26 02:18:17,868 | Updated running statistics with Epoch [24] features!
2026-04-26 02:18:24,587 | Val: [ 0/25]	Time  6.718 ( 6.718)	Loss (MSE) 241.220 (241.220)	Loss (L1) 14.413 (14.413)
2026-04-26 02:18:29,469 | Val: [10/25]	Time  0.084 ( 1.055)	Loss (MSE) 48.209 (92.153)	Loss (L1) 5.699 (7.895)
2026-04-26 02:18:30,306 | Val: [20/25]	Time  0.083 ( 0.592)	Loss (MSE) 377.524 (122.074)	Loss (L1) 18.468 (8.981)
2026-04-26 02:18:30,882 |  * Overall: MSE 200.290	L1 11.307	G-Mean 7.330
2026-04-26 02:18:30,882 |  * Many: MSE 106.628	L1 8.287	G-Mean 5.406
2026-04-26 02:18:30,882 |  * Median: MSE 303.807	L1 15.434	G-Mean 12.247
2026-04-26 02:18:30,882 |  * Low: MSE 803.062	L1 27.888	G-Mean 27.357
2026-04-26 02:18:30,883 | Best L1 Loss: 10.897
2026-04-26 02:18:31,114 | Epoch #24: Train loss [4.9577]; Val loss: MSE [200.2901], L1 [11.3072], G-Mean [7.3297]
2026-04-26 02:18:43,557 | Epoch: [25][  0/254]	Time  12.44 ( 12.44)	Data 12.2632 (12.2632)	Loss (L1) 5.096 (5.096)
2026-04-26 02:18:46,953 | Epoch: [25][ 10/254]	Time   0.30 (  1.44)	Data 0.0003 (1.1583)	Loss (L1) 5.067 (5.032)
2026-04-26 02:18:50,059 | Epoch: [25][ 20/254]	Time   0.30 (  0.90)	Data 0.0004 (0.6070)	Loss (L1) 4.973 (5.003)
2026-04-26 02:18:53,417 | Epoch: [25][ 30/254]	Time   0.31 (  0.72)	Data 0.0002 (0.4119)	Loss (L1) 5.375 (5.025)
2026-04-26 02:18:56,853 | Epoch: [25][ 40/254]	Time   0.29 (  0.63)	Data 0.0003 (0.3212)	Loss (L1) 5.734 (5.059)
2026-04-26 02:18:59,926 | Epoch: [25][ 50/254]	Time   0.31 (  0.56)	Data 0.0003 (0.2582)	Loss (L1) 4.727 (4.998)
2026-04-26 02:19:03,184 | Epoch: [25][ 60/254]	Time   0.32 (  0.53)	Data 0.0002 (0.2161)	Loss (L1) 4.326 (4.930)
2026-04-26 02:19:06,263 | Epoch: [25][ 70/254]	Time   0.34 (  0.50)	Data 0.0002 (0.1857)	Loss (L1) 4.329 (4.942)
2026-04-26 02:19:09,450 | Epoch: [25][ 80/254]	Time   0.32 (  0.47)	Data 0.0013 (0.1628)	Loss (L1) 4.978 (4.949)
2026-04-26 02:19:12,697 | Epoch: [25][ 90/254]	Time   0.29 (  0.46)	Data 0.0002 (0.1452)	Loss (L1) 4.844 (4.959)
2026-04-26 02:19:15,852 | Epoch: [25][100/254]	Time   0.31 (  0.44)	Data 0.0003 (0.1309)	Loss (L1) 4.603 (4.951)
2026-04-26 02:19:18,967 | Epoch: [25][110/254]	Time   0.32 (  0.43)	Data 0.0056 (0.1192)	Loss (L1) 4.507 (4.951)
2026-04-26 02:19:22,221 | Epoch: [25][120/254]	Time   0.32 (  0.42)	Data 0.0002 (0.1094)	Loss (L1) 4.086 (4.930)
2026-04-26 02:19:25,443 | Epoch: [25][130/254]	Time   0.32 (  0.41)	Data 0.0002 (0.1011)	Loss (L1) 5.168 (4.924)
2026-04-26 02:19:28,508 | Epoch: [25][140/254]	Time   0.32 (  0.41)	Data 0.0004 (0.0942)	Loss (L1) 5.098 (4.931)
2026-04-26 02:19:31,587 | Epoch: [25][150/254]	Time   0.30 (  0.40)	Data 0.0002 (0.0880)	Loss (L1) 4.929 (4.943)
2026-04-26 02:19:34,808 | Epoch: [25][160/254]	Time   0.33 (  0.40)	Data 0.0003 (0.0827)	Loss (L1) 4.372 (4.927)
2026-04-26 02:19:37,907 | Epoch: [25][170/254]	Time   0.31 (  0.39)	Data 0.0002 (0.0778)	Loss (L1) 4.648 (4.929)
2026-04-26 02:19:41,035 | Epoch: [25][180/254]	Time   0.33 (  0.39)	Data 0.0003 (0.0736)	Loss (L1) 4.334 (4.911)
2026-04-26 02:19:44,167 | Epoch: [25][190/254]	Time   0.32 (  0.38)	Data 0.0001 (0.0700)	Loss (L1) 4.154 (4.910)
2026-04-26 02:19:47,177 | Epoch: [25][200/254]	Time   0.29 (  0.38)	Data 0.0001 (0.0665)	Loss (L1) 4.083 (4.907)
2026-04-26 02:19:50,174 | Epoch: [25][210/254]	Time   0.30 (  0.37)	Data 0.0001 (0.0633)	Loss (L1) 4.822 (4.904)
2026-04-26 02:19:53,125 | Epoch: [25][220/254]	Time   0.30 (  0.37)	Data 0.0001 (0.0605)	Loss (L1) 4.555 (4.901)
2026-04-26 02:19:56,078 | Epoch: [25][230/254]	Time   0.29 (  0.37)	Data 0.0001 (0.0579)	Loss (L1) 5.532 (4.907)
2026-04-26 02:19:59,033 | Epoch: [25][240/254]	Time   0.30 (  0.36)	Data 0.0001 (0.0555)	Loss (L1) 5.101 (4.903)
2026-04-26 02:20:01,987 | Epoch: [25][250/254]	Time   0.30 (  0.36)	Data 0.0001 (0.0533)	Loss (L1) 4.721 (4.905)
2026-04-26 02:20:03,106 | Create Epoch [25] features of all training data...
2026-04-26 02:21:22,092 | Updated smoothed statistics on Epoch [25]!
2026-04-26 02:21:22,122 | Updated running statistics with Epoch [25] features!
2026-04-26 02:21:29,881 | Val: [ 0/25]	Time  7.757 ( 7.757)	Loss (MSE) 298.419 (298.419)	Loss (L1) 15.835 (15.835)
2026-04-26 02:21:33,829 | Val: [10/25]	Time  0.084 ( 1.064)	Loss (MSE) 63.349 (116.792)	Loss (L1) 6.606 (8.951)
2026-04-26 02:21:34,666 | Val: [20/25]	Time  0.084 ( 0.597)	Loss (MSE) 317.756 (127.455)	Loss (L1) 16.828 (9.338)
2026-04-26 02:21:35,260 |  * Overall: MSE 194.299	L1 11.393	G-Mean 7.766
2026-04-26 02:21:35,260 |  * Many: MSE 108.154	L1 8.550	G-Mean 5.880
2026-04-26 02:21:35,260 |  * Median: MSE 292.847	L1 15.366	G-Mean 12.386
2026-04-26 02:21:35,260 |  * Low: MSE 736.584	L1 26.670	G-Mean 26.108
2026-04-26 02:21:35,261 | Best L1 Loss: 10.897
2026-04-26 02:21:35,497 | Epoch #25: Train loss [4.9092]; Val loss: MSE [194.2988], L1 [11.3927], G-Mean [7.7663]
2026-04-26 02:21:43,127 | Epoch: [26][  0/254]	Time   7.63 (  7.63)	Data 7.4794 (7.4794)	Loss (L1) 5.284 (5.284)
2026-04-26 02:21:50,017 | Epoch: [26][ 10/254]	Time   0.31 (  1.32)	Data 0.0005 (1.0454)	Loss (L1) 4.373 (4.635)
2026-04-26 02:21:53,000 | Epoch: [26][ 20/254]	Time   0.30 (  0.83)	Data 0.0005 (0.5478)	Loss (L1) 4.698 (4.635)
2026-04-26 02:21:55,971 | Epoch: [26][ 30/254]	Time   0.30 (  0.66)	Data 0.0003 (0.3712)	Loss (L1) 4.501 (4.749)
2026-04-26 02:22:00,250 | Epoch: [26][ 40/254]	Time   0.29 (  0.60)	Data 0.0004 (0.3149)	Loss (L1) 4.870 (4.818)
2026-04-26 02:22:03,242 | Epoch: [26][ 50/254]	Time   0.30 (  0.54)	Data 0.0003 (0.2533)	Loss (L1) 5.469 (4.900)
2026-04-26 02:22:06,268 | Epoch: [26][ 60/254]	Time   0.32 (  0.50)	Data 0.0003 (0.2118)	Loss (L1) 4.269 (4.902)
2026-04-26 02:22:09,316 | Epoch: [26][ 70/254]	Time   0.30 (  0.48)	Data 0.0004 (0.1822)	Loss (L1) 4.350 (4.875)
2026-04-26 02:22:12,392 | Epoch: [26][ 80/254]	Time   0.30 (  0.46)	Data 0.0003 (0.1597)	Loss (L1) 4.989 (4.866)
2026-04-26 02:22:15,482 | Epoch: [26][ 90/254]	Time   0.31 (  0.44)	Data 0.0003 (0.1423)	Loss (L1) 4.812 (4.842)
2026-04-26 02:22:18,500 | Epoch: [26][100/254]	Time   0.30 (  0.43)	Data 0.0003 (0.1286)	Loss (L1) 4.399 (4.832)
2026-04-26 02:22:21,643 | Epoch: [26][110/254]	Time   0.30 (  0.42)	Data 0.0012 (0.1170)	Loss (L1) 5.622 (4.821)
2026-04-26 02:22:24,693 | Epoch: [26][120/254]	Time   0.31 (  0.41)	Data 0.0003 (0.1074)	Loss (L1) 4.992 (4.841)
2026-04-26 02:22:27,776 | Epoch: [26][130/254]	Time   0.31 (  0.40)	Data 0.0004 (0.0992)	Loss (L1) 4.737 (4.835)
2026-04-26 02:22:31,010 | Epoch: [26][140/254]	Time   0.36 (  0.39)	Data 0.0003 (0.0922)	Loss (L1) 5.605 (4.858)
2026-04-26 02:22:34,120 | Epoch: [26][150/254]	Time   0.31 (  0.39)	Data 0.0003 (0.0862)	Loss (L1) 4.945 (4.847)
2026-04-26 02:22:37,242 | Epoch: [26][160/254]	Time   0.32 (  0.38)	Data 0.0004 (0.0808)	Loss (L1) 4.540 (4.841)
2026-04-26 02:22:40,366 | Epoch: [26][170/254]	Time   0.30 (  0.38)	Data 0.0004 (0.0761)	Loss (L1) 4.342 (4.830)
2026-04-26 02:22:43,391 | Epoch: [26][180/254]	Time   0.31 (  0.38)	Data 0.0003 (0.0720)	Loss (L1) 4.770 (4.829)
2026-04-26 02:22:46,588 | Epoch: [26][190/254]	Time   0.30 (  0.37)	Data 0.0001 (0.0683)	Loss (L1) 4.603 (4.824)
2026-04-26 02:22:49,609 | Epoch: [26][200/254]	Time   0.28 (  0.37)	Data 0.0001 (0.0649)	Loss (L1) 5.106 (4.826)
2026-04-26 02:22:52,605 | Epoch: [26][210/254]	Time   0.30 (  0.37)	Data 0.0001 (0.0619)	Loss (L1) 4.107 (4.819)
2026-04-26 02:22:55,581 | Epoch: [26][220/254]	Time   0.30 (  0.36)	Data 0.0001 (0.0591)	Loss (L1) 4.796 (4.824)
2026-04-26 02:22:58,555 | Epoch: [26][230/254]	Time   0.30 (  0.36)	Data 0.0003 (0.0565)	Loss (L1) 4.591 (4.823)
2026-04-26 02:23:01,533 | Epoch: [26][240/254]	Time   0.29 (  0.36)	Data 0.0001 (0.0542)	Loss (L1) 4.521 (4.820)
2026-04-26 02:23:04,491 | Epoch: [26][250/254]	Time   0.30 (  0.35)	Data 0.0001 (0.0520)	Loss (L1) 4.500 (4.817)
2026-04-26 02:23:05,612 | Create Epoch [26] features of all training data...
2026-04-26 02:24:23,146 | Updated smoothed statistics on Epoch [26]!
2026-04-26 02:24:23,175 | Updated running statistics with Epoch [26] features!
2026-04-26 02:24:31,345 | Val: [ 0/25]	Time  8.169 ( 8.169)	Loss (MSE) 257.467 (257.467)	Loss (L1) 14.617 (14.617)
2026-04-26 02:24:34,778 | Val: [10/25]	Time  0.083 ( 1.055)	Loss (MSE) 60.789 (102.935)	Loss (L1) 6.408 (8.393)
2026-04-26 02:24:35,610 | Val: [20/25]	Time  0.083 ( 0.592)	Loss (MSE) 415.694 (142.065)	Loss (L1) 18.965 (9.598)
2026-04-26 02:24:36,188 |  * Overall: MSE 214.932	L1 11.761	G-Mean 7.675
2026-04-26 02:24:36,188 |  * Many: MSE 128.049	L1 8.979	G-Mean 5.811
2026-04-26 02:24:36,188 |  * Median: MSE 319.303	L1 15.656	G-Mean 12.217
2026-04-26 02:24:36,188 |  * Low: MSE 743.799	L1 26.688	G-Mean 26.002
2026-04-26 02:24:36,189 | Best L1 Loss: 10.897
2026-04-26 02:24:36,419 | Epoch #26: Train loss [4.8142]; Val loss: MSE [214.9318], L1 [11.7608], G-Mean [7.6751]
2026-04-26 02:24:49,830 | Epoch: [27][  0/254]	Time  13.41 ( 13.41)	Data 13.2278 (13.2278)	Loss (L1) 5.061 (5.061)
2026-04-26 02:24:52,812 | Epoch: [27][ 10/254]	Time   0.31 (  1.49)	Data 0.0002 (1.2028)	Loss (L1) 4.532 (4.557)
2026-04-26 02:24:56,020 | Epoch: [27][ 20/254]	Time   0.37 (  0.93)	Data 0.0002 (0.6305)	Loss (L1) 4.998 (4.611)
2026-04-26 02:24:59,470 | Epoch: [27][ 30/254]	Time   0.40 (  0.74)	Data 0.0003 (0.4274)	Loss (L1) 5.027 (4.734)
2026-04-26 02:25:02,689 | Epoch: [27][ 40/254]	Time   0.30 (  0.64)	Data 0.0003 (0.3232)	Loss (L1) 4.743 (4.712)
2026-04-26 02:25:05,713 | Epoch: [27][ 50/254]	Time   0.31 (  0.57)	Data 0.0004 (0.2599)	Loss (L1) 5.182 (4.702)
2026-04-26 02:25:08,999 | Epoch: [27][ 60/254]	Time   0.27 (  0.53)	Data 0.0003 (0.2174)	Loss (L1) 5.564 (4.722)
2026-04-26 02:25:12,307 | Epoch: [27][ 70/254]	Time   0.32 (  0.51)	Data 0.0004 (0.1872)	Loss (L1) 4.022 (4.736)
2026-04-26 02:25:15,440 | Epoch: [27][ 80/254]	Time   0.32 (  0.48)	Data 0.0002 (0.1641)	Loss (L1) 5.032 (4.760)
2026-04-26 02:25:18,574 | Epoch: [27][ 90/254]	Time   0.30 (  0.46)	Data 0.0002 (0.1461)	Loss (L1) 4.410 (4.770)
2026-04-26 02:25:21,648 | Epoch: [27][100/254]	Time   0.33 (  0.45)	Data 0.0002 (0.1317)	Loss (L1) 4.689 (4.768)
2026-04-26 02:25:24,840 | Epoch: [27][110/254]	Time   0.30 (  0.44)	Data 0.0002 (0.1200)	Loss (L1) 4.553 (4.748)
2026-04-26 02:25:28,001 | Epoch: [27][120/254]	Time   0.33 (  0.43)	Data 0.0002 (0.1101)	Loss (L1) 4.375 (4.737)
2026-04-26 02:25:31,163 | Epoch: [27][130/254]	Time   0.33 (  0.42)	Data 0.0003 (0.1018)	Loss (L1) 4.022 (4.735)
2026-04-26 02:25:34,289 | Epoch: [27][140/254]	Time   0.31 (  0.41)	Data 0.0003 (0.0946)	Loss (L1) 5.294 (4.724)
2026-04-26 02:25:37,627 | Epoch: [27][150/254]	Time   0.35 (  0.41)	Data 0.0002 (0.0884)	Loss (L1) 5.130 (4.729)
2026-04-26 02:25:40,799 | Epoch: [27][160/254]	Time   0.31 (  0.40)	Data 0.0003 (0.0829)	Loss (L1) 4.321 (4.723)
2026-04-26 02:25:43,907 | Epoch: [27][170/254]	Time   0.32 (  0.39)	Data 0.0003 (0.0781)	Loss (L1) 4.861 (4.729)
2026-04-26 02:25:47,086 | Epoch: [27][180/254]	Time   0.34 (  0.39)	Data 0.0002 (0.0738)	Loss (L1) 4.360 (4.735)
2026-04-26 02:25:50,226 | Epoch: [27][190/254]	Time   0.30 (  0.39)	Data 0.0002 (0.0700)	Loss (L1) 4.152 (4.721)
2026-04-26 02:25:53,365 | Epoch: [27][200/254]	Time   0.30 (  0.38)	Data 0.0002 (0.0665)	Loss (L1) 4.993 (4.731)
2026-04-26 02:25:56,328 | Epoch: [27][210/254]	Time   0.29 (  0.38)	Data 0.0001 (0.0634)	Loss (L1) 4.736 (4.731)
2026-04-26 02:25:59,274 | Epoch: [27][220/254]	Time   0.30 (  0.37)	Data 0.0001 (0.0605)	Loss (L1) 4.926 (4.736)
2026-04-26 02:26:02,216 | Epoch: [27][230/254]	Time   0.30 (  0.37)	Data 0.0001 (0.0579)	Loss (L1) 4.879 (4.735)
2026-04-26 02:26:05,164 | Epoch: [27][240/254]	Time   0.29 (  0.37)	Data 0.0001 (0.0555)	Loss (L1) 4.744 (4.737)
2026-04-26 02:26:08,116 | Epoch: [27][250/254]	Time   0.30 (  0.37)	Data 0.0001 (0.0533)	Loss (L1) 6.132 (4.746)
2026-04-26 02:26:09,237 | Create Epoch [27] features of all training data...
2026-04-26 02:27:36,342 | Updated smoothed statistics on Epoch [27]!
2026-04-26 02:27:36,373 | Updated running statistics with Epoch [27] features!
2026-04-26 02:27:43,247 | Val: [ 0/25]	Time  6.872 ( 6.872)	Loss (MSE) 184.014 (184.014)	Loss (L1) 12.253 (12.253)
2026-04-26 02:27:47,638 | Val: [10/25]	Time  0.084 ( 1.024)	Loss (MSE) 44.997 (79.744)	Loss (L1) 5.416 (7.251)
2026-04-26 02:27:48,474 | Val: [20/25]	Time  0.084 ( 0.576)	Loss (MSE) 331.719 (109.134)	Loss (L1) 17.347 (8.453)
2026-04-26 02:27:49,077 |  * Overall: MSE 172.228	L1 10.508	G-Mean 6.902
2026-04-26 02:27:49,077 |  * Many: MSE 97.975	L1 7.905	G-Mean 5.201
2026-04-26 02:27:49,077 |  * Median: MSE 255.743	L1 14.052	G-Mean 11.030
2026-04-26 02:27:49,077 |  * Low: MSE 644.842	L1 24.831	G-Mean 24.204
2026-04-26 02:27:49,078 | Best L1 Loss: 10.508
2026-04-26 02:27:49,315 | ===> Saving current best checkpoint...
2026-04-26 02:27:49,833 | Epoch #27: Train loss [4.7490]; Val loss: MSE [172.2284], L1 [10.5077], G-Mean [6.9016]
2026-04-26 02:28:02,972 | Epoch: [28][  0/254]	Time  13.14 ( 13.14)	Data 12.9900 (12.9900)	Loss (L1) 4.425 (4.425)
2026-04-26 02:28:05,961 | Epoch: [28][ 10/254]	Time   0.28 (  1.47)	Data 0.0002 (1.1812)	Loss (L1) 5.897 (4.865)
2026-04-26 02:28:08,946 | Epoch: [28][ 20/254]	Time   0.30 (  0.91)	Data 0.0002 (0.6188)	Loss (L1) 4.525 (4.771)
2026-04-26 02:28:11,991 | Epoch: [28][ 30/254]	Time   0.34 (  0.71)	Data 0.0003 (0.4193)	Loss (L1) 4.709 (4.791)
2026-04-26 02:28:16,071 | Epoch: [28][ 40/254]	Time   0.30 (  0.64)	Data 0.0003 (0.3470)	Loss (L1) 4.201 (4.729)
2026-04-26 02:28:19,062 | Epoch: [28][ 50/254]	Time   0.31 (  0.57)	Data 0.0003 (0.2790)	Loss (L1) 4.867 (4.703)
2026-04-26 02:28:22,081 | Epoch: [28][ 60/254]	Time   0.33 (  0.53)	Data 0.0002 (0.2333)	Loss (L1) 4.604 (4.682)
2026-04-26 02:28:25,112 | Epoch: [28][ 70/254]	Time   0.31 (  0.50)	Data 0.0002 (0.2005)	Loss (L1) 4.893 (4.662)
2026-04-26 02:28:28,237 | Epoch: [28][ 80/254]	Time   0.30 (  0.47)	Data 0.0002 (0.1758)	Loss (L1) 4.708 (4.679)
2026-04-26 02:28:31,344 | Epoch: [28][ 90/254]	Time   0.31 (  0.46)	Data 0.0002 (0.1565)	Loss (L1) 5.016 (4.679)
2026-04-26 02:28:34,401 | Epoch: [28][100/254]	Time   0.31 (  0.44)	Data 0.0002 (0.1412)	Loss (L1) 5.991 (4.683)
2026-04-26 02:28:37,532 | Epoch: [28][110/254]	Time   0.30 (  0.43)	Data 0.0002 (0.1285)	Loss (L1) 5.125 (4.691)
2026-04-26 02:28:40,701 | Epoch: [28][120/254]	Time   0.30 (  0.42)	Data 0.0003 (0.1180)	Loss (L1) 4.768 (4.712)
2026-04-26 02:28:43,788 | Epoch: [28][130/254]	Time   0.30 (  0.41)	Data 0.0002 (0.1090)	Loss (L1) 4.355 (4.694)
2026-04-26 02:28:46,835 | Epoch: [28][140/254]	Time   0.31 (  0.40)	Data 0.0002 (0.1014)	Loss (L1) 4.663 (4.694)
2026-04-26 02:28:50,038 | Epoch: [28][150/254]	Time   0.32 (  0.40)	Data 0.0003 (0.0947)	Loss (L1) 5.214 (4.698)
2026-04-26 02:28:53,178 | Epoch: [28][160/254]	Time   0.30 (  0.39)	Data 0.0002 (0.0888)	Loss (L1) 4.716 (4.696)
2026-04-26 02:28:56,275 | Epoch: [28][170/254]	Time   0.32 (  0.39)	Data 0.0003 (0.0836)	Loss (L1) 6.240 (4.712)
2026-04-26 02:28:59,341 | Epoch: [28][180/254]	Time   0.31 (  0.38)	Data 0.0002 (0.0790)	Loss (L1) 4.165 (4.710)
2026-04-26 02:29:02,438 | Epoch: [28][190/254]	Time   0.31 (  0.38)	Data 0.0001 (0.0750)	Loss (L1) 4.151 (4.701)
2026-04-26 02:29:05,530 | Epoch: [28][200/254]	Time   0.30 (  0.38)	Data 0.0001 (0.0713)	Loss (L1) 4.465 (4.697)
2026-04-26 02:29:08,512 | Epoch: [28][210/254]	Time   0.30 (  0.37)	Data 0.0002 (0.0679)	Loss (L1) 4.089 (4.701)
2026-04-26 02:29:11,484 | Epoch: [28][220/254]	Time   0.30 (  0.37)	Data 0.0001 (0.0649)	Loss (L1) 4.170 (4.694)
2026-04-26 02:29:14,451 | Epoch: [28][230/254]	Time   0.30 (  0.37)	Data 0.0001 (0.0621)	Loss (L1) 4.038 (4.690)
2026-04-26 02:29:17,439 | Epoch: [28][240/254]	Time   0.30 (  0.36)	Data 0.0001 (0.0595)	Loss (L1) 5.534 (4.707)
2026-04-26 02:29:20,421 | Epoch: [28][250/254]	Time   0.30 (  0.36)	Data 0.0002 (0.0571)	Loss (L1) 4.909 (4.715)
2026-04-26 02:29:21,548 | Create Epoch [28] features of all training data...
2026-04-26 02:30:40,392 | Updated smoothed statistics on Epoch [28]!
2026-04-26 02:30:40,423 | Updated running statistics with Epoch [28] features!
2026-04-26 02:30:49,091 | Val: [ 0/25]	Time  8.666 ( 8.666)	Loss (MSE) 240.408 (240.408)	Loss (L1) 14.213 (14.213)
2026-04-26 02:30:51,872 | Val: [10/25]	Time  0.083 ( 1.041)	Loss (MSE) 40.274 (88.460)	Loss (L1) 5.195 (7.742)
2026-04-26 02:30:52,707 | Val: [20/25]	Time  0.083 ( 0.585)	Loss (MSE) 445.214 (134.466)	Loss (L1) 20.473 (9.374)
2026-04-26 02:30:53,277 |  * Overall: MSE 218.614	L1 11.822	G-Mean 7.647
2026-04-26 02:30:53,277 |  * Many: MSE 118.495	L1 8.647	G-Mean 5.624
2026-04-26 02:30:53,277 |  * Median: MSE 341.947	L1 16.452	G-Mean 12.994
2026-04-26 02:30:53,277 |  * Low: MSE 816.955	L1 28.187	G-Mean 27.677
2026-04-26 02:30:53,278 | Best L1 Loss: 10.508
2026-04-26 02:30:53,520 | Epoch #28: Train loss [4.7136]; Val loss: MSE [218.6145], L1 [11.8217], G-Mean [7.6467]
2026-04-26 02:31:07,562 | Epoch: [29][  0/254]	Time  14.04 ( 14.04)	Data 13.8719 (13.8719)	Loss (L1) 4.130 (4.130)
2026-04-26 02:31:10,554 | Epoch: [29][ 10/254]	Time   0.30 (  1.55)	Data 0.0002 (1.2614)	Loss (L1) 4.339 (4.687)
2026-04-26 02:31:13,691 | Epoch: [29][ 20/254]	Time   0.32 (  0.96)	Data 0.0003 (0.6608)	Loss (L1) 4.014 (4.596)
2026-04-26 02:31:16,881 | Epoch: [29][ 30/254]	Time   0.33 (  0.75)	Data 0.0003 (0.4479)	Loss (L1) 4.284 (4.591)
2026-04-26 02:31:20,140 | Epoch: [29][ 40/254]	Time   0.37 (  0.65)	Data 0.0004 (0.3392)	Loss (L1) 4.853 (4.665)
2026-04-26 02:31:23,158 | Epoch: [29][ 50/254]	Time   0.30 (  0.58)	Data 0.0006 (0.2728)	Loss (L1) 5.044 (4.665)
2026-04-26 02:31:26,377 | Epoch: [29][ 60/254]	Time   0.30 (  0.54)	Data 0.0003 (0.2281)	Loss (L1) 4.991 (4.700)
2026-04-26 02:31:29,618 | Epoch: [29][ 70/254]	Time   0.34 (  0.51)	Data 0.0004 (0.1961)	Loss (L1) 5.743 (4.693)
2026-04-26 02:31:32,676 | Epoch: [29][ 80/254]	Time   0.31 (  0.48)	Data 0.0006 (0.1721)	Loss (L1) 5.014 (4.673)
2026-04-26 02:31:35,817 | Epoch: [29][ 90/254]	Time   0.37 (  0.46)	Data 0.0003 (0.1532)	Loss (L1) 4.934 (4.640)
2026-04-26 02:31:38,977 | Epoch: [29][100/254]	Time   0.32 (  0.45)	Data 0.0003 (0.1381)	Loss (L1) 4.561 (4.656)
2026-04-26 02:31:42,237 | Epoch: [29][110/254]	Time   0.35 (  0.44)	Data 0.0002 (0.1257)	Loss (L1) 5.226 (4.652)
2026-04-26 02:31:45,310 | Epoch: [29][120/254]	Time   0.34 (  0.43)	Data 0.0003 (0.1153)	Loss (L1) 4.346 (4.662)
2026-04-26 02:31:48,569 | Epoch: [29][130/254]	Time   0.32 (  0.42)	Data 0.0002 (0.1066)	Loss (L1) 4.987 (4.667)
2026-04-26 02:31:51,707 | Epoch: [29][140/254]	Time   0.32 (  0.41)	Data 0.0003 (0.0991)	Loss (L1) 4.700 (4.662)
2026-04-26 02:31:54,843 | Epoch: [29][150/254]	Time   0.31 (  0.41)	Data 0.0003 (0.0926)	Loss (L1) 4.445 (4.652)
2026-04-26 02:31:57,934 | Epoch: [29][160/254]	Time   0.31 (  0.40)	Data 0.0002 (0.0868)	Loss (L1) 4.249 (4.649)
2026-04-26 02:32:00,976 | Epoch: [29][170/254]	Time   0.30 (  0.39)	Data 0.0002 (0.0818)	Loss (L1) 4.419 (4.649)
2026-04-26 02:32:04,080 | Epoch: [29][180/254]	Time   0.33 (  0.39)	Data 0.0002 (0.0773)	Loss (L1) 4.996 (4.653)
2026-04-26 02:32:07,112 | Epoch: [29][190/254]	Time   0.31 (  0.39)	Data 0.0001 (0.0735)	Loss (L1) 4.658 (4.638)
2026-04-26 02:32:10,067 | Epoch: [29][200/254]	Time   0.30 (  0.38)	Data 0.0001 (0.0699)	Loss (L1) 4.696 (4.648)
2026-04-26 02:32:13,020 | Epoch: [29][210/254]	Time   0.30 (  0.38)	Data 0.0002 (0.0666)	Loss (L1) 5.078 (4.655)
2026-04-26 02:32:15,966 | Epoch: [29][220/254]	Time   0.30 (  0.37)	Data 0.0001 (0.0636)	Loss (L1) 5.505 (4.660)
2026-04-26 02:32:18,919 | Epoch: [29][230/254]	Time   0.30 (  0.37)	Data 0.0001 (0.0608)	Loss (L1) 4.888 (4.664)
2026-04-26 02:32:21,859 | Epoch: [29][240/254]	Time   0.29 (  0.37)	Data 0.0001 (0.0583)	Loss (L1) 4.435 (4.653)
2026-04-26 02:32:24,808 | Epoch: [29][250/254]	Time   0.30 (  0.36)	Data 0.0001 (0.0560)	Loss (L1) 4.902 (4.646)
2026-04-26 02:32:25,932 | Create Epoch [29] features of all training data...
2026-04-26 02:33:48,664 | Updated smoothed statistics on Epoch [29]!
2026-04-26 02:33:48,693 | Updated running statistics with Epoch [29] features!
2026-04-26 02:33:59,116 | Val: [ 0/25]	Time 10.422 (10.422)	Loss (MSE) 250.807 (250.807)	Loss (L1) 14.783 (14.783)
2026-04-26 02:33:59,953 | Val: [10/25]	Time  0.083 ( 1.024)	Loss (MSE) 58.051 (101.342)	Loss (L1) 6.249 (8.314)
2026-04-26 02:34:00,790 | Val: [20/25]	Time  0.084 ( 0.576)	Loss (MSE) 315.104 (118.560)	Loss (L1) 16.868 (9.032)
2026-04-26 02:34:01,364 |  * Overall: MSE 182.981	L1 11.064	G-Mean 7.534
2026-04-26 02:34:01,365 |  * Many: MSE 103.280	L1 8.337	G-Mean 5.706
2026-04-26 02:34:01,365 |  * Median: MSE 272.299	L1 14.828	G-Mean 11.991
2026-04-26 02:34:01,365 |  * Low: MSE 691.435	L1 25.891	G-Mean 25.455
2026-04-26 02:34:01,366 | Best L1 Loss: 10.508
2026-04-26 02:34:01,599 | Epoch #29: Train loss [4.6466]; Val loss: MSE [182.9808], L1 [11.0643], G-Mean [7.5341]
2026-04-26 02:34:29,516 | Epoch: [30][  0/254]	Time  27.92 ( 27.92)	Data 27.7435 (27.7435)	Loss (L1) 4.407 (4.407)
2026-04-26 02:34:32,766 | Epoch: [30][ 10/254]	Time   0.30 (  2.83)	Data 0.0003 (2.5482)	Loss (L1) 5.003 (4.517)
2026-04-26 02:34:35,864 | Epoch: [30][ 20/254]	Time   0.29 (  1.63)	Data 0.0002 (1.3349)	Loss (L1) 4.584 (4.565)
2026-04-26 02:34:39,114 | Epoch: [30][ 30/254]	Time   0.32 (  1.21)	Data 0.0003 (0.9048)	Loss (L1) 4.724 (4.605)
2026-04-26 02:34:42,337 | Epoch: [30][ 40/254]	Time   0.30 (  0.99)	Data 0.0003 (0.6849)	Loss (L1) 4.440 (4.583)
2026-04-26 02:34:45,526 | Epoch: [30][ 50/254]	Time   0.29 (  0.86)	Data 0.0003 (0.5506)	Loss (L1) 4.691 (4.601)
2026-04-26 02:34:48,620 | Epoch: [30][ 60/254]	Time   0.30 (  0.77)	Data 0.0002 (0.4604)	Loss (L1) 3.931 (4.594)
2026-04-26 02:34:51,743 | Epoch: [30][ 70/254]	Time   0.30 (  0.71)	Data 0.0002 (0.3956)	Loss (L1) 4.315 (4.582)
2026-04-26 02:34:54,792 | Epoch: [30][ 80/254]	Time   0.32 (  0.66)	Data 0.0003 (0.3468)	Loss (L1) 4.659 (4.601)
2026-04-26 02:34:57,873 | Epoch: [30][ 90/254]	Time   0.29 (  0.62)	Data 0.0002 (0.3087)	Loss (L1) 3.948 (4.585)
2026-04-26 02:35:01,030 | Epoch: [30][100/254]	Time   0.38 (  0.59)	Data 0.0002 (0.2782)	Loss (L1) 4.641 (4.571)
2026-04-26 02:35:04,065 | Epoch: [30][110/254]	Time   0.30 (  0.56)	Data 0.0002 (0.2534)	Loss (L1) 4.829 (4.584)
2026-04-26 02:35:07,194 | Epoch: [30][120/254]	Time   0.30 (  0.54)	Data 0.0002 (0.2324)	Loss (L1) 4.734 (4.596)
2026-04-26 02:35:10,293 | Epoch: [30][130/254]	Time   0.30 (  0.52)	Data 0.0002 (0.2147)	Loss (L1) 4.382 (4.598)
2026-04-26 02:35:13,347 | Epoch: [30][140/254]	Time   0.32 (  0.51)	Data 0.0003 (0.1995)	Loss (L1) 4.846 (4.594)
2026-04-26 02:35:16,490 | Epoch: [30][150/254]	Time   0.31 (  0.50)	Data 0.0002 (0.1863)	Loss (L1) 4.314 (4.588)
2026-04-26 02:35:19,533 | Epoch: [30][160/254]	Time   0.32 (  0.48)	Data 0.0004 (0.1748)	Loss (L1) 4.294 (4.595)
2026-04-26 02:35:22,614 | Epoch: [30][170/254]	Time   0.29 (  0.47)	Data 0.0002 (0.1646)	Loss (L1) 5.037 (4.598)
2026-04-26 02:35:25,723 | Epoch: [30][180/254]	Time   0.32 (  0.46)	Data 0.0002 (0.1555)	Loss (L1) 4.477 (4.599)
2026-04-26 02:35:28,719 | Epoch: [30][190/254]	Time   0.29 (  0.46)	Data 0.0001 (0.1475)	Loss (L1) 4.240 (4.598)
2026-04-26 02:35:31,840 | Epoch: [30][200/254]	Time   0.30 (  0.45)	Data 0.0001 (0.1401)	Loss (L1) 4.026 (4.603)
2026-04-26 02:35:34,861 | Epoch: [30][210/254]	Time   0.30 (  0.44)	Data 0.0001 (0.1335)	Loss (L1) 4.720 (4.617)
2026-04-26 02:35:37,799 | Epoch: [30][220/254]	Time   0.29 (  0.44)	Data 0.0001 (0.1275)	Loss (L1) 5.334 (4.629)
2026-04-26 02:35:40,732 | Epoch: [30][230/254]	Time   0.29 (  0.43)	Data 0.0001 (0.1220)	Loss (L1) 4.398 (4.627)
2026-04-26 02:35:43,668 | Epoch: [30][240/254]	Time   0.29 (  0.42)	Data 0.0001 (0.1169)	Loss (L1) 4.866 (4.630)
2026-04-26 02:35:46,614 | Epoch: [30][250/254]	Time   0.29 (  0.42)	Data 0.0001 (0.1122)	Loss (L1) 4.616 (4.643)
2026-04-26 02:35:47,742 | Create Epoch [30] features of all training data...
2026-04-26 02:37:05,601 | Updated smoothed statistics on Epoch [30]!
2026-04-26 02:37:05,630 | Updated running statistics with Epoch [30] features!
2026-04-26 02:37:16,126 | Val: [ 0/25]	Time 10.494 (10.494)	Loss (MSE) 257.163 (257.163)	Loss (L1) 14.787 (14.787)
2026-04-26 02:37:17,003 | Val: [10/25]	Time  0.083 ( 1.034)	Loss (MSE) 52.712 (107.820)	Loss (L1) 5.886 (8.642)
2026-04-26 02:37:17,836 | Val: [20/25]	Time  0.083 ( 0.581)	Loss (MSE) 326.985 (124.597)	Loss (L1) 17.123 (9.244)
2026-04-26 02:37:18,376 |  * Overall: MSE 193.156	L1 11.346	G-Mean 7.708
2026-04-26 02:37:18,376 |  * Many: MSE 107.881	L1 8.507	G-Mean 5.816
2026-04-26 02:37:18,376 |  * Median: MSE 288.246	L1 15.275	G-Mean 12.374
2026-04-26 02:37:18,376 |  * Low: MSE 738.898	L1 26.740	G-Mean 26.222
2026-04-26 02:37:18,377 | Best L1 Loss: 10.508
2026-04-26 02:37:18,607 | Epoch #30: Train loss [4.6405]; Val loss: MSE [193.1563], L1 [11.3456], G-Mean [7.7078]
2026-04-26 02:37:32,453 | Epoch: [31][  0/254]	Time  13.84 ( 13.84)	Data 13.5071 (13.5071)	Loss (L1) 4.454 (4.454)
2026-04-26 02:37:35,444 | Epoch: [31][ 10/254]	Time   0.30 (  1.53)	Data 0.0003 (1.2284)	Loss (L1) 5.631 (4.786)
2026-04-26 02:37:38,476 | Epoch: [31][ 20/254]	Time   0.31 (  0.95)	Data 0.0003 (0.6439)	Loss (L1) 4.476 (4.573)
2026-04-26 02:37:41,593 | Epoch: [31][ 30/254]	Time   0.30 (  0.74)	Data 0.0002 (0.4364)	Loss (L1) 6.019 (4.615)
2026-04-26 02:37:44,752 | Epoch: [31][ 40/254]	Time   0.30 (  0.64)	Data 0.0002 (0.3301)	Loss (L1) 3.970 (4.593)
2026-04-26 02:37:47,702 | Epoch: [31][ 50/254]	Time   0.29 (  0.57)	Data 0.0001 (0.2654)	Loss (L1) 4.148 (4.592)
2026-04-26 02:37:50,643 | Epoch: [31][ 60/254]	Time   0.29 (  0.53)	Data 0.0003 (0.2219)	Loss (L1) 4.330 (4.576)
2026-04-26 02:37:58,642 | Epoch: [31][ 70/254]	Time   0.33 (  0.56)	Data 0.0003 (0.2615)	Loss (L1) 4.188 (4.586)
2026-04-26 02:38:01,803 | Epoch: [31][ 80/254]	Time   0.30 (  0.53)	Data 0.0002 (0.2296)	Loss (L1) 4.255 (4.622)
2026-04-26 02:38:04,974 | Epoch: [31][ 90/254]	Time   0.33 (  0.51)	Data 0.0002 (0.2044)	Loss (L1) 4.991 (4.650)
2026-04-26 02:38:08,183 | Epoch: [31][100/254]	Time   0.33 (  0.49)	Data 0.0003 (0.1842)	Loss (L1) 5.031 (4.655)
2026-04-26 02:38:11,166 | Epoch: [31][110/254]	Time   0.29 (  0.47)	Data 0.0004 (0.1676)	Loss (L1) 4.806 (4.674)
2026-04-26 02:38:14,271 | Epoch: [31][120/254]	Time   0.31 (  0.46)	Data 0.0002 (0.1539)	Loss (L1) 4.591 (4.667)
2026-04-26 02:38:17,502 | Epoch: [31][130/254]	Time   0.32 (  0.45)	Data 0.0002 (0.1421)	Loss (L1) 5.279 (4.653)
2026-04-26 02:38:20,572 | Epoch: [31][140/254]	Time   0.31 (  0.44)	Data 0.0002 (0.1321)	Loss (L1) 5.031 (4.659)
2026-04-26 02:38:23,593 | Epoch: [31][150/254]	Time   0.30 (  0.43)	Data 0.0002 (0.1234)	Loss (L1) 5.008 (4.657)
2026-04-26 02:38:26,747 | Epoch: [31][160/254]	Time   0.30 (  0.42)	Data 0.0003 (0.1158)	Loss (L1) 4.698 (4.643)
2026-04-26 02:38:29,745 | Epoch: [31][170/254]	Time   0.30 (  0.42)	Data 0.0002 (0.1090)	Loss (L1) 4.637 (4.627)
2026-04-26 02:38:32,854 | Epoch: [31][180/254]	Time   0.30 (  0.41)	Data 0.0154 (0.1031)	Loss (L1) 4.798 (4.623)
2026-04-26 02:38:35,927 | Epoch: [31][190/254]	Time   0.35 (  0.40)	Data 0.0002 (0.0979)	Loss (L1) 4.153 (4.626)
2026-04-26 02:38:39,071 | Epoch: [31][200/254]	Time   0.33 (  0.40)	Data 0.0001 (0.0930)	Loss (L1) 4.538 (4.617)
2026-04-26 02:38:42,048 | Epoch: [31][210/254]	Time   0.29 (  0.40)	Data 0.0001 (0.0886)	Loss (L1) 3.925 (4.616)
2026-04-26 02:38:44,981 | Epoch: [31][220/254]	Time   0.30 (  0.39)	Data 0.0001 (0.0846)	Loss (L1) 4.639 (4.619)
2026-04-26 02:38:47,912 | Epoch: [31][230/254]	Time   0.29 (  0.39)	Data 0.0001 (0.0809)	Loss (L1) 4.221 (4.610)
2026-04-26 02:38:50,839 | Epoch: [31][240/254]	Time   0.29 (  0.38)	Data 0.0000 (0.0776)	Loss (L1) 5.259 (4.600)
2026-04-26 02:38:53,776 | Epoch: [31][250/254]	Time   0.29 (  0.38)	Data 0.0000 (0.0745)	Loss (L1) 4.284 (4.594)
2026-04-26 02:38:54,889 | Create Epoch [31] features of all training data...
2026-04-26 02:41:06,863 | Updated smoothed statistics on Epoch [31]!
2026-04-26 02:41:06,894 | Updated running statistics with Epoch [31] features!
2026-04-26 02:41:14,227 | Val: [ 0/25]	Time  7.331 ( 7.331)	Loss (MSE) 274.267 (274.267)	Loss (L1) 15.321 (15.321)
2026-04-26 02:41:18,730 | Val: [10/25]	Time  0.117 ( 1.076)	Loss (MSE) 54.224 (120.417)	Loss (L1) 6.280 (9.210)
2026-04-26 02:41:19,613 | Val: [20/25]	Time  0.083 ( 0.606)	Loss (MSE) 334.993 (134.274)	Loss (L1) 16.907 (9.521)
2026-04-26 02:41:20,178 |  * Overall: MSE 187.571	L1 11.253	G-Mean 7.666
2026-04-26 02:41:20,178 |  * Many: MSE 114.554	L1 8.667	G-Mean 5.830
2026-04-26 02:41:20,178 |  * Median: MSE 289.535	L1 15.310	G-Mean 12.466
2026-04-26 02:41:20,178 |  * Low: MSE 580.343	L1 23.539	G-Mean 22.930
2026-04-26 02:41:20,179 | Best L1 Loss: 10.508
2026-04-26 02:41:20,411 | Epoch #31: Train loss [4.5892]; Val loss: MSE [187.5707], L1 [11.2526], G-Mean [7.6662]
2026-04-26 02:41:26,398 | Epoch: [32][  0/254]	Time   5.99 (  5.99)	Data 5.7565 (5.7565)	Loss (L1) 4.290 (4.290)
2026-04-26 02:41:35,915 | Epoch: [32][ 10/254]	Time   0.29 (  1.41)	Data 0.0003 (1.1402)	Loss (L1) 4.189 (4.443)
2026-04-26 02:41:39,051 | Epoch: [32][ 20/254]	Time   0.32 (  0.89)	Data 0.0003 (0.5978)	Loss (L1) 4.908 (4.491)
2026-04-26 02:41:42,318 | Epoch: [32][ 30/254]	Time   0.33 (  0.71)	Data 0.0002 (0.4054)	Loss (L1) 4.491 (4.624)
2026-04-26 02:41:46,363 | Epoch: [32][ 40/254]	Time   0.28 (  0.63)	Data 0.0002 (0.3294)	Loss (L1) 4.459 (4.611)
2026-04-26 02:41:49,441 | Epoch: [32][ 50/254]	Time   0.32 (  0.57)	Data 0.0004 (0.2649)	Loss (L1) 4.386 (4.575)
2026-04-26 02:41:52,664 | Epoch: [32][ 60/254]	Time   0.29 (  0.53)	Data 0.0002 (0.2216)	Loss (L1) 4.324 (4.583)
2026-04-26 02:41:55,906 | Epoch: [32][ 70/254]	Time   0.32 (  0.50)	Data 0.0002 (0.1933)	Loss (L1) 4.851 (4.597)
2026-04-26 02:41:58,911 | Epoch: [32][ 80/254]	Time   0.30 (  0.48)	Data 0.0002 (0.1695)	Loss (L1) 4.303 (4.587)
2026-04-26 02:42:01,902 | Epoch: [32][ 90/254]	Time   0.28 (  0.46)	Data 0.0002 (0.1509)	Loss (L1) 4.121 (4.560)
2026-04-26 02:42:05,572 | Epoch: [32][100/254]	Time   0.31 (  0.45)	Data 0.0003 (0.1434)	Loss (L1) 5.044 (4.554)
2026-04-26 02:42:08,711 | Epoch: [32][110/254]	Time   0.30 (  0.44)	Data 0.0003 (0.1306)	Loss (L1) 4.583 (4.557)
2026-04-26 02:42:11,808 | Epoch: [32][120/254]	Time   0.33 (  0.42)	Data 0.0002 (0.1198)	Loss (L1) 4.505 (4.548)
2026-04-26 02:42:15,001 | Epoch: [32][130/254]	Time   0.35 (  0.42)	Data 0.0004 (0.1107)	Loss (L1) 4.516 (4.541)
2026-04-26 02:42:18,114 | Epoch: [32][140/254]	Time   0.34 (  0.41)	Data 0.0002 (0.1029)	Loss (L1) 4.645 (4.554)
2026-04-26 02:42:21,065 | Epoch: [32][150/254]	Time   0.29 (  0.40)	Data 0.0002 (0.0961)	Loss (L1) 4.168 (4.547)
2026-04-26 02:42:24,119 | Epoch: [32][160/254]	Time   0.33 (  0.40)	Data 0.0002 (0.0901)	Loss (L1) 4.378 (4.543)
2026-04-26 02:42:28,746 | Epoch: [32][170/254]	Time   0.34 (  0.40)	Data 0.0003 (0.0937)	Loss (L1) 4.180 (4.544)
2026-04-26 02:42:31,806 | Epoch: [32][180/254]	Time   0.31 (  0.39)	Data 0.0003 (0.0886)	Loss (L1) 4.319 (4.539)
2026-04-26 02:42:35,068 | Epoch: [32][190/254]	Time   0.30 (  0.39)	Data 0.0001 (0.0841)	Loss (L1) 4.277 (4.536)
2026-04-26 02:42:38,079 | Epoch: [32][200/254]	Time   0.30 (  0.39)	Data 0.0002 (0.0799)	Loss (L1) 3.967 (4.531)
2026-04-26 02:42:41,065 | Epoch: [32][210/254]	Time   0.29 (  0.38)	Data 0.0001 (0.0761)	Loss (L1) 4.402 (4.527)
2026-04-26 02:42:43,997 | Epoch: [32][220/254]	Time   0.29 (  0.38)	Data 0.0001 (0.0727)	Loss (L1) 4.247 (4.527)
2026-04-26 02:42:46,950 | Epoch: [32][230/254]	Time   0.30 (  0.37)	Data 0.0001 (0.0696)	Loss (L1) 4.397 (4.524)
2026-04-26 02:42:49,892 | Epoch: [32][240/254]	Time   0.30 (  0.37)	Data 0.0000 (0.0667)	Loss (L1) 5.363 (4.528)
2026-04-26 02:42:52,824 | Epoch: [32][250/254]	Time   0.29 (  0.37)	Data 0.0001 (0.0640)	Loss (L1) 4.487 (4.532)
2026-04-26 02:42:53,930 | Create Epoch [32] features of all training data...
2026-04-26 02:44:11,132 | Updated smoothed statistics on Epoch [32]!
2026-04-26 02:44:11,160 | Updated running statistics with Epoch [32] features!
2026-04-26 02:44:18,708 | Val: [ 0/25]	Time  7.547 ( 7.547)	Loss (MSE) 314.844 (314.844)	Loss (L1) 16.751 (16.751)
2026-04-26 02:44:22,703 | Val: [10/25]	Time  0.083 ( 1.049)	Loss (MSE) 47.439 (114.913)	Loss (L1) 5.703 (8.925)
2026-04-26 02:44:23,537 | Val: [20/25]	Time  0.083 ( 0.589)	Loss (MSE) 281.904 (116.753)	Loss (L1) 15.827 (8.919)
2026-04-26 02:44:24,096 |  * Overall: MSE 168.311	L1 10.682	G-Mean 7.333
2026-04-26 02:44:24,096 |  * Many: MSE 94.210	L1 7.922	G-Mean 5.409
2026-04-26 02:44:24,096 |  * Median: MSE 266.490	L1 15.003	G-Mean 12.786
2026-04-26 02:44:24,096 |  * Low: MSE 586.129	L1 23.842	G-Mean 23.471
2026-04-26 02:44:24,097 | Best L1 Loss: 10.508
2026-04-26 02:44:24,337 | Epoch #32: Train loss [4.5346]; Val loss: MSE [168.3105], L1 [10.6823], G-Mean [7.3333]
2026-04-26 02:44:37,565 | Epoch: [33][  0/254]	Time  13.23 ( 13.23)	Data 13.0022 (13.0022)	Loss (L1) 5.385 (5.385)
2026-04-26 02:44:40,608 | Epoch: [33][ 10/254]	Time   0.29 (  1.48)	Data 0.0002 (1.1823)	Loss (L1) 4.207 (4.518)
2026-04-26 02:44:43,716 | Epoch: [33][ 20/254]	Time   0.33 (  0.92)	Data 0.0002 (0.6194)	Loss (L1) 4.406 (4.392)
2026-04-26 02:44:46,991 | Epoch: [33][ 30/254]	Time   0.38 (  0.73)	Data 0.0002 (0.4202)	Loss (L1) 4.578 (4.349)
2026-04-26 02:44:50,825 | Epoch: [33][ 40/254]	Time   0.32 (  0.65)	Data 0.0003 (0.3376)	Loss (L1) 4.318 (4.340)
2026-04-26 02:44:53,932 | Epoch: [33][ 50/254]	Time   0.31 (  0.58)	Data 0.0005 (0.2718)	Loss (L1) 4.849 (4.369)
2026-04-26 02:44:57,055 | Epoch: [33][ 60/254]	Time   0.30 (  0.54)	Data 0.0002 (0.2274)	Loss (L1) 4.351 (4.378)
2026-04-26 02:45:00,454 | Epoch: [33][ 70/254]	Time   0.31 (  0.51)	Data 0.0005 (0.2007)	Loss (L1) 4.433 (4.400)
2026-04-26 02:45:03,549 | Epoch: [33][ 80/254]	Time   0.30 (  0.48)	Data 0.0003 (0.1760)	Loss (L1) 4.822 (4.421)
2026-04-26 02:45:06,855 | Epoch: [33][ 90/254]	Time   0.31 (  0.47)	Data 0.0064 (0.1569)	Loss (L1) 4.283 (4.419)
2026-04-26 02:45:10,131 | Epoch: [33][100/254]	Time   0.32 (  0.45)	Data 0.0004 (0.1415)	Loss (L1) 5.058 (4.407)
2026-04-26 02:45:13,276 | Epoch: [33][110/254]	Time   0.33 (  0.44)	Data 0.0002 (0.1288)	Loss (L1) 3.985 (4.416)
2026-04-26 02:45:16,391 | Epoch: [33][120/254]	Time   0.30 (  0.43)	Data 0.0003 (0.1182)	Loss (L1) 4.475 (4.412)
2026-04-26 02:45:19,485 | Epoch: [33][130/254]	Time   0.31 (  0.42)	Data 0.0002 (0.1092)	Loss (L1) 4.606 (4.422)
2026-04-26 02:45:22,756 | Epoch: [33][140/254]	Time   0.30 (  0.41)	Data 0.0003 (0.1015)	Loss (L1) 4.231 (4.419)
2026-04-26 02:45:25,948 | Epoch: [33][150/254]	Time   0.30 (  0.41)	Data 0.0002 (0.0948)	Loss (L1) 4.822 (4.409)
2026-04-26 02:45:28,992 | Epoch: [33][160/254]	Time   0.30 (  0.40)	Data 0.0004 (0.0889)	Loss (L1) 5.003 (4.422)
2026-04-26 02:45:32,124 | Epoch: [33][170/254]	Time   0.34 (  0.40)	Data 0.0002 (0.0837)	Loss (L1) 4.586 (4.416)
2026-04-26 02:45:35,295 | Epoch: [33][180/254]	Time   0.31 (  0.39)	Data 0.0002 (0.0791)	Loss (L1) 3.887 (4.410)
2026-04-26 02:45:38,375 | Epoch: [33][190/254]	Time   0.30 (  0.39)	Data 0.0002 (0.0752)	Loss (L1) 4.234 (4.409)
2026-04-26 02:45:41,403 | Epoch: [33][200/254]	Time   0.30 (  0.38)	Data 0.0001 (0.0714)	Loss (L1) 4.707 (4.413)
2026-04-26 02:45:44,382 | Epoch: [33][210/254]	Time   0.29 (  0.38)	Data 0.0001 (0.0681)	Loss (L1) 4.913 (4.426)
2026-04-26 02:45:47,319 | Epoch: [33][220/254]	Time   0.29 (  0.38)	Data 0.0001 (0.0650)	Loss (L1) 4.314 (4.439)
2026-04-26 02:45:50,258 | Epoch: [33][230/254]	Time   0.29 (  0.37)	Data 0.0001 (0.0622)	Loss (L1) 4.128 (4.440)
2026-04-26 02:45:53,201 | Epoch: [33][240/254]	Time   0.29 (  0.37)	Data 0.0000 (0.0596)	Loss (L1) 4.188 (4.443)
2026-04-26 02:45:56,138 | Epoch: [33][250/254]	Time   0.29 (  0.37)	Data 0.0000 (0.0572)	Loss (L1) 4.668 (4.448)
2026-04-26 02:45:57,259 | Create Epoch [33] features of all training data...
2026-04-26 02:47:15,091 | Updated smoothed statistics on Epoch [33]!
2026-04-26 02:47:15,120 | Updated running statistics with Epoch [33] features!
2026-04-26 02:47:21,383 | Val: [ 0/25]	Time  6.262 ( 6.262)	Loss (MSE) 236.761 (236.761)	Loss (L1) 14.049 (14.049)
2026-04-26 02:47:26,764 | Val: [10/25]	Time  0.083 ( 1.059)	Loss (MSE) 50.728 (95.863)	Loss (L1) 5.864 (8.165)
2026-04-26 02:47:27,597 | Val: [20/25]	Time  0.083 ( 0.594)	Loss (MSE) 463.117 (146.214)	Loss (L1) 20.345 (9.660)
2026-04-26 02:47:28,167 |  * Overall: MSE 222.810	L1 11.922	G-Mean 7.690
2026-04-26 02:47:28,167 |  * Many: MSE 133.253	L1 9.041	G-Mean 5.767
2026-04-26 02:47:28,167 |  * Median: MSE 336.026	L1 16.100	G-Mean 12.549
2026-04-26 02:47:28,167 |  * Low: MSE 747.519	L1 26.861	G-Mean 26.305
2026-04-26 02:47:28,168 | Best L1 Loss: 10.508
2026-04-26 02:47:28,396 | Epoch #33: Train loss [4.4468]; Val loss: MSE [222.8096], L1 [11.9220], G-Mean [7.6904]
2026-04-26 02:47:43,348 | Epoch: [34][  0/254]	Time  14.95 ( 14.95)	Data 14.8007 (14.8007)	Loss (L1) 4.366 (4.366)
2026-04-26 02:47:46,345 | Epoch: [34][ 10/254]	Time   0.30 (  1.63)	Data 0.0004 (1.3460)	Loss (L1) 4.398 (4.470)
2026-04-26 02:47:49,347 | Epoch: [34][ 20/254]	Time   0.29 (  1.00)	Data 0.0002 (0.7052)	Loss (L1) 6.728 (4.558)
2026-04-26 02:47:52,380 | Epoch: [34][ 30/254]	Time   0.30 (  0.77)	Data 0.0007 (0.4786)	Loss (L1) 4.582 (4.575)
2026-04-26 02:47:56,748 | Epoch: [34][ 40/254]	Time   0.32 (  0.69)	Data 0.0003 (0.3991)	Loss (L1) 4.498 (4.502)
2026-04-26 02:47:59,988 | Epoch: [34][ 50/254]	Time   0.30 (  0.62)	Data 0.0002 (0.3210)	Loss (L1) 4.039 (4.457)
2026-04-26 02:48:03,011 | Epoch: [34][ 60/254]	Time   0.31 (  0.57)	Data 0.0003 (0.2685)	Loss (L1) 4.493 (4.451)
2026-04-26 02:48:07,582 | Epoch: [34][ 70/254]	Time   0.30 (  0.55)	Data 0.0002 (0.2567)	Loss (L1) 4.864 (4.442)
2026-04-26 02:48:10,579 | Epoch: [34][ 80/254]	Time   0.31 (  0.52)	Data 0.0003 (0.2250)	Loss (L1) 5.410 (4.443)
2026-04-26 02:48:13,621 | Epoch: [34][ 90/254]	Time   0.30 (  0.50)	Data 0.0003 (0.2003)	Loss (L1) 4.350 (4.433)
2026-04-26 02:48:16,679 | Epoch: [34][100/254]	Time   0.29 (  0.48)	Data 0.0004 (0.1805)	Loss (L1) 4.383 (4.442)
2026-04-26 02:48:19,720 | Epoch: [34][110/254]	Time   0.29 (  0.46)	Data 0.0003 (0.1643)	Loss (L1) 3.943 (4.473)
2026-04-26 02:48:22,810 | Epoch: [34][120/254]	Time   0.32 (  0.45)	Data 0.0003 (0.1508)	Loss (L1) 4.013 (4.481)
2026-04-26 02:48:25,853 | Epoch: [34][130/254]	Time   0.30 (  0.44)	Data 0.0066 (0.1393)	Loss (L1) 4.915 (4.498)
2026-04-26 02:48:28,877 | Epoch: [34][140/254]	Time   0.30 (  0.43)	Data 0.0004 (0.1295)	Loss (L1) 4.693 (4.498)
2026-04-26 02:48:31,878 | Epoch: [34][150/254]	Time   0.31 (  0.42)	Data 0.0003 (0.1209)	Loss (L1) 4.241 (4.508)
2026-04-26 02:48:34,924 | Epoch: [34][160/254]	Time   0.29 (  0.41)	Data 0.0004 (0.1134)	Loss (L1) 5.079 (4.507)
2026-04-26 02:48:38,049 | Epoch: [34][170/254]	Time   0.32 (  0.41)	Data 0.0004 (0.1078)	Loss (L1) 4.707 (4.505)
2026-04-26 02:48:41,081 | Epoch: [34][180/254]	Time   0.30 (  0.40)	Data 0.0003 (0.1019)	Loss (L1) 4.191 (4.503)
2026-04-26 02:48:44,100 | Epoch: [34][190/254]	Time   0.30 (  0.40)	Data 0.0002 (0.0968)	Loss (L1) 4.506 (4.498)
2026-04-26 02:48:47,544 | Epoch: [34][200/254]	Time   0.30 (  0.39)	Data 0.0001 (0.0949)	Loss (L1) 4.019 (4.480)
2026-04-26 02:48:50,541 | Epoch: [34][210/254]	Time   0.30 (  0.39)	Data 0.0001 (0.0904)	Loss (L1) 4.370 (4.471)
2026-04-26 02:48:53,501 | Epoch: [34][220/254]	Time   0.30 (  0.39)	Data 0.0001 (0.0863)	Loss (L1) 3.879 (4.464)
2026-04-26 02:48:56,461 | Epoch: [34][230/254]	Time   0.29 (  0.38)	Data 0.0001 (0.0826)	Loss (L1) 3.782 (4.455)
2026-04-26 02:48:59,416 | Epoch: [34][240/254]	Time   0.30 (  0.38)	Data 0.0001 (0.0791)	Loss (L1) 4.394 (4.447)
2026-04-26 02:49:02,352 | Epoch: [34][250/254]	Time   0.29 (  0.37)	Data 0.0001 (0.0760)	Loss (L1) 3.674 (4.435)
2026-04-26 02:49:03,476 | Create Epoch [34] features of all training data...
2026-04-26 02:50:22,058 | Updated smoothed statistics on Epoch [34]!
2026-04-26 02:50:22,088 | Updated running statistics with Epoch [34] features!
2026-04-26 02:50:32,612 | Val: [ 0/25]	Time 10.522 (10.522)	Loss (MSE) 276.085 (276.085)	Loss (L1) 15.326 (15.326)
2026-04-26 02:50:33,524 | Val: [10/25]	Time  0.084 ( 1.039)	Loss (MSE) 63.769 (120.504)	Loss (L1) 6.672 (9.251)
2026-04-26 02:50:34,358 | Val: [20/25]	Time  0.083 ( 0.584)	Loss (MSE) 366.450 (142.579)	Loss (L1) 17.640 (9.808)
2026-04-26 02:50:34,929 |  * Overall: MSE 200.722	L1 11.635	G-Mean 7.925
2026-04-26 02:50:34,929 |  * Many: MSE 123.736	L1 8.997	G-Mean 6.054
2026-04-26 02:50:34,929 |  * Median: MSE 305.408	L1 15.703	G-Mean 12.709
2026-04-26 02:50:34,929 |  * Low: MSE 625.083	L1 24.434	G-Mean 23.821
2026-04-26 02:50:34,930 | Best L1 Loss: 10.508
2026-04-26 02:50:35,169 | Epoch #34: Train loss [4.4314]; Val loss: MSE [200.7225], L1 [11.6352], G-Mean [7.9253]
2026-04-26 02:50:48,065 | Epoch: [35][  0/254]	Time  12.89 ( 12.89)	Data 12.7504 (12.7504)	Loss (L1) 3.988 (3.988)
2026-04-26 02:50:51,481 | Epoch: [35][ 10/254]	Time   0.30 (  1.48)	Data 0.0002 (1.2128)	Loss (L1) 3.645 (4.260)
2026-04-26 02:50:54,497 | Epoch: [35][ 20/254]	Time   0.30 (  0.92)	Data 0.0002 (0.6354)	Loss (L1) 5.157 (4.416)
2026-04-26 02:50:57,497 | Epoch: [35][ 30/254]	Time   0.30 (  0.72)	Data 0.0002 (0.4305)	Loss (L1) 4.159 (4.461)
2026-04-26 02:51:00,501 | Epoch: [35][ 40/254]	Time   0.29 (  0.62)	Data 0.0002 (0.3256)	Loss (L1) 5.339 (4.401)
2026-04-26 02:51:03,514 | Epoch: [35][ 50/254]	Time   0.32 (  0.56)	Data 0.0125 (0.2620)	Loss (L1) 4.164 (4.411)
2026-04-26 02:51:06,503 | Epoch: [35][ 60/254]	Time   0.30 (  0.51)	Data 0.0002 (0.2191)	Loss (L1) 3.960 (4.384)
2026-04-26 02:51:09,643 | Epoch: [35][ 70/254]	Time   0.31 (  0.49)	Data 0.0003 (0.1885)	Loss (L1) 4.207 (4.365)
2026-04-26 02:51:12,668 | Epoch: [35][ 80/254]	Time   0.30 (  0.46)	Data 0.0002 (0.1652)	Loss (L1) 4.671 (4.362)
2026-04-26 02:51:15,792 | Epoch: [35][ 90/254]	Time   0.39 (  0.45)	Data 0.0003 (0.1472)	Loss (L1) 4.709 (4.361)
2026-04-26 02:51:18,908 | Epoch: [35][100/254]	Time   0.30 (  0.43)	Data 0.0002 (0.1326)	Loss (L1) 4.101 (4.368)
2026-04-26 02:51:22,030 | Epoch: [35][110/254]	Time   0.34 (  0.42)	Data 0.0003 (0.1207)	Loss (L1) 4.839 (4.374)
2026-04-26 02:51:25,069 | Epoch: [35][120/254]	Time   0.31 (  0.41)	Data 0.0002 (0.1107)	Loss (L1) 4.119 (4.369)
2026-04-26 02:51:28,099 | Epoch: [35][130/254]	Time   0.31 (  0.40)	Data 0.0003 (0.1023)	Loss (L1) 3.935 (4.362)
2026-04-26 02:51:31,159 | Epoch: [35][140/254]	Time   0.31 (  0.40)	Data 0.0003 (0.0952)	Loss (L1) 3.873 (4.356)
2026-04-26 02:51:34,290 | Epoch: [35][150/254]	Time   0.34 (  0.39)	Data 0.0002 (0.0889)	Loss (L1) 4.094 (4.365)
2026-04-26 02:51:37,331 | Epoch: [35][160/254]	Time   0.30 (  0.39)	Data 0.0003 (0.0834)	Loss (L1) 4.651 (4.365)
2026-04-26 02:51:40,413 | Epoch: [35][170/254]	Time   0.30 (  0.38)	Data 0.0002 (0.0785)	Loss (L1) 4.829 (4.364)
2026-04-26 02:51:43,499 | Epoch: [35][180/254]	Time   0.33 (  0.38)	Data 0.0002 (0.0742)	Loss (L1) 3.971 (4.368)
2026-04-26 02:51:46,521 | Epoch: [35][190/254]	Time   0.30 (  0.37)	Data 0.0001 (0.0705)	Loss (L1) 4.214 (4.366)
2026-04-26 02:51:49,523 | Epoch: [35][200/254]	Time   0.30 (  0.37)	Data 0.0001 (0.0670)	Loss (L1) 3.908 (4.380)
2026-04-26 02:51:52,519 | Epoch: [35][210/254]	Time   0.30 (  0.37)	Data 0.0001 (0.0639)	Loss (L1) 4.884 (4.374)
2026-04-26 02:51:55,475 | Epoch: [35][220/254]	Time   0.30 (  0.36)	Data 0.0001 (0.0610)	Loss (L1) 4.688 (4.372)
2026-04-26 02:51:58,406 | Epoch: [35][230/254]	Time   0.30 (  0.36)	Data 0.0001 (0.0583)	Loss (L1) 4.172 (4.360)
2026-04-26 02:52:01,330 | Epoch: [35][240/254]	Time   0.29 (  0.36)	Data 0.0001 (0.0559)	Loss (L1) 3.803 (4.355)
2026-04-26 02:52:04,265 | Epoch: [35][250/254]	Time   0.29 (  0.35)	Data 0.0001 (0.0537)	Loss (L1) 4.714 (4.361)
2026-04-26 02:52:05,385 | Create Epoch [35] features of all training data...
2026-04-26 02:53:22,727 | Updated smoothed statistics on Epoch [35]!
2026-04-26 02:53:22,755 | Updated running statistics with Epoch [35] features!
2026-04-26 02:53:33,069 | Val: [ 0/25]	Time 10.312 (10.312)	Loss (MSE) 262.208 (262.208)	Loss (L1) 14.959 (14.959)
2026-04-26 02:53:34,313 | Val: [10/25]	Time  0.083 ( 1.051)	Loss (MSE) 35.835 (96.280)	Loss (L1) 4.812 (8.131)
2026-04-26 02:53:35,146 | Val: [20/25]	Time  0.083 ( 0.590)	Loss (MSE) 301.439 (110.953)	Loss (L1) 16.548 (8.614)
2026-04-26 02:53:35,711 |  * Overall: MSE 170.686	L1 10.578	G-Mean 7.065
2026-04-26 02:53:35,711 |  * Many: MSE 91.640	L1 7.725	G-Mean 5.197
2026-04-26 02:53:35,711 |  * Median: MSE 268.646	L1 14.856	G-Mean 12.157
2026-04-26 02:53:35,711 |  * Low: MSE 640.956	L1 24.852	G-Mean 24.359
2026-04-26 02:53:35,712 | Best L1 Loss: 10.508
2026-04-26 02:53:35,943 | Epoch #35: Train loss [4.3607]; Val loss: MSE [170.6858], L1 [10.5778], G-Mean [7.0649]
2026-04-26 02:53:48,243 | Epoch: [36][  0/254]	Time  12.30 ( 12.30)	Data 12.1253 (12.1253)	Loss (L1) 3.704 (3.704)
2026-04-26 02:53:51,780 | Epoch: [36][ 10/254]	Time   0.30 (  1.44)	Data 0.0002 (1.1026)	Loss (L1) 3.994 (4.394)
2026-04-26 02:53:55,010 | Epoch: [36][ 20/254]	Time   0.30 (  0.91)	Data 0.0002 (0.5777)	Loss (L1) 4.638 (4.365)
2026-04-26 02:53:58,097 | Epoch: [36][ 30/254]	Time   0.31 (  0.71)	Data 0.0002 (0.3918)	Loss (L1) 4.364 (4.451)
2026-04-26 02:54:01,318 | Epoch: [36][ 40/254]	Time   0.32 (  0.62)	Data 0.0002 (0.2966)	Loss (L1) 4.352 (4.424)
2026-04-26 02:54:04,393 | Epoch: [36][ 50/254]	Time   0.29 (  0.56)	Data 0.0002 (0.2386)	Loss (L1) 5.290 (4.418)
2026-04-26 02:54:07,607 | Epoch: [36][ 60/254]	Time   0.32 (  0.52)	Data 0.0051 (0.1996)	Loss (L1) 3.952 (4.393)
2026-04-26 02:54:10,993 | Epoch: [36][ 70/254]	Time   0.33 (  0.49)	Data 0.0002 (0.1716)	Loss (L1) 4.073 (4.366)
2026-04-26 02:54:14,085 | Epoch: [36][ 80/254]	Time   0.30 (  0.47)	Data 0.0002 (0.1504)	Loss (L1) 3.935 (4.342)
2026-04-26 02:54:17,272 | Epoch: [36][ 90/254]	Time   0.28 (  0.45)	Data 0.0002 (0.1339)	Loss (L1) 4.186 (4.339)
2026-04-26 02:54:20,383 | Epoch: [36][100/254]	Time   0.30 (  0.44)	Data 0.0002 (0.1207)	Loss (L1) 4.388 (4.334)
2026-04-26 02:54:23,526 | Epoch: [36][110/254]	Time   0.32 (  0.43)	Data 0.0002 (0.1101)	Loss (L1) 4.339 (4.362)
2026-04-26 02:54:26,697 | Epoch: [36][120/254]	Time   0.30 (  0.42)	Data 0.0002 (0.1010)	Loss (L1) 4.396 (4.388)
2026-04-26 02:54:29,896 | Epoch: [36][130/254]	Time   0.30 (  0.41)	Data 0.0002 (0.0933)	Loss (L1) 3.975 (4.397)
2026-04-26 02:54:32,980 | Epoch: [36][140/254]	Time   0.31 (  0.40)	Data 0.0002 (0.0868)	Loss (L1) 5.899 (4.401)
2026-04-26 02:54:36,223 | Epoch: [36][150/254]	Time   0.29 (  0.40)	Data 0.0002 (0.0811)	Loss (L1) 4.258 (4.398)
2026-04-26 02:54:39,457 | Epoch: [36][160/254]	Time   0.28 (  0.39)	Data 0.0002 (0.0761)	Loss (L1) 5.247 (4.392)
2026-04-26 02:54:42,621 | Epoch: [36][170/254]	Time   0.30 (  0.39)	Data 0.0002 (0.0716)	Loss (L1) 4.630 (4.390)
2026-04-26 02:54:45,694 | Epoch: [36][180/254]	Time   0.30 (  0.39)	Data 0.0002 (0.0677)	Loss (L1) 4.162 (4.370)
2026-04-26 02:54:48,907 | Epoch: [36][190/254]	Time   0.29 (  0.38)	Data 0.0001 (0.0643)	Loss (L1) 5.435 (4.370)
2026-04-26 02:54:52,002 | Epoch: [36][200/254]	Time   0.30 (  0.38)	Data 0.0002 (0.0611)	Loss (L1) 4.349 (4.365)
2026-04-26 02:54:55,001 | Epoch: [36][210/254]	Time   0.30 (  0.37)	Data 0.0001 (0.0582)	Loss (L1) 5.105 (4.374)
2026-04-26 02:54:57,942 | Epoch: [36][220/254]	Time   0.30 (  0.37)	Data 0.0001 (0.0556)	Loss (L1) 4.716 (4.380)
2026-04-26 02:55:00,879 | Epoch: [36][230/254]	Time   0.29 (  0.37)	Data 0.0001 (0.0532)	Loss (L1) 4.561 (4.375)
2026-04-26 02:55:03,820 | Epoch: [36][240/254]	Time   0.29 (  0.36)	Data 0.0001 (0.0510)	Loss (L1) 4.411 (4.369)
2026-04-26 02:55:06,767 | Epoch: [36][250/254]	Time   0.29 (  0.36)	Data 0.0001 (0.0490)	Loss (L1) 4.125 (4.375)
2026-04-26 02:55:07,885 | Create Epoch [36] features of all training data...
2026-04-26 02:56:25,523 | Updated smoothed statistics on Epoch [36]!
2026-04-26 02:56:25,553 | Updated running statistics with Epoch [36] features!
2026-04-26 02:56:34,592 | Val: [ 0/25]	Time  9.037 ( 9.037)	Loss (MSE) 247.115 (247.115)	Loss (L1) 14.308 (14.308)
2026-04-26 02:56:37,303 | Val: [10/25]	Time  0.084 ( 1.068)	Loss (MSE) 48.956 (100.384)	Loss (L1) 5.723 (8.283)
2026-04-26 02:56:38,141 | Val: [20/25]	Time  0.083 ( 0.599)	Loss (MSE) 339.428 (125.716)	Loss (L1) 17.285 (9.049)
2026-04-26 02:56:38,725 |  * Overall: MSE 185.832	L1 10.981	G-Mean 7.245
2026-04-26 02:56:38,725 |  * Many: MSE 108.882	L1 8.269	G-Mean 5.405
2026-04-26 02:56:38,725 |  * Median: MSE 283.451	L1 15.029	G-Mean 12.108
2026-04-26 02:56:38,725 |  * Low: MSE 635.455	L1 24.633	G-Mean 24.011
2026-04-26 02:56:38,726 | Best L1 Loss: 10.508
2026-04-26 02:56:38,956 | Epoch #36: Train loss [4.3751]; Val loss: MSE [185.8322], L1 [10.9814], G-Mean [7.2450]
2026-04-26 02:56:44,726 | Epoch: [37][  0/254]	Time   5.77 (  5.77)	Data 5.6240 (5.6240)	Loss (L1) 4.223 (4.223)
2026-04-26 02:56:55,623 | Epoch: [37][ 10/254]	Time   0.30 (  1.52)	Data 0.0002 (1.2458)	Loss (L1) 4.456 (4.099)
2026-04-26 02:56:58,610 | Epoch: [37][ 20/254]	Time   0.30 (  0.94)	Data 0.0002 (0.6527)	Loss (L1) 4.282 (4.130)
2026-04-26 02:57:01,656 | Epoch: [37][ 30/254]	Time   0.33 (  0.73)	Data 0.0002 (0.4422)	Loss (L1) 4.080 (4.186)
2026-04-26 02:57:05,016 | Epoch: [37][ 40/254]	Time   0.33 (  0.64)	Data 0.0002 (0.3453)	Loss (L1) 4.121 (4.264)
2026-04-26 02:57:08,042 | Epoch: [37][ 50/254]	Time   0.30 (  0.57)	Data 0.0002 (0.2778)	Loss (L1) 3.559 (4.280)
2026-04-26 02:57:11,074 | Epoch: [37][ 60/254]	Time   0.32 (  0.53)	Data 0.0004 (0.2323)	Loss (L1) 4.150 (4.276)
2026-04-26 02:57:14,076 | Epoch: [37][ 70/254]	Time   0.30 (  0.49)	Data 0.0002 (0.1996)	Loss (L1) 5.072 (4.307)
2026-04-26 02:57:17,096 | Epoch: [37][ 80/254]	Time   0.30 (  0.47)	Data 0.0002 (0.1750)	Loss (L1) 3.938 (4.319)
2026-04-26 02:57:20,178 | Epoch: [37][ 90/254]	Time   0.31 (  0.45)	Data 0.0002 (0.1558)	Loss (L1) 4.223 (4.323)
2026-04-26 02:57:23,317 | Epoch: [37][100/254]	Time   0.34 (  0.44)	Data 0.0002 (0.1404)	Loss (L1) 4.218 (4.347)
2026-04-26 02:57:26,333 | Epoch: [37][110/254]	Time   0.30 (  0.43)	Data 0.0002 (0.1278)	Loss (L1) 4.345 (4.371)
2026-04-26 02:57:29,333 | Epoch: [37][120/254]	Time   0.30 (  0.42)	Data 0.0002 (0.1174)	Loss (L1) 3.802 (4.371)
2026-04-26 02:57:32,398 | Epoch: [37][130/254]	Time   0.30 (  0.41)	Data 0.0003 (0.1084)	Loss (L1) 4.762 (4.372)
2026-04-26 02:57:35,454 | Epoch: [37][140/254]	Time   0.30 (  0.40)	Data 0.0002 (0.1008)	Loss (L1) 5.826 (4.383)
2026-04-26 02:57:38,461 | Epoch: [37][150/254]	Time   0.30 (  0.39)	Data 0.0003 (0.0941)	Loss (L1) 4.321 (4.391)
2026-04-26 02:57:41,603 | Epoch: [37][160/254]	Time   0.30 (  0.39)	Data 0.0003 (0.0883)	Loss (L1) 4.076 (4.375)
2026-04-26 02:57:44,644 | Epoch: [37][170/254]	Time   0.30 (  0.38)	Data 0.0003 (0.0831)	Loss (L1) 3.982 (4.355)
2026-04-26 02:57:47,714 | Epoch: [37][180/254]	Time   0.31 (  0.38)	Data 0.0002 (0.0785)	Loss (L1) 4.846 (4.357)
2026-04-26 02:57:50,857 | Epoch: [37][190/254]	Time   0.29 (  0.38)	Data 0.0001 (0.0746)	Loss (L1) 4.550 (4.354)
2026-04-26 02:57:53,960 | Epoch: [37][200/254]	Time   0.30 (  0.37)	Data 0.0001 (0.0709)	Loss (L1) 4.257 (4.349)
2026-04-26 02:57:56,963 | Epoch: [37][210/254]	Time   0.30 (  0.37)	Data 0.0001 (0.0675)	Loss (L1) 3.492 (4.341)
2026-04-26 02:57:59,926 | Epoch: [37][220/254]	Time   0.30 (  0.37)	Data 0.0001 (0.0645)	Loss (L1) 4.325 (4.325)
2026-04-26 02:58:02,873 | Epoch: [37][230/254]	Time   0.29 (  0.36)	Data 0.0002 (0.0617)	Loss (L1) 4.285 (4.322)
2026-04-26 02:58:05,816 | Epoch: [37][240/254]	Time   0.30 (  0.36)	Data 0.0001 (0.0591)	Loss (L1) 4.981 (4.321)
2026-04-26 02:58:08,752 | Epoch: [37][250/254]	Time   0.29 (  0.36)	Data 0.0001 (0.0568)	Loss (L1) 3.967 (4.313)
2026-04-26 02:58:09,853 | Create Epoch [37] features of all training data...
2026-04-26 02:59:27,357 | Updated smoothed statistics on Epoch [37]!
2026-04-26 02:59:27,385 | Updated running statistics with Epoch [37] features!
2026-04-26 02:59:38,485 | Val: [ 0/25]	Time 11.098 (11.098)	Loss (MSE) 247.524 (247.524)	Loss (L1) 14.330 (14.330)
2026-04-26 02:59:39,318 | Val: [10/25]	Time  0.083 ( 1.085)	Loss (MSE) 68.780 (108.397)	Loss (L1) 6.824 (8.603)
2026-04-26 02:59:40,153 | Val: [20/25]	Time  0.083 ( 0.608)	Loss (MSE) 333.152 (131.620)	Loss (L1) 16.828 (9.308)
2026-04-26 02:59:40,714 |  * Overall: MSE 183.572	L1 11.026	G-Mean 7.411
2026-04-26 02:59:40,714 |  * Many: MSE 118.539	L1 8.703	G-Mean 5.736
2026-04-26 02:59:40,714 |  * Median: MSE 261.946	L1 14.300	G-Mean 11.372
2026-04-26 02:59:40,714 |  * Low: MSE 578.536	L1 23.414	G-Mean 22.757
2026-04-26 02:59:40,715 | Best L1 Loss: 10.508
2026-04-26 02:59:40,947 | Epoch #37: Train loss [4.3128]; Val loss: MSE [183.5723], L1 [11.0257], G-Mean [7.4109]
2026-04-26 02:59:54,249 | Epoch: [38][  0/254]	Time  13.30 ( 13.30)	Data 13.1216 (13.1216)	Loss (L1) 3.510 (3.510)
2026-04-26 02:59:57,382 | Epoch: [38][ 10/254]	Time   0.35 (  1.49)	Data 0.0002 (1.1933)	Loss (L1) 4.046 (4.258)
2026-04-26 03:00:00,529 | Epoch: [38][ 20/254]	Time   0.30 (  0.93)	Data 0.0003 (0.6252)	Loss (L1) 4.275 (4.265)
2026-04-26 03:00:03,613 | Epoch: [38][ 30/254]	Time   0.32 (  0.73)	Data 0.0003 (0.4237)	Loss (L1) 3.706 (4.376)
2026-04-26 03:00:07,707 | Epoch: [38][ 40/254]	Time   0.31 (  0.65)	Data 0.0003 (0.3491)	Loss (L1) 4.706 (4.373)
2026-04-26 03:00:10,990 | Epoch: [38][ 50/254]	Time   0.34 (  0.59)	Data 0.0003 (0.2811)	Loss (L1) 3.805 (4.348)
2026-04-26 03:00:14,142 | Epoch: [38][ 60/254]	Time   0.30 (  0.54)	Data 0.0003 (0.2352)	Loss (L1) 3.225 (4.374)
2026-04-26 03:00:17,207 | Epoch: [38][ 70/254]	Time   0.30 (  0.51)	Data 0.0003 (0.2021)	Loss (L1) 4.785 (4.357)
2026-04-26 03:00:20,345 | Epoch: [38][ 80/254]	Time   0.34 (  0.49)	Data 0.0003 (0.1772)	Loss (L1) 5.269 (4.351)
2026-04-26 03:00:23,444 | Epoch: [38][ 90/254]	Time   0.29 (  0.47)	Data 0.0003 (0.1578)	Loss (L1) 4.156 (4.361)
2026-04-26 03:00:26,462 | Epoch: [38][100/254]	Time   0.30 (  0.45)	Data 0.0003 (0.1422)	Loss (L1) 4.743 (4.343)
2026-04-26 03:00:29,571 | Epoch: [38][110/254]	Time   0.28 (  0.44)	Data 0.0002 (0.1294)	Loss (L1) 3.932 (4.344)
2026-04-26 03:00:32,630 | Epoch: [38][120/254]	Time   0.28 (  0.43)	Data 0.0003 (0.1188)	Loss (L1) 3.974 (4.342)
2026-04-26 03:00:35,678 | Epoch: [38][130/254]	Time   0.30 (  0.42)	Data 0.0003 (0.1097)	Loss (L1) 4.035 (4.341)
2026-04-26 03:00:38,747 | Epoch: [38][140/254]	Time   0.30 (  0.41)	Data 0.0003 (0.1020)	Loss (L1) 4.796 (4.341)
2026-04-26 03:00:41,865 | Epoch: [38][150/254]	Time   0.30 (  0.40)	Data 0.0004 (0.0953)	Loss (L1) 3.904 (4.337)
2026-04-26 03:00:44,930 | Epoch: [38][160/254]	Time   0.31 (  0.40)	Data 0.0004 (0.0894)	Loss (L1) 4.159 (4.344)
2026-04-26 03:00:47,988 | Epoch: [38][170/254]	Time   0.30 (  0.39)	Data 0.0003 (0.0842)	Loss (L1) 3.506 (4.332)
2026-04-26 03:00:51,130 | Epoch: [38][180/254]	Time   0.30 (  0.39)	Data 0.0004 (0.0796)	Loss (L1) 3.919 (4.315)
2026-04-26 03:00:54,216 | Epoch: [38][190/254]	Time   0.32 (  0.38)	Data 0.0002 (0.0756)	Loss (L1) 4.020 (4.311)
2026-04-26 03:00:57,270 | Epoch: [38][200/254]	Time   0.30 (  0.38)	Data 0.0001 (0.0719)	Loss (L1) 4.690 (4.308)
2026-04-26 03:01:00,252 | Epoch: [38][210/254]	Time   0.30 (  0.38)	Data 0.0001 (0.0685)	Loss (L1) 4.425 (4.308)
2026-04-26 03:01:03,225 | Epoch: [38][220/254]	Time   0.30 (  0.37)	Data 0.0001 (0.0654)	Loss (L1) 4.686 (4.313)
2026-04-26 03:01:06,197 | Epoch: [38][230/254]	Time   0.30 (  0.37)	Data 0.0001 (0.0625)	Loss (L1) 4.491 (4.309)
2026-04-26 03:01:09,144 | Epoch: [38][240/254]	Time   0.29 (  0.37)	Data 0.0001 (0.0600)	Loss (L1) 3.605 (4.305)
2026-04-26 03:01:12,082 | Epoch: [38][250/254]	Time   0.29 (  0.36)	Data 0.0001 (0.0576)	Loss (L1) 3.601 (4.293)
2026-04-26 03:01:13,213 | Create Epoch [38] features of all training data...
2026-04-26 03:02:31,845 | Updated smoothed statistics on Epoch [38]!
2026-04-26 03:02:31,875 | Updated running statistics with Epoch [38] features!
2026-04-26 03:02:42,437 | Val: [ 0/25]	Time 10.560 (10.560)	Loss (MSE) 262.062 (262.062)	Loss (L1) 14.918 (14.918)
2026-04-26 03:02:43,275 | Val: [10/25]	Time  0.083 ( 1.036)	Loss (MSE) 58.870 (114.932)	Loss (L1) 6.337 (8.920)
2026-04-26 03:02:44,109 | Val: [20/25]	Time  0.084 ( 0.582)	Loss (MSE) 310.382 (127.410)	Loss (L1) 16.511 (9.363)
2026-04-26 03:02:44,683 |  * Overall: MSE 184.948	L1 11.223	G-Mean 7.707
2026-04-26 03:02:44,684 |  * Many: MSE 110.431	L1 8.623	G-Mean 5.896
2026-04-26 03:02:44,684 |  * Median: MSE 274.977	L1 14.959	G-Mean 12.129
2026-04-26 03:02:44,684 |  * Low: MSE 636.677	L1 24.834	G-Mean 24.397
2026-04-26 03:02:44,685 | Best L1 Loss: 10.508
2026-04-26 03:02:44,922 | Epoch #38: Train loss [4.2901]; Val loss: MSE [184.9475], L1 [11.2235], G-Mean [7.7068]
2026-04-26 03:02:56,914 | Epoch: [39][  0/254]	Time  11.99 ( 11.99)	Data 11.8287 (11.8287)	Loss (L1) 3.522 (3.522)
2026-04-26 03:03:01,417 | Epoch: [39][ 10/254]	Time   0.30 (  1.50)	Data 0.0002 (1.2265)	Loss (L1) 4.084 (4.117)
2026-04-26 03:03:04,395 | Epoch: [39][ 20/254]	Time   0.30 (  0.93)	Data 0.0003 (0.6426)	Loss (L1) 4.714 (4.184)
2026-04-26 03:03:07,411 | Epoch: [39][ 30/254]	Time   0.30 (  0.73)	Data 0.0003 (0.4354)	Loss (L1) 4.221 (4.209)
2026-04-26 03:03:10,405 | Epoch: [39][ 40/254]	Time   0.30 (  0.62)	Data 0.0002 (0.3325)	Loss (L1) 4.716 (4.235)
2026-04-26 03:03:13,415 | Epoch: [39][ 50/254]	Time   0.30 (  0.56)	Data 0.0003 (0.2673)	Loss (L1) 4.190 (4.214)
2026-04-26 03:03:16,466 | Epoch: [39][ 60/254]	Time   0.29 (  0.52)	Data 0.0002 (0.2235)	Loss (L1) 4.568 (4.190)
2026-04-26 03:03:19,606 | Epoch: [39][ 70/254]	Time   0.33 (  0.49)	Data 0.0002 (0.1923)	Loss (L1) 3.951 (4.178)
2026-04-26 03:03:22,676 | Epoch: [39][ 80/254]	Time   0.30 (  0.47)	Data 0.0002 (0.1686)	Loss (L1) 3.797 (4.149)
2026-04-26 03:03:25,672 | Epoch: [39][ 90/254]	Time   0.31 (  0.45)	Data 0.0002 (0.1501)	Loss (L1) 3.738 (4.150)
2026-04-26 03:03:28,759 | Epoch: [39][100/254]	Time   0.30 (  0.43)	Data 0.0002 (0.1356)	Loss (L1) 4.426 (4.169)
2026-04-26 03:03:31,854 | Epoch: [39][110/254]	Time   0.30 (  0.42)	Data 0.0003 (0.1234)	Loss (L1) 4.125 (4.174)
2026-04-26 03:03:34,966 | Epoch: [39][120/254]	Time   0.30 (  0.41)	Data 0.0003 (0.1132)	Loss (L1) 4.013 (4.191)
2026-04-26 03:03:38,039 | Epoch: [39][130/254]	Time   0.30 (  0.41)	Data 0.0002 (0.1046)	Loss (L1) 4.606 (4.201)
2026-04-26 03:03:41,050 | Epoch: [39][140/254]	Time   0.31 (  0.40)	Data 0.0002 (0.0972)	Loss (L1) 5.005 (4.215)
2026-04-26 03:03:44,104 | Epoch: [39][150/254]	Time   0.30 (  0.39)	Data 0.0003 (0.0910)	Loss (L1) 4.128 (4.211)
2026-04-26 03:03:47,173 | Epoch: [39][160/254]	Time   0.31 (  0.39)	Data 0.0003 (0.0854)	Loss (L1) 4.021 (4.203)
2026-04-26 03:03:50,172 | Epoch: [39][170/254]	Time   0.30 (  0.38)	Data 0.0002 (0.0805)	Loss (L1) 4.060 (4.227)
2026-04-26 03:03:53,190 | Epoch: [39][180/254]	Time   0.30 (  0.38)	Data 0.0002 (0.0761)	Loss (L1) 4.681 (4.220)
2026-04-26 03:03:56,238 | Epoch: [39][190/254]	Time   0.30 (  0.37)	Data 0.0001 (0.0724)	Loss (L1) 4.546 (4.223)
2026-04-26 03:03:59,352 | Epoch: [39][200/254]	Time   0.30 (  0.37)	Data 0.0001 (0.0688)	Loss (L1) 4.332 (4.229)
2026-04-26 03:04:02,338 | Epoch: [39][210/254]	Time   0.30 (  0.37)	Data 0.0001 (0.0655)	Loss (L1) 4.146 (4.230)
2026-04-26 03:04:05,307 | Epoch: [39][220/254]	Time   0.30 (  0.36)	Data 0.0001 (0.0626)	Loss (L1) 4.050 (4.223)
2026-04-26 03:04:08,281 | Epoch: [39][230/254]	Time   0.30 (  0.36)	Data 0.0001 (0.0599)	Loss (L1) 3.711 (4.225)
2026-04-26 03:04:11,233 | Epoch: [39][240/254]	Time   0.29 (  0.36)	Data 0.0001 (0.0574)	Loss (L1) 3.711 (4.232)
2026-04-26 03:04:14,188 | Epoch: [39][250/254]	Time   0.29 (  0.36)	Data 0.0001 (0.0551)	Loss (L1) 3.982 (4.234)
2026-04-26 03:04:15,340 | Create Epoch [39] features of all training data...
2026-04-26 03:05:34,408 | Updated smoothed statistics on Epoch [39]!
2026-04-26 03:05:34,437 | Updated running statistics with Epoch [39] features!
2026-04-26 03:05:45,442 | Val: [ 0/25]	Time 11.004 (11.004)	Loss (MSE) 259.520 (259.520)	Loss (L1) 15.176 (15.176)
2026-04-26 03:05:46,274 | Val: [10/25]	Time  0.083 ( 1.076)	Loss (MSE) 39.779 (92.513)	Loss (L1) 5.104 (7.931)
2026-04-26 03:05:47,107 | Val: [20/25]	Time  0.083 ( 0.603)	Loss (MSE) 338.674 (114.948)	Loss (L1) 17.751 (8.808)
2026-04-26 03:05:47,657 |  * Overall: MSE 182.916	L1 10.952	G-Mean 7.233
2026-04-26 03:05:47,657 |  * Many: MSE 97.399	L1 7.985	G-Mean 5.276
2026-04-26 03:05:47,657 |  * Median: MSE 282.348	L1 15.230	G-Mean 12.596
2026-04-26 03:05:47,657 |  * Low: MSE 715.432	L1 26.432	G-Mean 26.076
2026-04-26 03:05:47,658 | Best L1 Loss: 10.508
2026-04-26 03:05:47,889 | Epoch #39: Train loss [4.2395]; Val loss: MSE [182.9159], L1 [10.9522], G-Mean [7.2327]
2026-04-26 03:06:00,753 | Epoch: [40][  0/254]	Time  12.86 ( 12.86)	Data 12.6343 (12.6343)	Loss (L1) 4.245 (4.245)
2026-04-26 03:06:03,744 | Epoch: [40][ 10/254]	Time   0.30 (  1.44)	Data 0.0002 (1.1488)	Loss (L1) 4.360 (4.254)
2026-04-26 03:06:06,915 | Epoch: [40][ 20/254]	Time   0.29 (  0.91)	Data 0.0002 (0.6039)	Loss (L1) 4.813 (4.290)
2026-04-26 03:06:09,972 | Epoch: [40][ 30/254]	Time   0.31 (  0.71)	Data 0.0001 (0.4091)	Loss (L1) 4.332 (4.272)
2026-04-26 03:06:14,421 | Epoch: [40][ 40/254]	Time   0.44 (  0.65)	Data 0.0002 (0.3390)	Loss (L1) 4.020 (4.237)
2026-04-26 03:06:17,561 | Epoch: [40][ 50/254]	Time   0.32 (  0.58)	Data 0.0003 (0.2726)	Loss (L1) 3.841 (4.246)
2026-04-26 03:06:20,796 | Epoch: [40][ 60/254]	Time   0.34 (  0.54)	Data 0.0003 (0.2280)	Loss (L1) 3.823 (4.223)
2026-04-26 03:06:23,800 | Epoch: [40][ 70/254]	Time   0.31 (  0.51)	Data 0.0002 (0.1960)	Loss (L1) 4.902 (4.183)
2026-04-26 03:06:26,852 | Epoch: [40][ 80/254]	Time   0.33 (  0.48)	Data 0.0011 (0.1718)	Loss (L1) 4.184 (4.217)
2026-04-26 03:06:29,928 | Epoch: [40][ 90/254]	Time   0.33 (  0.46)	Data 0.0004 (0.1532)	Loss (L1) 3.848 (4.202)
2026-04-26 03:06:32,963 | Epoch: [40][100/254]	Time   0.33 (  0.45)	Data 0.0004 (0.1380)	Loss (L1) 4.104 (4.221)
2026-04-26 03:06:36,131 | Epoch: [40][110/254]	Time   0.33 (  0.43)	Data 0.0002 (0.1256)	Loss (L1) 4.365 (4.233)
2026-04-26 03:06:39,319 | Epoch: [40][120/254]	Time   0.30 (  0.43)	Data 0.0003 (0.1154)	Loss (L1) 4.441 (4.228)
2026-04-26 03:06:42,361 | Epoch: [40][130/254]	Time   0.30 (  0.42)	Data 0.0002 (0.1066)	Loss (L1) 3.757 (4.218)
2026-04-26 03:06:45,414 | Epoch: [40][140/254]	Time   0.30 (  0.41)	Data 0.0003 (0.0991)	Loss (L1) 3.893 (4.216)
2026-04-26 03:06:48,524 | Epoch: [40][150/254]	Time   0.30 (  0.40)	Data 0.0002 (0.0926)	Loss (L1) 4.140 (4.213)
2026-04-26 03:06:51,616 | Epoch: [40][160/254]	Time   0.31 (  0.40)	Data 0.0004 (0.0869)	Loss (L1) 4.081 (4.198)
2026-04-26 03:06:54,737 | Epoch: [40][170/254]	Time   0.35 (  0.39)	Data 0.0002 (0.0818)	Loss (L1) 4.056 (4.194)
2026-04-26 03:06:57,778 | Epoch: [40][180/254]	Time   0.33 (  0.39)	Data 0.0002 (0.0773)	Loss (L1) 3.541 (4.192)
2026-04-26 03:07:00,846 | Epoch: [40][190/254]	Time   0.29 (  0.38)	Data 0.0001 (0.0734)	Loss (L1) 4.540 (4.195)
2026-04-26 03:07:03,890 | Epoch: [40][200/254]	Time   0.30 (  0.38)	Data 0.0001 (0.0698)	Loss (L1) 4.262 (4.201)
2026-04-26 03:07:06,857 | Epoch: [40][210/254]	Time   0.30 (  0.37)	Data 0.0001 (0.0665)	Loss (L1) 4.249 (4.196)
2026-04-26 03:07:09,815 | Epoch: [40][220/254]	Time   0.30 (  0.37)	Data 0.0001 (0.0635)	Loss (L1) 3.990 (4.193)
2026-04-26 03:07:12,775 | Epoch: [40][230/254]	Time   0.30 (  0.37)	Data 0.0001 (0.0607)	Loss (L1) 4.516 (4.199)
2026-04-26 03:07:15,720 | Epoch: [40][240/254]	Time   0.30 (  0.36)	Data 0.0001 (0.0582)	Loss (L1) 4.138 (4.188)
2026-04-26 03:07:18,669 | Epoch: [40][250/254]	Time   0.30 (  0.36)	Data 0.0001 (0.0559)	Loss (L1) 3.777 (4.185)
2026-04-26 03:07:19,799 | Create Epoch [40] features of all training data...
2026-04-26 03:08:37,028 | Updated smoothed statistics on Epoch [40]!
2026-04-26 03:08:37,057 | Updated running statistics with Epoch [40] features!
2026-04-26 03:08:45,245 | Val: [ 0/25]	Time  8.186 ( 8.186)	Loss (MSE) 261.639 (261.639)	Loss (L1) 15.062 (15.062)
2026-04-26 03:08:49,001 | Val: [10/25]	Time  0.084 ( 1.086)	Loss (MSE) 42.525 (104.537)	Loss (L1) 5.416 (8.475)
2026-04-26 03:08:49,840 | Val: [20/25]	Time  0.084 ( 0.609)	Loss (MSE) 308.233 (116.943)	Loss (L1) 16.452 (8.832)
2026-04-26 03:08:50,421 |  * Overall: MSE 166.889	L1 10.554	G-Mean 7.096
2026-04-26 03:08:50,422 |  * Many: MSE 98.074	L1 7.969	G-Mean 5.309
2026-04-26 03:08:50,422 |  * Median: MSE 260.148	L1 14.582	G-Mean 11.907
2026-04-26 03:08:50,422 |  * Low: MSE 547.359	L1 22.937	G-Mean 22.452
2026-04-26 03:08:50,423 | Best L1 Loss: 10.508
2026-04-26 03:08:50,652 | Epoch #40: Train loss [4.1819]; Val loss: MSE [166.8893], L1 [10.5536], G-Mean [7.0959]
2026-04-26 03:08:59,087 | Epoch: [41][  0/254]	Time   8.43 (  8.43)	Data 8.2865 (8.2865)	Loss (L1) 4.407 (4.407)
2026-04-26 03:09:06,834 | Epoch: [41][ 10/254]	Time   0.30 (  1.47)	Data 0.0003 (1.2282)	Loss (L1) 3.733 (4.130)
2026-04-26 03:09:09,814 | Epoch: [41][ 20/254]	Time   0.30 (  0.91)	Data 0.0020 (0.6436)	Loss (L1) 4.470 (4.074)
2026-04-26 03:09:12,941 | Epoch: [41][ 30/254]	Time   0.38 (  0.72)	Data 0.0003 (0.4361)	Loss (L1) 3.857 (4.070)
2026-04-26 03:09:16,044 | Epoch: [41][ 40/254]	Time   0.34 (  0.62)	Data 0.0005 (0.3300)	Loss (L1) 5.673 (4.113)
2026-04-26 03:09:19,055 | Epoch: [41][ 50/254]	Time   0.30 (  0.56)	Data 0.0003 (0.2654)	Loss (L1) 4.098 (4.136)
2026-04-26 03:09:22,164 | Epoch: [41][ 60/254]	Time   0.34 (  0.52)	Data 0.0003 (0.2219)	Loss (L1) 3.921 (4.170)
2026-04-26 03:09:25,240 | Epoch: [41][ 70/254]	Time   0.31 (  0.49)	Data 0.0003 (0.1907)	Loss (L1) 4.062 (4.192)
2026-04-26 03:09:28,262 | Epoch: [41][ 80/254]	Time   0.30 (  0.46)	Data 0.0004 (0.1672)	Loss (L1) 3.736 (4.186)
2026-04-26 03:09:31,300 | Epoch: [41][ 90/254]	Time   0.30 (  0.45)	Data 0.0003 (0.1489)	Loss (L1) 4.079 (4.166)
2026-04-26 03:09:34,355 | Epoch: [41][100/254]	Time   0.30 (  0.43)	Data 0.0004 (0.1343)	Loss (L1) 3.984 (4.148)
2026-04-26 03:09:37,406 | Epoch: [41][110/254]	Time   0.30 (  0.42)	Data 0.0003 (0.1222)	Loss (L1) 4.076 (4.146)
2026-04-26 03:09:40,505 | Epoch: [41][120/254]	Time   0.35 (  0.41)	Data 0.0003 (0.1122)	Loss (L1) 3.971 (4.158)
2026-04-26 03:09:43,580 | Epoch: [41][130/254]	Time   0.30 (  0.40)	Data 0.0003 (0.1036)	Loss (L1) 4.131 (4.172)
2026-04-26 03:09:46,667 | Epoch: [41][140/254]	Time   0.31 (  0.40)	Data 0.0003 (0.0963)	Loss (L1) 3.999 (4.168)
2026-04-26 03:09:49,796 | Epoch: [41][150/254]	Time   0.31 (  0.39)	Data 0.0004 (0.0900)	Loss (L1) 4.065 (4.165)
2026-04-26 03:09:52,941 | Epoch: [41][160/254]	Time   0.32 (  0.39)	Data 0.0003 (0.0845)	Loss (L1) 4.607 (4.167)
2026-04-26 03:09:56,081 | Epoch: [41][170/254]	Time   0.31 (  0.38)	Data 0.0003 (0.0795)	Loss (L1) 4.374 (4.172)
2026-04-26 03:09:59,148 | Epoch: [41][180/254]	Time   0.30 (  0.38)	Data 0.0004 (0.0752)	Loss (L1) 3.640 (4.158)
2026-04-26 03:10:02,262 | Epoch: [41][190/254]	Time   0.31 (  0.37)	Data 0.0002 (0.0715)	Loss (L1) 3.917 (4.161)
2026-04-26 03:10:05,365 | Epoch: [41][200/254]	Time   0.30 (  0.37)	Data 0.0001 (0.0679)	Loss (L1) 3.751 (4.166)
2026-04-26 03:10:08,402 | Epoch: [41][210/254]	Time   0.29 (  0.37)	Data 0.0002 (0.0647)	Loss (L1) 4.101 (4.173)
2026-04-26 03:10:11,361 | Epoch: [41][220/254]	Time   0.30 (  0.37)	Data 0.0001 (0.0618)	Loss (L1) 4.431 (4.175)
2026-04-26 03:10:14,309 | Epoch: [41][230/254]	Time   0.29 (  0.36)	Data 0.0001 (0.0591)	Loss (L1) 3.912 (4.174)
2026-04-26 03:10:17,246 | Epoch: [41][240/254]	Time   0.29 (  0.36)	Data 0.0001 (0.0567)	Loss (L1) 3.599 (4.171)
2026-04-26 03:10:20,183 | Epoch: [41][250/254]	Time   0.29 (  0.36)	Data 0.0001 (0.0544)	Loss (L1) 3.986 (4.175)
2026-04-26 03:10:21,313 | Create Epoch [41] features of all training data...
2026-04-26 03:11:39,309 | Updated smoothed statistics on Epoch [41]!
2026-04-26 03:11:39,338 | Updated running statistics with Epoch [41] features!
2026-04-26 03:11:50,936 | Val: [ 0/25]	Time 11.596 (11.596)	Loss (MSE) 251.757 (251.757)	Loss (L1) 14.838 (14.838)
2026-04-26 03:11:54,915 | Val: [10/25]	Time  0.083 ( 1.416)	Loss (MSE) 51.311 (105.224)	Loss (L1) 5.921 (8.497)
2026-04-26 03:11:55,748 | Val: [20/25]	Time  0.083 ( 0.781)	Loss (MSE) 356.057 (127.652)	Loss (L1) 17.754 (9.215)
2026-04-26 03:11:56,307 |  * Overall: MSE 189.922	L1 11.197	G-Mean 7.505
2026-04-26 03:11:56,307 |  * Many: MSE 109.499	L1 8.389	G-Mean 5.578
2026-04-26 03:11:56,307 |  * Median: MSE 294.196	L1 15.464	G-Mean 12.727
2026-04-26 03:11:56,307 |  * Low: MSE 651.676	L1 25.045	G-Mean 24.525
2026-04-26 03:11:56,308 | Best L1 Loss: 10.508
2026-04-26 03:11:56,546 | Epoch #41: Train loss [4.1741]; Val loss: MSE [189.9224], L1 [11.1968], G-Mean [7.5050]
2026-04-26 03:12:07,925 | Epoch: [42][  0/254]	Time  11.38 ( 11.38)	Data 11.0477 (11.0477)	Loss (L1) 3.822 (3.822)
2026-04-26 03:12:12,203 | Epoch: [42][ 10/254]	Time   0.30 (  1.42)	Data 0.0002 (1.0841)	Loss (L1) 3.868 (4.080)
2026-04-26 03:12:15,411 | Epoch: [42][ 20/254]	Time   0.30 (  0.90)	Data 0.0003 (0.5680)	Loss (L1) 4.236 (4.015)
2026-04-26 03:12:18,502 | Epoch: [42][ 30/254]	Time   0.36 (  0.71)	Data 0.0002 (0.3849)	Loss (L1) 3.537 (3.991)
2026-04-26 03:12:21,652 | Epoch: [42][ 40/254]	Time   0.33 (  0.61)	Data 0.0002 (0.2911)	Loss (L1) 4.244 (4.014)
2026-04-26 03:12:24,860 | Epoch: [42][ 50/254]	Time   0.36 (  0.56)	Data 0.0003 (0.2341)	Loss (L1) 3.622 (4.019)
2026-04-26 03:12:28,002 | Epoch: [42][ 60/254]	Time   0.32 (  0.52)	Data 0.0003 (0.1958)	Loss (L1) 4.722 (4.023)
2026-04-26 03:12:31,087 | Epoch: [42][ 70/254]	Time   0.33 (  0.49)	Data 0.0002 (0.1682)	Loss (L1) 3.717 (4.016)
2026-04-26 03:12:34,322 | Epoch: [42][ 80/254]	Time   0.31 (  0.47)	Data 0.0002 (0.1476)	Loss (L1) 3.951 (4.022)
2026-04-26 03:12:37,447 | Epoch: [42][ 90/254]	Time   0.30 (  0.45)	Data 0.0004 (0.1314)	Loss (L1) 4.001 (4.032)
2026-04-26 03:12:40,568 | Epoch: [42][100/254]	Time   0.30 (  0.44)	Data 0.0004 (0.1185)	Loss (L1) 4.150 (4.039)
2026-04-26 03:12:43,613 | Epoch: [42][110/254]	Time   0.30 (  0.42)	Data 0.0004 (0.1078)	Loss (L1) 4.682 (4.035)
2026-04-26 03:12:46,746 | Epoch: [42][120/254]	Time   0.30 (  0.41)	Data 0.0003 (0.0989)	Loss (L1) 3.797 (4.030)
2026-04-26 03:12:49,814 | Epoch: [42][130/254]	Time   0.30 (  0.41)	Data 0.0003 (0.0914)	Loss (L1) 3.578 (4.021)
2026-04-26 03:12:52,827 | Epoch: [42][140/254]	Time   0.30 (  0.40)	Data 0.0003 (0.0850)	Loss (L1) 3.420 (4.028)
2026-04-26 03:12:55,952 | Epoch: [42][150/254]	Time   0.30 (  0.39)	Data 0.0004 (0.0794)	Loss (L1) 3.576 (4.019)
2026-04-26 03:12:58,967 | Epoch: [42][160/254]	Time   0.30 (  0.39)	Data 0.0004 (0.0745)	Loss (L1) 6.081 (4.033)
2026-04-26 03:13:01,996 | Epoch: [42][170/254]	Time   0.30 (  0.38)	Data 0.0004 (0.0701)	Loss (L1) 5.593 (4.051)
2026-04-26 03:13:05,108 | Epoch: [42][180/254]	Time   0.31 (  0.38)	Data 0.0003 (0.0663)	Loss (L1) 4.495 (4.065)
2026-04-26 03:13:08,341 | Epoch: [42][190/254]	Time   0.30 (  0.38)	Data 0.0002 (0.0630)	Loss (L1) 3.883 (4.079)
2026-04-26 03:13:11,385 | Epoch: [42][200/254]	Time   0.31 (  0.37)	Data 0.0001 (0.0598)	Loss (L1) 4.162 (4.096)
2026-04-26 03:13:14,352 | Epoch: [42][210/254]	Time   0.30 (  0.37)	Data 0.0002 (0.0570)	Loss (L1) 4.574 (4.101)
2026-04-26 03:13:17,311 | Epoch: [42][220/254]	Time   0.30 (  0.37)	Data 0.0001 (0.0544)	Loss (L1) 4.285 (4.116)
2026-04-26 03:13:20,283 | Epoch: [42][230/254]	Time   0.30 (  0.36)	Data 0.0001 (0.0521)	Loss (L1) 4.520 (4.136)
2026-04-26 03:13:23,233 | Epoch: [42][240/254]	Time   0.30 (  0.36)	Data 0.0001 (0.0499)	Loss (L1) 4.405 (4.140)
2026-04-26 03:13:26,186 | Epoch: [42][250/254]	Time   0.29 (  0.36)	Data 0.0001 (0.0480)	Loss (L1) 3.941 (4.145)
2026-04-26 03:13:27,298 | Create Epoch [42] features of all training data...
2026-04-26 03:14:44,318 | Updated smoothed statistics on Epoch [42]!
2026-04-26 03:14:44,346 | Updated running statistics with Epoch [42] features!
2026-04-26 03:14:52,488 | Val: [ 0/25]	Time  8.140 ( 8.140)	Loss (MSE) 228.904 (228.904)	Loss (L1) 13.672 (13.672)
2026-04-26 03:14:55,400 | Val: [10/25]	Time  0.083 ( 1.005)	Loss (MSE) 55.589 (104.560)	Loss (L1) 6.142 (8.549)
2026-04-26 03:14:56,231 | Val: [20/25]	Time  0.083 ( 0.566)	Loss (MSE) 412.512 (143.954)	Loss (L1) 19.004 (9.716)
2026-04-26 03:14:56,796 |  * Overall: MSE 213.065	L1 11.801	G-Mean 7.841
2026-04-26 03:14:56,796 |  * Many: MSE 129.839	L1 9.079	G-Mean 5.979
2026-04-26 03:14:56,796 |  * Median: MSE 318.176	L1 15.765	G-Mean 12.421
2026-04-26 03:14:56,796 |  * Low: MSE 701.056	L1 25.852	G-Mean 25.096
2026-04-26 03:14:56,797 | Best L1 Loss: 10.508
2026-04-26 03:14:57,022 | Epoch #42: Train loss [4.1491]; Val loss: MSE [213.0653], L1 [11.8012], G-Mean [7.8410]
2026-04-26 03:15:10,676 | Epoch: [43][  0/254]	Time  13.65 ( 13.65)	Data 13.4781 (13.4781)	Loss (L1) 4.132 (4.132)
2026-04-26 03:15:14,097 | Epoch: [43][ 10/254]	Time   0.30 (  1.55)	Data 0.0004 (1.2760)	Loss (L1) 4.191 (4.065)
2026-04-26 03:15:17,163 | Epoch: [43][ 20/254]	Time   0.31 (  0.96)	Data 0.0003 (0.6686)	Loss (L1) 4.464 (4.147)
2026-04-26 03:15:20,355 | Epoch: [43][ 30/254]	Time   0.29 (  0.75)	Data 0.0003 (0.4530)	Loss (L1) 3.796 (4.170)
2026-04-26 03:15:23,494 | Epoch: [43][ 40/254]	Time   0.33 (  0.65)	Data 0.0004 (0.3427)	Loss (L1) 4.079 (4.188)
2026-04-26 03:15:26,597 | Epoch: [43][ 50/254]	Time   0.33 (  0.58)	Data 0.0003 (0.2756)	Loss (L1) 4.350 (4.208)
2026-04-26 03:15:29,689 | Epoch: [43][ 60/254]	Time   0.30 (  0.54)	Data 0.0003 (0.2307)	Loss (L1) 4.354 (4.188)
2026-04-26 03:15:32,726 | Epoch: [43][ 70/254]	Time   0.31 (  0.50)	Data 0.0002 (0.1983)	Loss (L1) 4.052 (4.160)
2026-04-26 03:15:35,777 | Epoch: [43][ 80/254]	Time   0.30 (  0.48)	Data 0.0002 (0.1738)	Loss (L1) 3.997 (4.146)
2026-04-26 03:15:38,870 | Epoch: [43][ 90/254]	Time   0.31 (  0.46)	Data 0.0002 (0.1548)	Loss (L1) 4.115 (4.137)
2026-04-26 03:15:42,006 | Epoch: [43][100/254]	Time   0.31 (  0.45)	Data 0.0002 (0.1395)	Loss (L1) 3.625 (4.110)
2026-04-26 03:15:45,065 | Epoch: [43][110/254]	Time   0.31 (  0.43)	Data 0.0004 (0.1269)	Loss (L1) 4.127 (4.113)
2026-04-26 03:15:48,145 | Epoch: [43][120/254]	Time   0.30 (  0.42)	Data 0.0330 (0.1169)	Loss (L1) 3.828 (4.108)
2026-04-26 03:15:51,218 | Epoch: [43][130/254]	Time   0.32 (  0.41)	Data 0.0003 (0.1080)	Loss (L1) 3.784 (4.093)
2026-04-26 03:15:54,380 | Epoch: [43][140/254]	Time   0.32 (  0.41)	Data 0.0003 (0.1004)	Loss (L1) 3.817 (4.086)
2026-04-26 03:15:57,473 | Epoch: [43][150/254]	Time   0.31 (  0.40)	Data 0.0004 (0.0937)	Loss (L1) 4.772 (4.088)
2026-04-26 03:16:00,555 | Epoch: [43][160/254]	Time   0.30 (  0.39)	Data 0.0005 (0.0879)	Loss (L1) 3.994 (4.090)
2026-04-26 03:16:03,702 | Epoch: [43][170/254]	Time   0.31 (  0.39)	Data 0.0004 (0.0829)	Loss (L1) 4.469 (4.105)
2026-04-26 03:16:06,798 | Epoch: [43][180/254]	Time   0.30 (  0.39)	Data 0.0004 (0.0783)	Loss (L1) 3.838 (4.122)
2026-04-26 03:16:09,910 | Epoch: [43][190/254]	Time   0.30 (  0.38)	Data 0.0003 (0.0745)	Loss (L1) 4.319 (4.139)
2026-04-26 03:16:13,027 | Epoch: [43][200/254]	Time   0.31 (  0.38)	Data 0.0001 (0.0708)	Loss (L1) 5.740 (4.157)
2026-04-26 03:16:16,025 | Epoch: [43][210/254]	Time   0.30 (  0.37)	Data 0.0002 (0.0674)	Loss (L1) 3.675 (4.164)
2026-04-26 03:16:18,989 | Epoch: [43][220/254]	Time   0.30 (  0.37)	Data 0.0001 (0.0644)	Loss (L1) 4.228 (4.160)
2026-04-26 03:16:21,935 | Epoch: [43][230/254]	Time   0.29 (  0.37)	Data 0.0001 (0.0616)	Loss (L1) 5.557 (4.159)
2026-04-26 03:16:24,870 | Epoch: [43][240/254]	Time   0.29 (  0.36)	Data 0.0001 (0.0591)	Loss (L1) 4.013 (4.155)
2026-04-26 03:16:27,800 | Epoch: [43][250/254]	Time   0.30 (  0.36)	Data 0.0001 (0.0567)	Loss (L1) 4.159 (4.144)
2026-04-26 03:16:28,925 | Create Epoch [43] features of all training data...
2026-04-26 03:17:47,052 | Updated smoothed statistics on Epoch [43]!
2026-04-26 03:17:47,082 | Updated running statistics with Epoch [43] features!
2026-04-26 03:17:57,874 | Val: [ 0/25]	Time 10.790 (10.790)	Loss (MSE) 263.672 (263.672)	Loss (L1) 15.253 (15.253)
2026-04-26 03:17:58,711 | Val: [10/25]	Time  0.083 ( 1.057)	Loss (MSE) 40.280 (101.595)	Loss (L1) 5.143 (8.388)
2026-04-26 03:17:59,546 | Val: [20/25]	Time  0.084 ( 0.593)	Loss (MSE) 326.298 (120.148)	Loss (L1) 16.952 (8.929)
2026-04-26 03:18:00,115 |  * Overall: MSE 173.498	L1 10.723	G-Mean 7.185
2026-04-26 03:18:00,115 |  * Many: MSE 100.910	L1 8.030	G-Mean 5.321
2026-04-26 03:18:00,115 |  * Median: MSE 274.750	L1 15.022	G-Mean 12.417
2026-04-26 03:18:00,115 |  * Low: MSE 564.380	L1 23.267	G-Mean 22.765
2026-04-26 03:18:00,116 | Best L1 Loss: 10.508
2026-04-26 03:18:00,362 | Epoch #43: Train loss [4.1445]; Val loss: MSE [173.4980], L1 [10.7235], G-Mean [7.1849]
2026-04-26 03:18:13,135 | Epoch: [44][  0/254]	Time  12.77 ( 12.77)	Data 12.6282 (12.6282)	Loss (L1) 3.835 (3.835)
2026-04-26 03:18:16,145 | Epoch: [44][ 10/254]	Time   0.30 (  1.43)	Data 0.0003 (1.1535)	Loss (L1) 3.636 (3.967)
2026-04-26 03:18:19,131 | Epoch: [44][ 20/254]	Time   0.31 (  0.89)	Data 0.0003 (0.6043)	Loss (L1) 3.980 (3.948)
2026-04-26 03:18:22,168 | Epoch: [44][ 30/254]	Time   0.31 (  0.70)	Data 0.0002 (0.4094)	Loss (L1) 4.064 (3.959)
2026-04-26 03:18:25,367 | Epoch: [44][ 40/254]	Time   0.31 (  0.61)	Data 0.0004 (0.3202)	Loss (L1) 4.781 (4.017)
2026-04-26 03:18:28,378 | Epoch: [44][ 50/254]	Time   0.30 (  0.55)	Data 0.0002 (0.2575)	Loss (L1) 3.849 (4.001)
2026-04-26 03:18:31,409 | Epoch: [44][ 60/254]	Time   0.30 (  0.51)	Data 0.0004 (0.2154)	Loss (L1) 4.465 (4.022)
2026-04-26 03:18:34,418 | Epoch: [44][ 70/254]	Time   0.30 (  0.48)	Data 0.0003 (0.1851)	Loss (L1) 4.012 (4.053)
2026-04-26 03:18:37,459 | Epoch: [44][ 80/254]	Time   0.33 (  0.46)	Data 0.0002 (0.1622)	Loss (L1) 3.619 (4.041)
2026-04-26 03:18:40,444 | Epoch: [44][ 90/254]	Time   0.32 (  0.44)	Data 0.0002 (0.1444)	Loss (L1) 4.461 (4.057)
2026-04-26 03:18:43,819 | Epoch: [44][100/254]	Time   0.27 (  0.43)	Data 0.0002 (0.1344)	Loss (L1) 3.420 (4.045)
2026-04-26 03:18:46,854 | Epoch: [44][110/254]	Time   0.31 (  0.42)	Data 0.0002 (0.1223)	Loss (L1) 4.642 (4.037)
2026-04-26 03:18:49,849 | Epoch: [44][120/254]	Time   0.30 (  0.41)	Data 0.0002 (0.1122)	Loss (L1) 4.122 (4.044)
2026-04-26 03:18:53,051 | Epoch: [44][130/254]	Time   0.30 (  0.40)	Data 0.0002 (0.1036)	Loss (L1) 4.325 (4.049)
2026-04-26 03:18:56,083 | Epoch: [44][140/254]	Time   0.29 (  0.40)	Data 0.0002 (0.0963)	Loss (L1) 4.215 (4.035)
2026-04-26 03:18:59,077 | Epoch: [44][150/254]	Time   0.30 (  0.39)	Data 0.0118 (0.0900)	Loss (L1) 3.762 (4.036)
2026-04-26 03:19:02,133 | Epoch: [44][160/254]	Time   0.30 (  0.38)	Data 0.0003 (0.0845)	Loss (L1) 3.715 (4.039)
2026-04-26 03:19:05,169 | Epoch: [44][170/254]	Time   0.31 (  0.38)	Data 0.0002 (0.0796)	Loss (L1) 4.391 (4.046)
2026-04-26 03:19:08,279 | Epoch: [44][180/254]	Time   0.29 (  0.38)	Data 0.0002 (0.0752)	Loss (L1) 4.369 (4.053)
2026-04-26 03:19:11,339 | Epoch: [44][190/254]	Time   0.30 (  0.37)	Data 0.0001 (0.0715)	Loss (L1) 3.523 (4.051)
2026-04-26 03:19:14,343 | Epoch: [44][200/254]	Time   0.30 (  0.37)	Data 0.0001 (0.0679)	Loss (L1) 4.461 (4.051)
2026-04-26 03:19:17,347 | Epoch: [44][210/254]	Time   0.30 (  0.36)	Data 0.0001 (0.0647)	Loss (L1) 4.763 (4.053)
2026-04-26 03:19:20,297 | Epoch: [44][220/254]	Time   0.29 (  0.36)	Data 0.0001 (0.0618)	Loss (L1) 4.149 (4.051)
2026-04-26 03:19:23,255 | Epoch: [44][230/254]	Time   0.29 (  0.36)	Data 0.0005 (0.0591)	Loss (L1) 4.081 (4.063)
2026-04-26 03:19:26,209 | Epoch: [44][240/254]	Time   0.30 (  0.36)	Data 0.0001 (0.0567)	Loss (L1) 4.256 (4.061)
2026-04-26 03:19:29,159 | Epoch: [44][250/254]	Time   0.29 (  0.35)	Data 0.0001 (0.0544)	Loss (L1) 3.869 (4.054)
2026-04-26 03:19:30,283 | Create Epoch [44] features of all training data...
2026-04-26 03:20:47,552 | Updated smoothed statistics on Epoch [44]!
2026-04-26 03:20:47,581 | Updated running statistics with Epoch [44] features!
2026-04-26 03:20:58,380 | Val: [ 0/25]	Time 10.797 (10.797)	Loss (MSE) 259.671 (259.671)	Loss (L1) 15.026 (15.026)
2026-04-26 03:20:59,216 | Val: [10/25]	Time  0.083 ( 1.058)	Loss (MSE) 53.341 (102.496)	Loss (L1) 6.005 (8.400)
2026-04-26 03:21:00,051 | Val: [20/25]	Time  0.083 ( 0.594)	Loss (MSE) 376.989 (134.751)	Loss (L1) 17.951 (9.366)
2026-04-26 03:21:00,612 |  * Overall: MSE 193.797	L1 11.249	G-Mean 7.421
2026-04-26 03:21:00,612 |  * Many: MSE 119.127	L1 8.643	G-Mean 5.612
2026-04-26 03:21:00,613 |  * Median: MSE 292.040	L1 15.154	G-Mean 12.046
2026-04-26 03:21:00,613 |  * Low: MSE 617.336	L1 24.298	G-Mean 23.726
2026-04-26 03:21:00,613 | Best L1 Loss: 10.508
2026-04-26 03:21:00,843 | Epoch #44: Train loss [4.0547]; Val loss: MSE [193.7968], L1 [11.2490], G-Mean [7.4213]
2026-04-26 03:21:14,811 | Epoch: [45][  0/254]	Time  13.97 ( 13.97)	Data 13.7690 (13.7690)	Loss (L1) 3.811 (3.811)
2026-04-26 03:21:17,835 | Epoch: [45][ 10/254]	Time   0.31 (  1.54)	Data 0.0005 (1.2521)	Loss (L1) 4.383 (4.004)
2026-04-26 03:21:20,934 | Epoch: [45][ 20/254]	Time   0.33 (  0.96)	Data 0.0004 (0.6561)	Loss (L1) 3.490 (4.037)
2026-04-26 03:21:24,009 | Epoch: [45][ 30/254]	Time   0.30 (  0.75)	Data 0.0002 (0.4449)	Loss (L1) 3.815 (4.072)
2026-04-26 03:21:27,291 | Epoch: [45][ 40/254]	Time   0.33 (  0.65)	Data 0.0002 (0.3365)	Loss (L1) 3.781 (4.039)
2026-04-26 03:21:30,500 | Epoch: [45][ 50/254]	Time   0.34 (  0.58)	Data 0.0003 (0.2708)	Loss (L1) 4.270 (4.011)
2026-04-26 03:21:33,521 | Epoch: [45][ 60/254]	Time   0.30 (  0.54)	Data 0.0003 (0.2265)	Loss (L1) 3.615 (4.030)
2026-04-26 03:21:36,539 | Epoch: [45][ 70/254]	Time   0.30 (  0.50)	Data 0.0002 (0.1946)	Loss (L1) 3.164 (4.021)
2026-04-26 03:21:39,570 | Epoch: [45][ 80/254]	Time   0.30 (  0.48)	Data 0.0002 (0.1706)	Loss (L1) 4.210 (4.015)
2026-04-26 03:21:42,612 | Epoch: [45][ 90/254]	Time   0.29 (  0.46)	Data 0.0004 (0.1519)	Loss (L1) 4.327 (4.016)
2026-04-26 03:21:45,643 | Epoch: [45][100/254]	Time   0.31 (  0.44)	Data 0.0004 (0.1369)	Loss (L1) 3.620 (4.000)
2026-04-26 03:21:48,650 | Epoch: [45][110/254]	Time   0.32 (  0.43)	Data 0.0002 (0.1246)	Loss (L1) 4.390 (4.003)
2026-04-26 03:21:51,672 | Epoch: [45][120/254]	Time   0.32 (  0.42)	Data 0.0003 (0.1143)	Loss (L1) 3.995 (4.019)
2026-04-26 03:21:54,722 | Epoch: [45][130/254]	Time   0.33 (  0.41)	Data 0.0002 (0.1056)	Loss (L1) 3.545 (4.001)
2026-04-26 03:21:57,722 | Epoch: [45][140/254]	Time   0.29 (  0.40)	Data 0.0002 (0.0981)	Loss (L1) 4.064 (3.999)
2026-04-26 03:22:00,754 | Epoch: [45][150/254]	Time   0.30 (  0.40)	Data 0.0002 (0.0917)	Loss (L1) 3.893 (3.994)
2026-04-26 03:22:03,838 | Epoch: [45][160/254]	Time   0.31 (  0.39)	Data 0.0002 (0.0860)	Loss (L1) 3.746 (3.995)
2026-04-26 03:22:06,889 | Epoch: [45][170/254]	Time   0.30 (  0.39)	Data 0.0002 (0.0810)	Loss (L1) 3.802 (3.989)
2026-04-26 03:22:09,919 | Epoch: [45][180/254]	Time   0.31 (  0.38)	Data 0.0002 (0.0766)	Loss (L1) 3.695 (3.990)
2026-04-26 03:22:13,003 | Epoch: [45][190/254]	Time   0.32 (  0.38)	Data 0.0002 (0.0727)	Loss (L1) 3.295 (3.984)
2026-04-26 03:22:16,104 | Epoch: [45][200/254]	Time   0.30 (  0.37)	Data 0.0002 (0.0691)	Loss (L1) 4.513 (3.989)
2026-04-26 03:22:19,097 | Epoch: [45][210/254]	Time   0.30 (  0.37)	Data 0.0001 (0.0658)	Loss (L1) 3.201 (3.987)
2026-04-26 03:22:22,085 | Epoch: [45][220/254]	Time   0.30 (  0.37)	Data 0.0001 (0.0629)	Loss (L1) 4.567 (3.996)
2026-04-26 03:22:25,066 | Epoch: [45][230/254]	Time   0.30 (  0.36)	Data 0.0001 (0.0601)	Loss (L1) 4.128 (4.002)
2026-04-26 03:22:28,047 | Epoch: [45][240/254]	Time   0.29 (  0.36)	Data 0.0001 (0.0577)	Loss (L1) 3.917 (4.003)
2026-04-26 03:22:31,017 | Epoch: [45][250/254]	Time   0.30 (  0.36)	Data 0.0001 (0.0554)	Loss (L1) 4.149 (4.007)
2026-04-26 03:22:32,128 | Create Epoch [45] features of all training data...
2026-04-26 03:23:50,426 | Updated smoothed statistics on Epoch [45]!
2026-04-26 03:23:50,456 | Updated running statistics with Epoch [45] features!
2026-04-26 03:24:00,029 | Val: [ 0/25]	Time  9.572 ( 9.572)	Loss (MSE) 234.292 (234.292)	Loss (L1) 14.246 (14.246)
2026-04-26 03:24:01,766 | Val: [10/25]	Time  0.083 ( 1.028)	Loss (MSE) 41.899 (90.624)	Loss (L1) 5.203 (7.782)
2026-04-26 03:24:02,604 | Val: [20/25]	Time  0.084 ( 0.578)	Loss (MSE) 357.808 (121.385)	Loss (L1) 17.778 (8.899)
2026-04-26 03:24:03,185 |  * Overall: MSE 186.490	L1 10.960	G-Mean 7.129
2026-04-26 03:24:03,185 |  * Many: MSE 104.913	L1 8.114	G-Mean 5.224
2026-04-26 03:24:03,185 |  * Median: MSE 287.109	L1 15.163	G-Mean 12.371
2026-04-26 03:24:03,185 |  * Low: MSE 673.550	L1 25.447	G-Mean 24.871
2026-04-26 03:24:03,186 | Best L1 Loss: 10.508
2026-04-26 03:24:03,423 | Epoch #45: Train loss [4.0058]; Val loss: MSE [186.4900], L1 [10.9603], G-Mean [7.1295]
2026-04-26 03:24:15,694 | Epoch: [46][  0/254]	Time  12.27 ( 12.27)	Data 12.1216 (12.1216)	Loss (L1) 3.826 (3.826)
2026-04-26 03:24:19,253 | Epoch: [46][ 10/254]	Time   0.30 (  1.44)	Data 0.0003 (1.1688)	Loss (L1) 3.977 (3.824)
2026-04-26 03:24:22,237 | Epoch: [46][ 20/254]	Time   0.30 (  0.90)	Data 0.0004 (0.6124)	Loss (L1) 3.771 (3.898)
2026-04-26 03:24:25,471 | Epoch: [46][ 30/254]	Time   0.31 (  0.71)	Data 0.0003 (0.4150)	Loss (L1) 4.122 (3.958)
2026-04-26 03:24:28,521 | Epoch: [46][ 40/254]	Time   0.31 (  0.61)	Data 0.0003 (0.3139)	Loss (L1) 4.657 (3.979)
2026-04-26 03:24:31,570 | Epoch: [46][ 50/254]	Time   0.32 (  0.55)	Data 0.0003 (0.2524)	Loss (L1) 3.630 (3.969)
2026-04-26 03:24:34,693 | Epoch: [46][ 60/254]	Time   0.30 (  0.51)	Data 0.0003 (0.2111)	Loss (L1) 6.038 (3.976)
2026-04-26 03:24:37,770 | Epoch: [46][ 70/254]	Time   0.33 (  0.48)	Data 0.0003 (0.1814)	Loss (L1) 4.063 (3.976)
2026-04-26 03:24:40,932 | Epoch: [46][ 80/254]	Time   0.32 (  0.46)	Data 0.0003 (0.1591)	Loss (L1) 3.489 (3.970)
2026-04-26 03:24:44,125 | Epoch: [46][ 90/254]	Time   0.30 (  0.45)	Data 0.0003 (0.1416)	Loss (L1) 4.066 (3.976)
2026-04-26 03:24:47,181 | Epoch: [46][100/254]	Time   0.30 (  0.43)	Data 0.0003 (0.1276)	Loss (L1) 3.875 (3.978)
2026-04-26 03:24:50,237 | Epoch: [46][110/254]	Time   0.32 (  0.42)	Data 0.0003 (0.1161)	Loss (L1) 3.638 (3.960)
2026-04-26 03:24:53,361 | Epoch: [46][120/254]	Time   0.31 (  0.41)	Data 0.0004 (0.1067)	Loss (L1) 3.498 (3.956)
2026-04-26 03:24:56,399 | Epoch: [46][130/254]	Time   0.30 (  0.40)	Data 0.0003 (0.0986)	Loss (L1) 4.070 (3.949)
2026-04-26 03:24:59,523 | Epoch: [46][140/254]	Time   0.32 (  0.40)	Data 0.0002 (0.0916)	Loss (L1) 4.762 (3.959)
2026-04-26 03:25:02,720 | Epoch: [46][150/254]	Time   0.29 (  0.39)	Data 0.0004 (0.0857)	Loss (L1) 4.126 (3.976)
2026-04-26 03:25:05,784 | Epoch: [46][160/254]	Time   0.30 (  0.39)	Data 0.0004 (0.0804)	Loss (L1) 5.378 (3.987)
2026-04-26 03:25:08,935 | Epoch: [46][170/254]	Time   0.31 (  0.38)	Data 0.0004 (0.0757)	Loss (L1) 4.289 (3.990)
2026-04-26 03:25:12,003 | Epoch: [46][180/254]	Time   0.30 (  0.38)	Data 0.0003 (0.0717)	Loss (L1) 3.833 (3.993)
2026-04-26 03:25:15,156 | Epoch: [46][190/254]	Time   0.29 (  0.38)	Data 0.0002 (0.0682)	Loss (L1) 4.085 (3.993)
2026-04-26 03:25:18,281 | Epoch: [46][200/254]	Time   0.30 (  0.37)	Data 0.0001 (0.0648)	Loss (L1) 4.113 (4.000)
2026-04-26 03:25:21,286 | Epoch: [46][210/254]	Time   0.30 (  0.37)	Data 0.0001 (0.0618)	Loss (L1) 3.815 (3.995)
2026-04-26 03:25:24,271 | Epoch: [46][220/254]	Time   0.30 (  0.37)	Data 0.0001 (0.0590)	Loss (L1) 3.705 (3.995)
2026-04-26 03:25:27,258 | Epoch: [46][230/254]	Time   0.30 (  0.36)	Data 0.0001 (0.0564)	Loss (L1) 3.708 (4.008)
2026-04-26 03:25:30,240 | Epoch: [46][240/254]	Time   0.30 (  0.36)	Data 0.0001 (0.0541)	Loss (L1) 4.509 (4.012)
2026-04-26 03:25:33,223 | Epoch: [46][250/254]	Time   0.30 (  0.36)	Data 0.0001 (0.0519)	Loss (L1) 3.634 (4.008)
2026-04-26 03:25:34,343 | Create Epoch [46] features of all training data...
2026-04-26 03:26:50,250 | Updated smoothed statistics on Epoch [46]!
2026-04-26 03:26:50,279 | Updated running statistics with Epoch [46] features!
2026-04-26 03:27:01,098 | Val: [ 0/25]	Time 10.817 (10.817)	Loss (MSE) 293.194 (293.194)	Loss (L1) 15.913 (15.913)
2026-04-26 03:27:02,273 | Val: [10/25]	Time  0.083 ( 1.090)	Loss (MSE) 52.538 (119.572)	Loss (L1) 6.043 (9.089)
2026-04-26 03:27:03,106 | Val: [20/25]	Time  0.084 ( 0.611)	Loss (MSE) 344.289 (133.089)	Loss (L1) 17.581 (9.538)
2026-04-26 03:27:03,684 |  * Overall: MSE 195.080	L1 11.489	G-Mean 7.778
2026-04-26 03:27:03,684 |  * Many: MSE 110.621	L1 8.598	G-Mean 5.793
2026-04-26 03:27:03,684 |  * Median: MSE 308.566	L1 15.992	G-Mean 13.195
2026-04-26 03:27:03,684 |  * Low: MSE 665.570	L1 25.342	G-Mean 24.830
2026-04-26 03:27:03,685 | Best L1 Loss: 10.508
2026-04-26 03:27:03,914 | Epoch #46: Train loss [4.0038]; Val loss: MSE [195.0796], L1 [11.4887], G-Mean [7.7782]
2026-04-26 03:27:16,731 | Epoch: [47][  0/254]	Time  12.82 ( 12.82)	Data 12.5978 (12.5978)	Loss (L1) 4.339 (4.339)
2026-04-26 03:27:19,771 | Epoch: [47][ 10/254]	Time   0.30 (  1.44)	Data 0.0004 (1.1457)	Loss (L1) 3.620 (4.171)
2026-04-26 03:27:22,924 | Epoch: [47][ 20/254]	Time   0.31 (  0.91)	Data 0.0002 (0.6003)	Loss (L1) 3.311 (3.984)
2026-04-26 03:27:26,104 | Epoch: [47][ 30/254]	Time   0.30 (  0.72)	Data 0.0003 (0.4071)	Loss (L1) 3.896 (3.911)
2026-04-26 03:27:30,062 | Epoch: [47][ 40/254]	Time   0.30 (  0.64)	Data 0.0003 (0.3348)	Loss (L1) 4.160 (3.953)
2026-04-26 03:27:33,064 | Epoch: [47][ 50/254]	Time   0.30 (  0.57)	Data 0.0002 (0.2692)	Loss (L1) 4.297 (3.971)
2026-04-26 03:27:36,097 | Epoch: [47][ 60/254]	Time   0.30 (  0.53)	Data 0.0002 (0.2251)	Loss (L1) 3.795 (3.970)
2026-04-26 03:27:39,525 | Epoch: [47][ 70/254]	Time   0.30 (  0.50)	Data 0.0002 (0.2014)	Loss (L1) 4.054 (3.970)
2026-04-26 03:27:42,509 | Epoch: [47][ 80/254]	Time   0.30 (  0.48)	Data 0.0002 (0.1766)	Loss (L1) 3.770 (3.959)
2026-04-26 03:27:45,569 | Epoch: [47][ 90/254]	Time   0.30 (  0.46)	Data 0.0003 (0.1572)	Loss (L1) 4.292 (3.990)
2026-04-26 03:27:49,141 | Epoch: [47][100/254]	Time   0.30 (  0.45)	Data 0.0003 (0.1448)	Loss (L1) 3.889 (3.999)
2026-04-26 03:27:52,137 | Epoch: [47][110/254]	Time   0.30 (  0.43)	Data 0.0003 (0.1318)	Loss (L1) 4.099 (4.001)
2026-04-26 03:27:55,145 | Epoch: [47][120/254]	Time   0.31 (  0.42)	Data 0.0002 (0.1209)	Loss (L1) 3.866 (4.001)
2026-04-26 03:27:58,163 | Epoch: [47][130/254]	Time   0.31 (  0.41)	Data 0.0002 (0.1117)	Loss (L1) 3.991 (4.001)
2026-04-26 03:28:01,187 | Epoch: [47][140/254]	Time   0.30 (  0.41)	Data 0.0002 (0.1038)	Loss (L1) 4.669 (3.998)
2026-04-26 03:28:04,198 | Epoch: [47][150/254]	Time   0.29 (  0.40)	Data 0.0002 (0.0969)	Loss (L1) 3.776 (3.982)
2026-04-26 03:28:07,232 | Epoch: [47][160/254]	Time   0.31 (  0.39)	Data 0.0005 (0.0910)	Loss (L1) 3.899 (3.980)
2026-04-26 03:28:10,292 | Epoch: [47][170/254]	Time   0.30 (  0.39)	Data 0.0002 (0.0857)	Loss (L1) 4.162 (3.976)
2026-04-26 03:28:13,346 | Epoch: [47][180/254]	Time   0.32 (  0.38)	Data 0.0003 (0.0810)	Loss (L1) 3.813 (3.968)
2026-04-26 03:28:16,427 | Epoch: [47][190/254]	Time   0.31 (  0.38)	Data 0.0001 (0.0769)	Loss (L1) 4.163 (3.963)
2026-04-26 03:28:19,484 | Epoch: [47][200/254]	Time   0.30 (  0.38)	Data 0.0001 (0.0731)	Loss (L1) 4.021 (3.964)
2026-04-26 03:28:22,489 | Epoch: [47][210/254]	Time   0.30 (  0.37)	Data 0.0001 (0.0696)	Loss (L1) 3.458 (3.947)
2026-04-26 03:28:25,473 | Epoch: [47][220/254]	Time   0.30 (  0.37)	Data 0.0001 (0.0665)	Loss (L1) 4.341 (3.945)
2026-04-26 03:28:28,454 | Epoch: [47][230/254]	Time   0.30 (  0.37)	Data 0.0001 (0.0636)	Loss (L1) 3.807 (3.942)
2026-04-26 03:28:31,437 | Epoch: [47][240/254]	Time   0.30 (  0.36)	Data 0.0001 (0.0610)	Loss (L1) 3.897 (3.938)
2026-04-26 03:28:34,424 | Epoch: [47][250/254]	Time   0.30 (  0.36)	Data 0.0001 (0.0586)	Loss (L1) 3.870 (3.939)
2026-04-26 03:28:35,575 | Create Epoch [47] features of all training data...
2026-04-26 03:29:54,968 | Updated smoothed statistics on Epoch [47]!
2026-04-26 03:29:54,997 | Updated running statistics with Epoch [47] features!
2026-04-26 03:30:00,736 | Val: [ 0/25]	Time  5.738 ( 5.738)	Loss (MSE) 246.362 (246.362)	Loss (L1) 14.727 (14.727)
2026-04-26 03:30:06,120 | Val: [10/25]	Time  0.219 ( 1.011)	Loss (MSE) 42.974 (100.699)	Loss (L1) 5.341 (8.243)
2026-04-26 03:30:07,029 | Val: [20/25]	Time  0.083 ( 0.573)	Loss (MSE) 387.483 (131.073)	Loss (L1) 18.825 (9.323)
2026-04-26 03:30:07,597 |  * Overall: MSE 205.347	L1 11.559	G-Mean 7.492
2026-04-26 03:30:07,597 |  * Many: MSE 112.668	L1 8.479	G-Mean 5.445
2026-04-26 03:30:07,597 |  * Median: MSE 321.174	L1 16.173	G-Mean 13.267
2026-04-26 03:30:07,597 |  * Low: MSE 753.201	L1 26.998	G-Mean 26.468
2026-04-26 03:30:07,597 | Best L1 Loss: 10.508
2026-04-26 03:30:07,837 | Epoch #47: Train loss [3.9375]; Val loss: MSE [205.3474], L1 [11.5594], G-Mean [7.4923]
2026-04-26 03:30:19,645 | Epoch: [48][  0/254]	Time  11.81 ( 11.81)	Data 11.6594 (11.6594)	Loss (L1) 4.202 (4.202)
2026-04-26 03:30:23,080 | Epoch: [48][ 10/254]	Time   0.33 (  1.39)	Data 0.0002 (1.1303)	Loss (L1) 4.184 (3.926)
2026-04-26 03:30:26,105 | Epoch: [48][ 20/254]	Time   0.32 (  0.87)	Data 0.0002 (0.5924)	Loss (L1) 4.023 (3.992)
2026-04-26 03:30:29,131 | Epoch: [48][ 30/254]	Time   0.30 (  0.69)	Data 0.0002 (0.4013)	Loss (L1) 4.064 (3.948)
2026-04-26 03:30:32,207 | Epoch: [48][ 40/254]	Time   0.30 (  0.59)	Data 0.0007 (0.3068)	Loss (L1) 3.878 (3.905)
2026-04-26 03:30:35,213 | Epoch: [48][ 50/254]	Time   0.32 (  0.54)	Data 0.0004 (0.2468)	Loss (L1) 4.064 (3.927)
2026-04-26 03:30:38,247 | Epoch: [48][ 60/254]	Time   0.30 (  0.50)	Data 0.0003 (0.2065)	Loss (L1) 3.607 (3.892)
2026-04-26 03:30:41,845 | Epoch: [48][ 70/254]	Time   0.30 (  0.48)	Data 0.0002 (0.1885)	Loss (L1) 3.795 (3.887)
2026-04-26 03:30:44,847 | Epoch: [48][ 80/254]	Time   0.32 (  0.46)	Data 0.0002 (0.1653)	Loss (L1) 3.858 (3.882)
2026-04-26 03:30:47,842 | Epoch: [48][ 90/254]	Time   0.31 (  0.44)	Data 0.0002 (0.1472)	Loss (L1) 3.719 (3.902)
2026-04-26 03:30:51,119 | Epoch: [48][100/254]	Time   0.30 (  0.43)	Data 0.0002 (0.1367)	Loss (L1) 3.594 (3.919)
2026-04-26 03:30:54,111 | Epoch: [48][110/254]	Time   0.30 (  0.42)	Data 0.0002 (0.1244)	Loss (L1) 3.686 (3.930)
2026-04-26 03:30:57,118 | Epoch: [48][120/254]	Time   0.31 (  0.41)	Data 0.0002 (0.1141)	Loss (L1) 3.604 (3.940)
2026-04-26 03:31:00,180 | Epoch: [48][130/254]	Time   0.30 (  0.40)	Data 0.0003 (0.1054)	Loss (L1) 3.749 (3.937)
2026-04-26 03:31:03,220 | Epoch: [48][140/254]	Time   0.32 (  0.39)	Data 0.0003 (0.0980)	Loss (L1) 3.881 (3.929)
2026-04-26 03:31:06,231 | Epoch: [48][150/254]	Time   0.32 (  0.39)	Data 0.0003 (0.0915)	Loss (L1) 3.773 (3.926)
2026-04-26 03:31:09,246 | Epoch: [48][160/254]	Time   0.30 (  0.38)	Data 0.0004 (0.0859)	Loss (L1) 3.814 (3.924)
2026-04-26 03:31:12,282 | Epoch: [48][170/254]	Time   0.31 (  0.38)	Data 0.0003 (0.0809)	Loss (L1) 3.733 (3.924)
2026-04-26 03:31:15,269 | Epoch: [48][180/254]	Time   0.30 (  0.37)	Data 0.0003 (0.0764)	Loss (L1) 4.302 (3.925)
2026-04-26 03:31:18,315 | Epoch: [48][190/254]	Time   0.31 (  0.37)	Data 0.0002 (0.0726)	Loss (L1) 3.818 (3.920)
2026-04-26 03:31:21,328 | Epoch: [48][200/254]	Time   0.30 (  0.37)	Data 0.0001 (0.0690)	Loss (L1) 3.736 (3.927)
2026-04-26 03:31:24,326 | Epoch: [48][210/254]	Time   0.30 (  0.36)	Data 0.0001 (0.0657)	Loss (L1) 4.208 (3.925)
2026-04-26 03:31:27,291 | Epoch: [48][220/254]	Time   0.29 (  0.36)	Data 0.0001 (0.0627)	Loss (L1) 3.686 (3.918)
2026-04-26 03:31:30,244 | Epoch: [48][230/254]	Time   0.30 (  0.36)	Data 0.0001 (0.0600)	Loss (L1) 3.633 (3.917)
2026-04-26 03:31:33,199 | Epoch: [48][240/254]	Time   0.29 (  0.35)	Data 0.0001 (0.0576)	Loss (L1) 3.564 (3.916)
2026-04-26 03:31:36,158 | Epoch: [48][250/254]	Time   0.30 (  0.35)	Data 0.0001 (0.0553)	Loss (L1) 4.393 (3.923)
2026-04-26 03:31:37,285 | Create Epoch [48] features of all training data...
2026-04-26 03:32:54,473 | Updated smoothed statistics on Epoch [48]!
2026-04-26 03:32:54,502 | Updated running statistics with Epoch [48] features!
2026-04-26 03:33:05,246 | Val: [ 0/25]	Time 10.743 (10.743)	Loss (MSE) 262.432 (262.432)	Loss (L1) 14.961 (14.961)
2026-04-26 03:33:06,079 | Val: [10/25]	Time  0.083 ( 1.052)	Loss (MSE) 39.018 (100.317)	Loss (L1) 5.147 (8.232)
2026-04-26 03:33:06,914 | Val: [20/25]	Time  0.083 ( 0.591)	Loss (MSE) 314.017 (118.386)	Loss (L1) 16.830 (8.884)
2026-04-26 03:33:07,493 |  * Overall: MSE 174.181	L1 10.744	G-Mean 7.205
2026-04-26 03:33:07,493 |  * Many: MSE 99.764	L1 8.051	G-Mean 5.371
2026-04-26 03:33:07,493 |  * Median: MSE 269.383	L1 14.805	G-Mean 12.100
2026-04-26 03:33:07,493 |  * Low: MSE 606.115	L1 24.145	G-Mean 23.642
2026-04-26 03:33:07,494 | Best L1 Loss: 10.508
2026-04-26 03:33:07,726 | Epoch #48: Train loss [3.9241]; Val loss: MSE [174.1813], L1 [10.7440], G-Mean [7.2050]
2026-04-26 03:33:19,657 | Epoch: [49][  0/254]	Time  11.93 ( 11.93)	Data 11.6511 (11.6511)	Loss (L1) 3.709 (3.709)
2026-04-26 03:33:23,694 | Epoch: [49][ 10/254]	Time   0.31 (  1.45)	Data 0.0006 (1.1455)	Loss (L1) 4.353 (3.746)
2026-04-26 03:33:26,888 | Epoch: [49][ 20/254]	Time   0.33 (  0.91)	Data 0.0003 (0.6006)	Loss (L1) 3.838 (3.799)
2026-04-26 03:33:30,251 | Epoch: [49][ 30/254]	Time   0.34 (  0.73)	Data 0.0004 (0.4070)	Loss (L1) 4.524 (3.832)
2026-04-26 03:33:33,442 | Epoch: [49][ 40/254]	Time   0.30 (  0.63)	Data 0.0004 (0.3136)	Loss (L1) 3.530 (3.852)
2026-04-26 03:33:36,465 | Epoch: [49][ 50/254]	Time   0.30 (  0.56)	Data 0.0003 (0.2522)	Loss (L1) 3.248 (3.825)
2026-04-26 03:33:39,568 | Epoch: [49][ 60/254]	Time   0.29 (  0.52)	Data 0.0003 (0.2109)	Loss (L1) 3.630 (3.819)
2026-04-26 03:33:42,638 | Epoch: [49][ 70/254]	Time   0.30 (  0.49)	Data 0.0003 (0.1812)	Loss (L1) 3.371 (3.820)
2026-04-26 03:33:45,621 | Epoch: [49][ 80/254]	Time   0.30 (  0.47)	Data 0.0002 (0.1589)	Loss (L1) 4.474 (3.835)
2026-04-26 03:33:48,781 | Epoch: [49][ 90/254]	Time   0.35 (  0.45)	Data 0.0003 (0.1415)	Loss (L1) 3.899 (3.831)
2026-04-26 03:33:51,760 | Epoch: [49][100/254]	Time   0.29 (  0.44)	Data 0.0003 (0.1275)	Loss (L1) 3.624 (3.832)
2026-04-26 03:33:54,771 | Epoch: [49][110/254]	Time   0.30 (  0.42)	Data 0.0003 (0.1160)	Loss (L1) 3.719 (3.849)
2026-04-26 03:33:57,767 | Epoch: [49][120/254]	Time   0.29 (  0.41)	Data 0.0002 (0.1065)	Loss (L1) 3.989 (3.854)
2026-04-26 03:34:01,082 | Epoch: [49][130/254]	Time   0.30 (  0.41)	Data 0.0004 (0.1016)	Loss (L1) 3.430 (3.869)
2026-04-26 03:34:04,088 | Epoch: [49][140/254]	Time   0.29 (  0.40)	Data 0.0004 (0.0944)	Loss (L1) 3.713 (3.858)
2026-04-26 03:34:07,082 | Epoch: [49][150/254]	Time   0.30 (  0.39)	Data 0.0003 (0.0882)	Loss (L1) 3.829 (3.852)
2026-04-26 03:34:10,084 | Epoch: [49][160/254]	Time   0.30 (  0.39)	Data 0.0004 (0.0827)	Loss (L1) 3.998 (3.848)
2026-04-26 03:34:13,071 | Epoch: [49][170/254]	Time   0.30 (  0.38)	Data 0.0002 (0.0779)	Loss (L1) 4.027 (3.856)
2026-04-26 03:34:16,073 | Epoch: [49][180/254]	Time   0.31 (  0.38)	Data 0.0003 (0.0736)	Loss (L1) 4.787 (3.888)
2026-04-26 03:34:19,208 | Epoch: [49][190/254]	Time   0.34 (  0.37)	Data 0.0002 (0.0700)	Loss (L1) 4.441 (3.893)
2026-04-26 03:34:22,210 | Epoch: [49][200/254]	Time   0.30 (  0.37)	Data 0.0001 (0.0665)	Loss (L1) 3.738 (3.897)
2026-04-26 03:34:25,202 | Epoch: [49][210/254]	Time   0.30 (  0.37)	Data 0.0001 (0.0634)	Loss (L1) 3.393 (3.891)
2026-04-26 03:34:28,176 | Epoch: [49][220/254]	Time   0.30 (  0.36)	Data 0.0001 (0.0605)	Loss (L1) 3.763 (3.895)
2026-04-26 03:34:31,155 | Epoch: [49][230/254]	Time   0.30 (  0.36)	Data 0.0001 (0.0579)	Loss (L1) 4.118 (3.898)
2026-04-26 03:34:34,125 | Epoch: [49][240/254]	Time   0.30 (  0.36)	Data 0.0001 (0.0555)	Loss (L1) 3.491 (3.897)
2026-04-26 03:34:37,114 | Epoch: [49][250/254]	Time   0.30 (  0.36)	Data 0.0001 (0.0533)	Loss (L1) 4.407 (3.913)
2026-04-26 03:34:38,256 | Create Epoch [49] features of all training data...
2026-04-26 03:35:56,363 | Updated smoothed statistics on Epoch [49]!
2026-04-26 03:35:56,392 | Updated running statistics with Epoch [49] features!
2026-04-26 03:36:07,170 | Val: [ 0/25]	Time 10.777 (10.777)	Loss (MSE) 325.986 (325.986)	Loss (L1) 16.996 (16.996)
2026-04-26 03:36:08,006 | Val: [10/25]	Time  0.083 ( 1.056)	Loss (MSE) 35.961 (116.871)	Loss (L1) 4.923 (8.944)
2026-04-26 03:36:08,839 | Val: [20/25]	Time  0.084 ( 0.593)	Loss (MSE) 341.907 (128.494)	Loss (L1) 17.610 (9.242)
2026-04-26 03:36:09,396 |  * Overall: MSE 188.777	L1 11.187	G-Mean 7.440
2026-04-26 03:36:09,396 |  * Many: MSE 102.844	L1 8.143	G-Mean 5.373
2026-04-26 03:36:09,396 |  * Median: MSE 309.176	L1 16.132	G-Mean 13.663
2026-04-26 03:36:09,396 |  * Low: MSE 649.591	L1 25.047	G-Mean 24.583
2026-04-26 03:36:09,397 | Best L1 Loss: 10.508
2026-04-26 03:36:09,644 | Epoch #49: Train loss [3.9182]; Val loss: MSE [188.7771], L1 [11.1871], G-Mean [7.4400]
2026-04-26 03:36:23,159 | Epoch: [50][  0/254]	Time  13.51 ( 13.51)	Data 13.3650 (13.3650)	Loss (L1) 3.812 (3.812)
2026-04-26 03:36:26,156 | Epoch: [50][ 10/254]	Time   0.30 (  1.50)	Data 0.0004 (1.2154)	Loss (L1) 3.976 (3.923)
2026-04-26 03:36:29,149 | Epoch: [50][ 20/254]	Time   0.30 (  0.93)	Data 0.0003 (0.6368)	Loss (L1) 4.069 (3.898)
2026-04-26 03:36:32,141 | Epoch: [50][ 30/254]	Time   0.30 (  0.73)	Data 0.0004 (0.4315)	Loss (L1) 3.472 (3.899)
2026-04-26 03:36:35,938 | Epoch: [50][ 40/254]	Time   0.30 (  0.64)	Data 0.0003 (0.3498)	Loss (L1) 3.907 (3.901)
2026-04-26 03:36:38,920 | Epoch: [50][ 50/254]	Time   0.30 (  0.57)	Data 0.0003 (0.2813)	Loss (L1) 3.525 (3.881)
2026-04-26 03:36:41,928 | Epoch: [50][ 60/254]	Time   0.30 (  0.53)	Data 0.0003 (0.2353)	Loss (L1) 4.411 (3.919)
2026-04-26 03:36:45,146 | Epoch: [50][ 70/254]	Time   0.30 (  0.50)	Data 0.0004 (0.2069)	Loss (L1) 3.678 (3.918)
2026-04-26 03:36:48,154 | Epoch: [50][ 80/254]	Time   0.30 (  0.48)	Data 0.0003 (0.1814)	Loss (L1) 4.302 (3.920)
2026-04-26 03:36:51,163 | Epoch: [50][ 90/254]	Time   0.30 (  0.46)	Data 0.0003 (0.1615)	Loss (L1) 3.333 (3.903)
2026-04-26 03:36:54,179 | Epoch: [50][100/254]	Time   0.30 (  0.44)	Data 0.0004 (0.1456)	Loss (L1) 4.005 (3.925)
2026-04-26 03:36:57,179 | Epoch: [50][110/254]	Time   0.31 (  0.43)	Data 0.0003 (0.1325)	Loss (L1) 4.709 (3.914)
2026-04-26 03:37:00,216 | Epoch: [50][120/254]	Time   0.30 (  0.42)	Data 0.0003 (0.1216)	Loss (L1) 3.646 (3.896)
2026-04-26 03:37:03,318 | Epoch: [50][130/254]	Time   0.30 (  0.41)	Data 0.0003 (0.1123)	Loss (L1) 3.756 (3.888)
2026-04-26 03:37:06,330 | Epoch: [50][140/254]	Time   0.31 (  0.40)	Data 0.0003 (0.1044)	Loss (L1) 4.452 (3.888)
2026-04-26 03:37:09,417 | Epoch: [50][150/254]	Time   0.30 (  0.40)	Data 0.0005 (0.0975)	Loss (L1) 3.350 (3.879)
2026-04-26 03:37:12,427 | Epoch: [50][160/254]	Time   0.30 (  0.39)	Data 0.0004 (0.0915)	Loss (L1) 3.573 (3.882)
2026-04-26 03:37:15,408 | Epoch: [50][170/254]	Time   0.30 (  0.38)	Data 0.0003 (0.0861)	Loss (L1) 3.987 (3.872)
2026-04-26 03:37:18,442 | Epoch: [50][180/254]	Time   0.30 (  0.38)	Data 0.0003 (0.0814)	Loss (L1) 3.527 (3.880)
2026-04-26 03:37:21,437 | Epoch: [50][190/254]	Time   0.30 (  0.38)	Data 0.0002 (0.0774)	Loss (L1) 3.920 (3.875)
2026-04-26 03:37:24,432 | Epoch: [50][200/254]	Time   0.30 (  0.37)	Data 0.0001 (0.0736)	Loss (L1) 4.047 (3.872)
2026-04-26 03:37:27,416 | Epoch: [50][210/254]	Time   0.30 (  0.37)	Data 0.0001 (0.0701)	Loss (L1) 3.476 (3.869)
2026-04-26 03:37:30,381 | Epoch: [50][220/254]	Time   0.30 (  0.37)	Data 0.0001 (0.0669)	Loss (L1) 4.096 (3.867)
2026-04-26 03:37:33,333 | Epoch: [50][230/254]	Time   0.29 (  0.36)	Data 0.0001 (0.0640)	Loss (L1) 3.656 (3.869)
2026-04-26 03:37:36,268 | Epoch: [50][240/254]	Time   0.29 (  0.36)	Data 0.0001 (0.0614)	Loss (L1) 3.833 (3.871)
2026-04-26 03:37:39,206 | Epoch: [50][250/254]	Time   0.29 (  0.36)	Data 0.0001 (0.0589)	Loss (L1) 3.788 (3.871)
2026-04-26 03:37:40,330 | Create Epoch [50] features of all training data...
2026-04-26 03:38:58,100 | Updated smoothed statistics on Epoch [50]!
2026-04-26 03:38:58,129 | Updated running statistics with Epoch [50] features!
2026-04-26 03:39:09,086 | Val: [ 0/25]	Time 10.956 (10.956)	Loss (MSE) 287.921 (287.921)	Loss (L1) 15.817 (15.817)
2026-04-26 03:39:09,921 | Val: [10/25]	Time  0.083 ( 1.072)	Loss (MSE) 51.532 (116.501)	Loss (L1) 5.956 (8.966)
2026-04-26 03:39:10,755 | Val: [20/25]	Time  0.083 ( 0.601)	Loss (MSE) 382.907 (141.437)	Loss (L1) 17.980 (9.584)
2026-04-26 03:39:11,322 |  * Overall: MSE 197.492	L1 11.379	G-Mean 7.526
2026-04-26 03:39:11,322 |  * Many: MSE 121.072	L1 8.699	G-Mean 5.631
2026-04-26 03:39:11,322 |  * Median: MSE 311.643	L1 15.767	G-Mean 12.779
2026-04-26 03:39:11,322 |  * Low: MSE 581.606	L1 23.458	G-Mean 22.805
2026-04-26 03:39:11,323 | Best L1 Loss: 10.508
2026-04-26 03:39:11,552 | Epoch #50: Train loss [3.8707]; Val loss: MSE [197.4918], L1 [11.3791], G-Mean [7.5258]
2026-04-26 03:39:18,333 | Epoch: [51][  0/254]	Time   6.78 (  6.78)	Data 6.5879 (6.5879)	Loss (L1) 3.946 (3.946)
2026-04-26 03:39:27,369 | Epoch: [51][ 10/254]	Time   0.30 (  1.44)	Data 0.0002 (1.1639)	Loss (L1) 4.282 (3.750)
2026-04-26 03:39:30,523 | Epoch: [51][ 20/254]	Time   0.29 (  0.90)	Data 0.0002 (0.6098)	Loss (L1) 3.532 (3.828)
2026-04-26 03:39:33,655 | Epoch: [51][ 30/254]	Time   0.37 (  0.71)	Data 0.0002 (0.4132)	Loss (L1) 3.979 (3.817)
2026-04-26 03:39:36,844 | Epoch: [51][ 40/254]	Time   0.32 (  0.62)	Data 0.0004 (0.3132)	Loss (L1) 4.140 (3.841)
2026-04-26 03:39:39,982 | Epoch: [51][ 50/254]	Time   0.31 (  0.56)	Data 0.0004 (0.2523)	Loss (L1) 3.209 (3.807)
2026-04-26 03:39:43,055 | Epoch: [51][ 60/254]	Time   0.31 (  0.52)	Data 0.0002 (0.2111)	Loss (L1) 4.345 (3.801)
2026-04-26 03:39:46,122 | Epoch: [51][ 70/254]	Time   0.30 (  0.49)	Data 0.0003 (0.1815)	Loss (L1) 4.060 (3.781)
2026-04-26 03:39:49,166 | Epoch: [51][ 80/254]	Time   0.30 (  0.46)	Data 0.0004 (0.1591)	Loss (L1) 3.481 (3.767)
2026-04-26 03:39:52,177 | Epoch: [51][ 90/254]	Time   0.30 (  0.45)	Data 0.0003 (0.1417)	Loss (L1) 3.523 (3.787)
2026-04-26 03:39:55,293 | Epoch: [51][100/254]	Time   0.33 (  0.43)	Data 0.0003 (0.1277)	Loss (L1) 3.997 (3.797)
2026-04-26 03:39:58,386 | Epoch: [51][110/254]	Time   0.32 (  0.42)	Data 0.0006 (0.1163)	Loss (L1) 3.347 (3.781)
2026-04-26 03:40:01,382 | Epoch: [51][120/254]	Time   0.30 (  0.41)	Data 0.0003 (0.1067)	Loss (L1) 3.456 (3.774)
2026-04-26 03:40:04,469 | Epoch: [51][130/254]	Time   0.31 (  0.40)	Data 0.0004 (0.0986)	Loss (L1) 4.440 (3.778)
2026-04-26 03:40:07,494 | Epoch: [51][140/254]	Time   0.30 (  0.40)	Data 0.0003 (0.0916)	Loss (L1) 3.495 (3.786)
2026-04-26 03:40:10,544 | Epoch: [51][150/254]	Time   0.31 (  0.39)	Data 0.0003 (0.0856)	Loss (L1) 3.318 (3.787)
2026-04-26 03:40:13,648 | Epoch: [51][160/254]	Time   0.30 (  0.39)	Data 0.0003 (0.0803)	Loss (L1) 3.818 (3.798)
2026-04-26 03:40:16,721 | Epoch: [51][170/254]	Time   0.32 (  0.38)	Data 0.0063 (0.0756)	Loss (L1) 3.507 (3.797)
2026-04-26 03:40:19,860 | Epoch: [51][180/254]	Time   0.31 (  0.38)	Data 0.0003 (0.0715)	Loss (L1) 3.521 (3.802)
2026-04-26 03:40:22,964 | Epoch: [51][190/254]	Time   0.30 (  0.37)	Data 0.0002 (0.0679)	Loss (L1) 4.276 (3.811)
2026-04-26 03:40:25,975 | Epoch: [51][200/254]	Time   0.31 (  0.37)	Data 0.0001 (0.0645)	Loss (L1) 3.735 (3.804)
2026-04-26 03:40:28,972 | Epoch: [51][210/254]	Time   0.30 (  0.37)	Data 0.0001 (0.0615)	Loss (L1) 3.675 (3.817)
2026-04-26 03:40:31,939 | Epoch: [51][220/254]	Time   0.30 (  0.36)	Data 0.0001 (0.0587)	Loss (L1) 3.432 (3.816)
2026-04-26 03:40:34,916 | Epoch: [51][230/254]	Time   0.30 (  0.36)	Data 0.0001 (0.0562)	Loss (L1) 4.358 (3.823)
2026-04-26 03:40:37,882 | Epoch: [51][240/254]	Time   0.30 (  0.36)	Data 0.0001 (0.0539)	Loss (L1) 3.437 (3.822)
2026-04-26 03:40:40,853 | Epoch: [51][250/254]	Time   0.30 (  0.36)	Data 0.0001 (0.0517)	Loss (L1) 3.785 (3.820)
2026-04-26 03:40:41,980 | Create Epoch [51] features of all training data...
2026-04-26 03:41:58,455 | Updated smoothed statistics on Epoch [51]!
2026-04-26 03:41:58,484 | Updated running statistics with Epoch [51] features!
2026-04-26 03:42:08,286 | Val: [ 0/25]	Time  9.801 ( 9.801)	Loss (MSE) 271.995 (271.995)	Loss (L1) 15.295 (15.295)
2026-04-26 03:42:09,910 | Val: [10/25]	Time  0.083 ( 1.039)	Loss (MSE) 53.146 (108.605)	Loss (L1) 5.978 (8.641)
2026-04-26 03:42:10,748 | Val: [20/25]	Time  0.084 ( 0.584)	Loss (MSE) 433.162 (147.637)	Loss (L1) 19.648 (9.812)
2026-04-26 03:42:11,304 |  * Overall: MSE 219.492	L1 11.963	G-Mean 7.869
2026-04-26 03:42:11,304 |  * Many: MSE 130.578	L1 9.076	G-Mean 5.916
2026-04-26 03:42:11,304 |  * Median: MSE 335.547	L1 16.263	G-Mean 12.869
2026-04-26 03:42:11,304 |  * Low: MSE 727.192	L1 26.514	G-Mean 26.005
2026-04-26 03:42:11,305 | Best L1 Loss: 10.508
2026-04-26 03:42:11,537 | Epoch #51: Train loss [3.8167]; Val loss: MSE [219.4920], L1 [11.9627], G-Mean [7.8690]
2026-04-26 03:42:26,488 | Epoch: [52][  0/254]	Time  14.95 ( 14.95)	Data 14.8041 (14.8041)	Loss (L1) 3.538 (3.538)
2026-04-26 03:42:29,495 | Epoch: [52][ 10/254]	Time   0.31 (  1.63)	Data 0.0002 (1.3461)	Loss (L1) 3.892 (3.905)
2026-04-26 03:42:32,518 | Epoch: [52][ 20/254]	Time   0.29 (  1.00)	Data 0.0002 (0.7052)	Loss (L1) 3.671 (3.999)
2026-04-26 03:42:35,586 | Epoch: [52][ 30/254]	Time   0.29 (  0.78)	Data 0.0002 (0.4778)	Loss (L1) 4.091 (3.877)
2026-04-26 03:42:38,637 | Epoch: [52][ 40/254]	Time   0.30 (  0.66)	Data 0.0003 (0.3614)	Loss (L1) 5.238 (3.873)
2026-04-26 03:42:41,697 | Epoch: [52][ 50/254]	Time   0.30 (  0.59)	Data 0.0004 (0.2908)	Loss (L1) 3.878 (3.874)
2026-04-26 03:42:44,711 | Epoch: [52][ 60/254]	Time   0.30 (  0.54)	Data 0.0003 (0.2432)	Loss (L1) 3.843 (3.832)
2026-04-26 03:42:47,906 | Epoch: [52][ 70/254]	Time   0.34 (  0.51)	Data 0.0006 (0.2091)	Loss (L1) 3.126 (3.816)
2026-04-26 03:42:51,114 | Epoch: [52][ 80/254]	Time   0.34 (  0.49)	Data 0.0003 (0.1834)	Loss (L1) 3.729 (3.798)
2026-04-26 03:42:54,247 | Epoch: [52][ 90/254]	Time   0.29 (  0.47)	Data 0.0002 (0.1633)	Loss (L1) 3.642 (3.807)
2026-04-26 03:42:57,402 | Epoch: [52][100/254]	Time   0.33 (  0.45)	Data 0.0004 (0.1472)	Loss (L1) 3.988 (3.797)
2026-04-26 03:43:00,559 | Epoch: [52][110/254]	Time   0.28 (  0.44)	Data 0.0003 (0.1340)	Loss (L1) 3.274 (3.806)
2026-04-26 03:43:03,641 | Epoch: [52][120/254]	Time   0.31 (  0.43)	Data 0.0009 (0.1230)	Loss (L1) 3.646 (3.813)
2026-04-26 03:43:06,728 | Epoch: [52][130/254]	Time   0.28 (  0.42)	Data 0.0003 (0.1136)	Loss (L1) 3.260 (3.801)
2026-04-26 03:43:09,993 | Epoch: [52][140/254]	Time   0.30 (  0.41)	Data 0.0002 (0.1057)	Loss (L1) 3.980 (3.803)
2026-04-26 03:43:13,086 | Epoch: [52][150/254]	Time   0.32 (  0.41)	Data 0.0002 (0.0988)	Loss (L1) 3.788 (3.795)
2026-04-26 03:43:16,220 | Epoch: [52][160/254]	Time   0.29 (  0.40)	Data 0.0003 (0.0927)	Loss (L1) 4.145 (3.794)
2026-04-26 03:43:19,228 | Epoch: [52][170/254]	Time   0.29 (  0.40)	Data 0.0002 (0.0873)	Loss (L1) 3.730 (3.800)
2026-04-26 03:43:22,269 | Epoch: [52][180/254]	Time   0.30 (  0.39)	Data 0.0002 (0.0825)	Loss (L1) 4.091 (3.812)
2026-04-26 03:43:25,354 | Epoch: [52][190/254]	Time   0.31 (  0.39)	Data 0.0002 (0.0783)	Loss (L1) 3.345 (3.819)
2026-04-26 03:43:28,428 | Epoch: [52][200/254]	Time   0.30 (  0.38)	Data 0.0001 (0.0744)	Loss (L1) 4.236 (3.822)
2026-04-26 03:43:31,402 | Epoch: [52][210/254]	Time   0.30 (  0.38)	Data 0.0001 (0.0709)	Loss (L1) 3.504 (3.831)
2026-04-26 03:43:34,367 | Epoch: [52][220/254]	Time   0.30 (  0.37)	Data 0.0001 (0.0677)	Loss (L1) 3.595 (3.829)
2026-04-26 03:43:37,322 | Epoch: [52][230/254]	Time   0.30 (  0.37)	Data 0.0001 (0.0647)	Loss (L1) 3.817 (3.829)
2026-04-26 03:43:40,268 | Epoch: [52][240/254]	Time   0.29 (  0.37)	Data 0.0001 (0.0621)	Loss (L1) 3.495 (3.821)
2026-04-26 03:43:43,206 | Epoch: [52][250/254]	Time   0.30 (  0.37)	Data 0.0001 (0.0596)	Loss (L1) 4.206 (3.823)
2026-04-26 03:43:44,317 | Create Epoch [52] features of all training data...
2026-04-26 03:45:01,203 | Updated smoothed statistics on Epoch [52]!
2026-04-26 03:45:01,232 | Updated running statistics with Epoch [52] features!
2026-04-26 03:45:11,349 | Val: [ 0/25]	Time 10.116 (10.116)	Loss (MSE) 266.467 (266.467)	Loss (L1) 15.117 (15.117)
2026-04-26 03:45:12,618 | Val: [10/25]	Time  0.083 ( 1.035)	Loss (MSE) 45.200 (102.156)	Loss (L1) 5.514 (8.354)
2026-04-26 03:45:13,449 | Val: [20/25]	Time  0.084 ( 0.582)	Loss (MSE) 329.388 (121.313)	Loss (L1) 17.175 (9.027)
2026-04-26 03:45:14,029 |  * Overall: MSE 182.459	L1 10.984	G-Mean 7.380
2026-04-26 03:45:14,029 |  * Many: MSE 101.348	L1 8.142	G-Mean 5.475
2026-04-26 03:45:14,029 |  * Median: MSE 287.458	L1 15.322	G-Mean 12.550
2026-04-26 03:45:14,029 |  * Low: MSE 648.758	L1 24.933	G-Mean 24.329
2026-04-26 03:45:14,030 | Best L1 Loss: 10.508
2026-04-26 03:45:14,266 | Epoch #52: Train loss [3.8274]; Val loss: MSE [182.4586], L1 [10.9840], G-Mean [7.3802]
2026-04-26 03:45:25,289 | Epoch: [53][  0/254]	Time  11.02 ( 11.02)	Data 10.8026 (10.8026)	Loss (L1) 4.267 (4.267)
2026-04-26 03:45:29,068 | Epoch: [53][ 10/254]	Time   0.37 (  1.35)	Data 0.0002 (1.0563)	Loss (L1) 3.638 (3.720)
2026-04-26 03:45:32,298 | Epoch: [53][ 20/254]	Time   0.43 (  0.86)	Data 0.0354 (0.5551)	Loss (L1) 3.735 (3.803)
2026-04-26 03:45:35,411 | Epoch: [53][ 30/254]	Time   0.30 (  0.68)	Data 0.0002 (0.3761)	Loss (L1) 3.740 (3.840)
2026-04-26 03:45:38,549 | Epoch: [53][ 40/254]	Time   0.30 (  0.59)	Data 0.0003 (0.2845)	Loss (L1) 3.692 (3.820)
2026-04-26 03:45:41,603 | Epoch: [53][ 50/254]	Time   0.31 (  0.54)	Data 0.0006 (0.2288)	Loss (L1) 3.729 (3.819)
2026-04-26 03:45:44,619 | Epoch: [53][ 60/254]	Time   0.31 (  0.50)	Data 0.0003 (0.1913)	Loss (L1) 3.375 (3.788)
2026-04-26 03:45:47,636 | Epoch: [53][ 70/254]	Time   0.30 (  0.47)	Data 0.0004 (0.1664)	Loss (L1) 3.580 (3.790)
2026-04-26 03:45:50,607 | Epoch: [53][ 80/254]	Time   0.30 (  0.45)	Data 0.0003 (0.1459)	Loss (L1) 5.385 (3.817)
2026-04-26 03:45:53,588 | Epoch: [53][ 90/254]	Time   0.30 (  0.43)	Data 0.0003 (0.1299)	Loss (L1) 3.961 (3.795)
2026-04-26 03:45:56,985 | Epoch: [53][100/254]	Time   0.67 (  0.42)	Data 0.5250 (0.1222)	Loss (L1) 3.686 (3.802)
2026-04-26 03:45:59,989 | Epoch: [53][110/254]	Time   0.31 (  0.41)	Data 0.0003 (0.1113)	Loss (L1) 3.466 (3.803)
2026-04-26 03:46:03,063 | Epoch: [53][120/254]	Time   0.32 (  0.40)	Data 0.0004 (0.1021)	Loss (L1) 3.386 (3.791)
2026-04-26 03:46:06,123 | Epoch: [53][130/254]	Time   0.30 (  0.40)	Data 0.0003 (0.0944)	Loss (L1) 4.049 (3.810)
2026-04-26 03:46:09,168 | Epoch: [53][140/254]	Time   0.30 (  0.39)	Data 0.0003 (0.0877)	Loss (L1) 3.886 (3.818)
2026-04-26 03:46:12,236 | Epoch: [53][150/254]	Time   0.30 (  0.38)	Data 0.0003 (0.0820)	Loss (L1) 4.429 (3.813)
2026-04-26 03:46:15,251 | Epoch: [53][160/254]	Time   0.30 (  0.38)	Data 0.0005 (0.0769)	Loss (L1) 3.578 (3.804)
2026-04-26 03:46:18,254 | Epoch: [53][170/254]	Time   0.29 (  0.37)	Data 0.0004 (0.0725)	Loss (L1) 3.532 (3.804)
2026-04-26 03:46:21,249 | Epoch: [53][180/254]	Time   0.30 (  0.37)	Data 0.0111 (0.0685)	Loss (L1) 3.553 (3.798)
2026-04-26 03:46:24,262 | Epoch: [53][190/254]	Time   0.30 (  0.37)	Data 0.0002 (0.0651)	Loss (L1) 4.383 (3.800)
2026-04-26 03:46:27,285 | Epoch: [53][200/254]	Time   0.30 (  0.36)	Data 0.0001 (0.0618)	Loss (L1) 3.748 (3.801)
2026-04-26 03:46:30,287 | Epoch: [53][210/254]	Time   0.30 (  0.36)	Data 0.0002 (0.0589)	Loss (L1) 3.480 (3.799)
2026-04-26 03:46:33,251 | Epoch: [53][220/254]	Time   0.30 (  0.36)	Data 0.0001 (0.0562)	Loss (L1) 3.699 (3.800)
2026-04-26 03:46:36,235 | Epoch: [53][230/254]	Time   0.30 (  0.35)	Data 0.0002 (0.0538)	Loss (L1) 3.567 (3.802)
2026-04-26 03:46:39,170 | Epoch: [53][240/254]	Time   0.30 (  0.35)	Data 0.0001 (0.0516)	Loss (L1) 4.170 (3.801)
2026-04-26 03:46:42,099 | Epoch: [53][250/254]	Time   0.29 (  0.35)	Data 0.0001 (0.0495)	Loss (L1) 3.763 (3.805)
2026-04-26 03:46:43,217 | Create Epoch [53] features of all training data...
2026-04-26 03:47:59,806 | Updated smoothed statistics on Epoch [53]!
2026-04-26 03:47:59,835 | Updated running statistics with Epoch [53] features!
2026-04-26 03:48:10,903 | Val: [ 0/25]	Time 11.066 (11.066)	Loss (MSE) 292.657 (292.657)	Loss (L1) 15.459 (15.459)
2026-04-26 03:48:11,736 | Val: [10/25]	Time  0.083 ( 1.082)	Loss (MSE) 49.491 (116.489)	Loss (L1) 5.831 (8.911)
2026-04-26 03:48:12,569 | Val: [20/25]	Time  0.083 ( 0.606)	Loss (MSE) 400.393 (145.772)	Loss (L1) 18.718 (9.724)
2026-04-26 03:48:13,135 |  * Overall: MSE 211.421	L1 11.746	G-Mean 7.702
2026-04-26 03:48:13,135 |  * Many: MSE 124.581	L1 8.840	G-Mean 5.771
2026-04-26 03:48:13,135 |  * Median: MSE 329.972	L1 16.261	G-Mean 12.766
2026-04-26 03:48:13,135 |  * Low: MSE 688.411	L1 25.718	G-Mean 25.101
2026-04-26 03:48:13,136 | Best L1 Loss: 10.508
2026-04-26 03:48:13,364 | Epoch #53: Train loss [3.8044]; Val loss: MSE [211.4212], L1 [11.7457], G-Mean [7.7023]
2026-04-26 03:48:20,003 | Epoch: [54][  0/254]	Time   6.64 (  6.64)	Data 6.4808 (6.4808)	Loss (L1) 2.949 (2.949)
2026-04-26 03:48:28,618 | Epoch: [54][ 10/254]	Time   0.33 (  1.39)	Data 0.0003 (1.0858)	Loss (L1) 3.373 (3.447)
2026-04-26 03:48:31,837 | Epoch: [54][ 20/254]	Time   0.32 (  0.88)	Data 0.0004 (0.5690)	Loss (L1) 3.656 (3.621)
2026-04-26 03:48:35,006 | Epoch: [54][ 30/254]	Time   0.30 (  0.70)	Data 0.0004 (0.3856)	Loss (L1) 3.482 (3.651)
2026-04-26 03:48:39,032 | Epoch: [54][ 40/254]	Time   0.31 (  0.63)	Data 0.0003 (0.3185)	Loss (L1) 3.542 (3.624)
2026-04-26 03:48:42,104 | Epoch: [54][ 50/254]	Time   0.30 (  0.56)	Data 0.0003 (0.2565)	Loss (L1) 3.660 (3.596)
2026-04-26 03:48:45,159 | Epoch: [54][ 60/254]	Time   0.29 (  0.52)	Data 0.0003 (0.2147)	Loss (L1) 3.484 (3.595)
2026-04-26 03:48:48,200 | Epoch: [54][ 70/254]	Time   0.28 (  0.49)	Data 0.0003 (0.1845)	Loss (L1) 3.595 (3.604)
2026-04-26 03:48:51,288 | Epoch: [54][ 80/254]	Time   0.33 (  0.47)	Data 0.0003 (0.1618)	Loss (L1) 3.603 (3.620)
2026-04-26 03:48:54,435 | Epoch: [54][ 90/254]	Time   0.36 (  0.45)	Data 0.0003 (0.1441)	Loss (L1) 4.075 (3.622)
2026-04-26 03:48:57,466 | Epoch: [54][100/254]	Time   0.30 (  0.44)	Data 0.0003 (0.1299)	Loss (L1) 3.498 (3.630)
2026-04-26 03:49:00,600 | Epoch: [54][110/254]	Time   0.37 (  0.43)	Data 0.0003 (0.1182)	Loss (L1) 4.432 (3.657)
2026-04-26 03:49:03,630 | Epoch: [54][120/254]	Time   0.30 (  0.42)	Data 0.0004 (0.1085)	Loss (L1) 3.318 (3.661)
2026-04-26 03:49:06,761 | Epoch: [54][130/254]	Time   0.30 (  0.41)	Data 0.0004 (0.1004)	Loss (L1) 3.412 (3.658)
2026-04-26 03:49:09,819 | Epoch: [54][140/254]	Time   0.29 (  0.40)	Data 0.0003 (0.0933)	Loss (L1) 3.317 (3.679)
2026-04-26 03:49:12,894 | Epoch: [54][150/254]	Time   0.35 (  0.39)	Data 0.0003 (0.0872)	Loss (L1) 5.347 (3.695)
2026-04-26 03:49:16,001 | Epoch: [54][160/254]	Time   0.30 (  0.39)	Data 0.0003 (0.0818)	Loss (L1) 3.893 (3.721)
2026-04-26 03:49:18,973 | Epoch: [54][170/254]	Time   0.30 (  0.38)	Data 0.0001 (0.0771)	Loss (L1) 3.637 (3.734)
2026-04-26 03:49:22,074 | Epoch: [54][180/254]	Time   0.34 (  0.38)	Data 0.0004 (0.0728)	Loss (L1) 3.319 (3.746)
2026-04-26 03:49:25,251 | Epoch: [54][190/254]	Time   0.31 (  0.38)	Data 0.0002 (0.0693)	Loss (L1) 4.112 (3.751)
2026-04-26 03:49:28,590 | Epoch: [54][200/254]	Time   0.30 (  0.37)	Data 0.0001 (0.0658)	Loss (L1) 4.201 (3.756)
2026-04-26 03:49:31,604 | Epoch: [54][210/254]	Time   0.30 (  0.37)	Data 0.0001 (0.0627)	Loss (L1) 3.633 (3.751)
2026-04-26 03:49:34,585 | Epoch: [54][220/254]	Time   0.30 (  0.37)	Data 0.0002 (0.0599)	Loss (L1) 4.257 (3.748)
2026-04-26 03:49:37,544 | Epoch: [54][230/254]	Time   0.29 (  0.36)	Data 0.0001 (0.0573)	Loss (L1) 3.829 (3.755)
2026-04-26 03:49:40,498 | Epoch: [54][240/254]	Time   0.30 (  0.36)	Data 0.0001 (0.0549)	Loss (L1) 3.702 (3.764)
2026-04-26 03:49:43,427 | Epoch: [54][250/254]	Time   0.29 (  0.36)	Data 0.0001 (0.0527)	Loss (L1) 3.663 (3.763)
2026-04-26 03:49:44,563 | Create Epoch [54] features of all training data...
2026-04-26 03:51:03,765 | Updated smoothed statistics on Epoch [54]!
2026-04-26 03:51:03,795 | Updated running statistics with Epoch [54] features!
2026-04-26 03:51:13,969 | Val: [ 0/25]	Time 10.172 (10.172)	Loss (MSE) 258.235 (258.235)	Loss (L1) 14.954 (14.954)
2026-04-26 03:51:15,422 | Val: [10/25]	Time  0.083 ( 1.057)	Loss (MSE) 42.983 (102.592)	Loss (L1) 5.293 (8.384)
2026-04-26 03:51:16,257 | Val: [20/25]	Time  0.083 ( 0.593)	Loss (MSE) 368.010 (130.546)	Loss (L1) 18.113 (9.240)
2026-04-26 03:51:16,821 |  * Overall: MSE 185.766	L1 11.060	G-Mean 7.293
2026-04-26 03:51:16,821 |  * Many: MSE 111.939	L1 8.392	G-Mean 5.435
2026-04-26 03:51:16,821 |  * Median: MSE 291.728	L1 15.341	G-Mean 12.413
2026-04-26 03:51:16,821 |  * Low: MSE 572.507	L1 23.398	G-Mean 22.861
2026-04-26 03:51:16,822 | Best L1 Loss: 10.508
2026-04-26 03:51:17,055 | Epoch #54: Train loss [3.7601]; Val loss: MSE [185.7661], L1 [11.0601], G-Mean [7.2927]
2026-04-26 03:51:22,039 | Epoch: [55][  0/254]	Time   4.98 (  4.98)	Data 4.7694 (4.7694)	Loss (L1) 3.940 (3.940)
2026-04-26 03:51:31,358 | Epoch: [55][ 10/254]	Time   0.30 (  1.30)	Data 0.0002 (1.0328)	Loss (L1) 4.328 (3.570)
2026-04-26 03:51:34,539 | Epoch: [55][ 20/254]	Time   0.32 (  0.83)	Data 0.0002 (0.5411)	Loss (L1) 3.809 (3.602)
2026-04-26 03:51:37,624 | Epoch: [55][ 30/254]	Time   0.30 (  0.66)	Data 0.0002 (0.3668)	Loss (L1) 4.198 (3.678)
2026-04-26 03:51:41,290 | Epoch: [55][ 40/254]	Time   0.35 (  0.59)	Data 0.0004 (0.2930)	Loss (L1) 3.549 (3.669)
2026-04-26 03:51:44,458 | Epoch: [55][ 50/254]	Time   0.30 (  0.54)	Data 0.0113 (0.2358)	Loss (L1) 3.532 (3.693)
2026-04-26 03:51:47,573 | Epoch: [55][ 60/254]	Time   0.31 (  0.50)	Data 0.0003 (0.1975)	Loss (L1) 3.361 (3.695)
2026-04-26 03:51:50,879 | Epoch: [55][ 70/254]	Time   0.33 (  0.48)	Data 0.0003 (0.1698)	Loss (L1) 3.597 (3.707)
2026-04-26 03:51:53,956 | Epoch: [55][ 80/254]	Time   0.31 (  0.46)	Data 0.0004 (0.1489)	Loss (L1) 4.145 (3.713)
2026-04-26 03:51:56,999 | Epoch: [55][ 90/254]	Time   0.30 (  0.44)	Data 0.0004 (0.1326)	Loss (L1) 3.624 (3.690)
2026-04-26 03:52:00,147 | Epoch: [55][100/254]	Time   0.33 (  0.43)	Data 0.0003 (0.1195)	Loss (L1) 3.324 (3.694)
2026-04-26 03:52:03,220 | Epoch: [55][110/254]	Time   0.32 (  0.42)	Data 0.0003 (0.1088)	Loss (L1) 3.621 (3.710)
2026-04-26 03:52:06,255 | Epoch: [55][120/254]	Time   0.32 (  0.41)	Data 0.0003 (0.0999)	Loss (L1) 3.833 (3.723)
2026-04-26 03:52:09,405 | Epoch: [55][130/254]	Time   0.34 (  0.40)	Data 0.0003 (0.0923)	Loss (L1) 3.335 (3.723)
2026-04-26 03:52:12,461 | Epoch: [55][140/254]	Time   0.31 (  0.39)	Data 0.0003 (0.0857)	Loss (L1) 3.589 (3.718)
2026-04-26 03:52:15,614 | Epoch: [55][150/254]	Time   0.33 (  0.39)	Data 0.0003 (0.0801)	Loss (L1) 4.346 (3.716)
2026-04-26 03:52:18,776 | Epoch: [55][160/254]	Time   0.30 (  0.38)	Data 0.0003 (0.0751)	Loss (L1) 3.778 (3.715)
2026-04-26 03:52:21,873 | Epoch: [55][170/254]	Time   0.30 (  0.38)	Data 0.0004 (0.0708)	Loss (L1) 4.440 (3.714)
2026-04-26 03:52:24,984 | Epoch: [55][180/254]	Time   0.35 (  0.38)	Data 0.0003 (0.0669)	Loss (L1) 3.587 (3.709)
2026-04-26 03:52:28,143 | Epoch: [55][190/254]	Time   0.30 (  0.37)	Data 0.0002 (0.0635)	Loss (L1) 4.048 (3.720)
2026-04-26 03:52:31,185 | Epoch: [55][200/254]	Time   0.30 (  0.37)	Data 0.0001 (0.0604)	Loss (L1) 3.644 (3.719)
2026-04-26 03:52:34,184 | Epoch: [55][210/254]	Time   0.30 (  0.37)	Data 0.0001 (0.0575)	Loss (L1) 3.631 (3.726)
2026-04-26 03:52:37,162 | Epoch: [55][220/254]	Time   0.29 (  0.36)	Data 0.0001 (0.0549)	Loss (L1) 3.625 (3.728)
2026-04-26 03:52:40,130 | Epoch: [55][230/254]	Time   0.29 (  0.36)	Data 0.0001 (0.0525)	Loss (L1) 3.725 (3.739)
2026-04-26 03:52:43,103 | Epoch: [55][240/254]	Time   0.30 (  0.36)	Data 0.0001 (0.0504)	Loss (L1) 3.581 (3.747)
2026-04-26 03:52:46,073 | Epoch: [55][250/254]	Time   0.30 (  0.35)	Data 0.0001 (0.0484)	Loss (L1) 3.657 (3.742)
2026-04-26 03:52:47,206 | Create Epoch [55] features of all training data...
2026-04-26 03:54:04,949 | Updated smoothed statistics on Epoch [55]!
2026-04-26 03:54:04,978 | Updated running statistics with Epoch [55] features!
2026-04-26 03:54:15,837 | Val: [ 0/25]	Time 10.858 (10.858)	Loss (MSE) 266.760 (266.760)	Loss (L1) 15.180 (15.180)
2026-04-26 03:54:16,672 | Val: [10/25]	Time  0.083 ( 1.063)	Loss (MSE) 38.298 (101.941)	Loss (L1) 5.040 (8.351)
2026-04-26 03:54:17,504 | Val: [20/25]	Time  0.083 ( 0.596)	Loss (MSE) 335.625 (120.875)	Loss (L1) 17.293 (8.934)
2026-04-26 03:54:18,055 |  * Overall: MSE 175.789	L1 10.776	G-Mean 7.175
2026-04-26 03:54:18,055 |  * Many: MSE 101.512	L1 8.037	G-Mean 5.271
2026-04-26 03:54:18,055 |  * Median: MSE 275.187	L1 15.044	G-Mean 12.574
2026-04-26 03:54:18,055 |  * Low: MSE 591.028	L1 23.902	G-Mean 23.447
2026-04-26 03:54:18,056 | Best L1 Loss: 10.508
2026-04-26 03:54:18,285 | Epoch #55: Train loss [3.7422]; Val loss: MSE [175.7886], L1 [10.7763], G-Mean [7.1746]
2026-04-26 03:54:31,409 | Epoch: [56][  0/254]	Time  13.12 ( 13.12)	Data 12.9703 (12.9703)	Loss (L1) 4.048 (4.048)
2026-04-26 03:54:34,960 | Epoch: [56][ 10/254]	Time   0.31 (  1.52)	Data 0.0002 (1.2401)	Loss (L1) 4.006 (3.642)
2026-04-26 03:54:37,967 | Epoch: [56][ 20/254]	Time   0.31 (  0.94)	Data 0.0002 (0.6497)	Loss (L1) 3.501 (3.589)
2026-04-26 03:54:41,309 | Epoch: [56][ 30/254]	Time   0.32 (  0.74)	Data 0.0005 (0.4413)	Loss (L1) 3.317 (3.606)
2026-04-26 03:54:44,397 | Epoch: [56][ 40/254]	Time   0.30 (  0.64)	Data 0.0002 (0.3340)	Loss (L1) 3.283 (3.670)
2026-04-26 03:54:47,445 | Epoch: [56][ 50/254]	Time   0.29 (  0.57)	Data 0.0003 (0.2686)	Loss (L1) 3.511 (3.635)
2026-04-26 03:54:50,674 | Epoch: [56][ 60/254]	Time   0.40 (  0.53)	Data 0.0003 (0.2246)	Loss (L1) 3.918 (3.663)
2026-04-26 03:54:53,861 | Epoch: [56][ 70/254]	Time   0.30 (  0.50)	Data 0.0003 (0.1931)	Loss (L1) 4.434 (3.689)
2026-04-26 03:54:57,011 | Epoch: [56][ 80/254]	Time   0.31 (  0.48)	Data 0.0002 (0.1693)	Loss (L1) 3.907 (3.708)
2026-04-26 03:55:00,149 | Epoch: [56][ 90/254]	Time   0.29 (  0.46)	Data 0.0002 (0.1507)	Loss (L1) 2.968 (3.709)
2026-04-26 03:55:03,305 | Epoch: [56][100/254]	Time   0.36 (  0.45)	Data 0.0002 (0.1358)	Loss (L1) 3.291 (3.726)
2026-04-26 03:55:06,436 | Epoch: [56][110/254]	Time   0.30 (  0.43)	Data 0.0002 (0.1237)	Loss (L1) 3.381 (3.723)
2026-04-26 03:55:09,577 | Epoch: [56][120/254]	Time   0.34 (  0.42)	Data 0.0002 (0.1135)	Loss (L1) 3.159 (3.712)
2026-04-26 03:55:12,674 | Epoch: [56][130/254]	Time   0.30 (  0.42)	Data 0.0002 (0.1049)	Loss (L1) 3.403 (3.704)
2026-04-26 03:55:15,719 | Epoch: [56][140/254]	Time   0.30 (  0.41)	Data 0.0002 (0.0974)	Loss (L1) 3.928 (3.711)
2026-04-26 03:55:18,756 | Epoch: [56][150/254]	Time   0.30 (  0.40)	Data 0.0003 (0.0910)	Loss (L1) 3.488 (3.718)
2026-04-26 03:55:21,783 | Epoch: [56][160/254]	Time   0.31 (  0.39)	Data 0.0002 (0.0854)	Loss (L1) 3.512 (3.716)
2026-04-26 03:55:24,844 | Epoch: [56][170/254]	Time   0.30 (  0.39)	Data 0.0002 (0.0804)	Loss (L1) 3.937 (3.712)
2026-04-26 03:55:28,057 | Epoch: [56][180/254]	Time   0.31 (  0.39)	Data 0.0002 (0.0760)	Loss (L1) 3.620 (3.711)
2026-04-26 03:55:31,081 | Epoch: [56][190/254]	Time   0.29 (  0.38)	Data 0.0001 (0.0721)	Loss (L1) 3.599 (3.711)
2026-04-26 03:55:34,189 | Epoch: [56][200/254]	Time   0.32 (  0.38)	Data 0.0001 (0.0685)	Loss (L1) 3.443 (3.703)
2026-04-26 03:55:37,165 | Epoch: [56][210/254]	Time   0.30 (  0.37)	Data 0.0002 (0.0653)	Loss (L1) 3.529 (3.694)
2026-04-26 03:55:40,142 | Epoch: [56][220/254]	Time   0.30 (  0.37)	Data 0.0001 (0.0624)	Loss (L1) 3.357 (3.690)
2026-04-26 03:55:43,111 | Epoch: [56][230/254]	Time   0.30 (  0.37)	Data 0.0001 (0.0597)	Loss (L1) 4.477 (3.690)
2026-04-26 03:55:46,068 | Epoch: [56][240/254]	Time   0.30 (  0.36)	Data 0.0001 (0.0572)	Loss (L1) 3.121 (3.690)
2026-04-26 03:55:49,021 | Epoch: [56][250/254]	Time   0.29 (  0.36)	Data 0.0001 (0.0549)	Loss (L1) 3.665 (3.695)
2026-04-26 03:55:50,132 | Create Epoch [56] features of all training data...
2026-04-26 03:57:06,710 | Updated smoothed statistics on Epoch [56]!
2026-04-26 03:57:06,738 | Updated running statistics with Epoch [56] features!
2026-04-26 03:57:16,512 | Val: [ 0/25]	Time  9.772 ( 9.772)	Loss (MSE) 231.226 (231.226)	Loss (L1) 14.033 (14.033)
2026-04-26 03:57:17,839 | Val: [10/25]	Time  0.083 ( 1.009)	Loss (MSE) 60.386 (102.993)	Loss (L1) 6.508 (8.467)
2026-04-26 03:57:18,673 | Val: [20/25]	Time  0.083 ( 0.568)	Loss (MSE) 491.577 (157.529)	Loss (L1) 20.922 (10.127)
2026-04-26 03:57:19,244 |  * Overall: MSE 237.324	L1 12.407	G-Mean 8.097
2026-04-26 03:57:19,244 |  * Many: MSE 145.077	L1 9.544	G-Mean 6.137
2026-04-26 03:57:19,244 |  * Median: MSE 354.678	L1 16.562	G-Mean 12.964
2026-04-26 03:57:19,244 |  * Low: MSE 775.125	L1 27.246	G-Mean 26.518
2026-04-26 03:57:19,245 | Best L1 Loss: 10.508
2026-04-26 03:57:19,475 | Epoch #56: Train loss [3.6991]; Val loss: MSE [237.3237], L1 [12.4073], G-Mean [8.0966]
2026-04-26 03:57:32,554 | Epoch: [57][  0/254]	Time  13.08 ( 13.08)	Data 12.8478 (12.8478)	Loss (L1) 3.603 (3.603)
2026-04-26 03:57:35,654 | Epoch: [57][ 10/254]	Time   0.30 (  1.47)	Data 0.0004 (1.2044)	Loss (L1) 3.271 (3.527)
2026-04-26 03:57:38,704 | Epoch: [57][ 20/254]	Time   0.30 (  0.92)	Data 0.0003 (0.6310)	Loss (L1) 3.441 (3.600)
2026-04-26 03:57:42,028 | Epoch: [57][ 30/254]	Time   0.33 (  0.73)	Data 0.0002 (0.4276)	Loss (L1) 3.534 (3.587)
2026-04-26 03:57:45,275 | Epoch: [57][ 40/254]	Time   0.33 (  0.63)	Data 0.0002 (0.3243)	Loss (L1) 3.711 (3.646)
2026-04-26 03:57:48,394 | Epoch: [57][ 50/254]	Time   0.31 (  0.57)	Data 0.0003 (0.2607)	Loss (L1) 3.288 (3.657)
2026-04-26 03:57:51,477 | Epoch: [57][ 60/254]	Time   0.28 (  0.52)	Data 0.0003 (0.2180)	Loss (L1) 3.690 (3.666)
2026-04-26 03:57:54,523 | Epoch: [57][ 70/254]	Time   0.30 (  0.49)	Data 0.0002 (0.1874)	Loss (L1) 3.998 (3.656)
2026-04-26 03:57:57,606 | Epoch: [57][ 80/254]	Time   0.30 (  0.47)	Data 0.0003 (0.1644)	Loss (L1) 3.122 (3.657)
2026-04-26 03:58:00,758 | Epoch: [57][ 90/254]	Time   0.31 (  0.45)	Data 0.0002 (0.1464)	Loss (L1) 3.458 (3.661)
2026-04-26 03:58:03,816 | Epoch: [57][100/254]	Time   0.32 (  0.44)	Data 0.0003 (0.1319)	Loss (L1) 3.388 (3.678)
2026-04-26 03:58:06,871 | Epoch: [57][110/254]	Time   0.30 (  0.43)	Data 0.0002 (0.1201)	Loss (L1) 3.949 (3.674)
2026-04-26 03:58:10,143 | Epoch: [57][120/254]	Time   0.30 (  0.42)	Data 0.0002 (0.1102)	Loss (L1) 3.323 (3.689)
2026-04-26 03:58:13,264 | Epoch: [57][130/254]	Time   0.30 (  0.41)	Data 0.0002 (0.1018)	Loss (L1) 3.612 (3.697)
2026-04-26 03:58:16,344 | Epoch: [57][140/254]	Time   0.31 (  0.40)	Data 0.0002 (0.0946)	Loss (L1) 4.150 (3.708)
2026-04-26 03:58:19,524 | Epoch: [57][150/254]	Time   0.31 (  0.40)	Data 0.0002 (0.0883)	Loss (L1) 3.594 (3.722)
2026-04-26 03:58:22,568 | Epoch: [57][160/254]	Time   0.30 (  0.39)	Data 0.0003 (0.0829)	Loss (L1) 3.763 (3.731)
2026-04-26 03:58:25,837 | Epoch: [57][170/254]	Time   0.37 (  0.39)	Data 0.0002 (0.0780)	Loss (L1) 4.430 (3.756)
2026-04-26 03:58:28,918 | Epoch: [57][180/254]	Time   0.30 (  0.38)	Data 0.0002 (0.0738)	Loss (L1) 3.862 (3.763)
2026-04-26 03:58:31,980 | Epoch: [57][190/254]	Time   0.33 (  0.38)	Data 0.0003 (0.0701)	Loss (L1) 3.842 (3.772)
2026-04-26 03:58:35,011 | Epoch: [57][200/254]	Time   0.30 (  0.38)	Data 0.0001 (0.0666)	Loss (L1) 3.537 (3.771)
2026-04-26 03:58:37,983 | Epoch: [57][210/254]	Time   0.30 (  0.37)	Data 0.0001 (0.0634)	Loss (L1) 3.241 (3.770)
2026-04-26 03:58:40,941 | Epoch: [57][220/254]	Time   0.30 (  0.37)	Data 0.0003 (0.0606)	Loss (L1) 3.774 (3.759)
2026-04-26 03:58:43,907 | Epoch: [57][230/254]	Time   0.30 (  0.37)	Data 0.0002 (0.0580)	Loss (L1) 3.509 (3.752)
2026-04-26 03:58:46,862 | Epoch: [57][240/254]	Time   0.30 (  0.36)	Data 0.0001 (0.0556)	Loss (L1) 3.587 (3.745)
2026-04-26 03:58:49,825 | Epoch: [57][250/254]	Time   0.29 (  0.36)	Data 0.0001 (0.0533)	Loss (L1) 3.136 (3.740)
2026-04-26 03:58:50,973 | Create Epoch [57] features of all training data...
2026-04-26 04:00:09,727 | Updated smoothed statistics on Epoch [57]!
2026-04-26 04:00:09,755 | Updated running statistics with Epoch [57] features!
2026-04-26 04:00:19,187 | Val: [ 0/25]	Time  9.430 ( 9.430)	Loss (MSE) 219.631 (219.631)	Loss (L1) 13.807 (13.807)
2026-04-26 04:00:21,057 | Val: [10/25]	Time  0.083 ( 1.027)	Loss (MSE) 50.218 (92.631)	Loss (L1) 5.661 (8.030)
2026-04-26 04:00:21,890 | Val: [20/25]	Time  0.084 ( 0.578)	Loss (MSE) 436.679 (139.269)	Loss (L1) 19.988 (9.533)
2026-04-26 04:00:22,456 |  * Overall: MSE 215.393	L1 11.798	G-Mean 7.677
2026-04-26 04:00:22,456 |  * Many: MSE 126.487	L1 8.901	G-Mean 5.714
2026-04-26 04:00:22,456 |  * Median: MSE 323.614	L1 15.968	G-Mean 12.788
2026-04-26 04:00:22,456 |  * Low: MSE 751.427	L1 26.932	G-Mean 26.371
2026-04-26 04:00:22,457 | Best L1 Loss: 10.508
2026-04-26 04:00:22,682 | Epoch #57: Train loss [3.7387]; Val loss: MSE [215.3927], L1 [11.7982], G-Mean [7.6772]
2026-04-26 04:00:35,926 | Epoch: [58][  0/254]	Time  13.24 ( 13.24)	Data 13.0314 (13.0314)	Loss (L1) 3.418 (3.418)
2026-04-26 04:00:39,701 | Epoch: [58][ 10/254]	Time   0.37 (  1.55)	Data 0.0004 (1.2596)	Loss (L1) 3.158 (3.556)
2026-04-26 04:00:42,822 | Epoch: [58][ 20/254]	Time   0.31 (  0.96)	Data 0.0002 (0.6599)	Loss (L1) 3.618 (3.540)
2026-04-26 04:00:46,114 | Epoch: [58][ 30/254]	Time   0.31 (  0.76)	Data 0.0003 (0.4485)	Loss (L1) 3.507 (3.577)
2026-04-26 04:00:50,018 | Epoch: [58][ 40/254]	Time   0.34 (  0.67)	Data 0.0043 (0.3633)	Loss (L1) 3.491 (3.608)
2026-04-26 04:00:53,196 | Epoch: [58][ 50/254]	Time   0.29 (  0.60)	Data 0.0003 (0.2925)	Loss (L1) 3.784 (3.575)
2026-04-26 04:00:56,377 | Epoch: [58][ 60/254]	Time   0.35 (  0.55)	Data 0.0003 (0.2446)	Loss (L1) 3.479 (3.562)
2026-04-26 04:00:59,409 | Epoch: [58][ 70/254]	Time   0.30 (  0.52)	Data 0.0003 (0.2102)	Loss (L1) 3.817 (3.590)
2026-04-26 04:01:02,408 | Epoch: [58][ 80/254]	Time   0.30 (  0.49)	Data 0.0003 (0.1843)	Loss (L1) 3.597 (3.585)
2026-04-26 04:01:05,564 | Epoch: [58][ 90/254]	Time   0.32 (  0.47)	Data 0.0002 (0.1641)	Loss (L1) 3.168 (3.589)
2026-04-26 04:01:08,562 | Epoch: [58][100/254]	Time   0.31 (  0.45)	Data 0.0003 (0.1479)	Loss (L1) 3.656 (3.614)
2026-04-26 04:01:11,572 | Epoch: [58][110/254]	Time   0.31 (  0.44)	Data 0.0003 (0.1346)	Loss (L1) 3.839 (3.624)
2026-04-26 04:01:14,606 | Epoch: [58][120/254]	Time   0.30 (  0.43)	Data 0.0004 (0.1235)	Loss (L1) 3.929 (3.628)
2026-04-26 04:01:17,653 | Epoch: [58][130/254]	Time   0.31 (  0.42)	Data 0.0003 (0.1141)	Loss (L1) 3.425 (3.622)
2026-04-26 04:01:20,652 | Epoch: [58][140/254]	Time   0.30 (  0.41)	Data 0.0003 (0.1061)	Loss (L1) 3.633 (3.613)
2026-04-26 04:01:23,716 | Epoch: [58][150/254]	Time   0.32 (  0.40)	Data 0.0002 (0.0991)	Loss (L1) 3.872 (3.620)
2026-04-26 04:01:26,843 | Epoch: [58][160/254]	Time   0.31 (  0.40)	Data 0.0009 (0.0929)	Loss (L1) 3.543 (3.631)
2026-04-26 04:01:29,926 | Epoch: [58][170/254]	Time   0.29 (  0.39)	Data 0.0094 (0.0876)	Loss (L1) 3.510 (3.633)
2026-04-26 04:01:33,063 | Epoch: [58][180/254]	Time   0.30 (  0.39)	Data 0.0004 (0.0827)	Loss (L1) 3.560 (3.630)
2026-04-26 04:01:36,211 | Epoch: [58][190/254]	Time   0.35 (  0.38)	Data 0.0001 (0.0786)	Loss (L1) 3.323 (3.645)
2026-04-26 04:01:39,206 | Epoch: [58][200/254]	Time   0.30 (  0.38)	Data 0.0001 (0.0747)	Loss (L1) 4.174 (3.663)
2026-04-26 04:01:42,162 | Epoch: [58][210/254]	Time   0.29 (  0.38)	Data 0.0001 (0.0712)	Loss (L1) 3.634 (3.673)
2026-04-26 04:01:45,103 | Epoch: [58][220/254]	Time   0.29 (  0.37)	Data 0.0001 (0.0679)	Loss (L1) 3.435 (3.670)
2026-04-26 04:01:48,053 | Epoch: [58][230/254]	Time   0.29 (  0.37)	Data 0.0001 (0.0650)	Loss (L1) 3.560 (3.673)
2026-04-26 04:01:50,989 | Epoch: [58][240/254]	Time   0.29 (  0.37)	Data 0.0001 (0.0623)	Loss (L1) 3.514 (3.671)
2026-04-26 04:01:53,923 | Epoch: [58][250/254]	Time   0.29 (  0.36)	Data 0.0001 (0.0598)	Loss (L1) 3.727 (3.675)
2026-04-26 04:01:55,031 | Create Epoch [58] features of all training data...
2026-04-26 04:03:32,051 | Updated smoothed statistics on Epoch [58]!
2026-04-26 04:03:32,079 | Updated running statistics with Epoch [58] features!
2026-04-26 04:03:42,768 | Val: [ 0/25]	Time 10.687 (10.687)	Loss (MSE) 251.785 (251.785)	Loss (L1) 14.697 (14.697)
2026-04-26 04:03:43,599 | Val: [10/25]	Time  0.083 ( 1.047)	Loss (MSE) 36.378 (94.670)	Loss (L1) 4.922 (7.969)
2026-04-26 04:03:44,430 | Val: [20/25]	Time  0.083 ( 0.588)	Loss (MSE) 410.362 (132.572)	Loss (L1) 19.421 (9.336)
2026-04-26 04:03:45,005 |  * Overall: MSE 208.507	L1 11.611	G-Mean 7.580
2026-04-26 04:03:45,005 |  * Many: MSE 113.352	L1 8.472	G-Mean 5.543
2026-04-26 04:03:45,005 |  * Median: MSE 327.488	L1 16.329	G-Mean 13.193
2026-04-26 04:03:45,005 |  * Low: MSE 770.782	L1 27.279	G-Mean 26.666
2026-04-26 04:03:45,006 | Best L1 Loss: 10.508
2026-04-26 04:03:45,232 | Epoch #58: Train loss [3.6743]; Val loss: MSE [208.5071], L1 [11.6106], G-Mean [7.5798]
2026-04-26 04:03:50,603 | Epoch: [59][  0/254]	Time   5.37 (  5.37)	Data 5.1491 (5.1491)	Loss (L1) 3.801 (3.801)
2026-04-26 04:04:00,769 | Epoch: [59][ 10/254]	Time   0.30 (  1.41)	Data 0.0003 (1.1415)	Loss (L1) 3.476 (3.625)
2026-04-26 04:04:03,769 | Epoch: [59][ 20/254]	Time   0.30 (  0.88)	Data 0.0003 (0.5982)	Loss (L1) 4.319 (3.669)
2026-04-26 04:04:07,005 | Epoch: [59][ 30/254]	Time   0.34 (  0.70)	Data 0.0002 (0.4053)	Loss (L1) 3.807 (3.646)
2026-04-26 04:04:10,191 | Epoch: [59][ 40/254]	Time   0.32 (  0.61)	Data 0.0002 (0.3067)	Loss (L1) 3.180 (3.605)
2026-04-26 04:04:13,206 | Epoch: [59][ 50/254]	Time   0.30 (  0.55)	Data 0.0003 (0.2466)	Loss (L1) 3.794 (3.618)
2026-04-26 04:04:16,570 | Epoch: [59][ 60/254]	Time   0.38 (  0.51)	Data 0.0002 (0.2064)	Loss (L1) 3.654 (3.615)
2026-04-26 04:04:19,729 | Epoch: [59][ 70/254]	Time   0.30 (  0.49)	Data 0.0004 (0.1779)	Loss (L1) 3.583 (3.619)
2026-04-26 04:04:22,809 | Epoch: [59][ 80/254]	Time   0.31 (  0.46)	Data 0.0002 (0.1560)	Loss (L1) 3.447 (3.605)
2026-04-26 04:04:25,981 | Epoch: [59][ 90/254]	Time   0.36 (  0.45)	Data 0.0002 (0.1389)	Loss (L1) 3.530 (3.607)
2026-04-26 04:04:29,198 | Epoch: [59][100/254]	Time   0.30 (  0.44)	Data 0.0003 (0.1252)	Loss (L1) 3.572 (3.601)
2026-04-26 04:04:32,305 | Epoch: [59][110/254]	Time   0.30 (  0.42)	Data 0.0002 (0.1139)	Loss (L1) 3.143 (3.610)
2026-04-26 04:04:35,399 | Epoch: [59][120/254]	Time   0.35 (  0.41)	Data 0.0003 (0.1045)	Loss (L1) 3.111 (3.607)
2026-04-26 04:04:38,539 | Epoch: [59][130/254]	Time   0.32 (  0.41)	Data 0.0002 (0.0966)	Loss (L1) 2.906 (3.608)
2026-04-26 04:04:41,590 | Epoch: [59][140/254]	Time   0.32 (  0.40)	Data 0.0002 (0.0898)	Loss (L1) 3.290 (3.600)
2026-04-26 04:04:44,864 | Epoch: [59][150/254]	Time   0.33 (  0.39)	Data 0.0002 (0.0839)	Loss (L1) 3.626 (3.595)
2026-04-26 04:04:47,986 | Epoch: [59][160/254]	Time   0.31 (  0.39)	Data 0.0002 (0.0787)	Loss (L1) 3.782 (3.601)
2026-04-26 04:04:51,007 | Epoch: [59][170/254]	Time   0.31 (  0.38)	Data 0.0002 (0.0741)	Loss (L1) 3.806 (3.600)
2026-04-26 04:04:54,186 | Epoch: [59][180/254]	Time   0.30 (  0.38)	Data 0.0002 (0.0701)	Loss (L1) 3.500 (3.593)
2026-04-26 04:04:57,332 | Epoch: [59][190/254]	Time   0.33 (  0.38)	Data 0.0001 (0.0666)	Loss (L1) 3.519 (3.599)
2026-04-26 04:05:00,396 | Epoch: [59][200/254]	Time   0.31 (  0.37)	Data 0.0002 (0.0633)	Loss (L1) 4.448 (3.616)
2026-04-26 04:05:03,360 | Epoch: [59][210/254]	Time   0.29 (  0.37)	Data 0.0001 (0.0603)	Loss (L1) 3.454 (3.617)
2026-04-26 04:05:06,286 | Epoch: [59][220/254]	Time   0.30 (  0.37)	Data 0.0001 (0.0576)	Loss (L1) 3.558 (3.616)
2026-04-26 04:05:09,221 | Epoch: [59][230/254]	Time   0.30 (  0.36)	Data 0.0001 (0.0551)	Loss (L1) 3.658 (3.611)
2026-04-26 04:05:12,158 | Epoch: [59][240/254]	Time   0.29 (  0.36)	Data 0.0001 (0.0528)	Loss (L1) 3.592 (3.607)
2026-04-26 04:05:15,096 | Epoch: [59][250/254]	Time   0.29 (  0.36)	Data 0.0005 (0.0507)	Loss (L1) 3.577 (3.613)
2026-04-26 04:05:16,225 | Create Epoch [59] features of all training data...
2026-04-26 04:06:33,845 | Updated smoothed statistics on Epoch [59]!
2026-04-26 04:06:33,875 | Updated running statistics with Epoch [59] features!
2026-04-26 04:06:44,580 | Val: [ 0/25]	Time 10.703 (10.703)	Loss (MSE) 274.007 (274.007)	Loss (L1) 15.348 (15.348)
2026-04-26 04:06:45,508 | Val: [10/25]	Time  0.083 ( 1.057)	Loss (MSE) 42.962 (102.594)	Loss (L1) 5.293 (8.388)
2026-04-26 04:06:46,343 | Val: [20/25]	Time  0.083 ( 0.594)	Loss (MSE) 449.017 (146.130)	Loss (L1) 20.079 (9.771)
2026-04-26 04:06:46,924 |  * Overall: MSE 218.456	L1 11.937	G-Mean 7.825
2026-04-26 04:06:46,925 |  * Many: MSE 125.992	L1 8.889	G-Mean 5.780
2026-04-26 04:06:46,925 |  * Median: MSE 348.583	L1 16.784	G-Mean 13.492
2026-04-26 04:06:46,925 |  * Low: MSE 712.185	L1 26.196	G-Mean 25.640
2026-04-26 04:06:46,926 | Best L1 Loss: 10.508
2026-04-26 04:06:47,164 | Epoch #59: Train loss [3.6163]; Val loss: MSE [218.4555], L1 [11.9373], G-Mean [7.8247]
2026-04-26 04:07:01,666 | Epoch: [60][  0/254]	Time  14.50 ( 14.50)	Data 14.3518 (14.3518)	Loss (L1) 3.834 (3.834)
2026-04-26 04:07:04,657 | Epoch: [60][ 10/254]	Time   0.31 (  1.59)	Data 0.0002 (1.3050)	Loss (L1) 3.836 (3.774)
2026-04-26 04:07:07,648 | Epoch: [60][ 20/254]	Time   0.31 (  0.98)	Data 0.0002 (0.6837)	Loss (L1) 3.733 (3.676)
2026-04-26 04:07:10,669 | Epoch: [60][ 30/254]	Time   0.29 (  0.76)	Data 0.0002 (0.4632)	Loss (L1) 3.124 (3.570)
2026-04-26 04:07:13,738 | Epoch: [60][ 40/254]	Time   0.30 (  0.65)	Data 0.0003 (0.3503)	Loss (L1) 3.637 (3.511)
2026-04-26 04:07:16,781 | Epoch: [60][ 50/254]	Time   0.32 (  0.58)	Data 0.0002 (0.2817)	Loss (L1) 3.382 (3.497)
2026-04-26 04:07:19,882 | Epoch: [60][ 60/254]	Time   0.29 (  0.54)	Data 0.0002 (0.2355)	Loss (L1) 3.112 (3.442)
2026-04-26 04:07:22,928 | Epoch: [60][ 70/254]	Time   0.29 (  0.50)	Data 0.0002 (0.2024)	Loss (L1) 3.352 (3.415)
2026-04-26 04:07:25,941 | Epoch: [60][ 80/254]	Time   0.30 (  0.48)	Data 0.0002 (0.1774)	Loss (L1) 3.277 (3.389)
2026-04-26 04:07:28,981 | Epoch: [60][ 90/254]	Time   0.32 (  0.46)	Data 0.0002 (0.1580)	Loss (L1) 3.033 (3.366)
2026-04-26 04:07:32,063 | Epoch: [60][100/254]	Time   0.28 (  0.44)	Data 0.0003 (0.1424)	Loss (L1) 3.102 (3.355)
2026-04-26 04:07:35,200 | Epoch: [60][110/254]	Time   0.30 (  0.43)	Data 0.0002 (0.1296)	Loss (L1) 3.267 (3.344)
2026-04-26 04:07:38,259 | Epoch: [60][120/254]	Time   0.30 (  0.42)	Data 0.0002 (0.1189)	Loss (L1) 3.372 (3.338)
2026-04-26 04:07:41,305 | Epoch: [60][130/254]	Time   0.30 (  0.41)	Data 0.0002 (0.1098)	Loss (L1) 2.934 (3.330)
2026-04-26 04:07:44,355 | Epoch: [60][140/254]	Time   0.30 (  0.41)	Data 0.0002 (0.1020)	Loss (L1) 3.642 (3.328)
2026-04-26 04:07:47,412 | Epoch: [60][150/254]	Time   0.31 (  0.40)	Data 0.0002 (0.0953)	Loss (L1) 3.170 (3.321)
2026-04-26 04:07:50,500 | Epoch: [60][160/254]	Time   0.30 (  0.39)	Data 0.0002 (0.0894)	Loss (L1) 2.802 (3.312)
2026-04-26 04:07:53,571 | Epoch: [60][170/254]	Time   0.32 (  0.39)	Data 0.0002 (0.0842)	Loss (L1) 3.260 (3.308)
2026-04-26 04:07:56,656 | Epoch: [60][180/254]	Time   0.30 (  0.38)	Data 0.0002 (0.0796)	Loss (L1) 3.156 (3.304)
2026-04-26 04:07:59,706 | Epoch: [60][190/254]	Time   0.32 (  0.38)	Data 0.0002 (0.0757)	Loss (L1) 3.845 (3.310)
2026-04-26 04:08:02,780 | Epoch: [60][200/254]	Time   0.30 (  0.38)	Data 0.0001 (0.0719)	Loss (L1) 3.676 (3.311)
2026-04-26 04:08:05,720 | Epoch: [60][210/254]	Time   0.29 (  0.37)	Data 0.0001 (0.0685)	Loss (L1) 3.341 (3.302)
2026-04-26 04:08:08,662 | Epoch: [60][220/254]	Time   0.29 (  0.37)	Data 0.0001 (0.0655)	Loss (L1) 4.465 (3.307)
2026-04-26 04:08:11,596 | Epoch: [60][230/254]	Time   0.30 (  0.37)	Data 0.0001 (0.0626)	Loss (L1) 3.193 (3.309)
2026-04-26 04:08:14,526 | Epoch: [60][240/254]	Time   0.29 (  0.36)	Data 0.0001 (0.0600)	Loss (L1) 3.121 (3.301)
2026-04-26 04:08:17,462 | Epoch: [60][250/254]	Time   0.29 (  0.36)	Data 0.0001 (0.0576)	Loss (L1) 2.876 (3.298)
2026-04-26 04:08:18,574 | Create Epoch [60] features of all training data...
2026-04-26 04:09:36,532 | Updated smoothed statistics on Epoch [60]!
2026-04-26 04:09:36,561 | Updated running statistics with Epoch [60] features!
2026-04-26 04:09:42,637 | Val: [ 0/25]	Time  6.075 ( 6.075)	Loss (MSE) 278.431 (278.431)	Loss (L1) 15.464 (15.464)
2026-04-26 04:09:47,207 | Val: [10/25]	Time  0.084 ( 0.968)	Loss (MSE) 45.319 (110.893)	Loss (L1) 5.539 (8.728)
2026-04-26 04:09:48,042 | Val: [20/25]	Time  0.083 ( 0.547)	Loss (MSE) 405.135 (141.230)	Loss (L1) 18.994 (9.680)
2026-04-26 04:09:48,610 |  * Overall: MSE 207.992	L1 11.732	G-Mean 7.770
2026-04-26 04:09:48,610 |  * Many: MSE 120.343	L1 8.787	G-Mean 5.767
2026-04-26 04:09:48,610 |  * Median: MSE 330.638	L1 16.396	G-Mean 13.283
2026-04-26 04:09:48,610 |  * Low: MSE 678.577	L1 25.573	G-Mean 25.035
2026-04-26 04:09:48,611 | Best L1 Loss: 10.508
2026-04-26 04:09:48,836 | Epoch #60: Train loss [3.2996]; Val loss: MSE [207.9922], L1 [11.7320], G-Mean [7.7704]
2026-04-26 04:09:59,757 | Epoch: [61][  0/254]	Time  10.92 ( 10.92)	Data 10.7520 (10.7520)	Loss (L1) 3.460 (3.460)
2026-04-26 04:10:03,811 | Epoch: [61][ 10/254]	Time   0.32 (  1.36)	Data 0.0002 (1.0546)	Loss (L1) 3.577 (3.269)
2026-04-26 04:10:07,178 | Epoch: [61][ 20/254]	Time   0.43 (  0.87)	Data 0.0002 (0.5536)	Loss (L1) 3.122 (3.257)
2026-04-26 04:10:10,124 | Epoch: [61][ 30/254]	Time   0.30 (  0.69)	Data 0.0002 (0.3751)	Loss (L1) 3.099 (3.241)
2026-04-26 04:10:13,534 | Epoch: [61][ 40/254]	Time   0.38 (  0.60)	Data 0.0004 (0.2839)	Loss (L1) 3.113 (3.247)
2026-04-26 04:10:16,691 | Epoch: [61][ 50/254]	Time   0.28 (  0.55)	Data 0.0007 (0.2283)	Loss (L1) 3.467 (3.242)
2026-04-26 04:10:19,971 | Epoch: [61][ 60/254]	Time   0.29 (  0.51)	Data 0.0003 (0.1909)	Loss (L1) 2.920 (3.247)
2026-04-26 04:10:23,166 | Epoch: [61][ 70/254]	Time   0.33 (  0.48)	Data 0.0003 (0.1641)	Loss (L1) 3.209 (3.239)
2026-04-26 04:10:26,466 | Epoch: [61][ 80/254]	Time   0.36 (  0.46)	Data 0.0085 (0.1439)	Loss (L1) 3.532 (3.232)
2026-04-26 04:10:29,587 | Epoch: [61][ 90/254]	Time   0.30 (  0.45)	Data 0.0002 (0.1283)	Loss (L1) 3.122 (3.207)
2026-04-26 04:10:32,872 | Epoch: [61][100/254]	Time   0.40 (  0.44)	Data 0.0002 (0.1156)	Loss (L1) 3.439 (3.225)
2026-04-26 04:10:35,949 | Epoch: [61][110/254]	Time   0.30 (  0.42)	Data 0.0002 (0.1052)	Loss (L1) 2.884 (3.220)
2026-04-26 04:10:39,054 | Epoch: [61][120/254]	Time   0.29 (  0.42)	Data 0.0002 (0.0966)	Loss (L1) 3.030 (3.210)
2026-04-26 04:10:42,192 | Epoch: [61][130/254]	Time   0.28 (  0.41)	Data 0.0003 (0.0892)	Loss (L1) 2.967 (3.205)
2026-04-26 04:10:45,282 | Epoch: [61][140/254]	Time   0.30 (  0.40)	Data 0.0002 (0.0829)	Loss (L1) 3.022 (3.204)
2026-04-26 04:10:48,288 | Epoch: [61][150/254]	Time   0.29 (  0.39)	Data 0.0002 (0.0774)	Loss (L1) 2.947 (3.208)
2026-04-26 04:10:51,300 | Epoch: [61][160/254]	Time   0.30 (  0.39)	Data 0.0001 (0.0727)	Loss (L1) 2.891 (3.201)
2026-04-26 04:10:54,240 | Epoch: [61][170/254]	Time   0.30 (  0.38)	Data 0.0002 (0.0685)	Loss (L1) 3.041 (3.201)
2026-04-26 04:11:02,041 | Epoch: [61][180/254]	Time   0.30 (  0.40)	Data 0.0002 (0.0919)	Loss (L1) 3.389 (3.188)
2026-04-26 04:11:05,218 | Epoch: [61][190/254]	Time   0.31 (  0.40)	Data 0.0001 (0.0873)	Loss (L1) 3.125 (3.185)
2026-04-26 04:11:08,283 | Epoch: [61][200/254]	Time   0.30 (  0.40)	Data 0.0001 (0.0830)	Loss (L1) 3.081 (3.186)
2026-04-26 04:11:11,308 | Epoch: [61][210/254]	Time   0.30 (  0.39)	Data 0.0002 (0.0791)	Loss (L1) 3.115 (3.188)
2026-04-26 04:11:14,306 | Epoch: [61][220/254]	Time   0.30 (  0.39)	Data 0.0001 (0.0755)	Loss (L1) 3.575 (3.191)
2026-04-26 04:11:17,253 | Epoch: [61][230/254]	Time   0.29 (  0.38)	Data 0.0001 (0.0723)	Loss (L1) 3.099 (3.192)
2026-04-26 04:11:20,176 | Epoch: [61][240/254]	Time   0.29 (  0.38)	Data 0.0001 (0.0693)	Loss (L1) 2.787 (3.188)
2026-04-26 04:11:23,105 | Epoch: [61][250/254]	Time   0.29 (  0.38)	Data 0.0001 (0.0665)	Loss (L1) 3.262 (3.188)
2026-04-26 04:11:24,216 | Create Epoch [61] features of all training data...
2026-04-26 04:12:42,515 | Updated smoothed statistics on Epoch [61]!
2026-04-26 04:12:42,545 | Updated running statistics with Epoch [61] features!
2026-04-26 04:12:52,350 | Val: [ 0/25]	Time  9.803 ( 9.803)	Loss (MSE) 274.263 (274.263)	Loss (L1) 15.344 (15.344)
2026-04-26 04:12:53,841 | Val: [10/25]	Time  0.084 ( 1.027)	Loss (MSE) 41.813 (109.713)	Loss (L1) 5.331 (8.652)
2026-04-26 04:12:54,679 | Val: [20/25]	Time  0.084 ( 0.578)	Loss (MSE) 383.007 (135.423)	Loss (L1) 18.493 (9.475)
2026-04-26 04:12:55,242 |  * Overall: MSE 198.100	L1 11.455	G-Mean 7.648
2026-04-26 04:12:55,242 |  * Many: MSE 113.938	L1 8.548	G-Mean 5.667
2026-04-26 04:12:55,242 |  * Median: MSE 318.596	L1 16.140	G-Mean 13.181
2026-04-26 04:12:55,243 |  * Low: MSE 640.055	L1 24.820	G-Mean 24.279
2026-04-26 04:12:55,244 | Best L1 Loss: 10.508
2026-04-26 04:12:55,486 | Epoch #61: Train loss [3.1920]; Val loss: MSE [198.0998], L1 [11.4550], G-Mean [7.6476]
2026-04-26 04:13:08,595 | Epoch: [62][  0/254]	Time  13.11 ( 13.11)	Data 12.9361 (12.9361)	Loss (L1) 2.882 (2.882)
2026-04-26 04:13:11,628 | Epoch: [62][ 10/254]	Time   0.30 (  1.47)	Data 0.0002 (1.1763)	Loss (L1) 2.853 (3.005)
2026-04-26 04:13:14,605 | Epoch: [62][ 20/254]	Time   0.30 (  0.91)	Data 0.0002 (0.6163)	Loss (L1) 3.182 (3.087)
2026-04-26 04:13:17,600 | Epoch: [62][ 30/254]	Time   0.30 (  0.71)	Data 0.0002 (0.4176)	Loss (L1) 2.575 (3.104)
2026-04-26 04:13:20,581 | Epoch: [62][ 40/254]	Time   0.30 (  0.61)	Data 0.0002 (0.3158)	Loss (L1) 3.480 (3.106)
2026-04-26 04:13:23,662 | Epoch: [62][ 50/254]	Time   0.30 (  0.55)	Data 0.0002 (0.2539)	Loss (L1) 3.567 (3.120)
2026-04-26 04:13:26,744 | Epoch: [62][ 60/254]	Time   0.33 (  0.51)	Data 0.0003 (0.2124)	Loss (L1) 3.166 (3.116)
2026-04-26 04:13:29,781 | Epoch: [62][ 70/254]	Time   0.30 (  0.48)	Data 0.0002 (0.1825)	Loss (L1) 3.121 (3.136)
2026-04-26 04:13:32,824 | Epoch: [62][ 80/254]	Time   0.30 (  0.46)	Data 0.0002 (0.1600)	Loss (L1) 2.825 (3.110)
2026-04-26 04:13:35,830 | Epoch: [62][ 90/254]	Time   0.30 (  0.44)	Data 0.0002 (0.1424)	Loss (L1) 3.756 (3.139)
2026-04-26 04:13:38,955 | Epoch: [62][100/254]	Time   0.33 (  0.43)	Data 0.0002 (0.1284)	Loss (L1) 3.547 (3.152)
2026-04-26 04:13:42,229 | Epoch: [62][110/254]	Time   0.37 (  0.42)	Data 0.0002 (0.1169)	Loss (L1) 3.727 (3.161)
2026-04-26 04:13:45,376 | Epoch: [62][120/254]	Time   0.30 (  0.41)	Data 0.0002 (0.1073)	Loss (L1) 3.208 (3.176)
2026-04-26 04:13:48,438 | Epoch: [62][130/254]	Time   0.32 (  0.40)	Data 0.0002 (0.0991)	Loss (L1) 3.449 (3.182)
2026-04-26 04:13:51,450 | Epoch: [62][140/254]	Time   0.31 (  0.40)	Data 0.0002 (0.0921)	Loss (L1) 2.832 (3.182)
2026-04-26 04:13:54,458 | Epoch: [62][150/254]	Time   0.30 (  0.39)	Data 0.0002 (0.0860)	Loss (L1) 3.112 (3.170)
2026-04-26 04:13:57,584 | Epoch: [62][160/254]	Time   0.31 (  0.39)	Data 0.0003 (0.0807)	Loss (L1) 2.952 (3.173)
2026-04-26 04:14:00,624 | Epoch: [62][170/254]	Time   0.32 (  0.38)	Data 0.0003 (0.0760)	Loss (L1) 3.095 (3.164)
2026-04-26 04:14:03,699 | Epoch: [62][180/254]	Time   0.30 (  0.38)	Data 0.0002 (0.0718)	Loss (L1) 2.939 (3.161)
2026-04-26 04:14:06,730 | Epoch: [62][190/254]	Time   0.32 (  0.37)	Data 0.0001 (0.0683)	Loss (L1) 3.037 (3.159)
2026-04-26 04:14:09,722 | Epoch: [62][200/254]	Time   0.30 (  0.37)	Data 0.0001 (0.0649)	Loss (L1) 3.146 (3.158)
2026-04-26 04:14:12,740 | Epoch: [62][210/254]	Time   0.30 (  0.37)	Data 0.0001 (0.0618)	Loss (L1) 3.257 (3.157)
2026-04-26 04:14:15,718 | Epoch: [62][220/254]	Time   0.30 (  0.36)	Data 0.0001 (0.0591)	Loss (L1) 2.630 (3.163)
2026-04-26 04:14:18,681 | Epoch: [62][230/254]	Time   0.29 (  0.36)	Data 0.0001 (0.0565)	Loss (L1) 2.967 (3.166)
2026-04-26 04:14:21,637 | Epoch: [62][240/254]	Time   0.30 (  0.36)	Data 0.0001 (0.0542)	Loss (L1) 2.536 (3.162)
2026-04-26 04:14:24,595 | Epoch: [62][250/254]	Time   0.29 (  0.36)	Data 0.0001 (0.0520)	Loss (L1) 2.833 (3.158)
2026-04-26 04:14:25,719 | Create Epoch [62] features of all training data...
2026-04-26 04:15:43,815 | Updated smoothed statistics on Epoch [62]!
2026-04-26 04:15:43,844 | Updated running statistics with Epoch [62] features!
2026-04-26 04:15:52,560 | Val: [ 0/25]	Time  8.715 ( 8.715)	Loss (MSE) 260.835 (260.835)	Loss (L1) 14.901 (14.901)
2026-04-26 04:15:55,253 | Val: [10/25]	Time  0.083 ( 1.037)	Loss (MSE) 41.079 (103.949)	Loss (L1) 5.232 (8.414)
2026-04-26 04:15:56,088 | Val: [20/25]	Time  0.084 ( 0.583)	Loss (MSE) 398.879 (136.030)	Loss (L1) 18.920 (9.478)
2026-04-26 04:15:56,646 |  * Overall: MSE 202.972	L1 11.549	G-Mean 7.676
2026-04-26 04:15:56,646 |  * Many: MSE 116.106	L1 8.604	G-Mean 5.685
2026-04-26 04:15:56,646 |  * Median: MSE 323.052	L1 16.191	G-Mean 13.179
2026-04-26 04:15:56,646 |  * Low: MSE 674.682	L1 25.464	G-Mean 24.875
2026-04-26 04:15:56,647 | Best L1 Loss: 10.508
2026-04-26 04:15:56,874 | Epoch #62: Train loss [3.1600]; Val loss: MSE [202.9721], L1 [11.5488], G-Mean [7.6762]
2026-04-26 04:16:09,815 | Epoch: [63][  0/254]	Time  12.94 ( 12.94)	Data 12.7477 (12.7477)	Loss (L1) 2.685 (2.685)
2026-04-26 04:16:13,326 | Epoch: [63][ 10/254]	Time   0.30 (  1.50)	Data 0.0003 (1.2192)	Loss (L1) 3.341 (3.188)
2026-04-26 04:16:16,395 | Epoch: [63][ 20/254]	Time   0.34 (  0.93)	Data 0.0003 (0.6388)	Loss (L1) 3.526 (3.221)
2026-04-26 04:16:19,809 | Epoch: [63][ 30/254]	Time   0.39 (  0.74)	Data 0.0002 (0.4344)	Loss (L1) 3.255 (3.191)
2026-04-26 04:16:23,228 | Epoch: [63][ 40/254]	Time   0.29 (  0.64)	Data 0.0003 (0.3293)	Loss (L1) 2.781 (3.144)
2026-04-26 04:16:26,313 | Epoch: [63][ 50/254]	Time   0.31 (  0.58)	Data 0.0003 (0.2648)	Loss (L1) 3.537 (3.177)
2026-04-26 04:16:29,402 | Epoch: [63][ 60/254]	Time   0.31 (  0.53)	Data 0.0002 (0.2215)	Loss (L1) 2.781 (3.174)
2026-04-26 04:16:32,452 | Epoch: [63][ 70/254]	Time   0.30 (  0.50)	Data 0.0002 (0.1903)	Loss (L1) 2.392 (3.150)
2026-04-26 04:16:35,459 | Epoch: [63][ 80/254]	Time   0.32 (  0.48)	Data 0.0002 (0.1669)	Loss (L1) 3.270 (3.166)
2026-04-26 04:16:38,672 | Epoch: [63][ 90/254]	Time   0.31 (  0.46)	Data 0.0004 (0.1487)	Loss (L1) 3.422 (3.160)
2026-04-26 04:16:41,757 | Epoch: [63][100/254]	Time   0.30 (  0.44)	Data 0.0006 (0.1341)	Loss (L1) 3.803 (3.167)
2026-04-26 04:16:44,983 | Epoch: [63][110/254]	Time   0.33 (  0.43)	Data 0.0002 (0.1220)	Loss (L1) 3.501 (3.173)
2026-04-26 04:16:48,060 | Epoch: [63][120/254]	Time   0.30 (  0.42)	Data 0.0002 (0.1120)	Loss (L1) 3.112 (3.171)
2026-04-26 04:16:51,278 | Epoch: [63][130/254]	Time   0.35 (  0.42)	Data 0.0002 (0.1035)	Loss (L1) 2.851 (3.164)
2026-04-26 04:16:54,406 | Epoch: [63][140/254]	Time   0.30 (  0.41)	Data 0.0002 (0.0962)	Loss (L1) 3.267 (3.174)
2026-04-26 04:16:57,457 | Epoch: [63][150/254]	Time   0.31 (  0.40)	Data 0.0003 (0.0898)	Loss (L1) 2.793 (3.170)
2026-04-26 04:17:00,521 | Epoch: [63][160/254]	Time   0.31 (  0.40)	Data 0.0002 (0.0843)	Loss (L1) 3.182 (3.167)
2026-04-26 04:17:03,539 | Epoch: [63][170/254]	Time   0.30 (  0.39)	Data 0.0003 (0.0794)	Loss (L1) 2.798 (3.171)
2026-04-26 04:17:06,602 | Epoch: [63][180/254]	Time   0.33 (  0.39)	Data 0.0003 (0.0750)	Loss (L1) 3.003 (3.175)
2026-04-26 04:17:09,712 | Epoch: [63][190/254]	Time   0.31 (  0.38)	Data 0.0001 (0.0712)	Loss (L1) 3.185 (3.174)
2026-04-26 04:17:12,742 | Epoch: [63][200/254]	Time   0.30 (  0.38)	Data 0.0001 (0.0677)	Loss (L1) 3.007 (3.167)
2026-04-26 04:17:15,683 | Epoch: [63][210/254]	Time   0.29 (  0.37)	Data 0.0001 (0.0645)	Loss (L1) 2.717 (3.160)
2026-04-26 04:17:18,606 | Epoch: [63][220/254]	Time   0.30 (  0.37)	Data 0.0001 (0.0616)	Loss (L1) 3.140 (3.154)
2026-04-26 04:17:21,540 | Epoch: [63][230/254]	Time   0.29 (  0.37)	Data 0.0001 (0.0589)	Loss (L1) 3.054 (3.154)
2026-04-26 04:17:24,474 | Epoch: [63][240/254]	Time   0.29 (  0.36)	Data 0.0001 (0.0565)	Loss (L1) 2.957 (3.149)
2026-04-26 04:17:27,407 | Epoch: [63][250/254]	Time   0.29 (  0.36)	Data 0.0001 (0.0542)	Loss (L1) 2.954 (3.142)
2026-04-26 04:17:28,538 | Create Epoch [63] features of all training data...
2026-04-26 04:18:46,981 | Updated smoothed statistics on Epoch [63]!
2026-04-26 04:18:47,010 | Updated running statistics with Epoch [63] features!
2026-04-26 04:18:57,696 | Val: [ 0/25]	Time 10.685 (10.685)	Loss (MSE) 263.451 (263.451)	Loss (L1) 14.991 (14.991)
2026-04-26 04:18:58,535 | Val: [10/25]	Time  0.084 ( 1.048)	Loss (MSE) 40.312 (104.773)	Loss (L1) 5.155 (8.458)
2026-04-26 04:18:59,373 | Val: [20/25]	Time  0.084 ( 0.589)	Loss (MSE) 393.047 (135.151)	Loss (L1) 18.747 (9.455)
2026-04-26 04:18:59,948 |  * Overall: MSE 199.717	L1 11.473	G-Mean 7.632
2026-04-26 04:18:59,948 |  * Many: MSE 115.292	L1 8.582	G-Mean 5.669
2026-04-26 04:18:59,948 |  * Median: MSE 317.214	L1 16.044	G-Mean 13.027
2026-04-26 04:18:59,948 |  * Low: MSE 655.302	L1 25.077	G-Mean 24.476
2026-04-26 04:18:59,949 | Best L1 Loss: 10.508
2026-04-26 04:19:00,180 | Epoch #63: Train loss [3.1430]; Val loss: MSE [199.7170], L1 [11.4726], G-Mean [7.6316]
2026-04-26 04:19:11,155 | Epoch: [64][  0/254]	Time  10.97 ( 10.97)	Data 10.7398 (10.7398)	Loss (L1) 2.941 (2.941)
2026-04-26 04:19:15,099 | Epoch: [64][ 10/254]	Time   0.30 (  1.36)	Data 0.0004 (1.0619)	Loss (L1) 3.133 (3.056)
2026-04-26 04:19:18,129 | Epoch: [64][ 20/254]	Time   0.31 (  0.85)	Data 0.0003 (0.5564)	Loss (L1) 2.885 (3.049)
2026-04-26 04:19:21,231 | Epoch: [64][ 30/254]	Time   0.29 (  0.68)	Data 0.0005 (0.3771)	Loss (L1) 3.298 (3.078)
2026-04-26 04:19:24,614 | Epoch: [64][ 40/254]	Time   0.30 (  0.60)	Data 0.0002 (0.2852)	Loss (L1) 3.041 (3.069)
2026-04-26 04:19:27,787 | Epoch: [64][ 50/254]	Time   0.32 (  0.54)	Data 0.0004 (0.2297)	Loss (L1) 3.081 (3.101)
2026-04-26 04:19:30,914 | Epoch: [64][ 60/254]	Time   0.34 (  0.50)	Data 0.0002 (0.1921)	Loss (L1) 2.923 (3.108)
2026-04-26 04:19:34,256 | Epoch: [64][ 70/254]	Time   0.36 (  0.48)	Data 0.0005 (0.1651)	Loss (L1) 3.136 (3.130)
2026-04-26 04:19:37,421 | Epoch: [64][ 80/254]	Time   0.35 (  0.46)	Data 0.0002 (0.1448)	Loss (L1) 3.235 (3.142)
2026-04-26 04:19:40,547 | Epoch: [64][ 90/254]	Time   0.33 (  0.44)	Data 0.0002 (0.1289)	Loss (L1) 3.222 (3.140)
2026-04-26 04:19:43,722 | Epoch: [64][100/254]	Time   0.33 (  0.43)	Data 0.0002 (0.1162)	Loss (L1) 2.955 (3.130)
2026-04-26 04:19:46,976 | Epoch: [64][110/254]	Time   0.34 (  0.42)	Data 0.0180 (0.1060)	Loss (L1) 3.271 (3.134)
2026-04-26 04:19:50,027 | Epoch: [64][120/254]	Time   0.34 (  0.41)	Data 0.0002 (0.0972)	Loss (L1) 3.114 (3.130)
2026-04-26 04:19:53,235 | Epoch: [64][130/254]	Time   0.31 (  0.40)	Data 0.0002 (0.0898)	Loss (L1) 3.296 (3.126)
2026-04-26 04:19:56,258 | Epoch: [64][140/254]	Time   0.30 (  0.40)	Data 0.0004 (0.0835)	Loss (L1) 3.283 (3.128)
2026-04-26 04:19:59,271 | Epoch: [64][150/254]	Time   0.30 (  0.39)	Data 0.0003 (0.0780)	Loss (L1) 3.382 (3.127)
2026-04-26 04:20:02,297 | Epoch: [64][160/254]	Time   0.31 (  0.39)	Data 0.0003 (0.0732)	Loss (L1) 3.032 (3.119)
2026-04-26 04:20:05,293 | Epoch: [64][170/254]	Time   0.30 (  0.38)	Data 0.0003 (0.0689)	Loss (L1) 2.804 (3.114)
2026-04-26 04:20:08,349 | Epoch: [64][180/254]	Time   0.30 (  0.38)	Data 0.0003 (0.0651)	Loss (L1) 3.440 (3.116)
2026-04-26 04:20:11,482 | Epoch: [64][190/254]	Time   0.30 (  0.37)	Data 0.0002 (0.0620)	Loss (L1) 2.942 (3.115)
2026-04-26 04:20:14,462 | Epoch: [64][200/254]	Time   0.30 (  0.37)	Data 0.0001 (0.0589)	Loss (L1) 2.751 (3.111)
2026-04-26 04:20:17,451 | Epoch: [64][210/254]	Time   0.30 (  0.37)	Data 0.0002 (0.0561)	Loss (L1) 3.083 (3.109)
2026-04-26 04:20:20,403 | Epoch: [64][220/254]	Time   0.30 (  0.36)	Data 0.0001 (0.0536)	Loss (L1) 3.524 (3.107)
2026-04-26 04:20:23,356 | Epoch: [64][230/254]	Time   0.30 (  0.36)	Data 0.0001 (0.0513)	Loss (L1) 2.978 (3.106)
2026-04-26 04:20:26,323 | Epoch: [64][240/254]	Time   0.29 (  0.36)	Data 0.0001 (0.0491)	Loss (L1) 3.120 (3.107)
2026-04-26 04:20:29,281 | Epoch: [64][250/254]	Time   0.30 (  0.35)	Data 0.0001 (0.0472)	Loss (L1) 2.928 (3.107)
2026-04-26 04:20:30,402 | Create Epoch [64] features of all training data...
2026-04-26 04:21:47,822 | Updated smoothed statistics on Epoch [64]!
2026-04-26 04:21:47,850 | Updated running statistics with Epoch [64] features!
2026-04-26 04:21:55,638 | Val: [ 0/25]	Time  7.786 ( 7.786)	Loss (MSE) 277.416 (277.416)	Loss (L1) 15.439 (15.439)
2026-04-26 04:21:58,685 | Val: [10/25]	Time  0.084 ( 0.985)	Loss (MSE) 39.351 (108.892)	Loss (L1) 5.119 (8.588)
2026-04-26 04:21:59,522 | Val: [20/25]	Time  0.084 ( 0.556)	Loss (MSE) 374.697 (132.760)	Loss (L1) 18.314 (9.385)
2026-04-26 04:22:00,068 |  * Overall: MSE 194.592	L1 11.350	G-Mean 7.569
2026-04-26 04:22:00,068 |  * Many: MSE 110.835	L1 8.442	G-Mean 5.603
2026-04-26 04:22:00,068 |  * Median: MSE 312.793	L1 16.008	G-Mean 13.049
2026-04-26 04:22:00,068 |  * Low: MSE 640.646	L1 24.825	G-Mean 24.281
2026-04-26 04:22:00,069 | Best L1 Loss: 10.508
2026-04-26 04:22:00,298 | Epoch #64: Train loss [3.1074]; Val loss: MSE [194.5923], L1 [11.3498], G-Mean [7.5691]
2026-04-26 04:22:11,936 | Epoch: [65][  0/254]	Time  11.64 ( 11.64)	Data 11.4849 (11.4849)	Loss (L1) 2.727 (2.727)
2026-04-26 04:22:16,730 | Epoch: [65][ 10/254]	Time   0.30 (  1.49)	Data 0.0002 (1.2183)	Loss (L1) 2.582 (3.069)
2026-04-26 04:22:19,717 | Epoch: [65][ 20/254]	Time   0.25 (  0.92)	Data 0.0002 (0.6383)	Loss (L1) 3.215 (3.070)
2026-04-26 04:22:22,879 | Epoch: [65][ 30/254]	Time   0.34 (  0.73)	Data 0.0002 (0.4325)	Loss (L1) 3.397 (3.067)
2026-04-26 04:22:27,154 | Epoch: [65][ 40/254]	Time   0.29 (  0.65)	Data 0.0003 (0.3586)	Loss (L1) 3.146 (3.078)
2026-04-26 04:22:30,317 | Epoch: [65][ 50/254]	Time   0.33 (  0.59)	Data 0.0003 (0.2883)	Loss (L1) 3.052 (3.096)
2026-04-26 04:22:33,462 | Epoch: [65][ 60/254]	Time   0.30 (  0.54)	Data 0.0006 (0.2419)	Loss (L1) 3.959 (3.101)
2026-04-26 04:22:36,549 | Epoch: [65][ 70/254]	Time   0.31 (  0.51)	Data 0.0002 (0.2081)	Loss (L1) 2.839 (3.071)
2026-04-26 04:22:39,736 | Epoch: [65][ 80/254]	Time   0.32 (  0.49)	Data 0.0003 (0.1826)	Loss (L1) 3.658 (3.075)
2026-04-26 04:22:42,834 | Epoch: [65][ 90/254]	Time   0.31 (  0.47)	Data 0.0002 (0.1626)	Loss (L1) 3.025 (3.075)
2026-04-26 04:22:45,900 | Epoch: [65][100/254]	Time   0.33 (  0.45)	Data 0.0002 (0.1465)	Loss (L1) 3.615 (3.082)
2026-04-26 04:22:49,021 | Epoch: [65][110/254]	Time   0.34 (  0.44)	Data 0.0004 (0.1334)	Loss (L1) 2.840 (3.074)
2026-04-26 04:22:52,029 | Epoch: [65][120/254]	Time   0.29 (  0.43)	Data 0.0005 (0.1224)	Loss (L1) 3.150 (3.083)
2026-04-26 04:22:55,149 | Epoch: [65][130/254]	Time   0.35 (  0.42)	Data 0.0042 (0.1131)	Loss (L1) 3.250 (3.083)
2026-04-26 04:22:58,303 | Epoch: [65][140/254]	Time   0.34 (  0.41)	Data 0.0004 (0.1051)	Loss (L1) 3.476 (3.094)
2026-04-26 04:23:01,463 | Epoch: [65][150/254]	Time   0.31 (  0.41)	Data 0.0002 (0.0982)	Loss (L1) 2.555 (3.085)
2026-04-26 04:23:04,555 | Epoch: [65][160/254]	Time   0.33 (  0.40)	Data 0.0003 (0.0921)	Loss (L1) 3.460 (3.093)
2026-04-26 04:23:07,604 | Epoch: [65][170/254]	Time   0.31 (  0.39)	Data 0.0002 (0.0868)	Loss (L1) 3.199 (3.091)
2026-04-26 04:23:10,648 | Epoch: [65][180/254]	Time   0.30 (  0.39)	Data 0.0002 (0.0820)	Loss (L1) 3.172 (3.091)
2026-04-26 04:23:13,754 | Epoch: [65][190/254]	Time   0.30 (  0.38)	Data 0.0002 (0.0779)	Loss (L1) 3.336 (3.089)
2026-04-26 04:23:16,750 | Epoch: [65][200/254]	Time   0.29 (  0.38)	Data 0.0001 (0.0740)	Loss (L1) 3.194 (3.091)
2026-04-26 04:23:19,690 | Epoch: [65][210/254]	Time   0.29 (  0.38)	Data 0.0001 (0.0705)	Loss (L1) 2.774 (3.093)
2026-04-26 04:23:22,626 | Epoch: [65][220/254]	Time   0.29 (  0.37)	Data 0.0001 (0.0673)	Loss (L1) 3.298 (3.092)
2026-04-26 04:23:25,567 | Epoch: [65][230/254]	Time   0.29 (  0.37)	Data 0.0001 (0.0644)	Loss (L1) 2.988 (3.091)
2026-04-26 04:23:28,509 | Epoch: [65][240/254]	Time   0.30 (  0.37)	Data 0.0001 (0.0618)	Loss (L1) 3.100 (3.092)
2026-04-26 04:23:31,459 | Epoch: [65][250/254]	Time   0.30 (  0.36)	Data 0.0001 (0.0593)	Loss (L1) 3.526 (3.109)
2026-04-26 04:23:32,565 | Create Epoch [65] features of all training data...
2026-04-26 04:24:51,274 | Updated smoothed statistics on Epoch [65]!
2026-04-26 04:24:51,302 | Updated running statistics with Epoch [65] features!
2026-04-26 04:24:57,889 | Val: [ 0/25]	Time  6.586 ( 6.586)	Loss (MSE) 261.657 (261.657)	Loss (L1) 14.942 (14.942)
2026-04-26 04:25:02,954 | Val: [10/25]	Time  0.084 ( 1.059)	Loss (MSE) 41.869 (104.070)	Loss (L1) 5.227 (8.406)
2026-04-26 04:25:03,792 | Val: [20/25]	Time  0.084 ( 0.595)	Loss (MSE) 398.885 (136.250)	Loss (L1) 18.907 (9.479)
2026-04-26 04:25:04,358 |  * Overall: MSE 201.378	L1 11.508	G-Mean 7.643
2026-04-26 04:25:04,358 |  * Many: MSE 116.517	L1 8.617	G-Mean 5.681
2026-04-26 04:25:04,358 |  * Median: MSE 318.923	L1 16.057	G-Mean 13.011
2026-04-26 04:25:04,358 |  * Low: MSE 661.342	L1 25.197	G-Mean 24.606
2026-04-26 04:25:04,359 | Best L1 Loss: 10.508
2026-04-26 04:25:04,604 | Epoch #65: Train loss [3.1130]; Val loss: MSE [201.3778], L1 [11.5076], G-Mean [7.6431]
2026-04-26 04:25:11,926 | Epoch: [66][  0/254]	Time   7.32 (  7.32)	Data 7.1725 (7.1725)	Loss (L1) 2.913 (2.913)
2026-04-26 04:25:20,309 | Epoch: [66][ 10/254]	Time   0.29 (  1.43)	Data 0.0002 (1.1478)	Loss (L1) 2.564 (2.999)
2026-04-26 04:25:23,320 | Epoch: [66][ 20/254]	Time   0.30 (  0.89)	Data 0.0004 (0.6014)	Loss (L1) 3.804 (3.081)
2026-04-26 04:25:26,352 | Epoch: [66][ 30/254]	Time   0.30 (  0.70)	Data 0.0003 (0.4075)	Loss (L1) 3.092 (3.070)
2026-04-26 04:25:29,574 | Epoch: [66][ 40/254]	Time   0.31 (  0.61)	Data 0.0003 (0.3143)	Loss (L1) 3.019 (3.058)
2026-04-26 04:25:32,825 | Epoch: [66][ 50/254]	Time   0.40 (  0.55)	Data 0.0002 (0.2527)	Loss (L1) 3.541 (3.076)
2026-04-26 04:25:35,995 | Epoch: [66][ 60/254]	Time   0.33 (  0.51)	Data 0.0002 (0.2114)	Loss (L1) 2.970 (3.062)
2026-04-26 04:25:39,169 | Epoch: [66][ 70/254]	Time   0.34 (  0.49)	Data 0.0003 (0.1816)	Loss (L1) 2.587 (3.061)
2026-04-26 04:25:42,235 | Epoch: [66][ 80/254]	Time   0.33 (  0.46)	Data 0.0003 (0.1593)	Loss (L1) 3.057 (3.055)
2026-04-26 04:25:45,484 | Epoch: [66][ 90/254]	Time   0.32 (  0.45)	Data 0.0003 (0.1420)	Loss (L1) 2.887 (3.051)
2026-04-26 04:25:48,656 | Epoch: [66][100/254]	Time   0.31 (  0.44)	Data 0.0002 (0.1279)	Loss (L1) 2.935 (3.073)
2026-04-26 04:25:51,760 | Epoch: [66][110/254]	Time   0.31 (  0.42)	Data 0.0002 (0.1164)	Loss (L1) 3.049 (3.067)
2026-04-26 04:25:54,916 | Epoch: [66][120/254]	Time   0.30 (  0.42)	Data 0.0002 (0.1068)	Loss (L1) 2.928 (3.060)
2026-04-26 04:25:57,964 | Epoch: [66][130/254]	Time   0.30 (  0.41)	Data 0.0002 (0.0987)	Loss (L1) 2.949 (3.045)
2026-04-26 04:26:01,048 | Epoch: [66][140/254]	Time   0.31 (  0.40)	Data 0.0002 (0.0917)	Loss (L1) 2.765 (3.052)
2026-04-26 04:26:04,165 | Epoch: [66][150/254]	Time   0.33 (  0.39)	Data 0.0002 (0.0857)	Loss (L1) 3.067 (3.063)
2026-04-26 04:26:07,328 | Epoch: [66][160/254]	Time   0.30 (  0.39)	Data 0.0017 (0.0804)	Loss (L1) 3.057 (3.056)
2026-04-26 04:26:10,372 | Epoch: [66][170/254]	Time   0.31 (  0.38)	Data 0.0002 (0.0757)	Loss (L1) 2.965 (3.055)
2026-04-26 04:26:13,539 | Epoch: [66][180/254]	Time   0.31 (  0.38)	Data 0.0002 (0.0715)	Loss (L1) 2.743 (3.058)
2026-04-26 04:26:16,649 | Epoch: [66][190/254]	Time   0.30 (  0.38)	Data 0.0001 (0.0679)	Loss (L1) 3.276 (3.064)
2026-04-26 04:26:19,655 | Epoch: [66][200/254]	Time   0.30 (  0.37)	Data 0.0001 (0.0646)	Loss (L1) 3.553 (3.072)
2026-04-26 04:26:22,650 | Epoch: [66][210/254]	Time   0.30 (  0.37)	Data 0.0001 (0.0615)	Loss (L1) 2.846 (3.081)
2026-04-26 04:26:25,597 | Epoch: [66][220/254]	Time   0.30 (  0.37)	Data 0.0001 (0.0587)	Loss (L1) 2.784 (3.077)
2026-04-26 04:26:28,560 | Epoch: [66][230/254]	Time   0.30 (  0.36)	Data 0.0001 (0.0562)	Loss (L1) 3.028 (3.076)
2026-04-26 04:26:31,510 | Epoch: [66][240/254]	Time   0.29 (  0.36)	Data 0.0004 (0.0539)	Loss (L1) 2.738 (3.080)
2026-04-26 04:26:34,466 | Epoch: [66][250/254]	Time   0.30 (  0.36)	Data 0.0000 (0.0517)	Loss (L1) 3.085 (3.075)
2026-04-26 04:26:35,595 | Create Epoch [66] features of all training data...
2026-04-26 04:27:53,094 | Updated smoothed statistics on Epoch [66]!
2026-04-26 04:27:53,122 | Updated running statistics with Epoch [66] features!
2026-04-26 04:28:03,941 | Val: [ 0/25]	Time 10.817 (10.817)	Loss (MSE) 289.569 (289.569)	Loss (L1) 15.816 (15.816)
2026-04-26 04:28:04,772 | Val: [10/25]	Time  0.083 ( 1.059)	Loss (MSE) 41.717 (116.427)	Loss (L1) 5.302 (8.918)
2026-04-26 04:28:05,604 | Val: [20/25]	Time  0.083 ( 0.594)	Loss (MSE) 345.862 (130.747)	Loss (L1) 17.568 (9.355)
2026-04-26 04:28:06,168 |  * Overall: MSE 187.526	L1 11.210	G-Mean 7.533
2026-04-26 04:28:06,168 |  * Many: MSE 106.885	L1 8.341	G-Mean 5.546
2026-04-26 04:28:06,169 |  * Median: MSE 305.324	L1 15.924	G-Mean 13.282
2026-04-26 04:28:06,169 |  * Low: MSE 602.501	L1 24.075	G-Mean 23.554
2026-04-26 04:28:06,169 | Best L1 Loss: 10.508
2026-04-26 04:28:06,399 | Epoch #66: Train loss [3.0743]; Val loss: MSE [187.5262], L1 [11.2097], G-Mean [7.5327]
2026-04-26 04:28:17,062 | Epoch: [67][  0/254]	Time  10.66 ( 10.66)	Data 10.4494 (10.4494)	Loss (L1) 3.003 (3.003)
2026-04-26 04:28:22,427 | Epoch: [67][ 10/254]	Time   0.31 (  1.46)	Data 0.0002 (1.1666)	Loss (L1) 2.533 (2.811)
2026-04-26 04:28:25,553 | Epoch: [67][ 20/254]	Time   0.30 (  0.91)	Data 0.0002 (0.6113)	Loss (L1) 3.536 (2.868)
2026-04-26 04:28:28,668 | Epoch: [67][ 30/254]	Time   0.32 (  0.72)	Data 0.0002 (0.4142)	Loss (L1) 2.817 (2.926)
2026-04-26 04:28:32,724 | Epoch: [67][ 40/254]	Time   0.29 (  0.64)	Data 0.0003 (0.3417)	Loss (L1) 2.587 (2.941)
2026-04-26 04:28:36,098 | Epoch: [67][ 50/254]	Time   0.30 (  0.58)	Data 0.0003 (0.2747)	Loss (L1) 2.744 (2.972)
2026-04-26 04:28:39,133 | Epoch: [67][ 60/254]	Time   0.31 (  0.54)	Data 0.0004 (0.2298)	Loss (L1) 3.139 (2.991)
2026-04-26 04:28:42,295 | Epoch: [67][ 70/254]	Time   0.35 (  0.51)	Data 0.0002 (0.1974)	Loss (L1) 3.485 (2.996)
2026-04-26 04:28:45,432 | Epoch: [67][ 80/254]	Time   0.30 (  0.48)	Data 0.0002 (0.1731)	Loss (L1) 3.254 (2.992)
2026-04-26 04:28:48,610 | Epoch: [67][ 90/254]	Time   0.32 (  0.46)	Data 0.0002 (0.1541)	Loss (L1) 3.400 (2.999)
2026-04-26 04:28:51,762 | Epoch: [67][100/254]	Time   0.31 (  0.45)	Data 0.0002 (0.1389)	Loss (L1) 2.763 (3.002)
2026-04-26 04:28:54,907 | Epoch: [67][110/254]	Time   0.30 (  0.44)	Data 0.0003 (0.1264)	Loss (L1) 2.794 (3.019)
2026-04-26 04:28:58,092 | Epoch: [67][120/254]	Time   0.30 (  0.43)	Data 0.0004 (0.1160)	Loss (L1) 2.863 (3.032)
2026-04-26 04:29:01,210 | Epoch: [67][130/254]	Time   0.33 (  0.42)	Data 0.0002 (0.1072)	Loss (L1) 3.094 (3.028)
2026-04-26 04:29:04,412 | Epoch: [67][140/254]	Time   0.43 (  0.41)	Data 0.0002 (0.0996)	Loss (L1) 3.683 (3.041)
2026-04-26 04:29:07,596 | Epoch: [67][150/254]	Time   0.29 (  0.41)	Data 0.0003 (0.0930)	Loss (L1) 3.146 (3.054)
2026-04-26 04:29:10,687 | Epoch: [67][160/254]	Time   0.30 (  0.40)	Data 0.0003 (0.0873)	Loss (L1) 3.175 (3.057)
2026-04-26 04:29:13,796 | Epoch: [67][170/254]	Time   0.30 (  0.39)	Data 0.0002 (0.0822)	Loss (L1) 3.131 (3.056)
2026-04-26 04:29:17,040 | Epoch: [67][180/254]	Time   0.40 (  0.39)	Data 0.0002 (0.0776)	Loss (L1) 2.639 (3.050)
2026-04-26 04:29:20,072 | Epoch: [67][190/254]	Time   0.30 (  0.39)	Data 0.0001 (0.0738)	Loss (L1) 2.823 (3.051)
2026-04-26 04:29:23,073 | Epoch: [67][200/254]	Time   0.30 (  0.38)	Data 0.0001 (0.0701)	Loss (L1) 2.893 (3.058)
2026-04-26 04:29:26,046 | Epoch: [67][210/254]	Time   0.30 (  0.38)	Data 0.0001 (0.0668)	Loss (L1) 2.945 (3.054)
2026-04-26 04:29:29,018 | Epoch: [67][220/254]	Time   0.30 (  0.37)	Data 0.0001 (0.0638)	Loss (L1) 2.846 (3.056)
2026-04-26 04:29:31,992 | Epoch: [67][230/254]	Time   0.30 (  0.37)	Data 0.0001 (0.0611)	Loss (L1) 2.914 (3.057)
2026-04-26 04:29:34,967 | Epoch: [67][240/254]	Time   0.30 (  0.37)	Data 0.0001 (0.0585)	Loss (L1) 2.658 (3.052)
2026-04-26 04:29:37,948 | Epoch: [67][250/254]	Time   0.30 (  0.36)	Data 0.0001 (0.0562)	Loss (L1) 3.172 (3.057)
2026-04-26 04:29:39,065 | Create Epoch [67] features of all training data...
2026-04-26 04:30:57,690 | Updated smoothed statistics on Epoch [67]!
2026-04-26 04:30:57,719 | Updated running statistics with Epoch [67] features!
2026-04-26 04:31:08,392 | Val: [ 0/25]	Time 10.671 (10.671)	Loss (MSE) 264.847 (264.847)	Loss (L1) 15.112 (15.112)
2026-04-26 04:31:09,225 | Val: [10/25]	Time  0.083 ( 1.046)	Loss (MSE) 41.255 (105.160)	Loss (L1) 5.220 (8.464)
2026-04-26 04:31:10,058 | Val: [20/25]	Time  0.083 ( 0.588)	Loss (MSE) 377.893 (131.918)	Loss (L1) 18.361 (9.339)
2026-04-26 04:31:10,612 |  * Overall: MSE 192.961	L1 11.289	G-Mean 7.477
2026-04-26 04:31:10,612 |  * Many: MSE 111.469	L1 8.433	G-Mean 5.527
2026-04-26 04:31:10,612 |  * Median: MSE 309.360	L1 15.891	G-Mean 12.966
2026-04-26 04:31:10,612 |  * Low: MSE 621.893	L1 24.419	G-Mean 23.835
2026-04-26 04:31:10,613 | Best L1 Loss: 10.508
2026-04-26 04:31:10,862 | Epoch #67: Train loss [3.0572]; Val loss: MSE [192.9611], L1 [11.2889], G-Mean [7.4766]
2026-04-26 04:31:23,839 | Epoch: [68][  0/254]	Time  12.98 ( 12.98)	Data 12.7089 (12.7089)	Loss (L1) 3.468 (3.468)
2026-04-26 04:31:27,221 | Epoch: [68][ 10/254]	Time   0.29 (  1.49)	Data 0.0003 (1.2310)	Loss (L1) 3.255 (3.151)
2026-04-26 04:31:30,287 | Epoch: [68][ 20/254]	Time   0.32 (  0.92)	Data 0.0002 (0.6450)	Loss (L1) 3.324 (3.087)
2026-04-26 04:31:33,535 | Epoch: [68][ 30/254]	Time   0.32 (  0.73)	Data 0.0004 (0.4377)	Loss (L1) 3.124 (3.091)
2026-04-26 04:31:36,849 | Epoch: [68][ 40/254]	Time   0.30 (  0.63)	Data 0.0002 (0.3310)	Loss (L1) 2.974 (3.035)
2026-04-26 04:31:39,931 | Epoch: [68][ 50/254]	Time   0.29 (  0.57)	Data 0.0003 (0.2662)	Loss (L1) 2.684 (3.027)
2026-04-26 04:31:42,970 | Epoch: [68][ 60/254]	Time   0.30 (  0.53)	Data 0.0002 (0.2226)	Loss (L1) 5.192 (3.059)
2026-04-26 04:31:46,889 | Epoch: [68][ 70/254]	Time   0.33 (  0.51)	Data 0.0003 (0.2048)	Loss (L1) 2.536 (3.039)
2026-04-26 04:31:49,976 | Epoch: [68][ 80/254]	Time   0.36 (  0.48)	Data 0.0002 (0.1796)	Loss (L1) 2.951 (3.031)
2026-04-26 04:31:53,125 | Epoch: [68][ 90/254]	Time   0.35 (  0.46)	Data 0.0004 (0.1599)	Loss (L1) 3.932 (3.031)
2026-04-26 04:31:56,710 | Epoch: [68][100/254]	Time   0.81 (  0.45)	Data 0.5854 (0.1515)	Loss (L1) 3.145 (3.016)
2026-04-26 04:31:59,736 | Epoch: [68][110/254]	Time   0.30 (  0.44)	Data 0.0003 (0.1381)	Loss (L1) 3.109 (3.014)
2026-04-26 04:32:02,897 | Epoch: [68][120/254]	Time   0.32 (  0.43)	Data 0.0002 (0.1267)	Loss (L1) 3.327 (3.023)
2026-04-26 04:32:06,259 | Epoch: [68][130/254]	Time   0.34 (  0.42)	Data 0.0003 (0.1171)	Loss (L1) 3.195 (3.021)
2026-04-26 04:32:09,335 | Epoch: [68][140/254]	Time   0.30 (  0.41)	Data 0.0172 (0.1089)	Loss (L1) 2.975 (3.029)
2026-04-26 04:32:12,406 | Epoch: [68][150/254]	Time   0.35 (  0.41)	Data 0.0002 (0.1017)	Loss (L1) 2.956 (3.029)
2026-04-26 04:32:15,561 | Epoch: [68][160/254]	Time   0.33 (  0.40)	Data 0.0002 (0.0955)	Loss (L1) 2.879 (3.031)
2026-04-26 04:32:18,625 | Epoch: [68][170/254]	Time   0.29 (  0.40)	Data 0.0004 (0.0899)	Loss (L1) 3.168 (3.037)
2026-04-26 04:32:21,669 | Epoch: [68][180/254]	Time   0.30 (  0.39)	Data 0.0002 (0.0850)	Loss (L1) 2.814 (3.039)
2026-04-26 04:32:24,725 | Epoch: [68][190/254]	Time   0.29 (  0.39)	Data 0.0001 (0.0808)	Loss (L1) 3.104 (3.042)
2026-04-26 04:32:27,768 | Epoch: [68][200/254]	Time   0.30 (  0.38)	Data 0.0001 (0.0768)	Loss (L1) 3.203 (3.042)
2026-04-26 04:32:30,756 | Epoch: [68][210/254]	Time   0.29 (  0.38)	Data 0.0001 (0.0732)	Loss (L1) 3.071 (3.044)
2026-04-26 04:32:33,690 | Epoch: [68][220/254]	Time   0.29 (  0.37)	Data 0.0002 (0.0699)	Loss (L1) 3.341 (3.045)
2026-04-26 04:32:36,634 | Epoch: [68][230/254]	Time   0.30 (  0.37)	Data 0.0000 (0.0668)	Loss (L1) 3.162 (3.051)
2026-04-26 04:32:39,578 | Epoch: [68][240/254]	Time   0.30 (  0.37)	Data 0.0001 (0.0641)	Loss (L1) 3.802 (3.055)
2026-04-26 04:32:42,507 | Epoch: [68][250/254]	Time   0.29 (  0.37)	Data 0.0001 (0.0615)	Loss (L1) 3.046 (3.055)
2026-04-26 04:32:43,612 | Create Epoch [68] features of all training data...
2026-04-26 04:34:01,849 | Updated smoothed statistics on Epoch [68]!
2026-04-26 04:34:01,877 | Updated running statistics with Epoch [68] features!
2026-04-26 04:34:10,633 | Val: [ 0/25]	Time  8.755 ( 8.755)	Loss (MSE) 258.716 (258.716)	Loss (L1) 14.949 (14.949)
2026-04-26 04:34:12,963 | Val: [10/25]	Time  0.083 ( 1.008)	Loss (MSE) 39.485 (102.071)	Loss (L1) 5.143 (8.314)
2026-04-26 04:34:13,799 | Val: [20/25]	Time  0.084 ( 0.568)	Loss (MSE) 391.656 (132.771)	Loss (L1) 18.840 (9.375)
2026-04-26 04:34:14,375 |  * Overall: MSE 200.191	L1 11.465	G-Mean 7.590
2026-04-26 04:34:14,375 |  * Many: MSE 112.878	L1 8.491	G-Mean 5.589
2026-04-26 04:34:14,375 |  * Median: MSE 317.999	L1 16.107	G-Mean 13.172
2026-04-26 04:34:14,375 |  * Low: MSE 684.815	L1 25.685	G-Mean 25.118
2026-04-26 04:34:14,376 | Best L1 Loss: 10.508
2026-04-26 04:34:14,606 | Epoch #68: Train loss [3.0549]; Val loss: MSE [200.1913], L1 [11.4651], G-Mean [7.5898]
2026-04-26 04:34:20,264 | Epoch: [69][  0/254]	Time   5.66 (  5.66)	Data 5.5048 (5.5048)	Loss (L1) 3.141 (3.141)
2026-04-26 04:34:30,259 | Epoch: [69][ 10/254]	Time   0.31 (  1.42)	Data 0.0002 (1.1458)	Loss (L1) 2.603 (2.940)
2026-04-26 04:34:33,231 | Epoch: [69][ 20/254]	Time   0.30 (  0.89)	Data 0.0002 (0.6003)	Loss (L1) 2.654 (2.943)
2026-04-26 04:34:36,227 | Epoch: [69][ 30/254]	Time   0.30 (  0.70)	Data 0.0003 (0.4067)	Loss (L1) 3.371 (3.020)
2026-04-26 04:34:39,959 | Epoch: [69][ 40/254]	Time   0.30 (  0.62)	Data 0.0003 (0.3292)	Loss (L1) 2.847 (2.982)
2026-04-26 04:34:42,952 | Epoch: [69][ 50/254]	Time   0.30 (  0.56)	Data 0.0003 (0.2647)	Loss (L1) 2.854 (2.960)
2026-04-26 04:34:45,982 | Epoch: [69][ 60/254]	Time   0.30 (  0.51)	Data 0.0003 (0.2214)	Loss (L1) 3.216 (2.977)
2026-04-26 04:34:49,027 | Epoch: [69][ 70/254]	Time   0.32 (  0.48)	Data 0.0003 (0.1903)	Loss (L1) 3.069 (2.979)
2026-04-26 04:34:52,029 | Epoch: [69][ 80/254]	Time   0.30 (  0.46)	Data 0.0003 (0.1668)	Loss (L1) 2.535 (2.990)
2026-04-26 04:34:55,031 | Epoch: [69][ 90/254]	Time   0.30 (  0.44)	Data 0.0003 (0.1485)	Loss (L1) 2.998 (3.000)
2026-04-26 04:34:58,704 | Epoch: [69][100/254]	Time   0.31 (  0.44)	Data 0.0003 (0.1412)	Loss (L1) 2.699 (3.000)
2026-04-26 04:35:01,794 | Epoch: [69][110/254]	Time   0.29 (  0.43)	Data 0.0003 (0.1285)	Loss (L1) 3.087 (2.999)
2026-04-26 04:35:04,808 | Epoch: [69][120/254]	Time   0.30 (  0.41)	Data 0.0004 (0.1179)	Loss (L1) 3.012 (3.006)
2026-04-26 04:35:07,905 | Epoch: [69][130/254]	Time   0.28 (  0.41)	Data 0.0003 (0.1089)	Loss (L1) 2.955 (3.011)
2026-04-26 04:35:10,958 | Epoch: [69][140/254]	Time   0.30 (  0.40)	Data 0.0003 (0.1012)	Loss (L1) 3.258 (3.016)
2026-04-26 04:35:14,055 | Epoch: [69][150/254]	Time   0.30 (  0.39)	Data 0.0003 (0.0945)	Loss (L1) 3.742 (3.023)
2026-04-26 04:35:17,181 | Epoch: [69][160/254]	Time   0.31 (  0.39)	Data 0.0003 (0.0887)	Loss (L1) 3.135 (3.032)
2026-04-26 04:35:20,234 | Epoch: [69][170/254]	Time   0.31 (  0.38)	Data 0.0003 (0.0835)	Loss (L1) 3.392 (3.027)
2026-04-26 04:35:23,356 | Epoch: [69][180/254]	Time   0.29 (  0.38)	Data 0.0004 (0.0789)	Loss (L1) 2.946 (3.031)
2026-04-26 04:35:26,392 | Epoch: [69][190/254]	Time   0.31 (  0.38)	Data 0.0002 (0.0750)	Loss (L1) 2.950 (3.020)
2026-04-26 04:35:29,419 | Epoch: [69][200/254]	Time   0.30 (  0.37)	Data 0.0002 (0.0713)	Loss (L1) 3.300 (3.020)
2026-04-26 04:35:32,410 | Epoch: [69][210/254]	Time   0.30 (  0.37)	Data 0.0001 (0.0679)	Loss (L1) 2.555 (3.017)
2026-04-26 04:35:35,379 | Epoch: [69][220/254]	Time   0.29 (  0.37)	Data 0.0001 (0.0648)	Loss (L1) 3.188 (3.020)
2026-04-26 04:35:38,344 | Epoch: [69][230/254]	Time   0.30 (  0.36)	Data 0.0001 (0.0620)	Loss (L1) 2.869 (3.024)
2026-04-26 04:35:41,299 | Epoch: [69][240/254]	Time   0.30 (  0.36)	Data 0.0001 (0.0595)	Loss (L1) 3.632 (3.029)
2026-04-26 04:35:44,230 | Epoch: [69][250/254]	Time   0.29 (  0.36)	Data 0.0001 (0.0571)	Loss (L1) 3.126 (3.029)
2026-04-26 04:35:45,357 | Create Epoch [69] features of all training data...
2026-04-26 04:37:03,608 | Updated smoothed statistics on Epoch [69]!
2026-04-26 04:37:03,636 | Updated running statistics with Epoch [69] features!
2026-04-26 04:37:14,383 | Val: [ 0/25]	Time 10.745 (10.745)	Loss (MSE) 266.219 (266.219)	Loss (L1) 15.164 (15.164)
2026-04-26 04:37:15,221 | Val: [10/25]	Time  0.084 ( 1.053)	Loss (MSE) 40.691 (105.646)	Loss (L1) 5.192 (8.479)
2026-04-26 04:37:16,054 | Val: [20/25]	Time  0.083 ( 0.591)	Loss (MSE) 396.767 (135.383)	Loss (L1) 18.858 (9.452)
2026-04-26 04:37:16,613 |  * Overall: MSE 201.126	L1 11.499	G-Mean 7.586
2026-04-26 04:37:16,614 |  * Many: MSE 114.703	L1 8.547	G-Mean 5.595
2026-04-26 04:37:16,614 |  * Median: MSE 321.890	L1 16.192	G-Mean 13.153
2026-04-26 04:37:16,614 |  * Low: MSE 665.725	L1 25.305	G-Mean 24.737
2026-04-26 04:37:16,614 | Best L1 Loss: 10.508
2026-04-26 04:37:16,837 | Epoch #69: Train loss [3.0324]; Val loss: MSE [201.1259], L1 [11.4987], G-Mean [7.5857]
2026-04-26 04:37:29,005 | Epoch: [70][  0/254]	Time  12.17 ( 12.17)	Data 11.9332 (11.9332)	Loss (L1) 3.549 (3.549)
2026-04-26 04:37:32,735 | Epoch: [70][ 10/254]	Time   0.31 (  1.45)	Data 0.0002 (1.1490)	Loss (L1) 2.771 (3.070)
2026-04-26 04:37:35,921 | Epoch: [70][ 20/254]	Time   0.35 (  0.91)	Data 0.0005 (0.6020)	Loss (L1) 2.760 (3.001)
2026-04-26 04:37:38,987 | Epoch: [70][ 30/254]	Time   0.32 (  0.71)	Data 0.0002 (0.4079)	Loss (L1) 3.250 (3.008)
2026-04-26 04:37:42,236 | Epoch: [70][ 40/254]	Time   0.40 (  0.62)	Data 0.0002 (0.3087)	Loss (L1) 3.432 (3.043)
2026-04-26 04:37:45,484 | Epoch: [70][ 50/254]	Time   0.34 (  0.56)	Data 0.0005 (0.2483)	Loss (L1) 3.130 (3.047)
2026-04-26 04:37:48,598 | Epoch: [70][ 60/254]	Time   0.31 (  0.52)	Data 0.0003 (0.2077)	Loss (L1) 2.577 (3.033)
2026-04-26 04:37:51,872 | Epoch: [70][ 70/254]	Time   0.27 (  0.49)	Data 0.0002 (0.1787)	Loss (L1) 2.580 (3.016)
2026-04-26 04:37:55,157 | Epoch: [70][ 80/254]	Time   0.31 (  0.47)	Data 0.0004 (0.1566)	Loss (L1) 2.805 (3.003)
2026-04-26 04:37:58,258 | Epoch: [70][ 90/254]	Time   0.35 (  0.46)	Data 0.0003 (0.1395)	Loss (L1) 2.929 (3.004)
2026-04-26 04:38:01,522 | Epoch: [70][100/254]	Time   0.33 (  0.44)	Data 0.0003 (0.1258)	Loss (L1) 2.961 (3.001)
2026-04-26 04:38:04,572 | Epoch: [70][110/254]	Time   0.31 (  0.43)	Data 0.0004 (0.1145)	Loss (L1) 2.905 (3.005)
2026-04-26 04:38:07,600 | Epoch: [70][120/254]	Time   0.30 (  0.42)	Data 0.0003 (0.1051)	Loss (L1) 2.664 (3.017)
2026-04-26 04:38:10,624 | Epoch: [70][130/254]	Time   0.30 (  0.41)	Data 0.0002 (0.0971)	Loss (L1) 3.119 (3.018)
2026-04-26 04:38:13,657 | Epoch: [70][140/254]	Time   0.29 (  0.40)	Data 0.0004 (0.0902)	Loss (L1) 2.732 (3.005)
2026-04-26 04:38:16,706 | Epoch: [70][150/254]	Time   0.30 (  0.40)	Data 0.0003 (0.0843)	Loss (L1) 3.038 (3.008)
2026-04-26 04:38:19,888 | Epoch: [70][160/254]	Time   0.31 (  0.39)	Data 0.0004 (0.0791)	Loss (L1) 3.370 (3.009)
2026-04-26 04:38:22,927 | Epoch: [70][170/254]	Time   0.32 (  0.39)	Data 0.0003 (0.0744)	Loss (L1) 3.074 (3.015)
2026-04-26 04:38:26,069 | Epoch: [70][180/254]	Time   0.30 (  0.38)	Data 0.0003 (0.0704)	Loss (L1) 3.107 (3.020)
2026-04-26 04:38:29,121 | Epoch: [70][190/254]	Time   0.31 (  0.38)	Data 0.0001 (0.0668)	Loss (L1) 3.343 (3.023)
2026-04-26 04:38:32,146 | Epoch: [70][200/254]	Time   0.30 (  0.37)	Data 0.0001 (0.0635)	Loss (L1) 3.813 (3.028)
2026-04-26 04:38:35,150 | Epoch: [70][210/254]	Time   0.30 (  0.37)	Data 0.0001 (0.0605)	Loss (L1) 3.002 (3.030)
2026-04-26 04:38:38,123 | Epoch: [70][220/254]	Time   0.30 (  0.37)	Data 0.0001 (0.0578)	Loss (L1) 3.363 (3.030)
2026-04-26 04:38:41,108 | Epoch: [70][230/254]	Time   0.30 (  0.36)	Data 0.0002 (0.0553)	Loss (L1) 3.562 (3.033)
2026-04-26 04:38:44,088 | Epoch: [70][240/254]	Time   0.30 (  0.36)	Data 0.0001 (0.0530)	Loss (L1) 3.093 (3.033)
2026-04-26 04:38:47,051 | Epoch: [70][250/254]	Time   0.30 (  0.36)	Data 0.0001 (0.0509)	Loss (L1) 3.332 (3.034)
2026-04-26 04:38:48,162 | Create Epoch [70] features of all training data...
2026-04-26 04:40:06,967 | Updated smoothed statistics on Epoch [70]!
2026-04-26 04:40:06,997 | Updated running statistics with Epoch [70] features!
2026-04-26 04:40:16,911 | Val: [ 0/25]	Time  9.912 ( 9.912)	Loss (MSE) 270.530 (270.530)	Loss (L1) 15.174 (15.174)
2026-04-26 04:40:18,470 | Val: [10/25]	Time  0.083 ( 1.043)	Loss (MSE) 41.588 (109.614)	Loss (L1) 5.275 (8.637)
2026-04-26 04:40:19,307 | Val: [20/25]	Time  0.083 ( 0.586)	Loss (MSE) 375.984 (132.976)	Loss (L1) 18.297 (9.384)
2026-04-26 04:40:19,862 |  * Overall: MSE 193.963	L1 11.328	G-Mean 7.510
2026-04-26 04:40:19,862 |  * Many: MSE 111.419	L1 8.456	G-Mean 5.553
2026-04-26 04:40:19,863 |  * Median: MSE 312.076	L1 15.959	G-Mean 13.011
2026-04-26 04:40:19,863 |  * Low: MSE 627.670	L1 24.531	G-Mean 23.942
2026-04-26 04:40:19,863 | Best L1 Loss: 10.508
2026-04-26 04:40:20,095 | Epoch #70: Train loss [3.0341]; Val loss: MSE [193.9631], L1 [11.3281], G-Mean [7.5095]
2026-04-26 04:40:27,228 | Epoch: [71][  0/254]	Time   7.13 (  7.13)	Data 6.9613 (6.9613)	Loss (L1) 3.421 (3.421)
2026-04-26 04:40:35,663 | Epoch: [71][ 10/254]	Time   0.30 (  1.42)	Data 0.0002 (1.1657)	Loss (L1) 2.924 (2.979)
2026-04-26 04:40:38,689 | Epoch: [71][ 20/254]	Time   0.30 (  0.89)	Data 0.0002 (0.6107)	Loss (L1) 2.753 (2.964)
2026-04-26 04:40:41,682 | Epoch: [71][ 30/254]	Time   0.30 (  0.70)	Data 0.0002 (0.4138)	Loss (L1) 4.272 (2.969)
2026-04-26 04:40:45,627 | Epoch: [71][ 40/254]	Time   0.30 (  0.62)	Data 0.0004 (0.3390)	Loss (L1) 3.602 (2.984)
2026-04-26 04:40:48,653 | Epoch: [71][ 50/254]	Time   0.29 (  0.56)	Data 0.0003 (0.2726)	Loss (L1) 3.245 (3.007)
2026-04-26 04:40:51,706 | Epoch: [71][ 60/254]	Time   0.30 (  0.52)	Data 0.0003 (0.2280)	Loss (L1) 2.660 (2.984)
2026-04-26 04:40:54,715 | Epoch: [71][ 70/254]	Time   0.29 (  0.49)	Data 0.0002 (0.1969)	Loss (L1) 3.153 (2.987)
2026-04-26 04:40:57,728 | Epoch: [71][ 80/254]	Time   0.30 (  0.46)	Data 0.0003 (0.1727)	Loss (L1) 3.027 (2.974)
2026-04-26 04:41:00,742 | Epoch: [71][ 90/254]	Time   0.30 (  0.45)	Data 0.0003 (0.1537)	Loss (L1) 3.285 (2.980)
2026-04-26 04:41:03,835 | Epoch: [71][100/254]	Time   0.30 (  0.43)	Data 0.0003 (0.1386)	Loss (L1) 2.782 (2.972)
2026-04-26 04:41:06,872 | Epoch: [71][110/254]	Time   0.33 (  0.42)	Data 0.0002 (0.1261)	Loss (L1) 2.937 (2.968)
2026-04-26 04:41:09,956 | Epoch: [71][120/254]	Time   0.32 (  0.41)	Data 0.0003 (0.1157)	Loss (L1) 3.327 (2.967)
2026-04-26 04:41:13,014 | Epoch: [71][130/254]	Time   0.30 (  0.40)	Data 0.0002 (0.1070)	Loss (L1) 2.822 (2.977)
2026-04-26 04:41:16,042 | Epoch: [71][140/254]	Time   0.30 (  0.40)	Data 0.0003 (0.0994)	Loss (L1) 2.774 (2.977)
2026-04-26 04:41:19,077 | Epoch: [71][150/254]	Time   0.31 (  0.39)	Data 0.0002 (0.0929)	Loss (L1) 3.987 (2.991)
2026-04-26 04:41:22,191 | Epoch: [71][160/254]	Time   0.32 (  0.39)	Data 0.0003 (0.0871)	Loss (L1) 2.892 (2.991)
2026-04-26 04:41:25,251 | Epoch: [71][170/254]	Time   0.31 (  0.38)	Data 0.0003 (0.0820)	Loss (L1) 2.844 (2.997)
2026-04-26 04:41:28,296 | Epoch: [71][180/254]	Time   0.29 (  0.38)	Data 0.0003 (0.0775)	Loss (L1) 3.476 (3.001)
2026-04-26 04:41:31,398 | Epoch: [71][190/254]	Time   0.30 (  0.37)	Data 0.0002 (0.0737)	Loss (L1) 3.429 (3.001)
2026-04-26 04:41:34,414 | Epoch: [71][200/254]	Time   0.30 (  0.37)	Data 0.0001 (0.0701)	Loss (L1) 2.953 (3.001)
2026-04-26 04:41:37,419 | Epoch: [71][210/254]	Time   0.30 (  0.37)	Data 0.0001 (0.0668)	Loss (L1) 2.978 (3.007)
2026-04-26 04:41:40,370 | Epoch: [71][220/254]	Time   0.30 (  0.36)	Data 0.0001 (0.0637)	Loss (L1) 2.862 (3.001)
2026-04-26 04:41:43,330 | Epoch: [71][230/254]	Time   0.30 (  0.36)	Data 0.0001 (0.0610)	Loss (L1) 3.432 (2.998)
2026-04-26 04:41:46,290 | Epoch: [71][240/254]	Time   0.30 (  0.36)	Data 0.0001 (0.0585)	Loss (L1) 2.685 (3.001)
2026-04-26 04:41:49,237 | Epoch: [71][250/254]	Time   0.30 (  0.36)	Data 0.0001 (0.0561)	Loss (L1) 2.862 (2.998)
2026-04-26 04:41:50,352 | Create Epoch [71] features of all training data...
2026-04-26 04:43:09,193 | Updated smoothed statistics on Epoch [71]!
2026-04-26 04:43:09,221 | Updated running statistics with Epoch [71] features!
2026-04-26 04:43:19,842 | Val: [ 0/25]	Time 10.619 (10.619)	Loss (MSE) 268.982 (268.982)	Loss (L1) 15.213 (15.213)
2026-04-26 04:43:20,678 | Val: [10/25]	Time  0.083 ( 1.041)	Loss (MSE) 40.566 (106.397)	Loss (L1) 5.229 (8.472)
2026-04-26 04:43:21,511 | Val: [20/25]	Time  0.083 ( 0.585)	Loss (MSE) 397.332 (136.073)	Loss (L1) 18.901 (9.483)
2026-04-26 04:43:22,068 |  * Overall: MSE 202.448	L1 11.541	G-Mean 7.652
2026-04-26 04:43:22,068 |  * Many: MSE 115.120	L1 8.576	G-Mean 5.641
2026-04-26 04:43:22,068 |  * Median: MSE 323.624	L1 16.232	G-Mean 13.289
2026-04-26 04:43:22,068 |  * Low: MSE 675.008	L1 25.505	G-Mean 24.960
2026-04-26 04:43:22,069 | Best L1 Loss: 10.508
2026-04-26 04:43:22,306 | Epoch #71: Train loss [2.9998]; Val loss: MSE [202.4480], L1 [11.5415], G-Mean [7.6524]
2026-04-26 04:43:33,700 | Epoch: [72][  0/254]	Time  11.39 ( 11.39)	Data 11.1909 (11.1909)	Loss (L1) 3.002 (3.002)
2026-04-26 04:43:36,914 | Epoch: [72][ 10/254]	Time   0.33 (  1.33)	Data 0.0002 (1.0177)	Loss (L1) 2.768 (2.862)
2026-04-26 04:43:40,015 | Epoch: [72][ 20/254]	Time   0.31 (  0.84)	Data 0.0002 (0.5332)	Loss (L1) 2.917 (2.903)
2026-04-26 04:43:43,009 | Epoch: [72][ 30/254]	Time   0.30 (  0.67)	Data 0.0002 (0.3613)	Loss (L1) 2.668 (2.885)
2026-04-26 04:43:46,425 | Epoch: [72][ 40/254]	Time   0.31 (  0.59)	Data 0.0003 (0.2829)	Loss (L1) 3.070 (2.895)
2026-04-26 04:43:49,579 | Epoch: [72][ 50/254]	Time   0.32 (  0.53)	Data 0.0002 (0.2278)	Loss (L1) 2.766 (2.884)
2026-04-26 04:43:52,756 | Epoch: [72][ 60/254]	Time   0.30 (  0.50)	Data 0.0002 (0.1905)	Loss (L1) 3.165 (2.899)
2026-04-26 04:43:56,091 | Epoch: [72][ 70/254]	Time   0.36 (  0.48)	Data 0.0002 (0.1637)	Loss (L1) 2.905 (2.910)
2026-04-26 04:43:59,165 | Epoch: [72][ 80/254]	Time   0.30 (  0.46)	Data 0.0002 (0.1436)	Loss (L1) 2.921 (2.928)
2026-04-26 04:44:02,270 | Epoch: [72][ 90/254]	Time   0.34 (  0.44)	Data 0.0002 (0.1278)	Loss (L1) 3.049 (2.951)
2026-04-26 04:44:05,528 | Epoch: [72][100/254]	Time   0.32 (  0.43)	Data 0.0002 (0.1154)	Loss (L1) 2.933 (2.956)
2026-04-26 04:44:08,637 | Epoch: [72][110/254]	Time   0.33 (  0.42)	Data 0.0005 (0.1050)	Loss (L1) 4.574 (2.969)
2026-04-26 04:44:11,720 | Epoch: [72][120/254]	Time   0.31 (  0.41)	Data 0.0003 (0.0963)	Loss (L1) 3.511 (2.973)
2026-04-26 04:44:14,910 | Epoch: [72][130/254]	Time   0.30 (  0.40)	Data 0.0035 (0.0891)	Loss (L1) 3.065 (2.975)
2026-04-26 04:44:18,025 | Epoch: [72][140/254]	Time   0.35 (  0.40)	Data 0.0002 (0.0829)	Loss (L1) 2.813 (2.968)
2026-04-26 04:44:21,075 | Epoch: [72][150/254]	Time   0.30 (  0.39)	Data 0.0003 (0.0774)	Loss (L1) 3.387 (2.976)
2026-04-26 04:44:24,148 | Epoch: [72][160/254]	Time   0.30 (  0.38)	Data 0.0004 (0.0726)	Loss (L1) 4.420 (2.985)
2026-04-26 04:44:27,222 | Epoch: [72][170/254]	Time   0.31 (  0.38)	Data 0.0003 (0.0684)	Loss (L1) 2.987 (2.990)
2026-04-26 04:44:30,400 | Epoch: [72][180/254]	Time   0.30 (  0.38)	Data 0.0003 (0.0646)	Loss (L1) 2.931 (2.995)
2026-04-26 04:44:33,525 | Epoch: [72][190/254]	Time   0.30 (  0.37)	Data 0.0002 (0.0617)	Loss (L1) 3.095 (2.995)
2026-04-26 04:44:36,537 | Epoch: [72][200/254]	Time   0.30 (  0.37)	Data 0.0003 (0.0587)	Loss (L1) 2.931 (2.994)
2026-04-26 04:44:39,526 | Epoch: [72][210/254]	Time   0.29 (  0.37)	Data 0.0001 (0.0559)	Loss (L1) 3.127 (2.998)
2026-04-26 04:44:42,486 | Epoch: [72][220/254]	Time   0.29 (  0.36)	Data 0.0001 (0.0534)	Loss (L1) 2.770 (2.999)
2026-04-26 04:44:45,438 | Epoch: [72][230/254]	Time   0.30 (  0.36)	Data 0.0001 (0.0511)	Loss (L1) 2.889 (2.999)
2026-04-26 04:44:48,402 | Epoch: [72][240/254]	Time   0.30 (  0.36)	Data 0.0001 (0.0490)	Loss (L1) 2.692 (2.998)
2026-04-26 04:44:51,358 | Epoch: [72][250/254]	Time   0.30 (  0.35)	Data 0.0001 (0.0470)	Loss (L1) 3.163 (2.998)
2026-04-26 04:44:52,458 | Create Epoch [72] features of all training data...
2026-04-26 04:46:10,410 | Updated smoothed statistics on Epoch [72]!
2026-04-26 04:46:10,439 | Updated running statistics with Epoch [72] features!
2026-04-26 04:46:19,857 | Val: [ 0/25]	Time  9.416 ( 9.416)	Loss (MSE) 278.547 (278.547)	Loss (L1) 15.413 (15.413)
2026-04-26 04:46:21,696 | Val: [10/25]	Time  0.083 ( 1.023)	Loss (MSE) 39.622 (111.445)	Loss (L1) 5.175 (8.675)
2026-04-26 04:46:22,530 | Val: [20/25]	Time  0.083 ( 0.576)	Loss (MSE) 378.938 (134.766)	Loss (L1) 18.447 (9.444)
2026-04-26 04:46:23,106 |  * Overall: MSE 197.139	L1 11.418	G-Mean 7.602
2026-04-26 04:46:23,106 |  * Many: MSE 112.220	L1 8.484	G-Mean 5.623
2026-04-26 04:46:23,106 |  * Median: MSE 318.128	L1 16.149	G-Mean 13.145
2026-04-26 04:46:23,106 |  * Low: MSE 645.221	L1 24.909	G-Mean 24.347
2026-04-26 04:46:23,108 | Best L1 Loss: 10.508
2026-04-26 04:46:23,348 | Epoch #72: Train loss [2.9981]; Val loss: MSE [197.1392], L1 [11.4182], G-Mean [7.6024]
2026-04-26 04:46:35,004 | Epoch: [73][  0/254]	Time  11.65 ( 11.65)	Data 11.3543 (11.3543)	Loss (L1) 2.970 (2.970)
2026-04-26 04:46:40,680 | Epoch: [73][ 10/254]	Time   0.31 (  1.58)	Data 0.0014 (1.2877)	Loss (L1) 3.078 (2.951)
2026-04-26 04:46:44,033 | Epoch: [73][ 20/254]	Time   0.34 (  0.98)	Data 0.0002 (0.6753)	Loss (L1) 2.778 (2.929)
2026-04-26 04:46:47,140 | Epoch: [73][ 30/254]	Time   0.31 (  0.77)	Data 0.0002 (0.4575)	Loss (L1) 2.858 (2.913)
2026-04-26 04:46:50,196 | Epoch: [73][ 40/254]	Time   0.29 (  0.65)	Data 0.0002 (0.3460)	Loss (L1) 2.676 (2.915)
2026-04-26 04:46:53,218 | Epoch: [73][ 50/254]	Time   0.30 (  0.59)	Data 0.0003 (0.2782)	Loss (L1) 3.198 (2.969)
2026-04-26 04:46:56,433 | Epoch: [73][ 60/254]	Time   0.38 (  0.54)	Data 0.0002 (0.2331)	Loss (L1) 2.585 (2.945)
2026-04-26 04:46:59,524 | Epoch: [73][ 70/254]	Time   0.30 (  0.51)	Data 0.0002 (0.2004)	Loss (L1) 3.002 (2.945)
2026-04-26 04:47:02,613 | Epoch: [73][ 80/254]	Time   0.34 (  0.48)	Data 0.0002 (0.1757)	Loss (L1) 3.957 (2.968)
2026-04-26 04:47:05,762 | Epoch: [73][ 90/254]	Time   0.36 (  0.47)	Data 0.0002 (0.1564)	Loss (L1) 3.308 (2.981)
2026-04-26 04:47:08,905 | Epoch: [73][100/254]	Time   0.30 (  0.45)	Data 0.0002 (0.1409)	Loss (L1) 2.567 (2.979)
2026-04-26 04:47:12,124 | Epoch: [73][110/254]	Time   0.30 (  0.44)	Data 0.0004 (0.1283)	Loss (L1) 3.354 (2.981)
2026-04-26 04:47:15,288 | Epoch: [73][120/254]	Time   0.31 (  0.43)	Data 0.0003 (0.1178)	Loss (L1) 2.985 (2.978)
2026-04-26 04:47:18,300 | Epoch: [73][130/254]	Time   0.30 (  0.42)	Data 0.0002 (0.1088)	Loss (L1) 3.141 (2.982)
2026-04-26 04:47:21,341 | Epoch: [73][140/254]	Time   0.31 (  0.41)	Data 0.0002 (0.1011)	Loss (L1) 3.270 (2.990)
2026-04-26 04:47:24,548 | Epoch: [73][150/254]	Time   0.37 (  0.41)	Data 0.0001 (0.0944)	Loss (L1) 3.115 (2.989)
2026-04-26 04:47:27,683 | Epoch: [73][160/254]	Time   0.31 (  0.40)	Data 0.0003 (0.0886)	Loss (L1) 2.691 (2.982)
2026-04-26 04:47:30,764 | Epoch: [73][170/254]	Time   0.30 (  0.39)	Data 0.0002 (0.0834)	Loss (L1) 3.224 (2.983)
2026-04-26 04:47:33,954 | Epoch: [73][180/254]	Time   0.35 (  0.39)	Data 0.0002 (0.0788)	Loss (L1) 2.679 (2.986)
2026-04-26 04:47:37,035 | Epoch: [73][190/254]	Time   0.30 (  0.39)	Data 0.0002 (0.0748)	Loss (L1) 2.793 (2.990)
2026-04-26 04:47:40,072 | Epoch: [73][200/254]	Time   0.30 (  0.38)	Data 0.0002 (0.0711)	Loss (L1) 3.079 (2.995)
2026-04-26 04:47:43,012 | Epoch: [73][210/254]	Time   0.29 (  0.38)	Data 0.0001 (0.0678)	Loss (L1) 3.450 (2.993)
2026-04-26 04:47:45,953 | Epoch: [73][220/254]	Time   0.30 (  0.37)	Data 0.0001 (0.0647)	Loss (L1) 2.919 (2.989)
2026-04-26 04:47:48,890 | Epoch: [73][230/254]	Time   0.30 (  0.37)	Data 0.0001 (0.0619)	Loss (L1) 2.827 (2.991)
2026-04-26 04:47:51,827 | Epoch: [73][240/254]	Time   0.29 (  0.37)	Data 0.0000 (0.0593)	Loss (L1) 2.749 (2.989)
2026-04-26 04:47:54,764 | Epoch: [73][250/254]	Time   0.29 (  0.36)	Data 0.0001 (0.0570)	Loss (L1) 2.685 (2.991)
2026-04-26 04:47:55,869 | Create Epoch [73] features of all training data...
2026-04-26 04:49:11,389 | Updated smoothed statistics on Epoch [73]!
2026-04-26 04:49:11,419 | Updated running statistics with Epoch [73] features!
2026-04-26 04:49:17,893 | Val: [ 0/25]	Time  6.472 ( 6.472)	Loss (MSE) 282.685 (282.685)	Loss (L1) 15.528 (15.528)
2026-04-26 04:49:23,224 | Val: [10/25]	Time  0.084 ( 1.073)	Loss (MSE) 42.057 (113.596)	Loss (L1) 5.372 (8.783)
2026-04-26 04:49:24,060 | Val: [20/25]	Time  0.084 ( 0.602)	Loss (MSE) 377.886 (136.131)	Loss (L1) 18.387 (9.508)
2026-04-26 04:49:24,605 |  * Overall: MSE 198.071	L1 11.467	G-Mean 7.667
2026-04-26 04:49:24,605 |  * Many: MSE 113.675	L1 8.560	G-Mean 5.700
2026-04-26 04:49:24,605 |  * Median: MSE 318.024	L1 16.135	G-Mean 13.094
2026-04-26 04:49:24,605 |  * Low: MSE 644.446	L1 24.895	G-Mean 24.341
2026-04-26 04:49:24,606 | Best L1 Loss: 10.508
2026-04-26 04:49:24,833 | Epoch #73: Train loss [2.9913]; Val loss: MSE [198.0714], L1 [11.4672], G-Mean [7.6675]
2026-04-26 04:49:35,223 | Epoch: [74][  0/254]	Time  10.39 ( 10.39)	Data 10.2383 (10.2383)	Loss (L1) 2.763 (2.763)
2026-04-26 04:49:39,986 | Epoch: [74][ 10/254]	Time   0.30 (  1.38)	Data 0.0002 (1.1038)	Loss (L1) 2.512 (2.983)
2026-04-26 04:49:43,075 | Epoch: [74][ 20/254]	Time   0.31 (  0.87)	Data 0.0002 (0.5806)	Loss (L1) 2.829 (2.965)
2026-04-26 04:49:46,199 | Epoch: [74][ 30/254]	Time   0.31 (  0.69)	Data 0.0002 (0.3934)	Loss (L1) 3.255 (3.009)
2026-04-26 04:49:49,851 | Epoch: [74][ 40/254]	Time   0.30 (  0.61)	Data 0.0002 (0.3167)	Loss (L1) 2.872 (3.001)
2026-04-26 04:49:52,917 | Epoch: [74][ 50/254]	Time   0.31 (  0.55)	Data 0.0004 (0.2547)	Loss (L1) 3.010 (3.014)
2026-04-26 04:49:55,978 | Epoch: [74][ 60/254]	Time   0.32 (  0.51)	Data 0.0003 (0.2130)	Loss (L1) 2.679 (3.005)
2026-04-26 04:49:59,139 | Epoch: [74][ 70/254]	Time   0.29 (  0.48)	Data 0.0002 (0.1830)	Loss (L1) 2.939 (3.031)
2026-04-26 04:50:02,188 | Epoch: [74][ 80/254]	Time   0.32 (  0.46)	Data 0.0002 (0.1606)	Loss (L1) 3.360 (3.036)
2026-04-26 04:50:05,305 | Epoch: [74][ 90/254]	Time   0.33 (  0.44)	Data 0.0035 (0.1430)	Loss (L1) 3.293 (3.039)
2026-04-26 04:50:08,424 | Epoch: [74][100/254]	Time   0.31 (  0.43)	Data 0.0002 (0.1289)	Loss (L1) 2.926 (3.030)
2026-04-26 04:50:11,473 | Epoch: [74][110/254]	Time   0.30 (  0.42)	Data 0.0002 (0.1173)	Loss (L1) 2.797 (3.025)
2026-04-26 04:50:14,512 | Epoch: [74][120/254]	Time   0.30 (  0.41)	Data 0.0002 (0.1076)	Loss (L1) 3.168 (3.028)
2026-04-26 04:50:17,633 | Epoch: [74][130/254]	Time   0.30 (  0.40)	Data 0.0002 (0.0994)	Loss (L1) 2.697 (3.019)
2026-04-26 04:50:20,666 | Epoch: [74][140/254]	Time   0.30 (  0.40)	Data 0.0003 (0.0924)	Loss (L1) 3.173 (3.019)
2026-04-26 04:50:23,920 | Epoch: [74][150/254]	Time   0.30 (  0.39)	Data 0.0002 (0.0863)	Loss (L1) 2.960 (3.021)
2026-04-26 04:50:27,005 | Epoch: [74][160/254]	Time   0.30 (  0.39)	Data 0.0003 (0.0809)	Loss (L1) 3.074 (3.022)
2026-04-26 04:50:30,006 | Epoch: [74][170/254]	Time   0.31 (  0.38)	Data 0.0002 (0.0762)	Loss (L1) 2.726 (3.015)
2026-04-26 04:50:33,026 | Epoch: [74][180/254]	Time   0.30 (  0.38)	Data 0.0003 (0.0720)	Loss (L1) 3.055 (3.022)
2026-04-26 04:50:36,138 | Epoch: [74][190/254]	Time   0.32 (  0.37)	Data 0.0002 (0.0686)	Loss (L1) 2.972 (3.016)
2026-04-26 04:50:39,157 | Epoch: [74][200/254]	Time   0.30 (  0.37)	Data 0.0002 (0.0652)	Loss (L1) 2.938 (3.011)
2026-04-26 04:50:42,190 | Epoch: [74][210/254]	Time   0.30 (  0.37)	Data 0.0001 (0.0621)	Loss (L1) 2.915 (3.007)
2026-04-26 04:50:45,173 | Epoch: [74][220/254]	Time   0.30 (  0.36)	Data 0.0001 (0.0593)	Loss (L1) 2.945 (3.003)
2026-04-26 04:50:48,137 | Epoch: [74][230/254]	Time   0.30 (  0.36)	Data 0.0001 (0.0567)	Loss (L1) 2.903 (2.999)
2026-04-26 04:50:51,098 | Epoch: [74][240/254]	Time   0.29 (  0.36)	Data 0.0001 (0.0544)	Loss (L1) 2.707 (2.997)
2026-04-26 04:50:54,060 | Epoch: [74][250/254]	Time   0.29 (  0.36)	Data 0.0001 (0.0522)	Loss (L1) 2.703 (2.990)
2026-04-26 04:50:55,172 | Create Epoch [74] features of all training data...
2026-04-26 04:52:13,238 | Updated smoothed statistics on Epoch [74]!
2026-04-26 04:52:13,267 | Updated running statistics with Epoch [74] features!
2026-04-26 04:52:21,391 | Val: [ 0/25]	Time  8.123 ( 8.123)	Loss (MSE) 256.764 (256.764)	Loss (L1) 14.780 (14.780)
2026-04-26 04:52:24,589 | Val: [10/25]	Time  0.083 ( 1.029)	Loss (MSE) 39.374 (99.698)	Loss (L1) 5.103 (8.176)
2026-04-26 04:52:25,421 | Val: [20/25]	Time  0.083 ( 0.579)	Loss (MSE) 405.002 (134.543)	Loss (L1) 19.075 (9.375)
2026-04-26 04:52:25,992 |  * Overall: MSE 199.501	L1 11.410	G-Mean 7.512
2026-04-26 04:52:25,993 |  * Many: MSE 115.034	L1 8.514	G-Mean 5.579
2026-04-26 04:52:25,993 |  * Median: MSE 318.744	L1 16.020	G-Mean 12.798
2026-04-26 04:52:25,993 |  * Low: MSE 649.191	L1 24.941	G-Mean 24.328
2026-04-26 04:52:25,993 | Best L1 Loss: 10.508
2026-04-26 04:52:26,220 | Epoch #74: Train loss [2.9905]; Val loss: MSE [199.5011], L1 [11.4101], G-Mean [7.5124]
2026-04-26 04:52:40,049 | Epoch: [75][  0/254]	Time  13.83 ( 13.83)	Data 13.6225 (13.6225)	Loss (L1) 2.764 (2.764)
2026-04-26 04:52:43,174 | Epoch: [75][ 10/254]	Time   0.31 (  1.54)	Data 0.0003 (1.2389)	Loss (L1) 3.353 (2.997)
2026-04-26 04:52:46,210 | Epoch: [75][ 20/254]	Time   0.30 (  0.95)	Data 0.0003 (0.6492)	Loss (L1) 3.284 (2.966)
2026-04-26 04:52:49,243 | Epoch: [75][ 30/254]	Time   0.30 (  0.74)	Data 0.0003 (0.4399)	Loss (L1) 2.634 (2.963)
2026-04-26 04:52:52,605 | Epoch: [75][ 40/254]	Time   0.29 (  0.64)	Data 0.0002 (0.3326)	Loss (L1) 3.320 (2.970)
2026-04-26 04:52:55,668 | Epoch: [75][ 50/254]	Time   0.31 (  0.58)	Data 0.0006 (0.2675)	Loss (L1) 2.963 (2.997)
2026-04-26 04:52:58,760 | Epoch: [75][ 60/254]	Time   0.31 (  0.53)	Data 0.0003 (0.2237)	Loss (L1) 3.092 (2.982)
2026-04-26 04:53:01,810 | Epoch: [75][ 70/254]	Time   0.31 (  0.50)	Data 0.0002 (0.1922)	Loss (L1) 3.178 (2.981)
2026-04-26 04:53:04,826 | Epoch: [75][ 80/254]	Time   0.29 (  0.48)	Data 0.0004 (0.1686)	Loss (L1) 2.902 (3.003)
2026-04-26 04:53:07,891 | Epoch: [75][ 90/254]	Time   0.30 (  0.46)	Data 0.0002 (0.1501)	Loss (L1) 2.865 (3.010)
2026-04-26 04:53:10,970 | Epoch: [75][100/254]	Time   0.31 (  0.44)	Data 0.0002 (0.1352)	Loss (L1) 2.765 (3.008)
2026-04-26 04:53:14,013 | Epoch: [75][110/254]	Time   0.33 (  0.43)	Data 0.0003 (0.1231)	Loss (L1) 3.039 (2.996)
2026-04-26 04:53:17,132 | Epoch: [75][120/254]	Time   0.30 (  0.42)	Data 0.0002 (0.1129)	Loss (L1) 2.667 (2.988)
2026-04-26 04:53:20,149 | Epoch: [75][130/254]	Time   0.29 (  0.41)	Data 0.0002 (0.1043)	Loss (L1) 3.030 (2.983)
2026-04-26 04:53:23,213 | Epoch: [75][140/254]	Time   0.32 (  0.40)	Data 0.0002 (0.0970)	Loss (L1) 2.971 (2.984)
2026-04-26 04:53:26,336 | Epoch: [75][150/254]	Time   0.30 (  0.40)	Data 0.0002 (0.0906)	Loss (L1) 3.141 (2.999)
2026-04-26 04:53:29,395 | Epoch: [75][160/254]	Time   0.30 (  0.39)	Data 0.0003 (0.0850)	Loss (L1) 3.282 (3.006)
2026-04-26 04:53:32,464 | Epoch: [75][170/254]	Time   0.30 (  0.39)	Data 0.0002 (0.0800)	Loss (L1) 2.764 (3.002)
2026-04-26 04:53:35,557 | Epoch: [75][180/254]	Time   0.36 (  0.38)	Data 0.0002 (0.0756)	Loss (L1) 3.459 (3.004)
2026-04-26 04:53:38,683 | Epoch: [75][190/254]	Time   0.30 (  0.38)	Data 0.0001 (0.0718)	Loss (L1) 3.350 (3.001)
2026-04-26 04:53:41,715 | Epoch: [75][200/254]	Time   0.30 (  0.38)	Data 0.0001 (0.0682)	Loss (L1) 2.854 (2.999)
2026-04-26 04:53:44,680 | Epoch: [75][210/254]	Time   0.29 (  0.37)	Data 0.0003 (0.0650)	Loss (L1) 2.741 (3.001)
2026-04-26 04:53:47,641 | Epoch: [75][220/254]	Time   0.30 (  0.37)	Data 0.0001 (0.0621)	Loss (L1) 3.130 (3.000)
2026-04-26 04:53:50,590 | Epoch: [75][230/254]	Time   0.30 (  0.37)	Data 0.0001 (0.0594)	Loss (L1) 2.799 (2.993)
2026-04-26 04:53:53,537 | Epoch: [75][240/254]	Time   0.29 (  0.36)	Data 0.0001 (0.0569)	Loss (L1) 2.870 (2.986)
2026-04-26 04:53:56,487 | Epoch: [75][250/254]	Time   0.29 (  0.36)	Data 0.0001 (0.0547)	Loss (L1) 2.543 (2.986)
2026-04-26 04:53:57,589 | Create Epoch [75] features of all training data...
2026-04-26 04:55:15,396 | Updated smoothed statistics on Epoch [75]!
2026-04-26 04:55:15,424 | Updated running statistics with Epoch [75] features!
2026-04-26 04:55:26,237 | Val: [ 0/25]	Time 10.812 (10.812)	Loss (MSE) 275.367 (275.367)	Loss (L1) 15.305 (15.305)
2026-04-26 04:55:27,073 | Val: [10/25]	Time  0.083 ( 1.059)	Loss (MSE) 38.675 (110.284)	Loss (L1) 5.156 (8.624)
2026-04-26 04:55:27,907 | Val: [20/25]	Time  0.083 ( 0.594)	Loss (MSE) 355.625 (128.608)	Loss (L1) 17.895 (9.250)
2026-04-26 04:55:28,475 |  * Overall: MSE 189.245	L1 11.201	G-Mean 7.411
2026-04-26 04:55:28,475 |  * Many: MSE 105.830	L1 8.272	G-Mean 5.434
2026-04-26 04:55:28,475 |  * Median: MSE 306.643	L1 15.908	G-Mean 13.072
2026-04-26 04:55:28,475 |  * Low: MSE 634.639	L1 24.719	G-Mean 24.175
2026-04-26 04:55:28,476 | Best L1 Loss: 10.508
2026-04-26 04:55:28,705 | Epoch #75: Train loss [2.9862]; Val loss: MSE [189.2450], L1 [11.2010], G-Mean [7.4111]
2026-04-26 04:55:36,786 | Epoch: [76][  0/254]	Time   8.08 (  8.08)	Data 7.8622 (7.8622)	Loss (L1) 3.000 (3.000)
2026-04-26 04:55:43,183 | Epoch: [76][ 10/254]	Time   0.30 (  1.32)	Data 0.0002 (1.0172)	Loss (L1) 2.941 (2.986)
2026-04-26 04:55:46,339 | Epoch: [76][ 20/254]	Time   0.29 (  0.84)	Data 0.0003 (0.5330)	Loss (L1) 2.626 (2.951)
2026-04-26 04:55:49,485 | Epoch: [76][ 30/254]	Time   0.34 (  0.67)	Data 0.0002 (0.3611)	Loss (L1) 3.313 (2.991)
2026-04-26 04:55:52,738 | Epoch: [76][ 40/254]	Time   0.32 (  0.59)	Data 0.0003 (0.2733)	Loss (L1) 2.751 (3.021)
2026-04-26 04:55:56,061 | Epoch: [76][ 50/254]	Time   0.34 (  0.54)	Data 0.0003 (0.2199)	Loss (L1) 2.739 (2.992)
2026-04-26 04:55:59,365 | Epoch: [76][ 60/254]	Time   0.33 (  0.50)	Data 0.0103 (0.1841)	Loss (L1) 2.935 (2.986)
2026-04-26 04:56:02,716 | Epoch: [76][ 70/254]	Time   0.41 (  0.48)	Data 0.0002 (0.1582)	Loss (L1) 2.633 (2.969)
2026-04-26 04:56:06,130 | Epoch: [76][ 80/254]	Time   0.31 (  0.46)	Data 0.0058 (0.1388)	Loss (L1) 2.996 (2.975)
2026-04-26 04:56:09,269 | Epoch: [76][ 90/254]	Time   0.31 (  0.45)	Data 0.0002 (0.1236)	Loss (L1) 2.897 (2.970)
2026-04-26 04:56:12,511 | Epoch: [76][100/254]	Time   0.25 (  0.43)	Data 0.0002 (0.1114)	Loss (L1) 2.981 (2.968)
2026-04-26 04:56:15,733 | Epoch: [76][110/254]	Time   0.29 (  0.42)	Data 0.0002 (0.1014)	Loss (L1) 2.998 (2.964)
2026-04-26 04:56:18,814 | Epoch: [76][120/254]	Time   0.32 (  0.41)	Data 0.0002 (0.0931)	Loss (L1) 2.673 (2.964)
2026-04-26 04:56:21,907 | Epoch: [76][130/254]	Time   0.30 (  0.41)	Data 0.0002 (0.0860)	Loss (L1) 2.854 (2.969)
2026-04-26 04:56:24,931 | Epoch: [76][140/254]	Time   0.30 (  0.40)	Data 0.0002 (0.0799)	Loss (L1) 2.672 (2.958)
2026-04-26 04:56:27,965 | Epoch: [76][150/254]	Time   0.30 (  0.39)	Data 0.0002 (0.0747)	Loss (L1) 2.509 (2.968)
2026-04-26 04:56:31,140 | Epoch: [76][160/254]	Time   0.32 (  0.39)	Data 0.0002 (0.0701)	Loss (L1) 2.650 (2.964)
2026-04-26 04:56:34,256 | Epoch: [76][170/254]	Time   0.33 (  0.38)	Data 0.0002 (0.0662)	Loss (L1) 2.843 (2.964)
2026-04-26 04:56:37,403 | Epoch: [76][180/254]	Time   0.31 (  0.38)	Data 0.0002 (0.0626)	Loss (L1) 3.090 (2.970)
2026-04-26 04:56:40,438 | Epoch: [76][190/254]	Time   0.31 (  0.38)	Data 0.0004 (0.0595)	Loss (L1) 2.947 (2.967)
2026-04-26 04:56:43,468 | Epoch: [76][200/254]	Time   0.30 (  0.37)	Data 0.0005 (0.0566)	Loss (L1) 2.771 (2.962)
2026-04-26 04:56:46,464 | Epoch: [76][210/254]	Time   0.29 (  0.37)	Data 0.0001 (0.0539)	Loss (L1) 3.180 (2.968)
2026-04-26 04:56:49,391 | Epoch: [76][220/254]	Time   0.29 (  0.37)	Data 0.0001 (0.0515)	Loss (L1) 2.773 (2.967)
2026-04-26 04:56:52,330 | Epoch: [76][230/254]	Time   0.29 (  0.36)	Data 0.0002 (0.0493)	Loss (L1) 2.935 (2.963)
2026-04-26 04:56:55,264 | Epoch: [76][240/254]	Time   0.29 (  0.36)	Data 0.0001 (0.0472)	Loss (L1) 2.821 (2.960)
2026-04-26 04:56:58,206 | Epoch: [76][250/254]	Time   0.29 (  0.36)	Data 0.0001 (0.0453)	Loss (L1) 3.075 (2.962)
2026-04-26 04:56:59,325 | Create Epoch [76] features of all training data...
2026-04-26 04:58:16,596 | Updated smoothed statistics on Epoch [76]!
2026-04-26 04:58:16,626 | Updated running statistics with Epoch [76] features!
2026-04-26 04:58:24,994 | Val: [ 0/25]	Time  8.367 ( 8.367)	Loss (MSE) 261.070 (261.070)	Loss (L1) 14.923 (14.923)
2026-04-26 04:58:28,187 | Val: [10/25]	Time  0.084 ( 1.051)	Loss (MSE) 37.040 (101.156)	Loss (L1) 4.924 (8.223)
2026-04-26 04:58:29,021 | Val: [20/25]	Time  0.084 ( 0.590)	Loss (MSE) 393.633 (132.539)	Loss (L1) 18.860 (9.323)
2026-04-26 04:58:29,595 |  * Overall: MSE 198.159	L1 11.377	G-Mean 7.480
2026-04-26 04:58:29,595 |  * Many: MSE 111.885	L1 8.411	G-Mean 5.482
2026-04-26 04:58:29,595 |  * Median: MSE 317.831	L1 16.084	G-Mean 13.168
2026-04-26 04:58:29,595 |  * Low: MSE 665.167	L1 25.282	G-Mean 24.698
2026-04-26 04:58:29,596 | Best L1 Loss: 10.508
2026-04-26 04:58:29,825 | Epoch #76: Train loss [2.9608]; Val loss: MSE [198.1593], L1 [11.3773], G-Mean [7.4802]
2026-04-26 04:58:43,916 | Epoch: [77][  0/254]	Time  14.09 ( 14.09)	Data 13.9409 (13.9409)	Loss (L1) 2.731 (2.731)
2026-04-26 04:58:46,939 | Epoch: [77][ 10/254]	Time   0.30 (  1.56)	Data 0.0002 (1.2677)	Loss (L1) 2.636 (2.929)
2026-04-26 04:58:49,955 | Epoch: [77][ 20/254]	Time   0.30 (  0.96)	Data 0.0002 (0.6641)	Loss (L1) 2.884 (2.969)
2026-04-26 04:58:52,987 | Epoch: [77][ 30/254]	Time   0.29 (  0.75)	Data 0.0002 (0.4500)	Loss (L1) 2.837 (2.937)
2026-04-26 04:58:56,190 | Epoch: [77][ 40/254]	Time   0.30 (  0.64)	Data 0.0002 (0.3487)	Loss (L1) 2.950 (2.973)
2026-04-26 04:58:59,210 | Epoch: [77][ 50/254]	Time   0.30 (  0.58)	Data 0.0003 (0.2804)	Loss (L1) 2.613 (2.969)
2026-04-26 04:59:02,409 | Epoch: [77][ 60/254]	Time   0.31 (  0.53)	Data 0.0003 (0.2345)	Loss (L1) 2.819 (2.970)
2026-04-26 04:59:05,439 | Epoch: [77][ 70/254]	Time   0.30 (  0.50)	Data 0.0004 (0.2015)	Loss (L1) 3.666 (2.994)
2026-04-26 04:59:08,585 | Epoch: [77][ 80/254]	Time   0.33 (  0.48)	Data 0.0003 (0.1768)	Loss (L1) 2.889 (2.985)
2026-04-26 04:59:11,697 | Epoch: [77][ 90/254]	Time   0.30 (  0.46)	Data 0.0004 (0.1574)	Loss (L1) 3.324 (2.984)
2026-04-26 04:59:14,811 | Epoch: [77][100/254]	Time   0.31 (  0.45)	Data 0.0002 (0.1419)	Loss (L1) 3.063 (2.972)
2026-04-26 04:59:17,866 | Epoch: [77][110/254]	Time   0.29 (  0.43)	Data 0.0003 (0.1291)	Loss (L1) 2.961 (2.963)
2026-04-26 04:59:20,982 | Epoch: [77][120/254]	Time   0.30 (  0.42)	Data 0.0004 (0.1185)	Loss (L1) 2.961 (2.949)
2026-04-26 04:59:24,059 | Epoch: [77][130/254]	Time   0.31 (  0.41)	Data 0.0003 (0.1095)	Loss (L1) 3.073 (2.943)
2026-04-26 04:59:27,137 | Epoch: [77][140/254]	Time   0.30 (  0.41)	Data 0.0003 (0.1017)	Loss (L1) 2.791 (2.949)
2026-04-26 04:59:30,217 | Epoch: [77][150/254]	Time   0.30 (  0.40)	Data 0.0003 (0.0950)	Loss (L1) 2.953 (2.968)
2026-04-26 04:59:33,312 | Epoch: [77][160/254]	Time   0.32 (  0.39)	Data 0.0004 (0.0891)	Loss (L1) 2.455 (2.961)
2026-04-26 04:59:36,344 | Epoch: [77][170/254]	Time   0.31 (  0.39)	Data 0.0004 (0.0839)	Loss (L1) 3.499 (2.965)
2026-04-26 04:59:39,391 | Epoch: [77][180/254]	Time   0.31 (  0.38)	Data 0.0003 (0.0793)	Loss (L1) 2.678 (2.962)
2026-04-26 04:59:42,525 | Epoch: [77][190/254]	Time   0.32 (  0.38)	Data 0.0001 (0.0754)	Loss (L1) 3.038 (2.956)
2026-04-26 04:59:45,557 | Epoch: [77][200/254]	Time   0.30 (  0.38)	Data 0.0001 (0.0717)	Loss (L1) 2.919 (2.961)
2026-04-26 04:59:48,529 | Epoch: [77][210/254]	Time   0.30 (  0.37)	Data 0.0001 (0.0683)	Loss (L1) 3.201 (2.962)
2026-04-26 04:59:51,470 | Epoch: [77][220/254]	Time   0.29 (  0.37)	Data 0.0001 (0.0652)	Loss (L1) 3.103 (2.961)
2026-04-26 04:59:54,405 | Epoch: [77][230/254]	Time   0.29 (  0.37)	Data 0.0001 (0.0624)	Loss (L1) 2.608 (2.960)
2026-04-26 04:59:57,346 | Epoch: [77][240/254]	Time   0.30 (  0.36)	Data 0.0001 (0.0598)	Loss (L1) 3.339 (2.959)
2026-04-26 05:00:00,287 | Epoch: [77][250/254]	Time   0.29 (  0.36)	Data 0.0001 (0.0574)	Loss (L1) 2.973 (2.956)
2026-04-26 05:00:01,391 | Create Epoch [77] features of all training data...
2026-04-26 05:01:18,420 | Updated smoothed statistics on Epoch [77]!
2026-04-26 05:01:18,451 | Updated running statistics with Epoch [77] features!
2026-04-26 05:01:25,010 | Val: [ 0/25]	Time  6.557 ( 6.557)	Loss (MSE) 270.871 (270.871)	Loss (L1) 15.224 (15.224)
2026-04-26 05:01:29,686 | Val: [10/25]	Time  0.084 ( 1.021)	Loss (MSE) 38.322 (105.648)	Loss (L1) 5.074 (8.413)
2026-04-26 05:01:30,521 | Val: [20/25]	Time  0.084 ( 0.575)	Loss (MSE) 387.278 (133.055)	Loss (L1) 18.709 (9.361)
2026-04-26 05:01:31,094 |  * Overall: MSE 198.149	L1 11.403	G-Mean 7.522
2026-04-26 05:01:31,094 |  * Many: MSE 111.153	L1 8.412	G-Mean 5.517
2026-04-26 05:01:31,094 |  * Median: MSE 320.214	L1 16.188	G-Mean 13.225
2026-04-26 05:01:31,094 |  * Low: MSE 664.026	L1 25.282	G-Mean 24.724
2026-04-26 05:01:31,095 | Best L1 Loss: 10.508
2026-04-26 05:01:31,329 | Epoch #77: Train loss [2.9564]; Val loss: MSE [198.1491], L1 [11.4027], G-Mean [7.5216]
2026-04-26 05:01:39,010 | Epoch: [78][  0/254]	Time   7.68 (  7.68)	Data 7.4435 (7.4435)	Loss (L1) 3.106 (3.106)
2026-04-26 05:01:48,110 | Epoch: [78][ 10/254]	Time   0.30 (  1.53)	Data 0.0002 (1.2428)	Loss (L1) 2.949 (2.953)
2026-04-26 05:01:51,324 | Epoch: [78][ 20/254]	Time   0.35 (  0.95)	Data 0.0002 (0.6511)	Loss (L1) 3.053 (2.968)
2026-04-26 05:01:54,616 | Epoch: [78][ 30/254]	Time   0.30 (  0.75)	Data 0.0002 (0.4413)	Loss (L1) 2.459 (2.915)
2026-04-26 05:01:57,847 | Epoch: [78][ 40/254]	Time   0.34 (  0.65)	Data 0.0006 (0.3339)	Loss (L1) 2.687 (2.894)
2026-04-26 05:02:01,138 | Epoch: [78][ 50/254]	Time   0.32 (  0.58)	Data 0.0002 (0.2685)	Loss (L1) 3.189 (2.899)
2026-04-26 05:02:04,275 | Epoch: [78][ 60/254]	Time   0.30 (  0.54)	Data 0.0002 (0.2245)	Loss (L1) 2.748 (2.908)
2026-04-26 05:02:07,355 | Epoch: [78][ 70/254]	Time   0.29 (  0.51)	Data 0.0002 (0.1929)	Loss (L1) 2.677 (2.909)
2026-04-26 05:02:10,533 | Epoch: [78][ 80/254]	Time   0.30 (  0.48)	Data 0.0003 (0.1691)	Loss (L1) 2.991 (2.900)
2026-04-26 05:02:13,779 | Epoch: [78][ 90/254]	Time   0.34 (  0.47)	Data 0.0002 (0.1506)	Loss (L1) 2.869 (2.904)
2026-04-26 05:02:16,873 | Epoch: [78][100/254]	Time   0.31 (  0.45)	Data 0.0004 (0.1357)	Loss (L1) 2.768 (2.908)
2026-04-26 05:02:19,955 | Epoch: [78][110/254]	Time   0.32 (  0.44)	Data 0.0004 (0.1237)	Loss (L1) 2.959 (2.904)
2026-04-26 05:02:23,071 | Epoch: [78][120/254]	Time   0.30 (  0.43)	Data 0.0002 (0.1135)	Loss (L1) 3.509 (2.908)
2026-04-26 05:02:26,187 | Epoch: [78][130/254]	Time   0.30 (  0.42)	Data 0.0002 (0.1048)	Loss (L1) 2.746 (2.920)
2026-04-26 05:02:29,278 | Epoch: [78][140/254]	Time   0.31 (  0.41)	Data 0.0002 (0.0974)	Loss (L1) 3.084 (2.917)
2026-04-26 05:02:32,393 | Epoch: [78][150/254]	Time   0.31 (  0.40)	Data 0.0002 (0.0910)	Loss (L1) 2.710 (2.911)
2026-04-26 05:02:35,429 | Epoch: [78][160/254]	Time   0.30 (  0.40)	Data 0.0002 (0.0854)	Loss (L1) 3.059 (2.913)
2026-04-26 05:02:38,516 | Epoch: [78][170/254]	Time   0.30 (  0.39)	Data 0.0001 (0.0804)	Loss (L1) 2.760 (2.913)
2026-04-26 05:02:41,687 | Epoch: [78][180/254]	Time   0.32 (  0.39)	Data 0.0002 (0.0761)	Loss (L1) 2.704 (2.915)
2026-04-26 05:02:44,703 | Epoch: [78][190/254]	Time   0.30 (  0.38)	Data 0.0001 (0.0723)	Loss (L1) 3.113 (2.917)
2026-04-26 05:02:47,824 | Epoch: [78][200/254]	Time   0.30 (  0.38)	Data 0.0001 (0.0687)	Loss (L1) 2.990 (2.929)
2026-04-26 05:02:50,773 | Epoch: [78][210/254]	Time   0.29 (  0.38)	Data 0.0001 (0.0655)	Loss (L1) 3.417 (2.932)
2026-04-26 05:02:53,710 | Epoch: [78][220/254]	Time   0.29 (  0.37)	Data 0.0001 (0.0625)	Loss (L1) 3.149 (2.936)
2026-04-26 05:02:56,645 | Epoch: [78][230/254]	Time   0.29 (  0.37)	Data 0.0001 (0.0598)	Loss (L1) 2.946 (2.937)
2026-04-26 05:02:59,569 | Epoch: [78][240/254]	Time   0.29 (  0.37)	Data 0.0000 (0.0573)	Loss (L1) 2.801 (2.936)
2026-04-26 05:03:02,502 | Epoch: [78][250/254]	Time   0.29 (  0.36)	Data 0.0001 (0.0550)	Loss (L1) 2.514 (2.935)
2026-04-26 05:03:03,605 | Create Epoch [78] features of all training data...
2026-04-26 05:04:20,970 | Updated smoothed statistics on Epoch [78]!
2026-04-26 05:04:20,999 | Updated running statistics with Epoch [78] features!
2026-04-26 05:04:29,707 | Val: [ 0/25]	Time  8.707 ( 8.707)	Loss (MSE) 265.792 (265.792)	Loss (L1) 15.090 (15.090)
2026-04-26 05:04:32,335 | Val: [10/25]	Time  0.084 ( 1.030)	Loss (MSE) 40.016 (106.470)	Loss (L1) 5.164 (8.476)
2026-04-26 05:04:33,171 | Val: [20/25]	Time  0.084 ( 0.580)	Loss (MSE) 380.508 (132.564)	Loss (L1) 18.412 (9.358)
2026-04-26 05:04:33,736 |  * Overall: MSE 194.219	L1 11.319	G-Mean 7.485
2026-04-26 05:04:33,736 |  * Many: MSE 111.148	L1 8.425	G-Mean 5.531
2026-04-26 05:04:33,736 |  * Median: MSE 313.131	L1 15.991	G-Mean 12.968
2026-04-26 05:04:33,736 |  * Low: MSE 630.526	L1 24.597	G-Mean 24.014
2026-04-26 05:04:33,737 | Best L1 Loss: 10.508
2026-04-26 05:04:33,969 | Epoch #78: Train loss [2.9346]; Val loss: MSE [194.2187], L1 [11.3189], G-Mean [7.4850]
2026-04-26 05:04:45,668 | Epoch: [79][  0/254]	Time  11.70 ( 11.70)	Data 11.4461 (11.4461)	Loss (L1) 3.232 (3.232)
2026-04-26 05:04:49,788 | Epoch: [79][ 10/254]	Time   0.32 (  1.44)	Data 0.0067 (1.1546)	Loss (L1) 2.765 (3.098)
2026-04-26 05:04:52,995 | Epoch: [79][ 20/254]	Time   0.36 (  0.91)	Data 0.0002 (0.6049)	Loss (L1) 2.843 (2.972)
2026-04-26 05:04:56,332 | Epoch: [79][ 30/254]	Time   0.33 (  0.72)	Data 0.0002 (0.4100)	Loss (L1) 2.960 (3.012)
2026-04-26 05:04:59,513 | Epoch: [79][ 40/254]	Time   0.30 (  0.62)	Data 0.0003 (0.3142)	Loss (L1) 2.786 (2.965)
2026-04-26 05:05:02,643 | Epoch: [79][ 50/254]	Time   0.30 (  0.56)	Data 0.0002 (0.2526)	Loss (L1) 2.859 (2.937)
2026-04-26 05:05:05,743 | Epoch: [79][ 60/254]	Time   0.30 (  0.52)	Data 0.0002 (0.2112)	Loss (L1) 3.248 (2.916)
2026-04-26 05:05:08,838 | Epoch: [79][ 70/254]	Time   0.30 (  0.49)	Data 0.0002 (0.1817)	Loss (L1) 2.770 (2.900)
2026-04-26 05:05:12,095 | Epoch: [79][ 80/254]	Time   0.31 (  0.47)	Data 0.0002 (0.1593)	Loss (L1) 2.880 (2.898)
2026-04-26 05:05:15,255 | Epoch: [79][ 90/254]	Time   0.31 (  0.45)	Data 0.0002 (0.1418)	Loss (L1) 2.947 (2.885)
2026-04-26 05:05:18,374 | Epoch: [79][100/254]	Time   0.31 (  0.44)	Data 0.0002 (0.1278)	Loss (L1) 2.941 (2.893)
2026-04-26 05:05:21,561 | Epoch: [79][110/254]	Time   0.35 (  0.43)	Data 0.0002 (0.1163)	Loss (L1) 3.247 (2.891)
2026-04-26 05:05:24,677 | Epoch: [79][120/254]	Time   0.28 (  0.42)	Data 0.0003 (0.1067)	Loss (L1) 2.646 (2.892)
2026-04-26 05:05:27,736 | Epoch: [79][130/254]	Time   0.30 (  0.41)	Data 0.0002 (0.0986)	Loss (L1) 2.774 (2.887)
2026-04-26 05:05:30,823 | Epoch: [79][140/254]	Time   0.30 (  0.40)	Data 0.0003 (0.0916)	Loss (L1) 2.779 (2.890)
2026-04-26 05:05:34,061 | Epoch: [79][150/254]	Time   0.30 (  0.40)	Data 0.0002 (0.0856)	Loss (L1) 2.713 (2.889)
2026-04-26 05:05:37,186 | Epoch: [79][160/254]	Time   0.31 (  0.39)	Data 0.0002 (0.0803)	Loss (L1) 2.474 (2.891)
2026-04-26 05:05:40,368 | Epoch: [79][170/254]	Time   0.31 (  0.39)	Data 0.0003 (0.0756)	Loss (L1) 2.516 (2.894)
2026-04-26 05:05:43,569 | Epoch: [79][180/254]	Time   0.32 (  0.38)	Data 0.0003 (0.0715)	Loss (L1) 3.160 (2.895)
2026-04-26 05:05:46,696 | Epoch: [79][190/254]	Time   0.31 (  0.38)	Data 0.0001 (0.0679)	Loss (L1) 3.297 (2.895)
2026-04-26 05:05:49,750 | Epoch: [79][200/254]	Time   0.30 (  0.38)	Data 0.0002 (0.0646)	Loss (L1) 2.933 (2.893)
2026-04-26 05:05:52,685 | Epoch: [79][210/254]	Time   0.29 (  0.37)	Data 0.0001 (0.0615)	Loss (L1) 2.684 (2.893)
2026-04-26 05:05:55,611 | Epoch: [79][220/254]	Time   0.29 (  0.37)	Data 0.0001 (0.0587)	Loss (L1) 3.078 (2.892)
2026-04-26 05:05:58,548 | Epoch: [79][230/254]	Time   0.30 (  0.37)	Data 0.0001 (0.0562)	Loss (L1) 3.409 (2.901)
2026-04-26 05:06:01,480 | Epoch: [79][240/254]	Time   0.29 (  0.36)	Data 0.0001 (0.0539)	Loss (L1) 2.947 (2.907)
2026-04-26 05:06:04,398 | Epoch: [79][250/254]	Time   0.29 (  0.36)	Data 0.0001 (0.0517)	Loss (L1) 3.050 (2.914)
2026-04-26 05:06:05,533 | Create Epoch [79] features of all training data...
2026-04-26 05:07:22,936 | Updated smoothed statistics on Epoch [79]!
2026-04-26 05:07:22,965 | Updated running statistics with Epoch [79] features!
2026-04-26 05:07:33,500 | Val: [ 0/25]	Time 10.534 (10.534)	Loss (MSE) 253.824 (253.824)	Loss (L1) 14.680 (14.680)
2026-04-26 05:07:34,335 | Val: [10/25]	Time  0.083 ( 1.034)	Loss (MSE) 37.844 (102.188)	Loss (L1) 5.007 (8.270)
2026-04-26 05:07:35,169 | Val: [20/25]	Time  0.083 ( 0.581)	Loss (MSE) 370.924 (128.088)	Loss (L1) 18.275 (9.196)
2026-04-26 05:07:35,729 |  * Overall: MSE 191.274	L1 11.203	G-Mean 7.430
2026-04-26 05:07:35,729 |  * Many: MSE 107.428	L1 8.283	G-Mean 5.468
2026-04-26 05:07:35,729 |  * Median: MSE 306.756	L1 15.826	G-Mean 12.956
2026-04-26 05:07:35,729 |  * Low: MSE 648.124	L1 24.929	G-Mean 24.311
2026-04-26 05:07:35,730 | Best L1 Loss: 10.508
2026-04-26 05:07:35,960 | Epoch #79: Train loss [2.9172]; Val loss: MSE [191.2739], L1 [11.2028], G-Mean [7.4300]
2026-04-26 05:07:48,577 | Epoch: [80][  0/254]	Time  12.62 ( 12.62)	Data 12.3798 (12.3798)	Loss (L1) 2.654 (2.654)
2026-04-26 05:07:52,226 | Epoch: [80][ 10/254]	Time   0.30 (  1.48)	Data 0.0002 (1.1808)	Loss (L1) 3.532 (2.753)
2026-04-26 05:07:55,321 | Epoch: [80][ 20/254]	Time   0.30 (  0.92)	Data 0.0002 (0.6193)	Loss (L1) 2.733 (2.838)
2026-04-26 05:07:58,328 | Epoch: [80][ 30/254]	Time   0.31 (  0.72)	Data 0.0002 (0.4196)	Loss (L1) 2.806 (2.852)
2026-04-26 05:08:01,828 | Epoch: [80][ 40/254]	Time   0.38 (  0.63)	Data 0.0005 (0.3274)	Loss (L1) 2.595 (2.858)
2026-04-26 05:08:04,931 | Epoch: [80][ 50/254]	Time   0.30 (  0.57)	Data 0.0110 (0.2635)	Loss (L1) 2.863 (2.859)
2026-04-26 05:08:08,007 | Epoch: [80][ 60/254]	Time   0.31 (  0.53)	Data 0.0004 (0.2203)	Loss (L1) 2.878 (2.836)
2026-04-26 05:08:11,060 | Epoch: [80][ 70/254]	Time   0.32 (  0.49)	Data 0.0003 (0.1909)	Loss (L1) 2.866 (2.829)
2026-04-26 05:08:14,074 | Epoch: [80][ 80/254]	Time   0.30 (  0.47)	Data 0.0003 (0.1674)	Loss (L1) 2.562 (2.845)
2026-04-26 05:08:17,101 | Epoch: [80][ 90/254]	Time   0.32 (  0.45)	Data 0.0004 (0.1490)	Loss (L1) 2.891 (2.859)
2026-04-26 05:08:20,091 | Epoch: [80][100/254]	Time   0.30 (  0.44)	Data 0.0003 (0.1343)	Loss (L1) 2.624 (2.862)
2026-04-26 05:08:23,091 | Epoch: [80][110/254]	Time   0.30 (  0.42)	Data 0.0003 (0.1222)	Loss (L1) 2.789 (2.881)
2026-04-26 05:08:26,142 | Epoch: [80][120/254]	Time   0.31 (  0.41)	Data 0.0003 (0.1122)	Loss (L1) 2.802 (2.875)
2026-04-26 05:08:29,156 | Epoch: [80][130/254]	Time   0.31 (  0.41)	Data 0.0003 (0.1036)	Loss (L1) 2.330 (2.873)
2026-04-26 05:08:32,194 | Epoch: [80][140/254]	Time   0.30 (  0.40)	Data 0.0003 (0.0963)	Loss (L1) 2.666 (2.882)
2026-04-26 05:08:35,411 | Epoch: [80][150/254]	Time   0.29 (  0.39)	Data 0.0003 (0.0899)	Loss (L1) 2.427 (2.884)
2026-04-26 05:08:38,462 | Epoch: [80][160/254]	Time   0.30 (  0.39)	Data 0.0005 (0.0844)	Loss (L1) 2.983 (2.887)
2026-04-26 05:08:41,483 | Epoch: [80][170/254]	Time   0.30 (  0.38)	Data 0.0003 (0.0795)	Loss (L1) 2.681 (2.883)
2026-04-26 05:08:44,599 | Epoch: [80][180/254]	Time   0.31 (  0.38)	Data 0.0003 (0.0751)	Loss (L1) 2.804 (2.883)
2026-04-26 05:08:47,678 | Epoch: [80][190/254]	Time   0.30 (  0.38)	Data 0.0002 (0.0715)	Loss (L1) 2.996 (2.881)
2026-04-26 05:08:50,701 | Epoch: [80][200/254]	Time   0.30 (  0.37)	Data 0.0001 (0.0680)	Loss (L1) 2.626 (2.887)
2026-04-26 05:08:53,693 | Epoch: [80][210/254]	Time   0.30 (  0.37)	Data 0.0001 (0.0647)	Loss (L1) 2.610 (2.890)
2026-04-26 05:08:56,644 | Epoch: [80][220/254]	Time   0.29 (  0.37)	Data 0.0002 (0.0618)	Loss (L1) 2.798 (2.892)
2026-04-26 05:08:59,589 | Epoch: [80][230/254]	Time   0.29 (  0.36)	Data 0.0001 (0.0592)	Loss (L1) 3.048 (2.892)
2026-04-26 05:09:02,514 | Epoch: [80][240/254]	Time   0.29 (  0.36)	Data 0.0001 (0.0567)	Loss (L1) 2.811 (2.892)
2026-04-26 05:09:05,444 | Epoch: [80][250/254]	Time   0.29 (  0.36)	Data 0.0000 (0.0544)	Loss (L1) 3.128 (2.887)
2026-04-26 05:09:06,562 | Create Epoch [80] features of all training data...
2026-04-26 05:10:25,996 | Updated smoothed statistics on Epoch [80]!
2026-04-26 05:10:26,024 | Updated running statistics with Epoch [80] features!
2026-04-26 05:10:33,726 | Val: [ 0/25]	Time  7.700 ( 7.700)	Loss (MSE) 259.480 (259.480)	Loss (L1) 14.877 (14.877)
2026-04-26 05:10:37,134 | Val: [10/25]	Time  0.083 ( 1.010)	Loss (MSE) 38.850 (104.301)	Loss (L1) 5.094 (8.376)
2026-04-26 05:10:37,967 | Val: [20/25]	Time  0.084 ( 0.569)	Loss (MSE) 375.500 (130.285)	Loss (L1) 18.378 (9.279)
2026-04-26 05:10:38,527 |  * Overall: MSE 192.916	L1 11.268	G-Mean 7.453
2026-04-26 05:10:38,528 |  * Many: MSE 109.384	L1 8.361	G-Mean 5.484
2026-04-26 05:10:38,528 |  * Median: MSE 309.877	L1 15.910	G-Mean 13.031
2026-04-26 05:10:38,528 |  * Low: MSE 641.117	L1 24.791	G-Mean 24.182
2026-04-26 05:10:38,528 | Best L1 Loss: 10.508
2026-04-26 05:10:38,756 | Epoch #80: Train loss [2.8850]; Val loss: MSE [192.9160], L1 [11.2678], G-Mean [7.4528]
2026-04-26 05:10:52,247 | Epoch: [81][  0/254]	Time  13.49 ( 13.49)	Data 13.3349 (13.3349)	Loss (L1) 2.415 (2.415)
2026-04-26 05:10:55,247 | Epoch: [81][ 10/254]	Time   0.30 (  1.50)	Data 0.0002 (1.2125)	Loss (L1) 2.707 (2.937)
2026-04-26 05:10:58,365 | Epoch: [81][ 20/254]	Time   0.33 (  0.93)	Data 0.0003 (0.6356)	Loss (L1) 2.836 (2.888)
2026-04-26 05:11:01,593 | Epoch: [81][ 30/254]	Time   0.31 (  0.74)	Data 0.0039 (0.4311)	Loss (L1) 2.964 (2.902)
2026-04-26 05:11:04,775 | Epoch: [81][ 40/254]	Time   0.32 (  0.63)	Data 0.0002 (0.3260)	Loss (L1) 3.109 (2.874)
2026-04-26 05:11:07,898 | Epoch: [81][ 50/254]	Time   0.32 (  0.57)	Data 0.0003 (0.2622)	Loss (L1) 2.931 (2.865)
2026-04-26 05:11:11,028 | Epoch: [81][ 60/254]	Time   0.33 (  0.53)	Data 0.0002 (0.2192)	Loss (L1) 2.855 (2.866)
2026-04-26 05:11:14,186 | Epoch: [81][ 70/254]	Time   0.30 (  0.50)	Data 0.0002 (0.1888)	Loss (L1) 2.852 (2.881)
2026-04-26 05:11:17,294 | Epoch: [81][ 80/254]	Time   0.32 (  0.48)	Data 0.0002 (0.1656)	Loss (L1) 2.732 (2.881)
2026-04-26 05:11:20,506 | Epoch: [81][ 90/254]	Time   0.30 (  0.46)	Data 0.0002 (0.1478)	Loss (L1) 2.613 (2.872)
2026-04-26 05:11:23,651 | Epoch: [81][100/254]	Time   0.30 (  0.44)	Data 0.0004 (0.1334)	Loss (L1) 2.876 (2.886)
2026-04-26 05:11:26,738 | Epoch: [81][110/254]	Time   0.29 (  0.43)	Data 0.0002 (0.1214)	Loss (L1) 3.188 (2.893)
2026-04-26 05:11:29,954 | Epoch: [81][120/254]	Time   0.29 (  0.42)	Data 0.0002 (0.1115)	Loss (L1) 2.654 (2.896)
2026-04-26 05:11:33,265 | Epoch: [81][130/254]	Time   0.33 (  0.42)	Data 0.0003 (0.1032)	Loss (L1) 2.732 (2.889)
2026-04-26 05:11:36,344 | Epoch: [81][140/254]	Time   0.31 (  0.41)	Data 0.0004 (0.0959)	Loss (L1) 2.832 (2.897)
2026-04-26 05:11:39,532 | Epoch: [81][150/254]	Time   0.30 (  0.40)	Data 0.0002 (0.0897)	Loss (L1) 2.479 (2.886)
2026-04-26 05:11:42,539 | Epoch: [81][160/254]	Time   0.32 (  0.40)	Data 0.0003 (0.0842)	Loss (L1) 3.279 (2.892)
2026-04-26 05:11:45,566 | Epoch: [81][170/254]	Time   0.30 (  0.39)	Data 0.0002 (0.0793)	Loss (L1) 2.492 (2.886)
2026-04-26 05:11:48,679 | Epoch: [81][180/254]	Time   0.31 (  0.39)	Data 0.0005 (0.0749)	Loss (L1) 3.150 (2.889)
2026-04-26 05:11:51,838 | Epoch: [81][190/254]	Time   0.31 (  0.38)	Data 0.0001 (0.0711)	Loss (L1) 2.881 (2.889)
2026-04-26 05:11:54,839 | Epoch: [81][200/254]	Time   0.29 (  0.38)	Data 0.0001 (0.0676)	Loss (L1) 2.454 (2.883)
2026-04-26 05:11:57,787 | Epoch: [81][210/254]	Time   0.29 (  0.37)	Data 0.0001 (0.0644)	Loss (L1) 2.687 (2.879)
2026-04-26 05:12:00,725 | Epoch: [81][220/254]	Time   0.29 (  0.37)	Data 0.0001 (0.0615)	Loss (L1) 2.956 (2.887)
2026-04-26 05:12:03,665 | Epoch: [81][230/254]	Time   0.29 (  0.37)	Data 0.0001 (0.0588)	Loss (L1) 2.881 (2.887)
2026-04-26 05:12:06,597 | Epoch: [81][240/254]	Time   0.29 (  0.36)	Data 0.0001 (0.0564)	Loss (L1) 3.239 (2.881)
2026-04-26 05:12:09,537 | Epoch: [81][250/254]	Time   0.29 (  0.36)	Data 0.0001 (0.0541)	Loss (L1) 2.788 (2.877)
2026-04-26 05:12:10,648 | Create Epoch [81] features of all training data...
2026-04-26 05:13:28,728 | Updated smoothed statistics on Epoch [81]!
2026-04-26 05:13:28,757 | Updated running statistics with Epoch [81] features!
2026-04-26 05:13:35,838 | Val: [ 0/25]	Time  7.080 ( 7.080)	Loss (MSE) 260.292 (260.292)	Loss (L1) 14.943 (14.943)
2026-04-26 05:13:40,403 | Val: [10/25]	Time  0.084 ( 1.059)	Loss (MSE) 38.490 (103.816)	Loss (L1) 5.046 (8.354)
2026-04-26 05:13:41,238 | Val: [20/25]	Time  0.083 ( 0.594)	Loss (MSE) 376.199 (129.940)	Loss (L1) 18.398 (9.265)
2026-04-26 05:13:41,817 |  * Overall: MSE 192.328	L1 11.250	G-Mean 7.457
2026-04-26 05:13:41,817 |  * Many: MSE 109.101	L1 8.349	G-Mean 5.497
2026-04-26 05:13:41,817 |  * Median: MSE 308.835	L1 15.878	G-Mean 12.975
2026-04-26 05:13:41,817 |  * Low: MSE 638.987	L1 24.761	G-Mean 24.174
2026-04-26 05:13:41,818 | Best L1 Loss: 10.508
2026-04-26 05:13:42,043 | Epoch #81: Train loss [2.8743]; Val loss: MSE [192.3280], L1 [11.2497], G-Mean [7.4567]
2026-04-26 05:13:55,187 | Epoch: [82][  0/254]	Time  13.14 ( 13.14)	Data 12.9876 (12.9876)	Loss (L1) 3.014 (3.014)
2026-04-26 05:13:58,219 | Epoch: [82][ 10/254]	Time   0.29 (  1.47)	Data 0.0003 (1.1811)	Loss (L1) 2.628 (2.832)
2026-04-26 05:14:01,249 | Epoch: [82][ 20/254]	Time   0.28 (  0.91)	Data 0.0002 (0.6190)	Loss (L1) 2.637 (2.783)
2026-04-26 05:14:04,466 | Epoch: [82][ 30/254]	Time   0.33 (  0.72)	Data 0.0002 (0.4195)	Loss (L1) 2.755 (2.827)
2026-04-26 05:14:07,505 | Epoch: [82][ 40/254]	Time   0.30 (  0.62)	Data 0.0002 (0.3176)	Loss (L1) 2.648 (2.869)
2026-04-26 05:14:10,630 | Epoch: [82][ 50/254]	Time   0.32 (  0.56)	Data 0.0002 (0.2553)	Loss (L1) 2.704 (2.884)
2026-04-26 05:14:13,944 | Epoch: [82][ 60/254]	Time   0.32 (  0.52)	Data 0.0002 (0.2136)	Loss (L1) 2.644 (2.881)
2026-04-26 05:14:17,067 | Epoch: [82][ 70/254]	Time   0.30 (  0.49)	Data 0.0002 (0.1835)	Loss (L1) 2.940 (2.880)
2026-04-26 05:14:20,174 | Epoch: [82][ 80/254]	Time   0.32 (  0.47)	Data 0.0002 (0.1609)	Loss (L1) 2.634 (2.879)
2026-04-26 05:14:23,379 | Epoch: [82][ 90/254]	Time   0.30 (  0.45)	Data 0.0002 (0.1433)	Loss (L1) 2.806 (2.880)
2026-04-26 05:14:26,579 | Epoch: [82][100/254]	Time   0.34 (  0.44)	Data 0.0002 (0.1292)	Loss (L1) 2.695 (2.868)
2026-04-26 05:14:29,657 | Epoch: [82][110/254]	Time   0.30 (  0.43)	Data 0.0002 (0.1176)	Loss (L1) 2.954 (2.870)
2026-04-26 05:14:32,858 | Epoch: [82][120/254]	Time   0.30 (  0.42)	Data 0.0002 (0.1079)	Loss (L1) 2.674 (2.863)
2026-04-26 05:14:35,985 | Epoch: [82][130/254]	Time   0.30 (  0.41)	Data 0.0002 (0.0997)	Loss (L1) 2.661 (2.851)
2026-04-26 05:14:38,995 | Epoch: [82][140/254]	Time   0.30 (  0.40)	Data 0.0002 (0.0926)	Loss (L1) 3.018 (2.851)
2026-04-26 05:14:42,167 | Epoch: [82][150/254]	Time   0.30 (  0.40)	Data 0.0002 (0.0865)	Loss (L1) 2.939 (2.856)
2026-04-26 05:14:45,281 | Epoch: [82][160/254]	Time   0.30 (  0.39)	Data 0.0003 (0.0812)	Loss (L1) 2.892 (2.855)
2026-04-26 05:14:48,388 | Epoch: [82][170/254]	Time   0.31 (  0.39)	Data 0.0002 (0.0764)	Loss (L1) 3.059 (2.860)
2026-04-26 05:14:51,525 | Epoch: [82][180/254]	Time   0.32 (  0.38)	Data 0.0004 (0.0722)	Loss (L1) 2.640 (2.868)
2026-04-26 05:14:54,566 | Epoch: [82][190/254]	Time   0.30 (  0.38)	Data 0.0001 (0.0686)	Loss (L1) 3.247 (2.867)
2026-04-26 05:14:57,628 | Epoch: [82][200/254]	Time   0.32 (  0.38)	Data 0.0002 (0.0652)	Loss (L1) 3.038 (2.870)
2026-04-26 05:15:00,561 | Epoch: [82][210/254]	Time   0.29 (  0.37)	Data 0.0001 (0.0621)	Loss (L1) 3.127 (2.865)
2026-04-26 05:15:03,495 | Epoch: [82][220/254]	Time   0.29 (  0.37)	Data 0.0001 (0.0593)	Loss (L1) 2.985 (2.866)
2026-04-26 05:15:06,437 | Epoch: [82][230/254]	Time   0.30 (  0.37)	Data 0.0000 (0.0568)	Loss (L1) 2.917 (2.869)
2026-04-26 05:15:09,372 | Epoch: [82][240/254]	Time   0.29 (  0.36)	Data 0.0001 (0.0544)	Loss (L1) 2.762 (2.866)
2026-04-26 05:15:12,306 | Epoch: [82][250/254]	Time   0.29 (  0.36)	Data 0.0000 (0.0522)	Loss (L1) 2.310 (2.861)
2026-04-26 05:15:13,442 | Create Epoch [82] features of all training data...
2026-04-26 05:16:32,221 | Updated smoothed statistics on Epoch [82]!
2026-04-26 05:16:32,250 | Updated running statistics with Epoch [82] features!
2026-04-26 05:16:41,173 | Val: [ 0/25]	Time  8.921 ( 8.921)	Loss (MSE) 269.406 (269.406)	Loss (L1) 15.204 (15.204)
2026-04-26 05:16:43,589 | Val: [10/25]	Time  0.083 ( 1.031)	Loss (MSE) 39.188 (108.113)	Loss (L1) 5.116 (8.542)
2026-04-26 05:16:44,423 | Val: [20/25]	Time  0.083 ( 0.580)	Loss (MSE) 365.047 (129.788)	Loss (L1) 18.082 (9.278)
2026-04-26 05:16:44,997 |  * Overall: MSE 189.859	L1 11.209	G-Mean 7.458
2026-04-26 05:16:44,997 |  * Many: MSE 107.739	L1 8.319	G-Mean 5.491
2026-04-26 05:16:44,997 |  * Median: MSE 307.027	L1 15.884	G-Mean 13.070
2026-04-26 05:16:44,997 |  * Low: MSE 622.571	L1 24.440	G-Mean 23.868
2026-04-26 05:16:44,998 | Best L1 Loss: 10.508
2026-04-26 05:16:45,239 | Epoch #82: Train loss [2.8628]; Val loss: MSE [189.8594], L1 [11.2093], G-Mean [7.4579]
2026-04-26 05:16:58,429 | Epoch: [83][  0/254]	Time  13.19 ( 13.19)	Data 13.0018 (13.0018)	Loss (L1) 2.915 (2.915)
2026-04-26 05:17:01,695 | Epoch: [83][ 10/254]	Time   0.30 (  1.50)	Data 0.0003 (1.2297)	Loss (L1) 2.863 (2.981)
2026-04-26 05:17:04,682 | Epoch: [83][ 20/254]	Time   0.30 (  0.93)	Data 0.0002 (0.6443)	Loss (L1) 3.001 (2.893)
2026-04-26 05:17:07,742 | Epoch: [83][ 30/254]	Time   0.30 (  0.73)	Data 0.0004 (0.4365)	Loss (L1) 2.711 (2.900)
2026-04-26 05:17:11,691 | Epoch: [83][ 40/254]	Time   0.30 (  0.65)	Data 0.0002 (0.3573)	Loss (L1) 2.904 (2.870)
2026-04-26 05:17:14,662 | Epoch: [83][ 50/254]	Time   0.30 (  0.58)	Data 0.0002 (0.2873)	Loss (L1) 2.766 (2.861)
2026-04-26 05:17:17,699 | Epoch: [83][ 60/254]	Time   0.30 (  0.53)	Data 0.0002 (0.2403)	Loss (L1) 2.559 (2.827)
2026-04-26 05:17:21,035 | Epoch: [83][ 70/254]	Time   0.30 (  0.50)	Data 0.0002 (0.2099)	Loss (L1) 2.658 (2.839)
2026-04-26 05:17:24,021 | Epoch: [83][ 80/254]	Time   0.30 (  0.48)	Data 0.0002 (0.1840)	Loss (L1) 2.377 (2.865)
2026-04-26 05:17:27,088 | Epoch: [83][ 90/254]	Time   0.30 (  0.46)	Data 0.0002 (0.1638)	Loss (L1) 2.952 (2.844)
2026-04-26 05:17:30,117 | Epoch: [83][100/254]	Time   0.29 (  0.44)	Data 0.0002 (0.1477)	Loss (L1) 3.019 (2.846)
2026-04-26 05:17:33,104 | Epoch: [83][110/254]	Time   0.29 (  0.43)	Data 0.0002 (0.1344)	Loss (L1) 3.089 (2.854)
2026-04-26 05:17:36,132 | Epoch: [83][120/254]	Time   0.32 (  0.42)	Data 0.0002 (0.1233)	Loss (L1) 2.719 (2.852)
2026-04-26 05:17:39,153 | Epoch: [83][130/254]	Time   0.30 (  0.41)	Data 0.0002 (0.1139)	Loss (L1) 2.924 (2.852)
2026-04-26 05:17:42,156 | Epoch: [83][140/254]	Time   0.30 (  0.40)	Data 0.0002 (0.1059)	Loss (L1) 2.738 (2.845)
2026-04-26 05:17:45,235 | Epoch: [83][150/254]	Time   0.31 (  0.40)	Data 0.0002 (0.0989)	Loss (L1) 2.736 (2.849)
2026-04-26 05:17:48,289 | Epoch: [83][160/254]	Time   0.30 (  0.39)	Data 0.0003 (0.0927)	Loss (L1) 3.296 (2.855)
2026-04-26 05:17:51,377 | Epoch: [83][170/254]	Time   0.30 (  0.39)	Data 0.0002 (0.0874)	Loss (L1) 3.151 (2.850)
2026-04-26 05:17:54,514 | Epoch: [83][180/254]	Time   0.31 (  0.38)	Data 0.0002 (0.0826)	Loss (L1) 2.701 (2.858)
2026-04-26 05:17:57,577 | Epoch: [83][190/254]	Time   0.30 (  0.38)	Data 0.0001 (0.0784)	Loss (L1) 3.128 (2.862)
2026-04-26 05:18:00,648 | Epoch: [83][200/254]	Time   0.30 (  0.38)	Data 0.0001 (0.0745)	Loss (L1) 2.709 (2.860)
2026-04-26 05:18:03,649 | Epoch: [83][210/254]	Time   0.29 (  0.37)	Data 0.0001 (0.0710)	Loss (L1) 2.831 (2.863)
2026-04-26 05:18:06,608 | Epoch: [83][220/254]	Time   0.30 (  0.37)	Data 0.0001 (0.0678)	Loss (L1) 2.818 (2.866)
2026-04-26 05:18:09,567 | Epoch: [83][230/254]	Time   0.30 (  0.37)	Data 0.0001 (0.0649)	Loss (L1) 2.803 (2.867)
2026-04-26 05:18:12,521 | Epoch: [83][240/254]	Time   0.29 (  0.36)	Data 0.0001 (0.0622)	Loss (L1) 2.677 (2.864)
2026-04-26 05:18:15,473 | Epoch: [83][250/254]	Time   0.30 (  0.36)	Data 0.0001 (0.0597)	Loss (L1) 3.069 (2.866)
2026-04-26 05:18:16,599 | Create Epoch [83] features of all training data...
2026-04-26 05:19:34,272 | Updated smoothed statistics on Epoch [83]!
2026-04-26 05:19:34,300 | Updated running statistics with Epoch [83] features!
2026-04-26 05:19:44,650 | Val: [ 0/25]	Time 10.348 (10.348)	Loss (MSE) 270.423 (270.423)	Loss (L1) 15.226 (15.226)
2026-04-26 05:19:45,967 | Val: [10/25]	Time  0.084 ( 1.060)	Loss (MSE) 40.085 (108.942)	Loss (L1) 5.186 (8.577)
2026-04-26 05:19:46,806 | Val: [20/25]	Time  0.084 ( 0.595)	Loss (MSE) 370.889 (131.610)	Loss (L1) 18.228 (9.344)
2026-04-26 05:19:47,368 |  * Overall: MSE 192.750	L1 11.295	G-Mean 7.531
2026-04-26 05:19:47,369 |  * Many: MSE 109.654	L1 8.395	G-Mean 5.558
2026-04-26 05:19:47,369 |  * Median: MSE 310.720	L1 15.967	G-Mean 13.107
2026-04-26 05:19:47,369 |  * Low: MSE 632.743	L1 24.641	G-Mean 24.060
2026-04-26 05:19:47,370 | Best L1 Loss: 10.508
2026-04-26 05:19:47,598 | Epoch #83: Train loss [2.8653]; Val loss: MSE [192.7505], L1 [11.2950], G-Mean [7.5306]
2026-04-26 05:19:54,818 | Epoch: [84][  0/254]	Time   7.22 (  7.22)	Data 6.9028 (6.9028)	Loss (L1) 2.760 (2.760)
2026-04-26 05:20:03,413 | Epoch: [84][ 10/254]	Time   0.29 (  1.44)	Data 0.0002 (1.1468)	Loss (L1) 3.019 (2.813)
2026-04-26 05:20:06,533 | Epoch: [84][ 20/254]	Time   0.32 (  0.90)	Data 0.0049 (0.6010)	Loss (L1) 3.402 (2.870)
2026-04-26 05:20:09,806 | Epoch: [84][ 30/254]	Time   0.30 (  0.72)	Data 0.0002 (0.4075)	Loss (L1) 2.836 (2.885)
2026-04-26 05:20:12,914 | Epoch: [84][ 40/254]	Time   0.32 (  0.62)	Data 0.0003 (0.3082)	Loss (L1) 2.782 (2.836)
2026-04-26 05:20:16,110 | Epoch: [84][ 50/254]	Time   0.34 (  0.56)	Data 0.0005 (0.2478)	Loss (L1) 2.778 (2.829)
2026-04-26 05:20:19,227 | Epoch: [84][ 60/254]	Time   0.30 (  0.52)	Data 0.0003 (0.2072)	Loss (L1) 3.807 (2.862)
2026-04-26 05:20:22,387 | Epoch: [84][ 70/254]	Time   0.31 (  0.49)	Data 0.0002 (0.1781)	Loss (L1) 2.752 (2.863)
2026-04-26 05:20:26,015 | Epoch: [84][ 80/254]	Time   0.33 (  0.47)	Data 0.0002 (0.1561)	Loss (L1) 2.672 (2.880)
2026-04-26 05:20:29,240 | Epoch: [84][ 90/254]	Time   0.31 (  0.46)	Data 0.0004 (0.1390)	Loss (L1) 2.527 (2.887)
2026-04-26 05:20:32,342 | Epoch: [84][100/254]	Time   0.31 (  0.44)	Data 0.0003 (0.1254)	Loss (L1) 2.581 (2.882)
2026-04-26 05:20:35,546 | Epoch: [84][110/254]	Time   0.30 (  0.43)	Data 0.0002 (0.1141)	Loss (L1) 3.144 (2.879)
2026-04-26 05:20:38,646 | Epoch: [84][120/254]	Time   0.30 (  0.42)	Data 0.0002 (0.1048)	Loss (L1) 3.080 (2.877)
2026-04-26 05:20:41,864 | Epoch: [84][130/254]	Time   0.32 (  0.41)	Data 0.0100 (0.0969)	Loss (L1) 3.531 (2.879)
2026-04-26 05:20:45,123 | Epoch: [84][140/254]	Time   0.36 (  0.41)	Data 0.0004 (0.0901)	Loss (L1) 2.890 (2.871)
2026-04-26 05:20:48,229 | Epoch: [84][150/254]	Time   0.30 (  0.40)	Data 0.0002 (0.0841)	Loss (L1) 3.000 (2.865)
2026-04-26 05:20:51,309 | Epoch: [84][160/254]	Time   0.30 (  0.40)	Data 0.0003 (0.0789)	Loss (L1) 3.362 (2.865)
2026-04-26 05:20:54,447 | Epoch: [84][170/254]	Time   0.29 (  0.39)	Data 0.0002 (0.0743)	Loss (L1) 2.865 (2.868)
2026-04-26 05:20:57,513 | Epoch: [84][180/254]	Time   0.31 (  0.39)	Data 0.0002 (0.0702)	Loss (L1) 2.889 (2.874)
2026-04-26 05:21:00,534 | Epoch: [84][190/254]	Time   0.31 (  0.38)	Data 0.0003 (0.0666)	Loss (L1) 3.207 (2.877)
2026-04-26 05:21:03,526 | Epoch: [84][200/254]	Time   0.28 (  0.38)	Data 0.0002 (0.0633)	Loss (L1) 2.551 (2.871)
2026-04-26 05:21:06,542 | Epoch: [84][210/254]	Time   0.30 (  0.37)	Data 0.0001 (0.0603)	Loss (L1) 3.011 (2.873)
2026-04-26 05:21:09,498 | Epoch: [84][220/254]	Time   0.30 (  0.37)	Data 0.0001 (0.0576)	Loss (L1) 2.589 (2.874)
2026-04-26 05:21:12,442 | Epoch: [84][230/254]	Time   0.30 (  0.37)	Data 0.0001 (0.0551)	Loss (L1) 3.161 (2.873)
2026-04-26 05:21:15,376 | Epoch: [84][240/254]	Time   0.29 (  0.36)	Data 0.0001 (0.0529)	Loss (L1) 2.386 (2.872)
2026-04-26 05:21:18,313 | Epoch: [84][250/254]	Time   0.29 (  0.36)	Data 0.0001 (0.0508)	Loss (L1) 3.110 (2.868)
2026-04-26 05:21:19,434 | Create Epoch [84] features of all training data...
2026-04-26 05:22:38,328 | Updated smoothed statistics on Epoch [84]!
2026-04-26 05:22:38,356 | Updated running statistics with Epoch [84] features!
2026-04-26 05:22:43,988 | Val: [ 0/25]	Time  5.630 ( 5.630)	Loss (MSE) 266.801 (266.801)	Loss (L1) 15.098 (15.098)
2026-04-26 05:22:49,729 | Val: [10/25]	Time  0.083 ( 1.034)	Loss (MSE) 39.993 (106.627)	Loss (L1) 5.166 (8.469)
2026-04-26 05:22:50,563 | Val: [20/25]	Time  0.083 ( 0.581)	Loss (MSE) 379.415 (132.446)	Loss (L1) 18.446 (9.356)
2026-04-26 05:22:51,134 |  * Overall: MSE 194.830	L1 11.333	G-Mean 7.504
2026-04-26 05:22:51,134 |  * Many: MSE 111.093	L1 8.430	G-Mean 5.534
2026-04-26 05:22:51,134 |  * Median: MSE 313.150	L1 15.985	G-Mean 13.060
2026-04-26 05:22:51,134 |  * Low: MSE 640.238	L1 24.779	G-Mean 24.185
2026-04-26 05:22:51,135 | Best L1 Loss: 10.508
2026-04-26 05:22:51,362 | Epoch #84: Train loss [2.8663]; Val loss: MSE [194.8299], L1 [11.3331], G-Mean [7.5043]
2026-04-26 05:23:04,867 | Epoch: [85][  0/254]	Time  13.50 ( 13.50)	Data 13.2757 (13.2757)	Loss (L1) 2.791 (2.791)
2026-04-26 05:23:07,918 | Epoch: [85][ 10/254]	Time   0.31 (  1.51)	Data 0.0002 (1.2071)	Loss (L1) 2.637 (2.791)
2026-04-26 05:23:10,997 | Epoch: [85][ 20/254]	Time   0.30 (  0.93)	Data 0.0002 (0.6324)	Loss (L1) 3.656 (2.785)
2026-04-26 05:23:14,219 | Epoch: [85][ 30/254]	Time   0.34 (  0.74)	Data 0.0002 (0.4294)	Loss (L1) 2.848 (2.803)
2026-04-26 05:23:17,402 | Epoch: [85][ 40/254]	Time   0.33 (  0.64)	Data 0.0002 (0.3275)	Loss (L1) 2.830 (2.856)
2026-04-26 05:23:20,431 | Epoch: [85][ 50/254]	Time   0.29 (  0.57)	Data 0.0003 (0.2633)	Loss (L1) 2.697 (2.850)
2026-04-26 05:23:23,778 | Epoch: [85][ 60/254]	Time   0.37 (  0.53)	Data 0.0004 (0.2204)	Loss (L1) 2.631 (2.876)
2026-04-26 05:23:27,225 | Epoch: [85][ 70/254]	Time   0.34 (  0.51)	Data 0.0003 (0.1952)	Loss (L1) 2.494 (2.854)
2026-04-26 05:23:30,283 | Epoch: [85][ 80/254]	Time   0.30 (  0.48)	Data 0.0003 (0.1712)	Loss (L1) 2.896 (2.846)
2026-04-26 05:23:33,436 | Epoch: [85][ 90/254]	Time   0.30 (  0.46)	Data 0.0003 (0.1524)	Loss (L1) 2.936 (2.851)
2026-04-26 05:23:36,453 | Epoch: [85][100/254]	Time   0.31 (  0.45)	Data 0.0002 (0.1373)	Loss (L1) 2.528 (2.850)
2026-04-26 05:23:39,517 | Epoch: [85][110/254]	Time   0.30 (  0.43)	Data 0.0003 (0.1250)	Loss (L1) 2.970 (2.842)
2026-04-26 05:23:42,633 | Epoch: [85][120/254]	Time   0.30 (  0.42)	Data 0.0002 (0.1147)	Loss (L1) 2.565 (2.857)
2026-04-26 05:23:45,664 | Epoch: [85][130/254]	Time   0.30 (  0.41)	Data 0.0004 (0.1060)	Loss (L1) 3.212 (2.857)
2026-04-26 05:23:48,716 | Epoch: [85][140/254]	Time   0.30 (  0.41)	Data 0.0003 (0.0985)	Loss (L1) 2.595 (2.854)
2026-04-26 05:23:51,744 | Epoch: [85][150/254]	Time   0.30 (  0.40)	Data 0.0003 (0.0920)	Loss (L1) 2.838 (2.853)
2026-04-26 05:23:54,847 | Epoch: [85][160/254]	Time   0.30 (  0.39)	Data 0.0002 (0.0864)	Loss (L1) 2.713 (2.854)
2026-04-26 05:23:57,962 | Epoch: [85][170/254]	Time   0.31 (  0.39)	Data 0.0002 (0.0813)	Loss (L1) 3.013 (2.853)
2026-04-26 05:24:01,046 | Epoch: [85][180/254]	Time   0.31 (  0.38)	Data 0.0003 (0.0769)	Loss (L1) 2.504 (2.847)
2026-04-26 05:24:04,080 | Epoch: [85][190/254]	Time   0.30 (  0.38)	Data 0.0001 (0.0731)	Loss (L1) 2.618 (2.853)
2026-04-26 05:24:07,169 | Epoch: [85][200/254]	Time   0.30 (  0.38)	Data 0.0002 (0.0695)	Loss (L1) 2.831 (2.860)
2026-04-26 05:24:10,156 | Epoch: [85][210/254]	Time   0.30 (  0.37)	Data 0.0001 (0.0662)	Loss (L1) 2.500 (2.857)
2026-04-26 05:24:13,125 | Epoch: [85][220/254]	Time   0.30 (  0.37)	Data 0.0005 (0.0632)	Loss (L1) 3.436 (2.856)
2026-04-26 05:24:16,090 | Epoch: [85][230/254]	Time   0.29 (  0.37)	Data 0.0001 (0.0605)	Loss (L1) 2.812 (2.855)
2026-04-26 05:24:19,037 | Epoch: [85][240/254]	Time   0.29 (  0.36)	Data 0.0001 (0.0580)	Loss (L1) 2.925 (2.850)
2026-04-26 05:24:21,971 | Epoch: [85][250/254]	Time   0.29 (  0.36)	Data 0.0000 (0.0557)	Loss (L1) 3.096 (2.846)
2026-04-26 05:24:23,077 | Create Epoch [85] features of all training data...
2026-04-26 05:25:41,384 | Updated smoothed statistics on Epoch [85]!
2026-04-26 05:25:41,415 | Updated running statistics with Epoch [85] features!
2026-04-26 05:25:52,909 | Val: [ 0/25]	Time 11.492 (11.492)	Loss (MSE) 262.512 (262.512)	Loss (L1) 14.955 (14.955)
2026-04-26 05:25:53,747 | Val: [10/25]	Time  0.083 ( 1.121)	Loss (MSE) 38.512 (104.817)	Loss (L1) 5.062 (8.390)
2026-04-26 05:25:54,586 | Val: [20/25]	Time  0.084 ( 0.627)	Loss (MSE) 382.934 (131.914)	Loss (L1) 18.570 (9.330)
2026-04-26 05:25:55,148 |  * Overall: MSE 194.989	L1 11.327	G-Mean 7.513
2026-04-26 05:25:55,148 |  * Many: MSE 110.762	L1 8.408	G-Mean 5.537
2026-04-26 05:25:55,148 |  * Median: MSE 313.512	L1 15.997	G-Mean 13.087
2026-04-26 05:25:55,148 |  * Low: MSE 644.778	L1 24.878	G-Mean 24.290
2026-04-26 05:25:55,150 | Best L1 Loss: 10.508
2026-04-26 05:25:55,390 | Epoch #85: Train loss [2.8487]; Val loss: MSE [194.9887], L1 [11.3272], G-Mean [7.5128]
2026-04-26 05:26:03,779 | Epoch: [86][  0/254]	Time   8.39 (  8.39)	Data 8.2442 (8.2442)	Loss (L1) 2.779 (2.779)
2026-04-26 05:26:10,538 | Epoch: [86][ 10/254]	Time   0.32 (  1.38)	Data 0.0002 (1.1021)	Loss (L1) 3.116 (2.893)
2026-04-26 05:26:13,508 | Epoch: [86][ 20/254]	Time   0.30 (  0.86)	Data 0.0002 (0.5779)	Loss (L1) 2.681 (2.911)
2026-04-26 05:26:16,671 | Epoch: [86][ 30/254]	Time   0.30 (  0.69)	Data 0.0002 (0.3916)	Loss (L1) 3.027 (2.903)
2026-04-26 05:26:19,879 | Epoch: [86][ 40/254]	Time   0.29 (  0.60)	Data 0.0004 (0.3034)	Loss (L1) 3.102 (2.907)
2026-04-26 05:26:23,015 | Epoch: [86][ 50/254]	Time   0.33 (  0.54)	Data 0.0003 (0.2440)	Loss (L1) 2.876 (2.899)
2026-04-26 05:26:25,999 | Epoch: [86][ 60/254]	Time   0.31 (  0.50)	Data 0.0003 (0.2041)	Loss (L1) 2.664 (2.895)
2026-04-26 05:26:29,096 | Epoch: [86][ 70/254]	Time   0.35 (  0.47)	Data 0.0011 (0.1754)	Loss (L1) 3.094 (2.891)
2026-04-26 05:26:32,268 | Epoch: [86][ 80/254]	Time   0.29 (  0.46)	Data 0.0003 (0.1568)	Loss (L1) 2.663 (2.884)
2026-04-26 05:26:35,424 | Epoch: [86][ 90/254]	Time   0.37 (  0.44)	Data 0.0006 (0.1397)	Loss (L1) 2.648 (2.866)
2026-04-26 05:26:38,501 | Epoch: [86][100/254]	Time   0.30 (  0.43)	Data 0.0003 (0.1259)	Loss (L1) 2.836 (2.858)
2026-04-26 05:26:41,656 | Epoch: [86][110/254]	Time   0.31 (  0.42)	Data 0.0060 (0.1148)	Loss (L1) 2.619 (2.856)
2026-04-26 05:26:44,763 | Epoch: [86][120/254]	Time   0.31 (  0.41)	Data 0.0003 (0.1053)	Loss (L1) 3.004 (2.860)
2026-04-26 05:26:47,942 | Epoch: [86][130/254]	Time   0.34 (  0.40)	Data 0.0003 (0.0974)	Loss (L1) 2.587 (2.851)
2026-04-26 05:26:51,273 | Epoch: [86][140/254]	Time   0.30 (  0.40)	Data 0.0002 (0.0905)	Loss (L1) 3.175 (2.843)
2026-04-26 05:26:54,368 | Epoch: [86][150/254]	Time   0.31 (  0.39)	Data 0.0002 (0.0845)	Loss (L1) 2.823 (2.844)
2026-04-26 05:26:57,509 | Epoch: [86][160/254]	Time   0.33 (  0.39)	Data 0.0046 (0.0794)	Loss (L1) 2.718 (2.843)
2026-04-26 05:27:00,599 | Epoch: [86][170/254]	Time   0.29 (  0.38)	Data 0.0002 (0.0749)	Loss (L1) 2.599 (2.844)
2026-04-26 05:27:03,686 | Epoch: [86][180/254]	Time   0.31 (  0.38)	Data 0.0002 (0.0707)	Loss (L1) 3.173 (2.841)
2026-04-26 05:27:06,871 | Epoch: [86][190/254]	Time   0.32 (  0.37)	Data 0.0001 (0.0673)	Loss (L1) 2.774 (2.840)
2026-04-26 05:27:09,889 | Epoch: [86][200/254]	Time   0.30 (  0.37)	Data 0.0001 (0.0639)	Loss (L1) 3.068 (2.840)
2026-04-26 05:27:12,890 | Epoch: [86][210/254]	Time   0.30 (  0.37)	Data 0.0001 (0.0609)	Loss (L1) 2.767 (2.844)
2026-04-26 05:27:15,860 | Epoch: [86][220/254]	Time   0.30 (  0.36)	Data 0.0001 (0.0582)	Loss (L1) 2.728 (2.853)
2026-04-26 05:27:18,827 | Epoch: [86][230/254]	Time   0.29 (  0.36)	Data 0.0001 (0.0556)	Loss (L1) 2.757 (2.858)
2026-04-26 05:27:21,789 | Epoch: [86][240/254]	Time   0.30 (  0.36)	Data 0.0001 (0.0533)	Loss (L1) 2.999 (2.860)
2026-04-26 05:27:24,719 | Epoch: [86][250/254]	Time   0.29 (  0.36)	Data 0.0001 (0.0512)	Loss (L1) 2.719 (2.860)
2026-04-26 05:27:25,830 | Create Epoch [86] features of all training data...
2026-04-26 05:28:43,919 | Updated smoothed statistics on Epoch [86]!
2026-04-26 05:28:43,950 | Updated running statistics with Epoch [86] features!
2026-04-26 05:28:54,396 | Val: [ 0/25]	Time 10.444 (10.444)	Loss (MSE) 273.784 (273.784)	Loss (L1) 15.333 (15.333)
2026-04-26 05:28:55,230 | Val: [10/25]	Time  0.083 ( 1.025)	Loss (MSE) 38.944 (109.617)	Loss (L1) 5.115 (8.602)
2026-04-26 05:28:56,064 | Val: [20/25]	Time  0.083 ( 0.577)	Loss (MSE) 369.033 (131.106)	Loss (L1) 18.202 (9.324)
2026-04-26 05:28:56,644 |  * Overall: MSE 191.624	L1 11.264	G-Mean 7.516
2026-04-26 05:28:56,644 |  * Many: MSE 108.454	L1 8.346	G-Mean 5.526
2026-04-26 05:28:56,644 |  * Median: MSE 311.285	L1 16.009	G-Mean 13.231
2026-04-26 05:28:56,644 |  * Low: MSE 626.262	L1 24.524	G-Mean 23.964
2026-04-26 05:28:56,644 | Best L1 Loss: 10.508
2026-04-26 05:28:56,875 | Epoch #86: Train loss [2.8585]; Val loss: MSE [191.6244], L1 [11.2637], G-Mean [7.5156]
2026-04-26 05:29:09,757 | Epoch: [87][  0/254]	Time  12.88 ( 12.88)	Data 12.7264 (12.7264)	Loss (L1) 2.960 (2.960)
2026-04-26 05:29:12,781 | Epoch: [87][ 10/254]	Time   0.30 (  1.45)	Data 0.0002 (1.1577)	Loss (L1) 2.813 (2.943)
2026-04-26 05:29:16,158 | Epoch: [87][ 20/254]	Time   0.39 (  0.92)	Data 0.0002 (0.6073)	Loss (L1) 2.480 (2.844)
2026-04-26 05:29:19,486 | Epoch: [87][ 30/254]	Time   0.31 (  0.73)	Data 0.0005 (0.4115)	Loss (L1) 3.327 (2.864)
2026-04-26 05:29:22,638 | Epoch: [87][ 40/254]	Time   0.30 (  0.63)	Data 0.0002 (0.3112)	Loss (L1) 2.856 (2.862)
2026-04-26 05:29:25,729 | Epoch: [87][ 50/254]	Time   0.30 (  0.57)	Data 0.0008 (0.2503)	Loss (L1) 2.650 (2.884)
2026-04-26 05:29:28,983 | Epoch: [87][ 60/254]	Time   0.32 (  0.53)	Data 0.0002 (0.2093)	Loss (L1) 2.749 (2.854)
2026-04-26 05:29:32,080 | Epoch: [87][ 70/254]	Time   0.32 (  0.50)	Data 0.0004 (0.1799)	Loss (L1) 3.424 (2.865)
2026-04-26 05:29:35,147 | Epoch: [87][ 80/254]	Time   0.30 (  0.47)	Data 0.0009 (0.1577)	Loss (L1) 2.457 (2.866)
2026-04-26 05:29:38,481 | Epoch: [87][ 90/254]	Time   0.32 (  0.46)	Data 0.0105 (0.1408)	Loss (L1) 2.870 (2.857)
2026-04-26 05:29:41,735 | Epoch: [87][100/254]	Time   0.31 (  0.44)	Data 0.0004 (0.1271)	Loss (L1) 2.914 (2.865)
2026-04-26 05:29:44,803 | Epoch: [87][110/254]	Time   0.31 (  0.43)	Data 0.0002 (0.1157)	Loss (L1) 2.740 (2.869)
2026-04-26 05:29:48,047 | Epoch: [87][120/254]	Time   0.33 (  0.42)	Data 0.0002 (0.1062)	Loss (L1) 2.741 (2.859)
2026-04-26 05:29:51,115 | Epoch: [87][130/254]	Time   0.30 (  0.41)	Data 0.0002 (0.0981)	Loss (L1) 2.847 (2.854)
2026-04-26 05:29:54,286 | Epoch: [87][140/254]	Time   0.30 (  0.41)	Data 0.0002 (0.0912)	Loss (L1) 3.201 (2.852)
2026-04-26 05:29:57,443 | Epoch: [87][150/254]	Time   0.31 (  0.40)	Data 0.0002 (0.0852)	Loss (L1) 2.842 (2.852)
2026-04-26 05:30:00,461 | Epoch: [87][160/254]	Time   0.29 (  0.39)	Data 0.0003 (0.0799)	Loss (L1) 2.937 (2.859)
2026-04-26 05:30:03,511 | Epoch: [87][170/254]	Time   0.31 (  0.39)	Data 0.0003 (0.0753)	Loss (L1) 3.009 (2.860)
2026-04-26 05:30:06,631 | Epoch: [87][180/254]	Time   0.33 (  0.39)	Data 0.0016 (0.0713)	Loss (L1) 2.622 (2.858)
2026-04-26 05:30:09,789 | Epoch: [87][190/254]	Time   0.31 (  0.38)	Data 0.0002 (0.0678)	Loss (L1) 2.951 (2.858)
2026-04-26 05:30:12,810 | Epoch: [87][200/254]	Time   0.31 (  0.38)	Data 0.0001 (0.0645)	Loss (L1) 3.162 (2.858)
2026-04-26 05:30:15,764 | Epoch: [87][210/254]	Time   0.29 (  0.37)	Data 0.0001 (0.0614)	Loss (L1) 2.951 (2.858)
2026-04-26 05:30:18,705 | Epoch: [87][220/254]	Time   0.29 (  0.37)	Data 0.0002 (0.0587)	Loss (L1) 3.189 (2.864)
2026-04-26 05:30:21,638 | Epoch: [87][230/254]	Time   0.29 (  0.37)	Data 0.0001 (0.0561)	Loss (L1) 2.709 (2.867)
2026-04-26 05:30:24,559 | Epoch: [87][240/254]	Time   0.29 (  0.36)	Data 0.0000 (0.0538)	Loss (L1) 2.877 (2.865)
2026-04-26 05:30:27,497 | Epoch: [87][250/254]	Time   0.29 (  0.36)	Data 0.0001 (0.0517)	Loss (L1) 2.674 (2.859)
2026-04-26 05:30:28,616 | Create Epoch [87] features of all training data...
2026-04-26 05:31:46,174 | Updated smoothed statistics on Epoch [87]!
2026-04-26 05:31:46,204 | Updated running statistics with Epoch [87] features!
2026-04-26 05:31:56,816 | Val: [ 0/25]	Time 10.610 (10.610)	Loss (MSE) 273.368 (273.368)	Loss (L1) 15.335 (15.335)
2026-04-26 05:31:57,757 | Val: [10/25]	Time  0.083 ( 1.050)	Loss (MSE) 39.848 (108.564)	Loss (L1) 5.165 (8.554)
2026-04-26 05:31:58,594 | Val: [20/25]	Time  0.084 ( 0.590)	Loss (MSE) 375.173 (132.319)	Loss (L1) 18.357 (9.365)
2026-04-26 05:31:59,160 |  * Overall: MSE 194.114	L1 11.330	G-Mean 7.520
2026-04-26 05:31:59,160 |  * Many: MSE 110.466	L1 8.419	G-Mean 5.542
2026-04-26 05:31:59,160 |  * Median: MSE 312.890	L1 16.018	G-Mean 13.128
2026-04-26 05:31:59,160 |  * Low: MSE 636.946	L1 24.730	G-Mean 24.156
2026-04-26 05:31:59,161 | Best L1 Loss: 10.508
2026-04-26 05:31:59,399 | Epoch #87: Train loss [2.8593]; Val loss: MSE [194.1140], L1 [11.3300], G-Mean [7.5197]
2026-04-26 05:32:11,350 | Epoch: [88][  0/254]	Time  11.95 ( 11.95)	Data 11.7970 (11.7970)	Loss (L1) 2.832 (2.832)
2026-04-26 05:32:15,374 | Epoch: [88][ 10/254]	Time   0.30 (  1.45)	Data 0.0002 (1.1775)	Loss (L1) 2.909 (2.778)
2026-04-26 05:32:18,385 | Epoch: [88][ 20/254]	Time   0.30 (  0.90)	Data 0.0004 (0.6169)	Loss (L1) 3.034 (2.798)
2026-04-26 05:32:21,384 | Epoch: [88][ 30/254]	Time   0.30 (  0.71)	Data 0.0002 (0.4180)	Loss (L1) 3.435 (2.849)
2026-04-26 05:32:24,436 | Epoch: [88][ 40/254]	Time   0.30 (  0.61)	Data 0.0006 (0.3164)	Loss (L1) 3.136 (2.850)
2026-04-26 05:32:27,629 | Epoch: [88][ 50/254]	Time   0.31 (  0.55)	Data 0.0003 (0.2545)	Loss (L1) 2.523 (2.844)
2026-04-26 05:32:30,696 | Epoch: [88][ 60/254]	Time   0.31 (  0.51)	Data 0.0003 (0.2128)	Loss (L1) 2.518 (2.847)
2026-04-26 05:32:33,775 | Epoch: [88][ 70/254]	Time   0.30 (  0.48)	Data 0.0004 (0.1840)	Loss (L1) 3.002 (2.841)
2026-04-26 05:32:36,814 | Epoch: [88][ 80/254]	Time   0.31 (  0.46)	Data 0.0003 (0.1613)	Loss (L1) 2.747 (2.840)
2026-04-26 05:32:39,896 | Epoch: [88][ 90/254]	Time   0.29 (  0.44)	Data 0.0004 (0.1436)	Loss (L1) 2.873 (2.847)
2026-04-26 05:32:42,995 | Epoch: [88][100/254]	Time   0.30 (  0.43)	Data 0.0002 (0.1296)	Loss (L1) 3.423 (2.842)
2026-04-26 05:32:46,082 | Epoch: [88][110/254]	Time   0.30 (  0.42)	Data 0.0004 (0.1179)	Loss (L1) 2.938 (2.846)
2026-04-26 05:32:49,146 | Epoch: [88][120/254]	Time   0.30 (  0.41)	Data 0.0003 (0.1082)	Loss (L1) 2.751 (2.845)
2026-04-26 05:32:52,326 | Epoch: [88][130/254]	Time   0.32 (  0.40)	Data 0.0002 (0.1000)	Loss (L1) 3.080 (2.853)
2026-04-26 05:32:55,352 | Epoch: [88][140/254]	Time   0.30 (  0.40)	Data 0.0002 (0.0929)	Loss (L1) 3.192 (2.851)
2026-04-26 05:32:58,598 | Epoch: [88][150/254]	Time   0.31 (  0.39)	Data 0.0003 (0.0868)	Loss (L1) 2.640 (2.848)
2026-04-26 05:33:01,788 | Epoch: [88][160/254]	Time   0.32 (  0.39)	Data 0.0004 (0.0814)	Loss (L1) 3.006 (2.848)
2026-04-26 05:33:04,905 | Epoch: [88][170/254]	Time   0.29 (  0.38)	Data 0.0002 (0.0767)	Loss (L1) 3.184 (2.847)
2026-04-26 05:33:08,104 | Epoch: [88][180/254]	Time   0.31 (  0.38)	Data 0.0002 (0.0725)	Loss (L1) 2.578 (2.847)
2026-04-26 05:33:11,202 | Epoch: [88][190/254]	Time   0.30 (  0.38)	Data 0.0001 (0.0688)	Loss (L1) 2.718 (2.844)
2026-04-26 05:33:14,213 | Epoch: [88][200/254]	Time   0.29 (  0.37)	Data 0.0001 (0.0654)	Loss (L1) 2.785 (2.843)
2026-04-26 05:33:17,201 | Epoch: [88][210/254]	Time   0.30 (  0.37)	Data 0.0001 (0.0623)	Loss (L1) 3.065 (2.840)
2026-04-26 05:33:20,174 | Epoch: [88][220/254]	Time   0.30 (  0.37)	Data 0.0001 (0.0595)	Loss (L1) 2.894 (2.844)
2026-04-26 05:33:23,134 | Epoch: [88][230/254]	Time   0.30 (  0.36)	Data 0.0001 (0.0569)	Loss (L1) 2.893 (2.846)
2026-04-26 05:33:26,100 | Epoch: [88][240/254]	Time   0.29 (  0.36)	Data 0.0001 (0.0546)	Loss (L1) 2.714 (2.851)
2026-04-26 05:33:29,056 | Epoch: [88][250/254]	Time   0.29 (  0.36)	Data 0.0001 (0.0524)	Loss (L1) 2.743 (2.862)
2026-04-26 05:33:30,173 | Create Epoch [88] features of all training data...
2026-04-26 05:34:47,897 | Updated smoothed statistics on Epoch [88]!
2026-04-26 05:34:47,926 | Updated running statistics with Epoch [88] features!
2026-04-26 05:34:55,148 | Val: [ 0/25]	Time  7.221 ( 7.221)	Loss (MSE) 260.540 (260.540)	Loss (L1) 14.896 (14.896)
2026-04-26 05:34:59,753 | Val: [10/25]	Time  0.083 ( 1.075)	Loss (MSE) 39.239 (104.138)	Loss (L1) 5.120 (8.368)
2026-04-26 05:35:00,588 | Val: [20/25]	Time  0.083 ( 0.603)	Loss (MSE) 389.108 (132.939)	Loss (L1) 18.742 (9.367)
2026-04-26 05:35:01,155 |  * Overall: MSE 197.509	L1 11.394	G-Mean 7.574
2026-04-26 05:35:01,156 |  * Many: MSE 112.246	L1 8.463	G-Mean 5.588
2026-04-26 05:35:01,156 |  * Median: MSE 316.500	L1 16.057	G-Mean 13.152
2026-04-26 05:35:01,156 |  * Low: MSE 656.430	L1 25.100	G-Mean 24.498
2026-04-26 05:35:01,156 | Best L1 Loss: 10.508
2026-04-26 05:35:01,385 | Epoch #88: Train loss [2.8616]; Val loss: MSE [197.5092], L1 [11.3941], G-Mean [7.5735]
2026-04-26 05:35:12,839 | Epoch: [89][  0/254]	Time  11.45 ( 11.45)	Data 11.0848 (11.0848)	Loss (L1) 2.904 (2.904)
2026-04-26 05:35:17,472 | Epoch: [89][ 10/254]	Time   0.37 (  1.46)	Data 0.0003 (1.1251)	Loss (L1) 2.504 (2.720)
2026-04-26 05:35:20,624 | Epoch: [89][ 20/254]	Time   0.32 (  0.92)	Data 0.0007 (0.5895)	Loss (L1) 2.778 (2.748)
2026-04-26 05:35:23,707 | Epoch: [89][ 30/254]	Time   0.32 (  0.72)	Data 0.0006 (0.3995)	Loss (L1) 2.885 (2.794)
2026-04-26 05:35:26,949 | Epoch: [89][ 40/254]	Time   0.29 (  0.62)	Data 0.0002 (0.3021)	Loss (L1) 2.865 (2.849)
2026-04-26 05:35:30,086 | Epoch: [89][ 50/254]	Time   0.29 (  0.56)	Data 0.0002 (0.2429)	Loss (L1) 2.683 (2.826)
2026-04-26 05:35:33,321 | Epoch: [89][ 60/254]	Time   0.44 (  0.52)	Data 0.0004 (0.2032)	Loss (L1) 2.876 (2.826)
2026-04-26 05:35:36,682 | Epoch: [89][ 70/254]	Time   0.33 (  0.50)	Data 0.0006 (0.1758)	Loss (L1) 2.768 (2.851)
2026-04-26 05:35:39,687 | Epoch: [89][ 80/254]	Time   0.31 (  0.47)	Data 0.0002 (0.1541)	Loss (L1) 2.962 (2.851)
2026-04-26 05:35:42,764 | Epoch: [89][ 90/254]	Time   0.31 (  0.45)	Data 0.0003 (0.1372)	Loss (L1) 2.867 (2.848)
2026-04-26 05:35:46,034 | Epoch: [89][100/254]	Time   0.30 (  0.44)	Data 0.0002 (0.1237)	Loss (L1) 3.133 (2.849)
2026-04-26 05:35:49,138 | Epoch: [89][110/254]	Time   0.31 (  0.43)	Data 0.0002 (0.1126)	Loss (L1) 3.517 (2.855)
2026-04-26 05:35:52,124 | Epoch: [89][120/254]	Time   0.29 (  0.42)	Data 0.0002 (0.1033)	Loss (L1) 2.781 (2.852)
2026-04-26 05:35:55,311 | Epoch: [89][130/254]	Time   0.30 (  0.41)	Data 0.0003 (0.0955)	Loss (L1) 2.386 (2.848)
2026-04-26 05:35:58,354 | Epoch: [89][140/254]	Time   0.30 (  0.40)	Data 0.0002 (0.0888)	Loss (L1) 2.866 (2.850)
2026-04-26 05:36:01,353 | Epoch: [89][150/254]	Time   0.31 (  0.40)	Data 0.0002 (0.0829)	Loss (L1) 2.664 (2.841)
2026-04-26 05:36:04,587 | Epoch: [89][160/254]	Time   0.36 (  0.39)	Data 0.0004 (0.0778)	Loss (L1) 3.575 (2.859)
2026-04-26 05:36:07,699 | Epoch: [89][170/254]	Time   0.30 (  0.39)	Data 0.0005 (0.0732)	Loss (L1) 2.751 (2.853)
2026-04-26 05:36:10,714 | Epoch: [89][180/254]	Time   0.31 (  0.38)	Data 0.0002 (0.0692)	Loss (L1) 2.691 (2.852)
2026-04-26 05:36:13,750 | Epoch: [89][190/254]	Time   0.30 (  0.38)	Data 0.0003 (0.0658)	Loss (L1) 2.579 (2.846)
2026-04-26 05:36:16,822 | Epoch: [89][200/254]	Time   0.30 (  0.38)	Data 0.0002 (0.0625)	Loss (L1) 2.943 (2.853)
2026-04-26 05:36:19,799 | Epoch: [89][210/254]	Time   0.29 (  0.37)	Data 0.0001 (0.0596)	Loss (L1) 2.755 (2.845)
2026-04-26 05:36:22,751 | Epoch: [89][220/254]	Time   0.30 (  0.37)	Data 0.0001 (0.0569)	Loss (L1) 2.625 (2.853)
2026-04-26 05:36:25,712 | Epoch: [89][230/254]	Time   0.29 (  0.37)	Data 0.0001 (0.0544)	Loss (L1) 2.877 (2.853)
2026-04-26 05:36:28,667 | Epoch: [89][240/254]	Time   0.29 (  0.36)	Data 0.0001 (0.0522)	Loss (L1) 2.617 (2.853)
2026-04-26 05:36:31,607 | Epoch: [89][250/254]	Time   0.29 (  0.36)	Data 0.0001 (0.0501)	Loss (L1) 3.579 (2.854)
2026-04-26 05:36:32,715 | Create Epoch [89] features of all training data...
2026-04-26 05:38:00,575 | Updated smoothed statistics on Epoch [89]!
2026-04-26 05:38:00,604 | Updated running statistics with Epoch [89] features!
2026-04-26 05:38:10,535 | Val: [ 0/25]	Time  9.930 ( 9.930)	Loss (MSE) 268.154 (268.154)	Loss (L1) 15.156 (15.156)
2026-04-26 05:38:12,104 | Val: [10/25]	Time  0.083 ( 1.045)	Loss (MSE) 38.817 (107.473)	Loss (L1) 5.110 (8.508)
2026-04-26 05:38:12,937 | Val: [20/25]	Time  0.083 ( 0.587)	Loss (MSE) 372.095 (130.669)	Loss (L1) 18.292 (9.307)
2026-04-26 05:38:13,508 |  * Overall: MSE 191.996	L1 11.267	G-Mean 7.510
2026-04-26 05:38:13,508 |  * Many: MSE 108.683	L1 8.352	G-Mean 5.523
2026-04-26 05:38:13,508 |  * Median: MSE 310.517	L1 15.972	G-Mean 13.197
2026-04-26 05:38:13,508 |  * Low: MSE 632.259	L1 24.642	G-Mean 24.074
2026-04-26 05:38:13,510 | Best L1 Loss: 10.508
2026-04-26 05:38:13,750 | Epoch #89: Train loss [2.8558]; Val loss: MSE [191.9961], L1 [11.2666], G-Mean [7.5098]
2026-04-26 05:38:13,750 | ========================================================================================================================
2026-04-26 05:38:13,750 | Test best model on testset...
2026-04-26 05:38:15,356 | Loaded best model, epoch 28, best val loss 10.5077
2026-04-26 05:38:20,844 | Test: [ 0/20]	Time  5.487 ( 5.487)	Loss (MSE) 165.364 (165.364)	Loss (L1) 11.108 (11.108)
2026-04-26 05:38:22,808 | Test: [10/20]	Time  0.083 ( 0.677)	Loss (MSE) 53.898 (86.755)	Loss (L1) 5.909 (7.584)
2026-04-26 05:38:24,527 |  * Overall: MSE 178.554	L1 10.666	G-Mean 7.095
2026-04-26 05:38:24,527 |  * Many: MSE 99.340	L1 8.077	G-Mean 5.503
2026-04-26 05:38:24,527 |  * Median: MSE 291.094	L1 15.412	G-Mean 12.738
2026-04-26 05:38:24,528 |  * Low: MSE 707.879	L1 25.893	G-Mean 25.139
2026-04-26 05:38:24,528 | Test loss: MSE [178.5538], L1 [10.6655], G-Mean [7.0955]
Done
